{"type": "FeatureCollection", "features": [{"type": "Feature", "properties": {"kind": "干线", "name": "赤道铁路"}, "geometry": {"type": "LineString", "coordinates": [[117.9844, -1.4844], [118.0781, -1.4844], [118.1719, -1.4844], [118.2656, -1.4844], [118.3594, -1.4844], [118.4531, -1.4844], [118.5469, -1.4844], [118.6406, -1.4844], [118.7344, -1.4844], [118.8281, -1.4844], [118.9219, -1.4844], [119.0156, -1.4844], [119.1094, -1.4844], [119.2031, -1.4844], [119.2969, -1.4844], [119.3906, -1.4844], [119.4844, -1.4844], [119.5781, -1.4844], [119.6719, -1.4844], [119.7656, -1.4844], [119.8594, -1.4844], [119.9531, -1.4844], [120.0469, -1.4844], [120.1406, -1.4844], [120.2344, -1.4844], [120.3281, -1.4844], [120.4219, -1.4844], [120.5156, -1.4844], [120.6094, -1.4844], [120.7031, -1.4844], [120.7969, -1.4844], [120.8906, -1.4844], [120.9844, -1.4844], [121.0781, -1.4844], [121.1719, -1.4844], [121.2656, -1.4844], [121.3594, -1.4844], [121.4531, -1.4844], [121.5469, -1.4844], [121.6406, -1.4844], [121.7344, -1.4844], [121.8281, -1.4844], [121.9219, -1.4844], [122.0156, -1.4844], [122.1094, -1.4844], [122.2031, -1.4844], [122.2969, -1.4844], [122.3906, -1.4844], [122.4844, -1.4844], [122.5781, -1.4844], [122.6719, -1.4844], [122.7656, -1.4531], [122.8594, -1.4531], [122.9531, -1.4531], [123.0469, -1.4219], [123.1406, -1.4219], [123.2344, -1.4219], [123.3281, -1.4219], [123.4219, -1.4219], [123.5156, -1.4219], [123.6094, -1.4219], [123.7031, -1.4219], [123.7969, -1.4219], [123.8906, -1.3906], [123.9844, -1.3906], [124.0781, -1.3906], [124.1719, -1.3906], [124.2656, -1.3906], [124.3594, -1.3906], [124.4531, -1.3906], [124.5469, -1.3906], [124.6406, -1.3906], [124.7344, -1.3906], [124.8281, -1.3906], [124.9219, -1.3906], [125.0156, -1.3906], [125.1094, -1.3906], [125.2031, -1.3906], [125.2969, -1.3906], [125.3906, -1.3906], [125.4844, -1.3906], [125.5781, -1.3906], [125.6719, -1.3906], [125.7656, -1.3906], [125.8594, -1.3906], [125.9531, -1.3906], [126.0469, -1.3906], [126.1406, -1.3906], [126.2344, -1.3906], [126.3281, -1.3906], [126.4219, -1.3594], [126.5156, -1.3594], [126.6094, -1.3594], [126.7031, -1.3281], [126.7969, -1.2969], [126.8906, -1.2969], [126.9844, -1.2969], [127.0781, -1.2969], [127.1719, -1.2969], [127.2656, -1.2969], [127.3594, -1.2969], [127.4531, -1.2969], [127.5469, -1.2969], [127.6406, -1.2969], [127.7344, -1.2344], [127.8281, -1.2031], [127.9219, -1.2031], [128.0156, -1.1406], [128.1094, -1.1406], [128.2031, -1.1406], [128.2969, -1.1094], [128.3906, -1.1094], [128.4844, -1.1094], [128.5781, -1.0781], [128.6719, -1.0781], [128.7656, -1.0781], [128.8594, -1.0781], [128.9531, -1.0781], [129.0469, -1.0781], [129.1406, -1.0781], [129.2344, -1.0781], [129.3281, -1.0781], [129.4219, -1.0781], [129.5156, -1.1406], [129.6094, -1.2031], [129.7031, -1.2344], [129.7969, -1.2031], [129.8906, -1.2031], [129.9844, -1.2031], [130.0781, -1.2031], [130.1719, -1.2344], [130.2656, -1.2344], [130.3594, -1.2344], [130.4531, -1.2656], [130.5469, -1.2656], [130.6406, -1.3281], [130.7344, -1.3281], [130.8281, -1.3281], [130.9219, -1.3281], [131.0156, -1.3281], [131.1094, -1.3281], [131.2031, -1.3281], [131.2969, -1.3281], [131.3906, -1.3281], [131.4844, -1.3281], [131.5781, -1.3281], [131.6719, -1.3281], [131.7656, -1.3281], [131.8594, -1.3281], [131.9531, -1.3594], [132.0469, -1.3594], [132.1406, -1.3594], [132.2344, -1.3594], [132.3281, -1.3594], [132.4219, -1.3594], [132.5156, -1.3594], [132.6094, -1.3906], [132.7031, -1.3906], [132.7969, -1.3906], [132.8906, -1.3906], [132.9844, -1.3906], [133.0781, -1.3906], [133.1719, -1.3906], [133.2656, -1.3906], [133.3594, -1.3906], [133.4531, -1.3906], [133.5469, -1.3906], [133.6406, -1.3906], [133.7344, -1.3906], [133.8281, -1.3906], [133.9219, -1.3906], [134.0156, -1.3906], [134.1094, -1.3906], [134.2031, -1.3906], [134.2969, -1.3906], [134.3906, -1.3906], [134.4844, -1.3906], [134.5781, -1.3906], [134.6719, -1.3906], [134.7656, -1.3906], [134.8594, -1.3906], [134.9531, -1.4844], [135.0781, -1.5156], [135.1719, -1.5156], [135.2656, -1.5156], [135.3594, -1.5156], [135.4531, -1.5156], [135.5469, -1.5781], [135.6406, -1.6719], [135.7344, -1.7656], [135.8281, -1.7969], [135.9219, -1.7969], [136.0156, -1.7969], [136.1094, -1.7969], [136.2031, -1.7969], [136.2969, -1.7969], [136.3906, -1.7969], [136.4844, -1.7969], [136.5781, -1.7969], [136.6719, -1.7969], [136.7656, -1.8281], [136.8594, -1.8281], [136.9531, -1.8281], [137.0469, -1.8281], [137.1406, -1.8281], [137.2344, -1.8281], [137.3281, -1.8281], [137.4219, -1.8281], [137.5156, -1.8281], [137.6094, -1.8281], [137.7031, -1.8281], [137.7969, -1.8281], [137.8906, -1.8281], [137.9844, -1.8281], [138.0781, -1.8281], [138.1719, -1.8281], [138.2656, -1.8594], [138.3594, -1.8594], [138.4531, -1.8281], [138.5469, -1.8281], [138.6406, -1.8281], [138.7344, -1.8281], [138.8281, -1.8281], [138.9219, -1.8281], [139.0156, -1.8281], [139.1094, -1.8281], [139.2031, -1.7969], [139.2969, -1.7031], [139.3906, -1.6406], [139.4844, -1.6094], [139.5781, -1.5781], [139.6719, -1.5781], [139.7656, -1.5469], [139.8594, -1.5469], [139.9531, -1.5469], [140.0469, -1.5469], [140.1406, -1.5469], [140.2344, -1.5469], [140.3281, -1.5469], [140.4219, -1.5469], [140.5156, -1.5469], [140.6094, -1.5469], [140.7031, -1.5156], [140.7969, -1.4844], [140.8906, -1.4844], [140.9844, -1.4844], [141.0781, -1.4844], [141.1719, -1.4844], [141.2656, -1.4844], [141.3594, -1.4844], [141.4531, -1.4844], [141.5469, -1.4844], [141.6406, -1.4844], [141.7344, -1.4844], [141.8281, -1.4844], [141.9219, -1.4844], [142.0156, -1.4844], [142.1094, -1.4844], [142.2031, -1.4844], [142.2969, -1.4844], [142.3906, -1.4844], [142.4844, -1.4844], [142.5781, -1.4844], [142.6719, -1.4844], [142.7656, -1.4844], [142.8594, -1.4844], [142.9531, -1.4844], [143.0469, -1.4844], [143.1406, -1.4844], [143.2344, -1.4844], [143.3281, -1.4844], [143.4219, -1.4531], [143.5156, -1.4531], [143.6094, -1.4531], [143.7031, -1.4531], [143.7969, -1.4531], [143.8906, -1.4531], [143.9844, -1.4531], [144.0781, -1.4531], [144.1719, -1.4531], [144.2656, -1.4531], [144.3594, -1.4531], [144.4531, -1.4531], [144.5469, -1.4531], [144.6406, -1.4531], [144.7344, -1.4531], [144.8281, -1.4531], [144.9219, -1.4531], [145.0156, -1.4531], [145.1094, -1.4531], [145.2031, -1.4531], [145.2969, -1.4219], [145.3906, -1.3906], [145.4844, -1.3906], [145.5781, -1.3906], [145.6719, -1.3906], [145.7656, -1.3906], [145.8594, -1.3906], [145.9531, -1.3906], [146.0469, -1.3906], [146.1406, -1.3906], [146.2344, -1.3906], [146.3281, -1.3906], [146.4219, -1.3906], [146.5156, -1.3906], [146.6094, -1.3906], [146.7031, -1.3906], [146.7969, -1.3906], [146.8906, -1.3906], [146.9844, -1.3906], [147.0781, -1.3906], [147.1719, -1.3906], [147.2656, -1.3906], [147.3594, -1.3906], [147.4531, -1.3906], [147.5469, -1.3906], [147.6406, -1.3906], [147.7344, -1.3906], [147.8281, -1.3906], [147.9219, -1.3906], [148.0156, -1.3906], [148.1094, -1.3906], [148.2031, -1.3906], [148.2969, -1.3906], [148.3906, -1.3906], [148.4844, -1.3906], [148.5781, -1.3906], [148.6719, -1.3906], [148.7656, -1.3906], [148.8594, -1.3906], [148.9531, -1.3906], [149.0469, -1.3906], [149.1406, -1.3906], [149.2344, -1.3906], [149.3281, -1.3906], [149.4219, -1.3906], [149.5156, -1.3906], [149.6094, -1.3906], [149.7031, -1.3906], [149.7969, -1.3906], [149.8906, -1.3906], [149.9844, -1.3906], [150.0781, -1.3906], [150.1719, -1.3906], [150.2656, -1.4219], [150.3594, -1.4219], [150.4531, -1.4219], [150.5469, -1.4219], [150.6406, -1.4219], [150.7344, -1.4219], [150.8281, -1.4219], [150.9219, -1.4219], [151.0156, -1.4219], [151.1094, -1.4219], [151.2031, -1.4219], [151.2969, -1.4219], [151.3906, -1.4219], [151.4844, -1.4219], [151.5781, -1.4219], [151.6719, -1.4219], [151.7656, -1.4219], [151.8594, -1.4219], [151.9531, -1.4219], [152.0469, -1.4219], [152.1406, -1.4219], [152.2344, -1.4219], [152.3281, -1.4219], [152.4219, -1.4219], [152.5156, -1.4219], [152.6094, -1.4219], [152.7031, -1.4219], [152.7969, -1.4531], [152.8906, -1.4531], [152.9844, -1.4531], [153.0781, -1.4531], [153.1719, -1.4531], [153.2656, -1.4531], [153.3594, -1.4531], [153.4531, -1.4531], [153.5469, -1.4531], [153.6406, -1.4531], [153.7344, -1.4531], [153.8281, -1.4531], [153.9219, -1.4531], [154.0156, -1.4531], [154.1094, -1.4531], [154.2031, -1.4531], [154.2969, -1.4531], [154.3906, -1.4531], [154.4844, -1.4531], [154.5781, -1.4531], [154.6719, -1.4531], [154.7656, -1.4531], [154.8594, -1.4531], [154.9531, -1.4531], [155.0469, -1.4531], [155.1406, -1.4531], [155.2344, -1.4531], [155.3281, -1.4844], [155.4219, -1.4844], [155.5156, -1.4844], [155.6094, -1.4844], [155.7031, -1.4844], [155.7969, -1.4844], [155.8906, -1.4844], [155.9844, -1.4844], [156.0781, -1.4844], [156.1719, -1.4844], [156.2656, -1.4844], [156.3594, -1.4844], [156.4531, -1.4844], [156.5469, -1.4844], [156.6406, -1.4844], [156.7344, -1.4844], [156.8281, -1.4844], [156.9219, -1.4844], [157.0156, -1.5156], [157.1094, -1.5156], [157.2031, -1.5156], [157.2969, -1.5156], [157.3906, -1.5156], [157.4844, -1.5156], [157.5781, -1.5156], [157.6719, -1.5156], [157.7656, -1.5156], [157.8594, -1.5156], [157.9531, -1.5156], [158.0469, -1.5156], [158.1406, -1.5156], [158.2344, -1.5156], [158.3281, -1.5156], [158.4219, -1.5156], [158.5156, -1.5156], [158.6094, -1.5156], [158.7031, -1.5156], [158.7969, -1.5156], [158.8906, -1.5156], [158.9844, -1.5156], [159.0781, -1.5156], [159.1719, -1.5156], [159.2656, -1.5156], [159.3594, -1.5156], [159.4531, -1.5156], [159.5469, -1.5156], [159.6406, -1.5156], [159.7344, -1.5156], [159.8281, -1.5156], [159.9219, -1.5156], [160.0156, -1.5156], [160.1094, -1.5156], [160.2031, -1.5156], [160.2969, -1.5156], [160.3906, -1.5156], [160.4844, -1.5156], [160.5781, -1.5156], [160.6719, -1.5156], [160.7656, -1.5156], [160.8594, -1.5156], [160.9531, -1.5156], [161.0469, -1.5156], [161.1406, -1.5156], [161.2344, -1.5156], [161.3281, -1.5156], [161.4219, -1.5156], [161.5156, -1.5156], [161.6094, -1.5156], [161.7031, -1.5156], [161.7969, -1.5156], [161.8906, -1.5156], [161.9844, -1.5156], [162.0781, -1.5156], [162.1719, -1.5156], [162.2656, -1.5156], [162.3594, -1.5156], [162.4531, -1.5156], [162.5469, -1.5156], [162.6406, -1.5156], [162.7344, -1.5156], [162.8281, -1.5156], [162.9219, -1.5156], [163.0156, -1.5156], [163.1094, -1.5156], [163.2031, -1.5156], [163.2969, -1.5156], [163.3906, -1.5156], [163.4844, -1.5156], [163.5781, -1.5156], [163.6719, -1.5156], [163.7656, -1.5156], [163.8594, -1.5156], [163.9531, -1.5156], [164.0469, -1.5156], [164.1406, -1.5156], [164.2344, -1.5156], [164.3281, -1.5156], [164.4219, -1.5156], [164.5156, -1.5156], [164.6094, -1.5156], [164.7031, -1.5156], [164.7969, -1.5156], [164.8906, -1.5156], [164.9844, -1.5156], [165.0781, -1.5156], [165.1719, -1.5156], [165.2656, -1.5156], [165.3594, -1.5156], [165.4531, -1.5156], [165.5469, -1.5156], [165.6406, -1.5156], [165.7344, -1.5156], [165.8281, -1.5156], [165.9219, -1.5156], [166.0156, -1.5156], [166.1094, -1.5156], [166.2031, -1.5156], [166.2969, -1.5156], [166.3906, -1.5156], [166.4844, -1.5156], [166.5781, -1.5156], [166.6719, -1.5156], [166.7656, -1.5156], [166.8594, -1.5156], [166.9531, -1.5156], [167.0469, -1.5156], [167.1406, -1.5156], [167.2344, -1.5156], [167.3281, -1.5156], [167.4219, -1.5156], [167.5156, -1.5156], [167.6094, -1.5156], [167.7031, -1.5156], [167.7969, -1.5156], [167.8906, -1.5156], [167.9844, -1.5156], [168.0781, -1.5156], [168.1719, -1.5156], [168.2656, -1.5156], [168.3594, -1.5156], [168.4531, -1.5156], [168.5469, -1.5156], [168.6406, -1.5156], [168.7344, -1.5156], [168.8281, -1.5156], [168.9219, -1.5156], [169.0156, -1.5156], [169.1094, -1.5156], [169.2031, -1.5156], [169.2969, -1.5156], [169.3906, -1.5156], [169.4844, -1.5156], [169.5781, -1.5156], [169.6719, -1.5156], [169.7656, -1.5156], [169.8594, -1.5156], [169.9531, -1.5156], [170.0469, -1.5156], [170.1406, -1.5156], [170.2344, -1.5156], [170.3281, -1.5156], [170.4219, -1.5156], [170.5156, -1.5156], [170.6094, -1.5156], [170.7031, -1.5156], [170.7969, -1.5156], [170.8906, -1.5156], [170.9844, -1.5156], [171.0781, -1.5156], [171.1719, -1.5156], [171.2656, -1.5156], [171.3594, -1.5156], [171.4531, -1.5156], [171.5469, -1.5156], [171.6406, -1.5156], [171.7344, -1.5156], [171.8281, -1.5156], [171.9219, -1.5156], [172.0156, -1.5156], [172.1094, -1.5156], [172.2031, -1.5156], [172.2969, -1.5156], [172.3906, -1.5156], [172.4844, -1.5156], [172.5781, -1.5156], [172.6719, -1.5156], [172.7656, -1.5156], [172.8594, -1.5156], [172.9531, -1.5156], [173.0469, -1.5156], [173.1406, -1.5156], [173.2344, -1.5156], [173.3281, -1.5156], [173.4219, -1.5156], [173.5156, -1.5156], [173.6094, -1.5156], [173.7031, -1.5156], [173.7969, -1.5156], [173.8906, -1.5156], [173.9844, -1.5156], [174.0781, -1.5156], [174.1719, -1.5156], [174.2656, -1.5156], [174.3594, -1.5156], [174.4531, -1.5156], [174.5469, -1.5156], [174.6406, -1.5156], [174.7344, -1.5156], [174.8281, -1.5156], [174.9219, -1.5156], [175.0156, -1.5156], [175.1094, -1.5156], [175.2031, -1.5156], [175.2969, -1.5156], [175.3906, -1.5156], [175.4844, -1.5156], [175.5781, -1.5156], [175.6719, -1.5156], [175.7656, -1.5156], [175.8594, -1.5156], [175.9531, -1.5156], [176.0469, -1.5156], [176.1406, -1.5156], [176.2344, -1.5156], [176.3281, -1.5156], [176.4219, -1.5156], [176.5156, -1.5156], [176.6094, -1.4844], [176.7031, -1.4844], [176.7969, -1.4844], [176.8906, -1.4844], [176.9844, -1.4844], [177.0781, -1.4844], [177.1719, -1.4844], [177.2656, -1.4844], [177.3594, -1.4844], [177.4531, -1.4844], [177.5469, -1.4844], [177.6406, -1.4844], [177.7344, -1.4844], [177.8281, -1.4844], [177.9219, -1.4844], [178.0156, -1.4844], [178.1094, -1.4844], [178.2031, -1.4844], [178.2969, -1.4844], [178.3906, -1.4844], [178.4844, -1.4844], [178.5781, -1.4844], [178.6719, -1.4844], [178.7656, -1.4844], [178.8594, -1.4844], [178.9531, -1.4844], [179.0469, -1.4844], [179.1406, -1.4844], [179.2344, -1.4844], [179.3281, -1.4844], [179.4219, -1.4844], [179.5156, -1.4844], [179.6094, -1.4844], [179.7031, -1.4844], [179.7969, -1.4844], [179.8906, -1.4844], [179.9844, -1.4844], [-179.9219, -1.4844], [-179.8281, -1.4844], [-179.7344, -1.4844], [-179.6406, -1.4844], [-179.5469, -1.4844], [-179.4531, -1.4844], [-179.3594, -1.4844], [-179.2656, -1.4844], [-179.1719, -1.4844], [-179.0781, -1.4844], [-178.9844, -1.4844], [-178.8906, -1.4844], [-178.7969, -1.4844], [-178.7031, -1.4844], [-178.6094, -1.4844], [-178.5156, -1.4844], [-178.4219, -1.4844], [-178.3281, -1.4844], [-178.2344, -1.4844], [-178.1406, -1.4844], [-178.0469, -1.4844], [-177.9531, -1.4844], [-177.8594, -1.4844], [-177.7656, -1.4844], [-177.6719, -1.4844], [-177.5781, -1.4844], [-177.4844, -1.4844], [-177.3906, -1.4844], [-177.2969, -1.4844], [-177.2031, -1.4844], [-177.1094, -1.4844], [-177.0156, -1.4844], [-176.9219, -1.4844], [-176.8281, -1.4844], [-176.7344, -1.4844], [-176.6406, -1.4844], [-176.5469, -1.4844], [-176.4531, -1.4844], [-176.3594, -1.4844], [-176.2656, -1.4844], [-176.1719, -1.4844], [-176.0781, -1.4844], [-175.9844, -1.4844], [-175.8906, -1.4844], [-175.7969, -1.4844], [-175.7031, -1.4844], [-175.6094, -1.4844], [-175.5156, -1.4844], [-175.4219, -1.5156], [-175.3281, -1.5156], [-175.2344, -1.5156], [-175.1406, -1.5156], [-175.0469, -1.5156], [-174.9531, -1.5156], [-174.8594, -1.5156], [-174.7656, -1.5156], [-174.6719, -1.5156], [-174.5781, -1.5156], [-174.4844, -1.5156], [-174.3906, -1.5156], [-174.2969, -1.5156], [-174.2031, -1.5156], [-174.1094, -1.5156], [-174.0156, -1.5156], [-173.9219, -1.5156], [-173.8281, -1.5156], [-173.7344, -1.5156], [-173.6406, -1.5156], [-173.5469, -1.5156], [-173.4531, -1.5156], [-173.3594, -1.5156], [-173.2656, -1.5156], [-173.1719, -1.5156], [-173.0781, -1.5156], [-172.9844, -1.5156], [-172.8906, -1.5156], [-172.7969, -1.5156], [-172.7031, -1.5156], [-172.6094, -1.5156], [-172.5156, -1.5156], [-172.4219, -1.5156], [-172.3281, -1.5156], [-172.2344, -1.5156], [-172.1406, -1.5156], [-172.0469, -1.5156], [-171.9531, -1.5156], [-171.8594, -1.5156], [-171.7656, -1.5156], [-171.6719, -1.5156], [-171.5781, -1.5156], [-171.4844, -1.5156], [-171.3906, -1.5156], [-171.2969, -1.5156], [-171.2031, -1.5156], [-171.1094, -1.5156], [-171.0156, -1.5156], [-170.9219, -1.5156], [-170.8281, -1.5156], [-170.7344, -1.5156], [-170.6406, -1.5156], [-170.5469, -1.5156], [-170.4531, -1.5156], [-170.3594, -1.5156], [-170.2656, -1.5156], [-170.1719, -1.5156], [-170.0781, -1.5156], [-169.9844, -1.5156], [-169.8906, -1.5156], [-169.7969, -1.5156], [-169.7031, -1.4844], [-169.6094, -1.4844], [-169.5156, -1.4844], [-169.4219, -1.4844], [-169.3281, -1.4531], [-169.2344, -1.4531], [-169.1406, -1.4531], [-169.0469, -1.4531], [-168.9531, -1.4531], [-168.8594, -1.4531], [-168.7656, -1.4531], [-168.6719, -1.4531], [-168.5781, -1.4531], [-168.4844, -1.4531], [-168.3906, -1.4531], [-168.2969, -1.4531], [-168.2031, -1.4531], [-168.1094, -1.4531], [-168.0156, -1.4531], [-167.9219, -1.4531], [-167.8281, -1.4531], [-167.7344, -1.4531], [-167.6406, -1.4531], [-167.5469, -1.4531], [-167.4531, -1.4531], [-167.3594, -1.4531], [-167.2656, -1.4531], [-167.1719, -1.4531], [-167.0781, -1.4531], [-166.9844, -1.4531], [-166.8906, -1.4531], [-166.7969, -1.4531], [-166.7031, -1.4531], [-166.6094, -1.4531], [-166.5156, -1.4531], [-166.4219, -1.4531], [-166.3281, -1.4531], [-166.2344, -1.4531], [-166.1406, -1.4531], [-166.0469, -1.4844], [-165.9531, -1.4844], [-165.8594, -1.4844], [-165.7656, -1.4844], [-165.6719, -1.4844], [-165.5781, -1.4844], [-165.4844, -1.4844], [-165.3906, -1.4844], [-165.2969, -1.4844], [-165.2031, -1.4844], [-165.1094, -1.4844], [-165.0156, -1.4844], [-164.9219, -1.4844], [-164.8281, -1.4844], [-164.7344, -1.4844], [-164.6406, -1.4844], [-164.5469, -1.4844], [-164.4531, -1.4844], [-164.3594, -1.4844], [-164.2656, -1.4844], [-164.1719, -1.4844], [-164.0781, -1.4844], [-163.9844, -1.4844], [-163.8906, -1.4844], [-163.7969, -1.4844], [-163.7031, -1.4844], [-163.6094, -1.4844], [-163.5156, -1.4844], [-163.4219, -1.4844], [-163.3281, -1.4844], [-163.2344, -1.4844], [-163.1406, -1.4844], [-163.0469, -1.4844], [-162.9531, -1.4844], [-162.8594, -1.4844], [-162.7656, -1.4844], [-162.6719, -1.4844], [-162.5781, -1.4844], [-162.4844, -1.4844], [-162.3906, -1.4844], [-162.2969, -1.4844], [-162.2031, -1.4844], [-162.1094, -1.4844], [-162.0156, -1.4844], [-161.9219, -1.4844], [-161.8281, -1.4844], [-161.7344, -1.4844], [-161.6406, -1.4844], [-161.5469, -1.4844], [-161.4531, -1.4844], [-161.3594, -1.4844], [-161.2656, -1.4844], [-161.1719, -1.4844], [-161.0781, -1.4844], [-160.9844, -1.4844], [-160.8906, -1.4844], [-160.7969, -1.4844], [-160.7031, -1.4844], [-160.6094, -1.4844], [-160.5156, -1.4844], [-160.4219, -1.4844], [-160.3281, -1.4844], [-160.2344, -1.4844], [-160.1406, -1.4844], [-160.0469, -1.4844], [-159.9531, -1.4844], [-159.8594, -1.4844], [-159.7656, -1.4844], [-159.6719, -1.4844], [-159.5781, -1.4844], [-159.4844, -1.4844], [-159.3906, -1.4844], [-159.2969, -1.4844], [-159.2031, -1.4844], [-159.1094, -1.4844], [-159.0156, -1.4844], [-158.9219, -1.4844], [-158.8281, -1.4844], [-158.7344, -1.4844], [-158.6406, -1.4844], [-158.5469, -1.4844], [-158.4531, -1.4844], [-158.3594, -1.4844], [-158.2656, -1.4844], [-158.1719, -1.4844], [-158.0781, -1.4844], [-157.9844, -1.4844], [-157.8906, -1.4844], [-157.7969, -1.4844], [-157.7031, -1.4844], [-157.6094, -1.4844], [-157.5156, -1.4844], [-157.4219, -1.4844], [-157.3281, -1.4844], [-157.2344, -1.4844], [-157.1406, -1.4844], [-157.0469, -1.4844], [-156.9531, -1.4844], [-156.8594, -1.4844], [-156.7656, -1.4844], [-156.6719, -1.4844], [-156.5781, -1.4844], [-156.4844, -1.4844], [-156.3906, -1.4844], [-156.2969, -1.4844], [-156.2031, -1.4844], [-156.1094, -1.4844], [-156.0156, -1.4844], [-155.9219, -1.4844], [-155.8281, -1.4844], [-155.7344, -1.4844], [-155.6406, -1.4844], [-155.5469, -1.4844], [-155.4531, -1.4219], [-155.3594, -1.3906], [-155.2656, -1.3906], [-155.1719, -1.3906], [-155.0781, -1.3906], [-154.9844, -1.3906], [-154.8906, -1.3906], [-154.7969, -1.3906], [-154.7031, -1.3906], [-154.6094, -1.3906], [-154.5156, -1.3906], [-154.4219, -1.3906], [-154.3281, -1.3906], [-154.2344, -1.3906], [-154.1406, -1.3906], [-154.0469, -1.3906], [-153.9531, -1.3906], [-153.8594, -1.3906], [-153.7656, -1.3906], [-153.6719, -1.3906], [-153.5781, -1.3906], [-153.4844, -1.3906], [-153.3906, -1.3906], [-153.2969, -1.3906], [-153.2031, -1.3906], [-153.1094, -1.3906], [-153.0156, -1.3906], [-152.9219, -1.3906], [-152.8281, -1.3906], [-152.7344, -1.3906], [-152.6406, -1.3906], [-152.5469, -1.3906], [-152.4531, -1.3906], [-152.3594, -1.3906], [-152.2656, -1.3906], [-152.1719, -1.3906], [-152.0781, -1.3906], [-151.9844, -1.3906], [-151.8906, -1.3906], [-151.7969, -1.3906], [-151.7031, -1.3906], [-151.6094, -1.4531], [-151.5156, -1.4844], [-151.4219, -1.4844], [-151.3281, -1.4844], [-151.2344, -1.4844], [-151.1406, -1.4844], [-151.0469, -1.4844], [-150.9531, -1.4844], [-150.8594, -1.4844], [-150.7656, -1.4844], [-150.6719, -1.4844], [-150.5781, -1.4844], [-150.4844, -1.4844], [-150.3906, -1.4844], [-150.2969, -1.5156], [-150.2031, -1.5156], [-150.1094, -1.5156], [-150.0156, -1.5156], [-149.9219, -1.5156], [-149.8281, -1.4844], [-149.7344, -1.4844], [-149.6406, -1.4844], [-149.5469, -1.4844], [-149.4531, -1.4844], [-149.3594, -1.4844], [-149.2656, -1.4844], [-149.1719, -1.4844], [-149.0781, -1.4844], [-148.9844, -1.4844], [-148.8906, -1.4844], [-148.7969, -1.4844], [-148.7031, -1.4844], [-148.6094, -1.4844], [-148.5156, -1.4844], [-148.4219, -1.4844], [-148.3281, -1.4531], [-148.2344, -1.4531], [-148.1406, -1.4531], [-148.0469, -1.4531], [-147.9531, -1.4531], [-147.8594, -1.4531], [-147.7656, -1.4531], [-147.6719, -1.4531], [-147.5781, -1.4531], [-147.4844, -1.4531], [-147.3906, -1.4531], [-147.2969, -1.4531], [-147.2031, -1.4531], [-147.1094, -1.4531], [-147.0156, -1.4531], [-146.9219, -1.4531], [-146.8281, -1.4531], [-146.7344, -1.4531], [-146.6406, -1.4531], [-146.5469, -1.4531], [-146.4531, -1.4531], [-146.3594, -1.4531], [-146.2656, -1.4531], [-146.1719, -1.4531], [-146.0781, -1.4531], [-145.9844, -1.4531], [-145.8906, -1.4844], [-145.7969, -1.4844], [-145.7031, -1.4844], [-145.6094, -1.4844], [-145.5156, -1.4844], [-145.4219, -1.4844], [-145.3281, -1.4844], [-145.2344, -1.4844], [-145.1406, -1.4844], [-145.0469, -1.4844], [-144.9531, -1.4844], [-144.8594, -1.4844], [-144.7656, -1.4844], [-144.6719, -1.4844], [-144.5781, -1.4844], [-144.4844, -1.4844], [-144.3906, -1.4844], [-144.2969, -1.4844], [-144.2031, -1.4844], [-144.1094, -1.4844], [-144.0156, -1.4844], [-143.9219, -1.4844], [-143.8281, -1.4844], [-143.7344, -1.4844], [-143.6406, -1.4844], [-143.5469, -1.4844], [-143.4531, -1.4844], [-143.3594, -1.4844], [-143.2656, -1.4844], [-143.1719, -1.4844], [-143.0781, -1.4844], [-142.9844, -1.4844], [-142.8906, -1.4844], [-142.7969, -1.4844], [-142.7031, -1.4844], [-142.6094, -1.4844], [-142.5156, -1.4844], [-142.4219, -1.4844], [-142.3281, -1.4844], [-142.2344, -1.4844], [-142.1406, -1.4844], [-142.0469, -1.4844], [-141.9531, -1.4844], [-141.8594, -1.4844], [-141.7656, -1.4844], [-141.6719, -1.4844], [-141.5781, -1.4844], [-141.4844, -1.4844], [-141.3906, -1.4844], [-141.2969, -1.4844], [-141.2031, -1.4844], [-141.1094, -1.4844], [-141.0156, -1.4844], [-140.9219, -1.4844], [-140.8281, -1.4844], [-140.7344, -1.4844], [-140.6406, -1.4844], [-140.5469, -1.4844], [-140.4531, -1.4844], [-140.3594, -1.4844], [-140.2656, -1.4844], [-140.1719, -1.4844], [-140.0781, -1.4844], [-139.9844, -1.4844], [-139.8906, -1.4844], [-139.7969, -1.4844], [-139.7031, -1.4844], [-139.6094, -1.4844], [-139.5156, -1.4531], [-139.4219, -1.4531], [-139.3281, -1.4531], [-139.2344, -1.4531], [-139.1406, -1.4531], [-139.0469, -1.4531], [-138.9531, -1.4531], [-138.8594, -1.4531], [-138.7656, -1.4531], [-138.6719, -1.4531], [-138.5781, -1.4531], [-138.4844, -1.4531], [-138.3906, -1.4531], [-138.2969, -1.4531], [-138.2031, -1.4531], [-138.1094, -1.4531], [-138.0156, -1.4531], [-137.9219, -1.4531], [-137.8281, -1.4531], [-137.7344, -1.4531], [-137.6406, -1.4531], [-137.5469, -1.4531], [-137.4531, -1.4531], [-137.3594, -1.4531], [-137.2656, -1.4531], [-137.1719, -1.4531], [-137.0781, -1.4531], [-136.9844, -1.4531], [-136.8906, -1.4531], [-136.7969, -1.4531], [-136.7031, -1.4531], [-136.6094, -1.4531], [-136.5156, -1.4531], [-136.4219, -1.4531], [-136.3281, -1.4531], [-136.2344, -1.4531], [-136.1406, -1.4531], [-136.0469, -1.4531], [-135.9531, -1.4531], [-135.8594, -1.4531], [-135.7656, -1.4531], [-135.6719, -1.4531], [-135.5781, -1.4531], [-135.4844, -1.4531], [-135.3906, -1.4531], [-135.2969, -1.4219], [-135.2031, -1.4219], [-135.1094, -1.4219], [-135.0156, -1.4219], [-134.9219, -1.4219], [-134.8281, -1.4219], [-134.7344, -1.4219], [-134.6406, -1.4219], [-134.5469, -1.4219], [-134.4531, -1.4219], [-134.3594, -1.4219], [-134.2656, -1.4219], [-134.1719, -1.4219], [-134.0781, -1.4219], [-133.9844, -1.4219], [-133.8906, -1.4219], [-133.7969, -1.4219], [-133.7031, -1.4219], [-133.6094, -1.4219], [-133.5156, -1.4219], [-133.4219, -1.4219], [-133.3281, -1.4219], [-133.2344, -1.4219], [-133.1406, -1.4219], [-133.0469, -1.4219], [-132.9531, -1.4219], [-132.8594, -1.4219], [-132.7656, -1.4219], [-132.6719, -1.4219], [-132.5781, -1.4219], [-132.4844, -1.4219], [-132.3906, -1.4219], [-132.2969, -1.4219], [-132.2031, -1.4219], [-132.1094, -1.4219], [-132.0156, -1.4219], [-131.9219, -1.4219], [-131.8281, -1.4219], [-131.7344, -1.4219], [-131.6406, -1.4219], [-131.5469, -1.4219], [-131.4531, -1.4219], [-131.3594, -1.4219], [-131.2656, -1.4219], [-131.1719, -1.4219], [-131.0781, -1.4219], [-130.9844, -1.4219], [-130.8906, -1.4219], [-130.7969, -1.4531], [-130.7031, -1.4531], [-130.6094, -1.4531], [-130.5156, -1.4844], [-130.4219, -1.5156], [-130.3281, -1.5156], [-130.2344, -1.5156], [-130.1406, -1.5156], [-130.0469, -1.5156], [-129.9531, -1.5156], [-129.8594, -1.5156], [-129.7656, -1.5156], [-129.6719, -1.5156], [-129.5781, -1.5156], [-129.4844, -1.5156], [-129.3906, -1.5156], [-129.2969, -1.5156], [-129.2031, -1.5156], [-129.1094, -1.5156], [-129.0156, -1.5156], [-128.9219, -1.5156], [-128.8281, -1.5156], [-128.7344, -1.5156], [-128.6406, -1.5156], [-128.5469, -1.5156], [-128.4531, -1.5156], [-128.3594, -1.5156], [-128.2656, -1.5156], [-128.1719, -1.5156], [-128.0781, -1.5156], [-127.9844, -1.5156], [-127.8906, -1.5156], [-127.7969, -1.5156], [-127.7031, -1.5156], [-127.6094, -1.4531], [-127.5156, -1.4219], [-127.4219, -1.3594], [-127.3281, -1.2969], [-127.2344, -1.2031], [-127.1406, -1.1719], [-127.0469, -1.1406], [-126.9531, -1.1094], [-126.8594, -1.0781], [-126.7656, -1.0781], [-126.6719, -1.0469], [-126.5781, -1.0469], [-126.4844, -0.9844], [-126.3906, -0.9844], [-126.2969, -0.9844], [-126.2031, -0.9844], [-126.1094, -0.9844], [-126.0156, -0.9844], [-125.9219, -0.9844], [-125.8281, -0.9844], [-125.7344, -0.9844], [-125.6406, -0.9844], [-125.5469, -0.9844], [-125.4531, -0.9844], [-125.3594, -0.9844], [-125.2656, -0.9844], [-125.1719, -0.9844], [-125.0781, -0.9844], [-124.9844, -0.9844], [-124.8906, -0.9844], [-124.7969, -0.9844], [-124.7031, -0.9844], [-124.6094, -0.9844], [-124.5156, -0.9844], [-124.4219, -0.9844], [-124.3281, -0.9844], [-124.2344, -0.9844], [-124.1406, -0.9844], [-124.0469, -0.9844], [-123.9531, -0.9844], [-123.8594, -0.9844], [-123.7656, -0.9844], [-123.6719, -0.9844], [-123.5781, -0.9844], [-123.4844, -0.9844], [-123.3906, -0.9844], [-123.2969, -0.9844], [-123.2031, -0.9844], [-123.1094, -0.9844], [-123.0156, -0.9844], [-122.9219, -0.9844], [-122.8281, -0.9844], [-122.7344, -0.9844], [-122.6406, -0.9844], [-122.5469, -0.9844], [-122.4531, -0.9844], [-122.3594, -0.9844], [-122.2656, -0.9219], [-122.1719, -0.8906], [-122.0781, -0.8906], [-121.9844, -0.8906], [-121.8906, -0.8906], [-121.7969, -0.8906], [-121.7031, -0.8906], [-121.6094, -0.8906], [-121.5156, -0.8906], [-121.4219, -0.8906], [-121.3281, -0.8594], [-121.2344, -0.8594], [-121.1406, -0.8594], [-121.0469, -0.8281], [-120.9531, -0.8281], [-120.8594, -0.8281], [-120.7656, -0.8281], [-120.6719, -0.8281], [-120.5781, -0.8281], [-120.4844, -0.8281], [-120.3906, -0.8281], [-120.2969, -0.8281], [-120.2031, -0.8281], [-120.1094, -0.8281], [-120.0156, -0.8281], [-119.9219, -0.8281], [-119.8281, -0.8281], [-119.7344, -0.8281], [-119.6406, -0.8281], [-119.5469, -0.8281], [-119.4531, -0.8281], [-119.3594, -0.8281], [-119.2656, -0.8281], [-119.1719, -0.8281], [-119.0781, -0.8281], [-118.9844, -0.8281], [-118.8906, -0.8281], [-118.7969, -0.8281], [-118.7031, -0.8281], [-118.6094, -0.8281], [-118.5156, -0.8281], [-118.4219, -0.8281], [-118.3281, -0.8281], [-118.2344, -0.8281], [-118.1406, -0.8281], [-118.0469, -0.8281], [-117.9531, -0.8281], [-117.8594, -0.8281], [-117.7656, -0.8281], [-117.6719, -0.8281], [-117.5781, -0.8281], [-117.4844, -0.8281], [-117.3906, -0.8281], [-117.2969, -0.8281], [-117.2031, -0.8281], [-117.1094, -0.7969], [-117.0156, -0.7969], [-116.9219, -0.7969], [-116.8281, -0.7969], [-116.7344, -0.7656], [-116.6406, -0.7656], [-116.5469, -0.7031], [-116.4531, -0.7031], [-116.3594, -0.6406], [-116.2656, -0.6406], [-116.1719, -0.6406], [-116.0781, -0.6406], [-115.9844, -0.6406], [-115.8906, -0.6094], [-115.7969, -0.6094], [-115.7031, -0.6094], [-115.6094, -0.6094], [-115.5156, -0.6094], [-115.4219, -0.6094], [-115.3281, -0.6094], [-115.2344, -0.6094], [-115.1406, -0.6094], [-115.0469, -0.6094], [-114.9531, -0.5781], [-114.8594, -0.5781], [-114.7656, -0.5781], [-114.6719, -0.5781], [-114.5781, -0.5781], [-114.4844, -0.5781], [-114.3906, -0.5781], [-114.2969, -0.5469], [-114.2031, -0.4844], [-114.1094, -0.4531], [-114.0156, -0.4531], [-113.9219, -0.4531], [-113.8281, -0.3594], [-113.7344, -0.2656], [-113.6406, -0.1719], [-113.5469, -0.0781], [-113.4531, -0.0469], [-113.3594, -0.0469], [-113.2656, -0.0469], [-113.1719, -0.0469], [-113.0781, -0.0469], [-112.9844, -0.0469], [-112.8906, -0.0469], [-112.7969, -0.0469], [-112.7031, -0.0469], [-112.6094, -0.0156], [-112.5156, -0.0156], [-112.4219, -0.0156], [-112.3281, -0.0156], [-112.2344, -0.0156], [-112.1406, -0.0156], [-112.0469, -0.0156], [-111.9531, -0.0156], [-111.8594, -0.0156], [-111.7656, -0.0156], [-111.6719, -0.0156], [-111.5781, -0.0156], [-111.4844, -0.0156], [-111.3906, -0.0469], [-111.2969, -0.1094], [-111.2031, -0.1094], [-111.1094, -0.1094], [-111.0156, -0.1094], [-110.9219, -0.1094], [-110.8281, -0.1094], [-110.7344, -0.1094], [-110.6406, -0.1094], [-110.5469, -0.1094], [-110.4531, -0.1094], [-110.3594, -0.1094], [-110.2656, -0.1094], [-110.1719, -0.1094], [-110.0781, -0.1094], [-109.9844, -0.1094], [-109.8906, -0.1094], [-109.7969, -0.1094], [-109.7031, -0.1094], [-109.6094, -0.1094], [-109.5156, -0.1094], [-109.4219, -0.1094], [-109.3281, -0.1094], [-109.2344, -0.1094], [-109.1406, -0.1094], [-109.0469, -0.1094], [-108.9531, -0.1094], [-108.8594, -0.1094], [-108.7656, -0.1094], [-108.6719, -0.1094], [-108.5781, -0.1094], [-108.4844, -0.1094], [-108.3906, -0.1094], [-108.2969, -0.1094], [-108.2031, -0.1094], [-108.1094, -0.1094], [-108.0156, -0.1094], [-107.9219, -0.1094], [-107.8281, -0.1094], [-107.7344, -0.1094], [-107.6406, -0.1094], [-107.5469, -0.1094], [-107.4531, -0.1094], [-107.3594, -0.1094], [-107.2656, -0.1094], [-107.1719, -0.1094], [-107.0781, -0.1094], [-106.9844, -0.1094], [-106.8906, -0.1406], [-106.7969, -0.1719], [-106.7031, -0.1719], [-106.6094, -0.1719], [-106.5156, -0.2031], [-106.4219, -0.2344], [-106.3281, -0.2656], [-106.2344, -0.2656], [-106.1406, -0.2656], [-106.0469, -0.2656], [-105.9531, -0.2656], [-105.8594, -0.2656], [-105.7656, -0.2656], [-105.6719, -0.2656], [-105.5781, -0.2656], [-105.4844, -0.2656], [-105.3906, -0.2656], [-105.2969, -0.2969], [-105.2031, -0.2969], [-105.1094, -0.2969], [-105.0156, -0.2969], [-104.9219, -0.2969], [-104.8281, -0.2969], [-104.7344, -0.2969], [-104.6406, -0.2969], [-104.5469, -0.2969], [-104.4531, -0.2969], [-104.3594, -0.2969], [-104.2656, -0.2969], [-104.1719, -0.2969], [-104.0781, -0.2969], [-103.9844, -0.2969], [-103.8906, -0.2969], [-103.7969, -0.2969], [-103.7031, -0.2969], [-103.6094, -0.2969], [-103.5156, -0.2969], [-103.4219, -0.2969], [-103.3281, -0.2969], [-103.2344, -0.2969], [-103.1406, -0.2969], [-103.0469, -0.2969], [-102.9531, -0.2969], [-102.8594, -0.2969], [-102.7656, -0.2969], [-102.6719, -0.2969], [-102.5781, -0.2969], [-102.4844, -0.2969], [-102.3906, -0.2969], [-102.2969, -0.2969], [-102.2031, -0.2969], [-102.1094, -0.2969], [-102.0156, -0.2969], [-101.9219, -0.2969], [-101.8281, -0.2969], [-101.7344, -0.2969], [-101.6406, -0.2969], [-101.5469, -0.2969], [-101.4531, -0.2969], [-101.3594, -0.2969], [-101.2656, -0.3281], [-101.1719, -0.4219], [-101.0781, -0.5156], [-100.9844, -0.5781], [-100.8906, -0.6406], [-100.7969, -0.7031], [-100.7031, -0.7344], [-100.6094, -0.8281], [-100.5156, -0.9219], [-100.4219, -0.9844], [-100.3281, -0.9844], [-100.2344, -1.0156], [-100.1406, -1.0156], [-100.0469, -1.1094], [-99.9531, -1.1719], [-99.8594, -1.2656], [-99.7656, -1.3594], [-99.6719, -1.4531], [-99.5781, -1.5469], [-99.4844, -1.6406], [-99.3594, -1.7031], [-99.2656, -1.7031], [-99.1719, -1.7031], [-99.0781, -1.7031], [-98.9844, -1.7031], [-98.8906, -1.7344], [-98.7969, -1.7344], [-98.7031, -1.7344], [-98.6094, -1.7344], [-98.5156, -1.7344], [-98.4219, -1.7344], [-98.3281, -1.7344], [-98.2344, -1.7344], [-98.1406, -1.7344], [-98.0469, -1.7344], [-97.9531, -1.7344], [-97.8594, -1.7344], [-97.7656, -1.7344], [-97.6719, -1.7344], [-97.5781, -1.7344], [-97.4844, -1.7344], [-97.3906, -1.7344], [-97.2969, -1.7344], [-97.2031, -1.7656], [-97.1094, -1.7969], [-97.0156, -1.7969], [-96.9219, -1.8594], [-96.8281, -1.8594], [-96.7344, -1.8594], [-96.6406, -1.8906], [-96.5469, -1.8906], [-96.4531, -1.8906], [-96.3594, -1.8906], [-96.2656, -1.8906], [-96.1719, -1.8906], [-96.0781, -1.8906], [-95.9844, -1.8906], [-95.8906, -1.8906], [-95.7969, -1.8906], [-95.7031, -1.8906], [-95.6094, -1.8906], [-95.5156, -1.8906], [-95.4219, -1.8906], [-95.3281, -1.8906], [-95.2344, -1.8906], [-95.1406, -1.8906], [-95.0469, -1.8906], [-94.9531, -1.8906], [-94.8594, -1.9219], [-94.7656, -1.9219], [-94.6719, -1.9219], [-94.5781, -1.9531], [-94.4844, -1.9844], [-94.3906, -2.0469], [-94.2969, -2.0469], [-94.2031, -2.0469], [-94.1094, -2.0469], [-94.0156, -2.0469], [-93.9219, -2.0469], [-93.8281, -2.0469], [-93.7344, -2.0469], [-93.6406, -2.0469], [-93.5469, -2.0781], [-93.4531, -2.0781], [-93.3594, -2.1094], [-93.2656, -2.1094], [-93.1719, -2.1094], [-93.0781, -2.1094], [-92.9844, -2.1094], [-92.8906, -2.1094], [-92.7969, -2.1094], [-92.7031, -2.1406], [-92.6094, -2.1719], [-92.5156, -2.2031], [-92.4219, -2.2344], [-92.3281, -2.2344], [-92.2344, -2.2344], [-92.1406, -2.2344], [-92.0469, -2.2344], [-91.9531, -2.2344], [-91.8594, -2.2344], [-91.7656, -2.2344], [-91.6719, -2.2344], [-91.5781, -2.2344], [-91.4844, -2.2344], [-91.3906, -2.2344], [-91.2969, -2.2344], [-91.2031, -2.2344], [-91.1094, -2.2344], [-91.0156, -2.2344], [-90.9219, -2.2344], [-90.8281, -2.2344], [-90.7344, -2.2344], [-90.6406, -2.2969], [-90.5469, -2.3906], [-90.4531, -2.4219], [-90.3594, -2.4531], [-90.2656, -2.4844], [-90.1719, -2.5781], [-90.0781, -2.5781], [-89.9844, -2.6406], [-89.8906, -2.6406], [-89.7969, -2.6719], [-89.7031, -2.7344], [-89.6094, -2.7656], [-89.5156, -2.7656], [-89.4219, -2.7969], [-89.3281, -2.8594], [-89.2344, -2.8906], [-89.1406, -2.9844], [-89.0469, -3.0781], [-88.9531, -3.1719], [-88.8594, -3.2656], [-88.7656, -3.3594], [-88.6719, -3.4531], [-88.5781, -3.4531], [-88.4844, -3.4531], [-88.3906, -3.4531], [-88.2969, -3.4844], [-88.2031, -3.5469], [-88.1094, -3.5469], [-88.0156, -3.5469], [-87.9219, -3.5781], [-87.8281, -3.5781], [-87.7344, -3.6094], [-87.6406, -3.7031], [-87.5469, -3.7031], [-87.4531, -3.7344], [-87.3594, -3.8281], [-87.2656, -3.8594], [-87.1719, -3.9219], [-87.0781, -3.9844], [-86.9844, -3.9844], [-86.8906, -3.9844], [-86.7969, -3.9844], [-86.7031, -3.9844], [-86.6094, -4.0156], [-86.5156, -4.0781], [-86.4219, -4.1719], [-86.3281, -4.2656], [-86.2344, -4.3594], [-86.1406, -4.4531], [-86.0469, -4.4844], [-85.9531, -4.4844], [-85.8594, -4.5781], [-85.7656, -4.6406], [-85.6719, -4.6719], [-85.5781, -4.7656], [-85.4844, -4.8594], [-85.3906, -4.9531], [-85.3594, -5.0469], [-85.2656, -5.1406], [-85.1719, -5.2031], [-85.0781, -5.2969], [-84.9844, -5.3594], [-84.8906, -5.4531], [-84.7969, -5.4844], [-84.7031, -5.4844], [-84.6094, -5.4844], [-84.5156, -5.4844], [-84.4219, -5.5469], [-84.3281, -5.6406], [-84.2344, -5.7344], [-84.1406, -5.8281], [-84.0469, -5.9219], [-83.9531, -6.0156], [-83.8594, -6.0781], [-83.7656, -6.1719], [-83.6719, -6.2656], [-83.5781, -6.3594], [-83.4844, -6.4531], [-83.3906, -6.4531], [-83.2969, -6.4844], [-83.2031, -6.5469], [-83.1094, -6.6406], [-83.0469, -6.7344], [-83.0156, -6.8281], [-83.0156, -6.9219], [-83.0156, -7.0156], [-83.0156, -6.9219], [-82.9219, -6.8281], [-82.8281, -6.7344], [-82.7344, -6.6719], [-82.6406, -6.6406], [-82.5469, -6.6406], [-82.4531, -6.6406], [-82.3594, -6.6406], [-82.2656, -6.6094], [-82.1719, -6.5781], [-82.0781, -6.5781], [-81.9844, -6.5781], [-81.8906, -6.5781], [-81.7969, -6.5781], [-81.7031, -6.5156], [-81.6094, -6.4844], [-81.5156, -6.4844], [-81.4219, -6.4531], [-81.3281, -6.4531], [-81.2344, -6.4219], [-81.1406, -6.4219], [-81.0469, -6.4219], [-80.9531, -6.4219], [-80.8594, -6.4219], [-80.7656, -6.4219], [-80.6719, -6.4219], [-80.5781, -6.4219], [-80.4844, -6.4219], [-80.3906, -6.4219], [-80.2969, -6.4219], [-80.2031, -6.4219], [-80.1094, -6.4531], [-80.0156, -6.4844], [-79.9219, -6.5156], [-79.8281, -6.5156], [-79.7344, -6.5156], [-79.6406, -6.6094], [-79.5469, -6.6719], [-79.4531, -6.7031], [-79.3594, -6.7031], [-79.2656, -6.7031], [-79.1719, -6.7031], [-79.0781, -6.7031], [-78.9844, -6.7031], [-78.8906, -6.7031], [-78.7969, -6.7031], [-78.7031, -6.7031], [-78.6094, -6.7344], [-78.5156, -6.7656], [-78.4219, -6.7969], [-78.3281, -6.7969], [-78.2344, -6.8281], [-78.1406, -6.8594], [-78.0469, -6.8906], [-77.9531, -6.9219], [-77.8594, -6.9531], [-77.7656, -6.9844], [-77.6719, -6.9844], [-77.5781, -7.0156], [-77.4844, -7.0156], [-77.3906, -7.0156], [-77.2969, -7.0156], [-77.2031, -7.0156], [-77.1094, -7.0156], [-77.0156, -7.0156], [-76.9219, -7.0156], [-76.8281, -7.0156], [-76.7344, -7.0156], [-76.6406, -7.0469], [-76.5469, -7.0469], [-76.4531, -7.1094], [-76.3594, -7.1406], [-76.2656, -7.1406], [-76.1719, -7.1406], [-76.0781, -7.1406], [-75.9844, -7.1406], [-75.8906, -7.1406], [-75.7969, -7.1406], [-75.7031, -7.2031], [-75.6094, -7.2344], [-75.5156, -7.2656], [-75.4219, -7.2656], [-75.3281, -7.2969], [-75.2344, -7.3281], [-75.1406, -7.3281], [-75.0469, -7.3281], [-74.9531, -7.4219], [-74.8594, -7.5156], [-74.7656, -7.6094], [-74.6719, -7.6094], [-74.5781, -7.7031], [-74.4844, -7.7344], [-74.3906, -7.7656], [-74.2969, -7.7969], [-74.2031, -7.7969], [-74.1094, -7.7969], [-74.0156, -7.7969], [-73.9219, -7.8594], [-73.8281, -7.9531], [-73.7344, -7.9844], [-73.6406, -7.9844], [-73.5469, -7.9844], [-73.4531, -8.0156], [-73.3594, -8.0156], [-73.2656, -8.0469], [-73.1719, -8.0469], [-73.0781, -8.0469], [-72.9844, -8.0469], [-72.8906, -8.1406], [-72.7969, -8.1406], [-72.7031, -8.2031], [-72.6094, -8.2344], [-72.5156, -8.2344], [-72.4219, -8.2344], [-72.3281, -8.2656], [-72.2344, -8.2344], [-72.1406, -8.2031], [-72.0469, -8.2031], [-71.9531, -8.2031], [-71.8594, -8.2031], [-71.7656, -8.1719], [-71.6719, -8.0781], [-71.5781, -7.9844], [-71.5156, -7.8906], [-71.4219, -7.7969], [-71.3594, -7.7031], [-71.3594, -7.6094], [-71.3281, -7.5156], [-71.2656, -7.4219], [-71.2031, -7.3281], [-71.2031, -7.2344], [-71.2031, -7.1406], [-71.1719, -7.0469], [-71.1406, -6.9844], [-71.0469, -6.9844], [-70.9531, -6.9531], [-70.8594, -6.9219], [-70.7656, -6.9219], [-70.6719, -6.9219], [-70.5781, -6.9219], [-70.4844, -6.9531], [-70.3906, -6.9531], [-70.2969, -6.9531], [-70.2031, -6.9844], [-70.1094, -7.0781], [-70.0156, -7.1406], [-69.9219, -7.1719], [-69.8281, -7.2031], [-69.7344, -7.2656], [-69.6406, -7.2656], [-69.5469, -7.2656], [-69.4531, -7.2344], [-69.3594, -7.2344], [-69.2656, -7.2344], [-69.1719, -7.2656], [-69.0781, -7.2969], [-68.9844, -7.3281], [-68.8906, -7.3594], [-68.7969, -7.3594], [-68.7031, -7.3594], [-68.6094, -7.3594], [-68.5156, -7.3281], [-68.4219, -7.3281], [-68.3281, -7.3281], [-68.2344, -7.3281], [-68.1406, -7.3281], [-68.0469, -7.3281], [-67.9531, -7.3281], [-67.8594, -7.3281], [-67.7656, -7.2969], [-67.6719, -7.2969], [-67.5781, -7.2656], [-67.4844, -7.2344], [-67.3906, -7.2344], [-67.2969, -7.2344], [-67.2031, -7.2031], [-67.1094, -7.1406], [-67.0156, -7.1406], [-66.9219, -7.1406], [-66.8281, -7.1094], [-66.7344, -7.0156], [-66.6406, -6.9844], [-66.5469, -6.8906], [-66.4531, -6.8281], [-66.3281, -6.7344], [-66.2344, -6.6406], [-66.1406, -6.5469], [-66.0469, -6.5156], [-65.9531, -6.5156], [-65.8594, -6.5156], [-65.7656, -6.5156], [-65.6719, -6.5156], [-65.5781, -6.5156], [-65.4844, -6.5156], [-65.3906, -6.5156], [-65.2969, -6.5156], [-65.2031, -6.5156], [-65.1094, -6.5156], [-65.0156, -6.5156], [-64.9219, -6.5156], [-64.8281, -6.5156], [-64.7344, -6.5156], [-64.6406, -6.5156], [-64.5469, -6.5156], [-64.4531, -6.5156], [-64.3594, -6.5156], [-64.2656, -6.5156], [-64.1719, -6.5156], [-64.0781, -6.5469], [-63.9844, -6.5469], [-63.8906, -6.5469], [-63.7969, -6.5469], [-63.7031, -6.5469], [-63.6094, -6.5469], [-63.5156, -6.5469], [-63.4219, -6.5469], [-63.3281, -6.6094], [-63.2344, -6.6406], [-63.1406, -6.7344], [-63.0469, -6.8281], [-62.9531, -6.9219], [-62.8594, -7.0156], [-62.7656, -7.1094], [-62.6719, -7.2031], [-62.5781, -7.2969], [-62.4844, -7.3906], [-62.3906, -7.4844], [-62.2969, -7.5781], [-62.2031, -7.6719], [-62.1094, -7.7656], [-62.0156, -7.8594], [-61.9219, -7.9531], [-61.8281, -8.0469], [-61.7344, -8.1406], [-61.6406, -8.2031], [-61.5469, -8.2969], [-61.4531, -8.3594], [-61.3594, -8.3906], [-61.2656, -8.4531], [-61.1719, -8.4531], [-61.0781, -8.4844], [-60.9844, -8.5469], [-60.8906, -8.5469], [-60.7969, -8.5781], [-60.7031, -8.6719], [-60.6094, -8.7656], [-60.5156, -8.8594], [-60.4219, -8.9531], [-60.3281, -9.0469], [-60.2344, -9.1406], [-60.1406, -9.2344], [-60.0469, -9.3281], [-59.9531, -9.4219], [-59.8594, -9.5156], [-59.7656, -9.5781], [-59.6719, -9.5781], [-59.5781, -9.6094], [-59.4844, -9.6406], [-59.3906, -9.6719], [-59.2969, -9.6719], [-59.2031, -9.7031], [-59.1094, -9.7344], [-59.0156, -9.7344], [-58.9219, -9.8281], [-58.8281, -9.8906], [-58.7344, -9.9844], [-58.6406, -10.0781], [-58.5469, -10.1094], [-58.4531, -10.2031], [-58.3594, -10.2969], [-58.2656, -10.3906], [-58.1719, -10.4531], [-58.0781, -10.4531], [-57.9844, -10.4531], [-57.8906, -10.4531], [-57.7969, -10.4531], [-57.7031, -10.4531], [-57.6094, -10.4531], [-57.5156, -10.4531], [-57.4219, -10.4531], [-57.3281, -10.4531], [-57.2344, -10.4531], [-57.1406, -10.4531], [-57.0469, -10.4531], [-56.9531, -10.4531], [-56.8594, -10.4531], [-56.7656, -10.4531], [-56.6719, -10.4531], [-56.5781, -10.4531], [-56.4844, -10.4531], [-56.3906, -10.4531], [-56.2969, -10.4531], [-56.2031, -10.4531], [-56.1094, -10.4531], [-56.0156, -10.4531], [-55.9219, -10.4531], [-55.8281, -10.4531], [-55.7344, -10.4531], [-55.6406, -10.4531], [-55.5469, -10.4531], [-55.4531, -10.4531], [-55.3594, -10.4844], [-55.2656, -10.4844], [-55.1719, -10.4844], [-55.0781, -10.5156], [-54.9844, -10.5469], [-54.8906, -10.5469], [-54.7969, -10.5781], [-54.7031, -10.5781], [-54.6094, -10.6406], [-54.5156, -10.6719], [-54.4219, -10.6719], [-54.3281, -10.6719], [-54.2344, -10.6719], [-54.1406, -10.6719], [-54.0469, -10.6719], [-53.9531, -10.6719], [-53.8594, -10.6719], [-53.7656, -10.6719], [-53.6719, -10.6719], [-53.5781, -10.6719], [-53.4844, -10.6719], [-53.3906, -10.6719], [-53.2969, -10.6719], [-53.2031, -10.6719], [-53.1094, -10.6719], [-53.0156, -10.6719], [-52.9219, -10.6719], [-52.8281, -10.6719], [-52.7344, -10.6719], [-52.6406, -10.6719], [-52.5469, -10.6719], [-52.4531, -10.6719], [-52.3594, -10.6719], [-52.2656, -10.6719], [-52.1719, -10.6719], [-52.0781, -10.6719], [-51.9844, -10.6719], [-51.8906, -10.6719], [-51.7969, -10.6719], [-51.7031, -10.7344], [-51.6094, -10.7344], [-51.5156, -10.7344], [-51.4219, -10.7344], [-51.3281, -10.7656], [-51.2344, -10.7656], [-51.1406, -10.7656], [-51.0469, -10.7656], [-50.9531, -10.7656], [-50.8594, -10.7969], [-50.7656, -10.7969], [-50.6719, -10.7969], [-50.5781, -10.7969], [-50.4844, -10.7969], [-50.3906, -10.7969], [-50.2969, -10.7969], [-50.2031, -10.7969], [-50.1094, -10.7969], [-50.0156, -10.8281], [-49.9219, -10.8281], [-49.8281, -10.8906], [-49.7344, -10.8906], [-49.6406, -10.8906], [-49.5469, -10.9531], [-49.4531, -10.9531], [-49.3594, -10.9531], [-49.2656, -10.9531], [-49.1719, -10.9844], [-49.0781, -10.9844], [-48.9844, -10.9844], [-48.8906, -10.9844], [-48.7969, -10.9844], [-48.7031, -10.9844], [-48.6094, -10.9844], [-48.5156, -11.0156], [-48.4219, -11.0781], [-48.3281, -11.0781], [-48.2344, -11.0781], [-48.1406, -11.0781], [-48.0469, -11.0781], [-47.9531, -11.0781], [-47.8594, -11.0781], [-47.7656, -11.0781], [-47.6719, -11.0781], [-47.5781, -11.0781], [-47.4844, -11.0781], [-47.3906, -11.0781], [-47.2969, -11.0781], [-47.2031, -11.0781], [-47.1094, -11.0781], [-47.0156, -11.0781], [-46.9219, -11.0781], [-46.8281, -11.0781], [-46.7344, -11.0781], [-46.6406, -11.0781], [-46.5469, -11.0781], [-46.4531, -11.0781], [-46.3594, -11.0781], [-46.2656, -11.0781], [-46.1719, -11.0781], [-46.0781, -11.0781], [-45.9844, -11.1094], [-45.8906, -11.1094], [-45.7969, -11.1094], [-45.7031, -11.1719], [-45.6094, -11.2656], [-45.5156, -11.3594], [-45.4219, -11.4219], [-45.3281, -11.4531], [-45.2344, -11.4531], [-45.1406, -11.5469], [-45.0469, -11.6094], [-44.9531, -11.7031], [-44.8594, -11.7344], [-44.7656, -11.7969], [-44.6719, -11.7969], [-44.5781, -11.8281], [-44.4844, -11.9219], [-44.3906, -11.9844], [-44.2969, -12.0156], [-44.2031, -12.0781], [-44.1094, -12.1406], [-44.0156, -12.2344], [-43.9219, -12.2969], [-43.8281, -12.3594], [-43.7344, -12.4531], [-43.6406, -12.5469], [-43.5469, -12.6406], [-43.4531, -12.7344], [-43.3594, -12.8281], [-43.2656, -12.9219], [-43.1719, -13.0156], [-43.0781, -13.1094], [-42.9844, -13.2031], [-42.8906, -13.2656], [-42.7969, -13.3594], [-42.7031, -13.4531], [-42.6094, -13.5469], [-42.5156, -13.6406], [-42.4219, -13.7344], [-42.3281, -13.8281], [-42.2969, -13.9219], [-42.2969, -14.0156], [-42.3281, -14.1094], [-42.3906, -14.2031], [-42.4219, -14.2969], [-42.4844, -14.3906], [-42.5469, -14.4531]]}}, {"type": "Feature", "properties": {"kind": "桥", "name": "赤道铁路"}, "geometry": {"type": "LineString", "coordinates": [[-42.5469, -14.4531], [-42.5781, -14.4844], [-42.6094, -14.5156]]}}, {"type": "Feature", "properties": {"kind": "桥", "name": "赤道铁路"}, "geometry": {"type": "LineString", "coordinates": [[-42.6094, -14.5156], [-42.6406, -14.5469]]}}, {"type": "Feature", "properties": {"kind": "干线", "name": "赤道铁路"}, "geometry": {"type": "LineString", "coordinates": [[-42.6406, -14.5469], [-42.6719, -14.5469]]}}, {"type": "Feature", "properties": {"kind": "桥", "name": "赤道铁路"}, "geometry": {"type": "LineString", "coordinates": [[-42.6719, -14.5469], [-42.6406, -14.5469]]}}, {"type": "Feature", "properties": {"kind": "干线", "name": "赤道铁路"}, "geometry": {"type": "LineString", "coordinates": [[-42.6406, -14.5469], [-42.6094, -14.5156]]}}, {"type": "Feature", "properties": {"kind": "桥", "name": "赤道铁路"}, "geometry": {"type": "LineString", "coordinates": [[-42.6094, -14.5156], [-42.5781, -14.4844]]}}, {"type": "Feature", "properties": {"kind": "桥", "name": "赤道铁路"}, "geometry": {"type": "LineString", "coordinates": [[-42.5781, -14.4844], [-42.5469, -14.4531], [-42.5156, -14.4219]]}}, {"type": "Feature", "properties": {"kind": "干线", "name": "赤道铁路"}, "geometry": {"type": "LineString", "coordinates": [[-42.5156, -14.4219], [-42.4531, -14.3594], [-42.3594, -14.2656], [-42.2656, -14.1719], [-42.1719, -14.1094], [-42.0781, -14.0156], [-41.9844, -13.9531], [-41.8906, -13.9531], [-41.7969, -13.9531], [-41.7031, -13.9531], [-41.6094, -13.9531], [-41.5156, -13.9531], [-41.4219, -13.9531], [-41.3281, -13.9531], [-41.2344, -13.9531], [-41.1406, -13.9531], [-41.0469, -13.9219], [-40.9531, -13.9219], [-40.8594, -13.9219], [-40.7656, -13.9219], [-40.6719, -13.8906], [-40.5781, -13.8906], [-40.4844, -13.8594], [-40.3906, -13.8281], [-40.2969, -13.7969], [-40.2031, -13.7969], [-40.1094, -13.7969], [-40.0156, -13.7969], [-39.9219, -13.7969], [-39.8281, -13.7969], [-39.7344, -13.7344], [-39.6406, -13.7344], [-39.5469, -13.7031], [-39.4531, -13.7031], [-39.3594, -13.7031], [-39.2656, -13.6719], [-39.1719, -13.6094], [-39.0781, -13.5469], [-38.9844, -13.5156], [-38.8906, -13.5156], [-38.7969, -13.4844], [-38.7031, -13.4531], [-38.6094, -13.4531], [-38.5156, -13.4219], [-38.4219, -13.3906], [-38.3281, -13.3594], [-38.2344, -13.3281], [-38.1406, -13.3281], [-38.0469, -13.3281], [-37.9531, -13.3281], [-37.8594, -13.3281], [-37.7656, -13.3281], [-37.6719, -13.3281], [-37.5781, -13.3281], [-37.4844, -13.2969], [-37.3906, -13.2969], [-37.2969, -13.2969], [-37.2031, -13.2969], [-37.1094, -13.2344], [-37.0156, -13.2344], [-36.9219, -13.2344], [-36.8281, -13.2344], [-36.7344, -13.2031], [-36.6406, -13.1719], [-36.5469, -13.1719], [-36.4531, -13.1719], [-36.3594, -13.1406], [-36.2656, -13.1094], [-36.1719, -13.0469], [-36.0781, -12.9844], [-35.9844, -12.9531], [-35.8906, -12.9531], [-35.7969, -12.9531], [-35.7031, -12.9531], [-35.6094, -12.9531], [-35.5156, -12.9531], [-35.4219, -12.8906], [-35.3281, -12.8281], [-35.2344, -12.7344], [-35.1406, -12.7031], [-35.0469, -12.6719], [-34.9531, -12.6094], [-34.8594, -12.5781], [-34.7656, -12.4844], [-34.6719, -12.4844], [-34.5781, -12.4531], [-34.4844, -12.4219], [-34.3906, -12.3906], [-34.2969, -12.3281], [-34.2031, -12.2344], [-34.1094, -12.2031], [-34.0156, -12.2031], [-33.9219, -12.1406], [-33.8281, -12.0469], [-33.7344, -12.0156], [-33.6406, -11.9219], [-33.5469, -11.8281], [-33.4531, -11.8281], [-33.3594, -11.7969], [-33.2656, -11.7031], [-33.1719, -11.6094], [-33.0781, -11.5469], [-32.9844, -11.5156], [-32.8906, -11.5156], [-32.7969, -11.4531], [-32.7031, -11.3594], [-32.6094, -11.2969], [-32.5156, -11.2031], [-32.4219, -11.1094], [-32.3281, -11.0156], [-32.2344, -10.9219], [-32.1406, -10.8281], [-32.0469, -10.7344], [-31.9531, -10.6406], [-31.8594, -10.5469], [-31.7656, -10.4531], [-31.6719, -10.3594], [-31.5781, -10.2969], [-31.4844, -10.2344], [-31.3906, -10.1406], [-31.2969, -10.0469], [-31.2031, -9.9531], [-31.1094, -9.8594], [-31.0156, -9.7656], [-30.9219, -9.7344], [-30.8281, -9.6406], [-30.7344, -9.5469], [-30.6406, -9.4531], [-30.5469, -9.3906], [-30.4531, -9.3594], [-30.3594, -9.2656], [-30.2656, -9.2344], [-30.1719, -9.2031], [-30.0781, -9.1406], [-29.9844, -9.0781], [-29.8906, -8.9844], [-29.7969, -8.9531], [-29.7031, -8.8906], [-29.6094, -8.8906], [-29.5156, -8.7969], [-29.4219, -8.7031], [-29.3281, -8.6094], [-29.2344, -8.5156], [-29.1719, -8.4219], [-29.1719, -8.3281], [-29.1719, -8.2344], [-29.1719, -8.1406], [-29.1719, -8.0469], [-29.1406, -7.9531], [-29.0781, -7.8594], [-29.0781, -7.7656], [-29.0781, -7.6719], [-29.0156, -7.5781], [-29.0156, -7.4844], [-29.0156, -7.3906], [-29.0156, -7.2969], [-29.0156, -7.2031], [-28.9844, -7.1094], [-28.9531, -7.0156], [-28.8906, -6.9219], [-28.7969, -6.8281], [-28.7656, -6.7344], [-28.6719, -6.6406], [-28.6406, -6.5469], [-28.6406, -6.4531], [-28.6406, -6.3594], [-28.6406, -6.2656], [-28.6406, -6.1719], [-28.6094, -6.0781], [-28.5781, -5.9844], [-28.5781, -5.8906], [-28.4844, -5.7969], [-28.4531, -5.7031], [-28.4219, -5.6094], [-28.3906, -5.5156], [-28.3594, -5.4219], [-28.3281, -5.3281], [-28.2344, -5.2344], [-28.1406, -5.1406], [-28.0469, -5.0469], [-27.9531, -4.9844], [-27.8594, -4.8906], [-27.7656, -4.8281], [-27.6719, -4.7656], [-27.5781, -4.6719], [-27.4844, -4.5781], [-27.3906, -4.4844], [-27.2969, -4.3906], [-27.2031, -4.3281], [-27.1094, -4.2344], [-27.0156, -4.1406], [-26.9219, -4.0469], [-26.8281, -3.9531], [-26.7344, -3.8594], [-26.6719, -3.7656], [-26.6094, -3.6719], [-26.5469, -3.5781], [-26.4531, -3.4844], [-26.3594, -3.3906], [-26.2656, -3.2969], [-26.1719, -3.2031], [-26.0781, -3.1094], [-25.9844, -3.0156], [-25.8906, -2.9219], [-25.7969, -2.8281], [-25.7031, -2.7344], [-25.6094, -2.6406], [-25.5469, -2.5469], [-25.4531, -2.4531], [-25.3594, -2.3594], [-25.2656, -2.2656], [-25.1719, -2.2031], [-25.0781, -2.1094], [-24.9844, -2.0469], [-24.8906, -1.9844], [-24.7969, -1.8906], [-24.7031, -1.8281], [-24.6094, -1.7656], [-24.5156, -1.7656], [-24.4219, -1.7344], [-24.3281, -1.6719], [-24.2344, -1.6406], [-24.1406, -1.5781], [-24.0469, -1.5156], [-23.9219, -1.5156], [-23.8281, -1.4844], [-23.7344, -1.4844], [-23.6406, -1.4844], [-23.5469, -1.4844], [-23.4531, -1.4844], [-23.3594, -1.4844], [-23.2656, -1.4844], [-23.1719, -1.4844], [-23.0781, -1.4844], [-22.9844, -1.4844], [-22.8906, -1.4844], [-22.7969, -1.4844], [-22.7031, -1.4844], [-22.6094, -1.4844], [-22.5156, -1.4844], [-22.4219, -1.4531], [-22.3281, -1.4219], [-22.2344, -1.4219], [-22.1406, -1.4219], [-22.0469, -1.4219], [-21.9531, -1.4219], [-21.8594, -1.4219], [-21.7656, -1.4219], [-21.6719, -1.4219], [-21.5781, -1.4219], [-21.4844, -1.4219], [-21.3906, -1.4219], [-21.2969, -1.4219], [-21.2031, -1.4219], [-21.1094, -1.4531], [-21.0156, -1.4531], [-20.9219, -1.4531], [-20.8281, -1.4531], [-20.7344, -1.4531], [-20.6406, -1.4531], [-20.5469, -1.4844], [-20.4531, -1.5156], [-20.3594, -1.5469], [-20.2656, -1.5469], [-20.1719, -1.5469], [-20.0781, -1.5469], [-19.9844, -1.5156], [-19.8906, -1.5156], [-19.7969, -1.5156], [-19.7031, -1.4844], [-19.6094, -1.4844], [-19.5156, -1.4844], [-19.4219, -1.5156], [-19.3281, -1.5156], [-19.2344, -1.5469], [-19.1406, -1.5469], [-19.0469, -1.5156], [-18.9531, -1.5156], [-18.8594, -1.5156], [-18.7656, -1.4844], [-18.6719, -1.4844], [-18.5781, -1.4844], [-18.4844, -1.4844], [-18.3906, -1.4844], [-18.2969, -1.4844], [-18.2031, -1.4844], [-18.1094, -1.4844], [-18.0156, -1.4844], [-17.9219, -1.4844], [-17.8281, -1.4844], [-17.7344, -1.4531], [-17.6406, -1.4531], [-17.5469, -1.3906], [-17.4531, -1.3281], [-17.3594, -1.3281], [-17.2656, -1.3281], [-17.1719, -1.3281], [-17.0781, -1.3281], [-16.9844, -1.3281], [-16.8906, -1.3281], [-16.7969, -1.3281], [-16.7031, -1.3281], [-16.6094, -1.3281], [-16.5156, -1.3594], [-16.4219, -1.3594], [-16.3281, -1.3594], [-16.2344, -1.3594], [-16.1406, -1.3594], [-16.0469, -1.3594], [-15.9531, -1.3594], [-15.8594, -1.3594], [-15.7656, -1.4219], [-15.6719, -1.4219], [-15.5781, -1.4531], [-15.4844, -1.4844], [-15.3906, -1.5469], [-15.2969, -1.5781], [-15.2031, -1.5781], [-15.1094, -1.5781], [-15.0156, -1.5781], [-14.9219, -1.5781], [-14.8281, -1.5469], [-14.7344, -1.5469], [-14.6406, -1.5469], [-14.5469, -1.5469], [-14.4531, -1.5469], [-14.3594, -1.5469], [-14.2656, -1.5469], [-14.1719, -1.5781], [-14.0781, -1.5781], [-13.9844, -1.5781], [-13.8906, -1.5781], [-13.7969, -1.5781], [-13.7031, -1.6094], [-13.6094, -1.6094], [-13.5156, -1.6094], [-13.4219, -1.6094], [-13.3281, -1.6094], [-13.2344, -1.6094], [-13.1406, -1.6094], [-13.0469, -1.6094], [-12.9531, -1.6094], [-12.8594, -1.6094], [-12.7656, -1.6094], [-12.6719, -1.6094], [-12.5781, -1.6094], [-12.4844, -1.5781], [-12.3906, -1.5781], [-12.2969, -1.5781], [-12.2031, -1.5781], [-12.1094, -1.5781], [-12.0156, -1.5781], [-11.9219, -1.5781], [-11.8281, -1.5781], [-11.7344, -1.5781], [-11.6406, -1.5469], [-11.5469, -1.5156], [-11.4531, -1.4844], [-11.3594, -1.4844], [-11.2656, -1.4844], [-11.1719, -1.4844], [-11.0781, -1.4844], [-10.9844, -1.4844], [-10.8906, -1.4844], [-10.7969, -1.4844], [-10.7031, -1.4844], [-10.6094, -1.4844], [-10.5156, -1.4844], [-10.4219, -1.4844], [-10.3281, -1.4844], [-10.2344, -1.4844], [-10.1406, -1.4844], [-10.0469, -1.4844], [-9.9531, -1.4844], [-9.8594, -1.4844], [-9.7656, -1.4844], [-9.6719, -1.4844], [-9.5781, -1.4531], [-9.4844, -1.4531], [-9.3906, -1.4531], [-9.2969, -1.4531], [-9.2031, -1.4531], [-9.1094, -1.4531], [-9.0156, -1.4531], [-8.9219, -1.4531], [-8.8281, -1.4531], [-8.7344, -1.4531], [-8.6406, -1.4531], [-8.5469, -1.4531], [-8.4531, -1.4531], [-8.3594, -1.4531], [-8.2656, -1.4531], [-8.1719, -1.4844], [-8.0781, -1.4844], [-7.9844, -1.4844], [-7.8906, -1.4844], [-7.7969, -1.4844], [-7.7031, -1.4844], [-7.6094, -1.4844], [-7.5156, -1.4844], [-7.4219, -1.4844], [-7.3281, -1.4844], [-7.2344, -1.5156], [-7.1406, -1.5156], [-7.0469, -1.5156], [-6.9531, -1.5156], [-6.8594, -1.5156], [-6.7656, -1.5156], [-6.6719, -1.5156], [-6.5781, -1.5156], [-6.4844, -1.5156], [-6.3906, -1.5156], [-6.2969, -1.5156], [-6.2031, -1.5156], [-6.1094, -1.5156], [-6.0156, -1.5156], [-5.9219, -1.5156], [-5.8281, -1.5156], [-5.7344, -1.5156], [-5.6406, -1.5156], [-5.5469, -1.5156], [-5.4531, -1.5156], [-5.3594, -1.5156], [-5.2656, -1.5156], [-5.1719, -1.5156], [-5.0781, -1.5156], [-4.9844, -1.5156], [-4.8906, -1.5156], [-4.7969, -1.5156], [-4.7031, -1.5156], [-4.6094, -1.5469], [-4.5156, -1.5469], [-4.4219, -1.5469], [-4.3281, -1.5469], [-4.2344, -1.5469], [-4.1406, -1.5469], [-4.0469, -1.5469], [-3.9531, -1.5469], [-3.8594, -1.5469], [-3.7656, -1.5469], [-3.6719, -1.5469], [-3.5781, -1.5469], [-3.4844, -1.5469], [-3.3906, -1.5469], [-3.2969, -1.5469], [-3.2031, -1.5469], [-3.1094, -1.5469], [-3.0156, -1.5469], [-2.9219, -1.5469], [-2.8281, -1.5469], [-2.7344, -1.5469], [-2.6406, -1.5469], [-2.5469, -1.5469], [-2.4531, -1.5469], [-2.3594, -1.5469], [-2.2656, -1.5469], [-2.1719, -1.5469], [-2.0781, -1.5469], [-1.9844, -1.5469], [-1.8906, -1.5469], [-1.7969, -1.5469], [-1.7031, -1.5469], [-1.6094, -1.5469], [-1.5156, -1.5469], [-1.4219, -1.5469], [-1.3281, -1.5469], [-1.2344, -1.5469], [-1.1406, -1.5469], [-1.0469, -1.5469], [-0.9531, -1.5469], [-0.8594, -1.5469], [-0.7656, -1.5469], [-0.6719, -1.5469], [-0.5781, -1.5469], [-0.4844, -1.5469], [-0.3906, -1.5469], [-0.2969, -1.5469], [-0.2031, -1.5469], [-0.1094, -1.5469], [-0.0156, -1.5469], [0.0781, -1.5469], [0.1719, -1.5469], [0.2656, -1.5469], [0.3594, -1.5469], [0.4531, -1.5469], [0.5469, -1.5469], [0.6406, -1.5469], [0.7344, -1.5469], [0.8281, -1.5469], [0.9219, -1.5469], [1.0156, -1.5469], [1.1094, -1.5156], [1.2031, -1.4844], [1.2969, -1.4844], [1.3906, -1.4844], [1.4844, -1.4844], [1.5781, -1.4844], [1.6719, -1.4844], [1.7656, -1.4844], [1.8594, -1.4844], [1.9531, -1.4844], [2.0469, -1.4844], [2.1406, -1.4844], [2.2344, -1.4844], [2.3281, -1.4844], [2.4219, -1.4844], [2.5156, -1.4531], [2.6094, -1.4531], [2.7031, -1.4531], [2.7969, -1.4531], [2.8906, -1.4531], [2.9844, -1.4531], [3.0781, -1.4531], [3.1719, -1.4531], [3.2656, -1.4531], [3.3594, -1.4531], [3.4531, -1.4531], [3.5469, -1.4531], [3.6406, -1.4531], [3.7344, -1.4531], [3.8281, -1.4531], [3.9219, -1.4531], [4.0156, -1.4531], [4.1094, -1.4531], [4.2031, -1.4219], [4.2969, -1.4219], [4.3906, -1.4219], [4.4844, -1.4219], [4.5781, -1.3906], [4.6719, -1.3906], [4.7656, -1.3906], [4.8594, -1.3594], [4.9531, -1.3594], [5.0469, -1.3594], [5.1406, -1.3594], [5.2344, -1.3906], [5.3281, -1.3906], [5.4219, -1.3906], [5.5156, -1.3906], [5.6094, -1.3906], [5.7031, -1.3906], [5.7969, -1.3906], [5.8906, -1.3906], [5.9844, -1.3906], [6.0781, -1.3906], [6.1719, -1.3906], [6.2656, -1.3906], [6.3594, -1.3906], [6.4531, -1.3906], [6.5469, -1.3906], [6.6406, -1.3906], [6.7344, -1.3906], [6.8281, -1.3906], [6.9219, -1.4219], [7.0156, -1.4219], [7.1094, -1.4219], [7.2031, -1.4219], [7.2969, -1.4531], [7.3906, -1.4531], [7.4844, -1.4531], [7.5781, -1.4531], [7.6719, -1.4531], [7.7656, -1.4531], [7.8594, -1.4531], [7.9531, -1.4531], [8.0469, -1.4531], [8.1406, -1.4531], [8.2344, -1.4531], [8.3281, -1.4531], [8.4219, -1.4531], [8.5156, -1.4531], [8.6094, -1.4531], [8.7031, -1.4531], [8.7969, -1.4531], [8.8906, -1.4531], [8.9844, -1.4531], [9.0781, -1.4531], [9.1719, -1.4531], [9.2656, -1.4531], [9.3594, -1.4531], [9.4531, -1.4531], [9.5469, -1.4531], [9.6406, -1.4531], [9.7344, -1.4844], [9.8281, -1.4844], [9.9219, -1.4844], [10.0156, -1.4844], [10.1094, -1.4844], [10.2031, -1.4844], [10.2969, -1.4844], [10.3906, -1.4844], [10.4844, -1.4844], [10.5781, -1.4844], [10.6719, -1.4844], [10.7656, -1.4844], [10.8594, -1.4844], [10.9531, -1.4844], [11.0469, -1.4844], [11.1406, -1.4844], [11.2344, -1.4844], [11.3281, -1.4844], [11.4219, -1.4844], [11.5156, -1.4844], [11.6094, -1.4844], [11.7031, -1.4844], [11.7969, -1.4844], [11.8906, -1.4844], [11.9844, -1.4844], [12.0781, -1.4844], [12.1719, -1.4844], [12.2656, -1.4844], [12.3594, -1.4844], [12.4531, -1.4844], [12.5469, -1.4844], [12.6406, -1.4844], [12.7344, -1.4844], [12.8281, -1.4844], [12.9219, -1.4844], [13.0156, -1.4844], [13.1094, -1.5156], [13.2031, -1.5156], [13.2969, -1.5156], [13.3906, -1.5156], [13.4844, -1.5156], [13.5781, -1.5156], [13.6719, -1.5156], [13.7656, -1.5156], [13.8594, -1.5156], [13.9531, -1.5156], [14.0469, -1.5156], [14.1406, -1.5156], [14.2344, -1.5156], [14.3281, -1.5156], [14.4219, -1.5156], [14.5156, -1.5156], [14.6094, -1.5156], [14.7031, -1.5156], [14.7969, -1.5156], [14.8906, -1.5156], [14.9844, -1.5156], [15.0781, -1.5156], [15.1719, -1.5156], [15.2656, -1.5156], [15.3594, -1.5156], [15.4531, -1.5156], [15.5469, -1.5156], [15.6406, -1.5156], [15.7344, -1.5156], [15.8281, -1.5156], [15.9219, -1.5156], [16.0156, -1.5469], [16.1094, -1.5469], [16.2031, -1.5469], [16.2969, -1.5469], [16.3906, -1.5469], [16.4844, -1.5469], [16.5781, -1.5469], [16.6719, -1.5469], [16.7656, -1.5469], [16.8594, -1.5469], [16.9531, -1.5469], [17.0469, -1.5469], [17.1406, -1.5469], [17.2344, -1.5469], [17.3281, -1.5469], [17.4219, -1.5469], [17.5156, -1.5469], [17.6094, -1.5469], [17.7031, -1.5469], [17.7969, -1.5469], [17.8906, -1.5469], [17.9844, -1.5469], [18.0781, -1.5469], [18.1719, -1.5469], [18.2656, -1.5469], [18.3594, -1.5469], [18.4531, -1.5469], [18.5469, -1.5469], [18.6406, -1.5469], [18.7344, -1.5469], [18.8281, -1.5469], [18.9219, -1.5469], [19.0156, -1.5469], [19.1094, -1.5469], [19.2031, -1.5469], [19.2969, -1.5469], [19.3906, -1.5469], [19.4844, -1.5469], [19.5781, -1.5469], [19.6719, -1.5469], [19.7656, -1.5469], [19.8594, -1.5469], [19.9531, -1.5469], [20.0469, -1.5469], [20.1406, -1.5469], [20.2344, -1.5469], [20.3281, -1.5469], [20.4219, -1.5469], [20.5156, -1.5469], [20.6094, -1.5156], [20.7031, -1.5156], [20.7969, -1.5156], [20.8906, -1.5156], [20.9844, -1.5156], [21.0781, -1.5156], [21.1719, -1.5156], [21.2656, -1.5156], [21.3594, -1.5156], [21.4531, -1.4531], [21.5469, -1.3906], [21.6406, -1.3906], [21.7344, -1.3906], [21.8281, -1.3906], [21.9219, -1.3906], [22.0156, -1.3906], [22.1094, -1.3906], [22.2031, -1.3906], [22.2969, -1.3906], [22.3906, -1.3594], [22.4844, -1.3594], [22.5781, -1.3594], [22.6719, -1.3281], [22.7656, -1.3281], [22.8594, -1.3281], [22.9531, -1.3281], [23.0469, -1.3281], [23.1406, -1.3281], [23.2344, -1.3281], [23.3281, -1.3281], [23.4219, -1.3281], [23.5156, -1.3281], [23.6094, -1.3281], [23.7031, -1.3281], [23.7969, -1.3281], [23.8906, -1.3281], [23.9844, -1.3281], [24.0781, -1.3281], [24.1719, -1.3281], [24.2656, -1.2969], [24.3594, -1.2344], [24.4531, -1.2344], [24.5469, -1.2344], [24.6406, -1.2344], [24.7344, -1.2344], [24.8281, -1.2656], [24.9219, -1.2656], [25.0156, -1.2656], [25.1094, -1.2656], [25.2031, -1.2656], [25.2969, -1.2656], [25.3906, -1.2656], [25.4844, -1.2656], [25.5781, -1.2656], [25.6719, -1.2656], [25.7656, -1.2656], [25.8594, -1.2656], [25.9531, -1.2656], [26.0469, -1.2656], [26.1406, -1.2969], [26.2344, -1.2969], [26.3281, -1.2969], [26.4219, -1.2969], [26.5156, -1.2969], [26.6094, -1.2969], [26.7031, -1.2969], [26.7969, -1.2969], [26.8906, -1.2969], [26.9844, -1.2969], [27.0781, -1.2969], [27.1719, -1.2969], [27.2656, -1.2969], [27.3594, -1.2969], [27.4531, -1.2969], [27.5469, -1.2969], [27.6406, -1.2969], [27.7344, -1.2969], [27.8281, -1.2969], [27.9219, -1.2969], [28.0156, -1.2969], [28.1094, -1.2969], [28.2031, -1.2969], [28.2969, -1.2969], [28.3906, -1.2969], [28.4844, -1.2969], [28.5781, -1.2969], [28.6719, -1.2969], [28.7656, -1.2969], [28.8594, -1.2969], [28.9531, -1.2969], [29.0469, -1.2969], [29.1406, -1.2969], [29.2344, -1.2969], [29.3281, -1.2969], [29.4219, -1.2969], [29.5156, -1.2969], [29.6094, -1.2969], [29.7031, -1.2969], [29.7969, -1.2969], [29.8906, -1.2969], [29.9844, -1.2969], [30.0781, -1.2969], [30.1719, -1.2969], [30.2656, -1.2969], [30.3594, -1.2969], [30.4531, -1.2969], [30.5469, -1.3281], [30.6406, -1.3281], [30.7344, -1.3281], [30.8281, -1.3281], [30.9219, -1.3281], [31.0156, -1.3281], [31.1094, -1.3281], [31.2031, -1.3281], [31.2969, -1.3281], [31.3906, -1.3281], [31.4844, -1.3281], [31.5781, -1.3281], [31.6719, -1.3281], [31.7656, -1.3281], [31.8594, -1.3281], [31.9531, -1.3281], [32.0469, -1.3281], [32.1406, -1.3281], [32.2344, -1.3281], [32.3281, -1.3281], [32.4219, -1.3281], [32.5156, -1.3281], [32.6094, -1.3281], [32.7031, -1.3281], [32.7969, -1.3281], [32.8906, -1.3281], [32.9844, -1.2969], [33.0781, -1.2969], [33.1719, -1.2969], [33.2656, -1.2969], [33.3594, -1.2969], [33.4531, -1.2969], [33.5469, -1.2969], [33.6406, -1.2969], [33.7344, -1.2969], [33.8281, -1.2969], [33.9219, -1.2969], [34.0156, -1.2656], [34.1094, -1.2656], [34.2031, -1.2969], [34.2969, -1.3594], [34.3906, -1.4219], [34.4844, -1.4219], [34.5781, -1.4219], [34.6719, -1.4219], [34.7656, -1.4219], [34.8594, -1.4219], [34.9531, -1.4219], [35.0469, -1.4219], [35.1406, -1.4219], [35.2344, -1.4219], [35.3281, -1.4219], [35.4219, -1.4219], [35.5156, -1.4219], [35.6094, -1.4219], [35.7031, -1.4219], [35.7969, -1.4219], [35.8906, -1.4219], [35.9844, -1.4219], [36.0781, -1.4219], [36.1719, -1.4219], [36.2656, -1.4219], [36.3594, -1.4219], [36.4531, -1.4219], [36.5469, -1.4219], [36.6406, -1.4219], [36.7344, -1.4219], [36.8281, -1.4219], [36.9219, -1.4219], [37.0156, -1.4219], [37.1094, -1.4219], [37.2031, -1.4219], [37.2969, -1.4219], [37.3906, -1.4219], [37.4844, -1.4219], [37.5781, -1.4219], [37.6719, -1.4531], [37.7656, -1.4531], [37.8594, -1.4531], [37.9531, -1.4531], [38.0469, -1.4531], [38.1406, -1.4531], [38.2344, -1.4531], [38.3281, -1.4531], [38.4219, -1.4531], [38.5156, -1.4531], [38.6094, -1.4531], [38.7031, -1.4844], [38.7969, -1.4844], [38.8906, -1.4844], [38.9844, -1.4844], [39.0781, -1.4844], [39.1719, -1.4844], [39.2656, -1.4844], [39.3594, -1.4844], [39.4531, -1.4844], [39.5469, -1.4844], [39.6406, -1.5156], [39.7344, -1.5156], [39.8281, -1.5156], [39.9219, -1.5156], [40.0156, -1.5156], [40.1094, -1.5156], [40.2031, -1.5156], [40.2969, -1.5156], [40.3906, -1.5156], [40.4844, -1.5156], [40.5781, -1.5156], [40.6719, -1.5156], [40.7656, -1.5156], [40.8594, -1.5156], [40.9531, -1.5156], [41.0469, -1.5156], [41.1406, -1.5156], [41.2344, -1.5156], [41.3281, -1.5156], [41.4219, -1.5156], [41.5156, -1.5156], [41.6094, -1.5156], [41.7031, -1.5156], [41.7969, -1.5156], [41.8906, -1.5156], [41.9844, -1.5156], [42.0781, -1.5156], [42.1719, -1.5156], [42.2656, -1.4844], [42.3594, -1.4844], [42.4531, -1.4844], [42.5469, -1.4844], [42.6406, -1.4844], [42.7344, -1.4844], [42.8281, -1.4844], [42.9219, -1.4844], [43.0156, -1.4844], [43.1094, -1.4844], [43.2031, -1.4844], [43.2969, -1.4844], [43.3906, -1.4844], [43.4844, -1.4844], [43.5781, -1.4844], [43.6719, -1.4844], [43.7656, -1.4844], [43.8594, -1.4844], [43.9531, -1.4844], [44.0469, -1.4844], [44.1406, -1.4844], [44.2344, -1.4844], [44.3281, -1.4844], [44.4219, -1.4844], [44.5156, -1.4844], [44.6094, -1.4531], [44.7031, -1.4531], [44.7969, -1.4531], [44.8906, -1.4531], [44.9844, -1.4531], [45.0781, -1.4531], [45.1719, -1.4531], [45.2656, -1.4531], [45.3594, -1.4531], [45.4531, -1.4531], [45.5469, -1.4531], [45.6406, -1.4531], [45.7344, -1.4531], [45.8281, -1.4531], [45.9219, -1.4531], [46.0156, -1.4531], [46.1094, -1.4531], [46.2031, -1.4531], [46.2969, -1.4531], [46.3906, -1.4531], [46.4844, -1.4531], [46.5781, -1.4531], [46.6719, -1.4531], [46.7656, -1.4531], [46.8594, -1.4531], [46.9531, -1.4531], [47.0469, -1.4531], [47.1406, -1.4531], [47.2344, -1.4531], [47.3281, -1.4531], [47.4219, -1.4531], [47.5156, -1.4531], [47.6094, -1.4531], [47.7031, -1.4531], [47.7969, -1.4531], [47.8906, -1.4531], [47.9844, -1.4531], [48.0781, -1.4531], [48.1719, -1.4531], [48.2656, -1.4531], [48.3594, -1.4531], [48.4531, -1.4531], [48.5469, -1.4531], [48.6406, -1.4531], [48.7344, -1.4531], [48.8281, -1.4531], [48.9219, -1.4531], [49.0156, -1.4531], [49.1094, -1.4531], [49.2031, -1.4531], [49.2969, -1.4531], [49.3906, -1.4531], [49.4844, -1.4531], [49.5781, -1.4531], [49.6719, -1.4531], [49.7656, -1.4219], [49.8594, -1.4219], [49.9531, -1.4219], [50.0469, -1.3906], [50.1406, -1.3906], [50.2344, -1.3906], [50.3281, -1.3906], [50.4219, -1.3906], [50.5156, -1.3906], [50.6094, -1.3906], [50.7031, -1.3906], [50.7969, -1.3906], [50.8906, -1.3906], [50.9844, -1.3906], [51.0781, -1.3906], [51.1719, -1.3906], [51.2656, -1.3906], [51.3594, -1.3906], [51.4531, -1.3906], [51.5469, -1.3906], [51.6406, -1.3906], [51.7344, -1.3906], [51.8281, -1.3906], [51.9219, -1.3906], [52.0156, -1.3906], [52.1094, -1.3906], [52.2031, -1.3906], [52.2969, -1.3906], [52.3906, -1.3906], [52.4844, -1.3906], [52.5781, -1.3906], [52.6719, -1.3906], [52.7656, -1.3906], [52.8594, -1.3906], [52.9531, -1.3906], [53.0469, -1.3906], [53.1406, -1.3906], [53.2344, -1.4219], [53.3281, -1.4531], [53.4219, -1.4531], [53.5156, -1.4531], [53.6094, -1.4531], [53.7031, -1.4531], [53.7969, -1.4531], [53.8906, -1.4531], [53.9844, -1.4531], [54.0781, -1.4531], [54.1719, -1.4531], [54.2656, -1.4531], [54.3594, -1.4531], [54.4531, -1.4531], [54.5469, -1.4531], [54.6406, -1.4531], [54.7344, -1.4531], [54.8281, -1.4531], [54.9219, -1.4531], [55.0156, -1.4531], [55.1094, -1.4531], [55.2031, -1.4531], [55.2969, -1.4531], [55.3906, -1.4531], [55.4844, -1.4531], [55.5781, -1.4531], [55.6719, -1.4531], [55.7656, -1.4531], [55.8594, -1.4531], [55.9531, -1.4531], [56.0469, -1.4531], [56.1406, -1.4531], [56.2344, -1.4531], [56.3281, -1.4531], [56.4219, -1.4531], [56.5156, -1.4531], [56.6094, -1.4531], [56.7031, -1.3906], [56.7969, -1.2969], [56.8906, -1.2344], [56.9844, -1.2344], [57.0781, -1.2344], [57.1719, -1.2344], [57.2656, -1.2031], [57.3594, -1.2031], [57.4531, -1.2031], [57.5469, -1.1719], [57.6406, -1.1719], [57.7344, -1.1719], [57.8281, -1.1719], [57.9219, -1.2656], [58.0156, -1.2969], [58.1094, -1.2969], [58.2031, -1.2969], [58.2969, -1.2969], [58.3906, -1.3281], [58.4844, -1.3281], [58.5781, -1.3281], [58.6719, -1.3281], [58.7656, -1.3281], [58.8594, -1.3281], [58.9531, -1.3281], [59.0469, -1.3281], [59.1406, -1.3281], [59.2344, -1.3281], [59.3281, -1.3281], [59.4219, -1.3281], [59.5156, -1.3281], [59.6094, -1.3281], [59.7031, -1.3281], [59.7969, -1.3281], [59.8906, -1.3281], [59.9844, -1.3281], [60.0781, -1.3281], [60.1719, -1.3281], [60.2656, -1.3594], [60.3594, -1.3594], [60.4531, -1.3594], [60.5469, -1.3594], [60.6406, -1.3594], [60.7344, -1.3594], [60.8281, -1.3594], [60.9219, -1.3594], [61.0156, -1.3594], [61.1094, -1.3594], [61.2031, -1.3594], [61.2969, -1.3906], [61.3906, -1.3906], [61.4844, -1.4219], [61.5781, -1.4219], [61.6719, -1.4219], [61.7656, -1.4219], [61.8594, -1.4219], [61.9531, -1.4219], [62.0469, -1.4219], [62.1406, -1.4219], [62.2344, -1.4219], [62.3281, -1.4219], [62.4219, -1.4219], [62.5156, -1.4219], [62.6094, -1.4219], [62.7031, -1.4219], [62.7969, -1.4219], [62.8906, -1.4219], [62.9844, -1.4219], [63.0781, -1.4219], [63.1719, -1.4219], [63.2656, -1.4219], [63.3594, -1.4219], [63.4531, -1.4531], [63.5469, -1.4844], [63.6406, -1.4844], [63.7344, -1.4844], [63.8281, -1.4844], [63.9219, -1.4844], [64.0156, -1.4844], [64.1094, -1.5156], [64.2031, -1.5156], [64.2969, -1.5156], [64.3906, -1.5156], [64.4844, -1.5156], [64.5781, -1.5156], [64.6719, -1.5156], [64.7656, -1.5156], [64.8594, -1.5156], [64.9531, -1.5156], [65.0469, -1.4844], [65.1406, -1.4531], [65.2344, -1.4531], [65.3281, -1.4531], [65.4219, -1.4531], [65.5156, -1.4219], [65.6094, -1.3594], [65.7031, -1.3594], [65.7969, -1.3594], [65.8906, -1.3594], [65.9844, -1.3594], [66.0781, -1.3281], [66.1719, -1.3281], [66.2656, -1.3281], [66.3594, -1.3281], [66.4531, -1.3281], [66.5469, -1.3281], [66.6406, -1.3281], [66.7344, -1.3281], [66.8281, -1.3281], [66.9219, -1.2969], [67.0156, -1.2656], [67.1094, -1.2344], [67.2031, -1.1719], [67.2969, -1.1719], [67.3906, -1.1719], [67.4844, -1.1719], [67.5781, -1.1719], [67.6719, -1.1406], [67.7656, -1.1406], [67.8594, -1.1094], [67.9531, -1.1094], [68.0469, -1.1094], [68.1406, -1.1094], [68.2344, -1.1094], [68.3281, -1.1094], [68.4219, -1.1094], [68.5156, -1.1094], [68.6094, -1.0781], [68.7031, -1.0156], [68.7969, -1.0156], [68.8906, -1.0156], [68.9844, -1.0156], [69.0781, -1.0156], [69.1719, -1.0156], [69.2656, -1.0156], [69.3594, -1.0156], [69.4531, -1.0156], [69.5469, -1.0156], [69.6406, -1.0156], [69.7344, -1.0156], [69.8281, -1.0469], [69.9219, -1.0469], [70.0156, -1.0469], [70.1094, -1.0469], [70.2031, -1.0469], [70.2969, -1.0469], [70.3906, -1.0469], [70.4844, -1.0781], [70.5781, -1.0781], [70.6719, -1.0781], [70.7656, -1.0781], [70.8594, -1.0781], [70.9531, -1.0781], [71.0469, -1.0781], [71.1406, -1.0781], [71.2344, -1.0781], [71.3281, -1.0781], [71.4219, -1.0781], [71.5156, -1.0781], [71.6094, -1.0781], [71.7031, -1.0781], [71.7969, -1.0781], [71.8906, -1.0781], [71.9844, -1.0781], [72.0781, -1.0781], [72.1719, -1.0781], [72.2656, -1.1094], [72.3594, -1.1094], [72.4531, -1.1094], [72.5469, -1.1094], [72.6406, -1.1094], [72.7344, -1.1094], [72.8281, -1.1094], [72.9219, -1.1094], [73.0156, -1.1094], [73.1094, -1.1094], [73.2031, -1.1094], [73.2969, -1.1094], [73.3906, -1.1094], [73.4844, -1.1094], [73.5781, -1.1094], [73.6719, -1.1094], [73.7656, -1.1094], [73.8594, -1.1094], [73.9531, -1.1094], [74.0469, -1.1094], [74.1406, -1.1094], [74.2344, -1.1094], [74.3281, -1.1094], [74.4219, -1.1094], [74.5156, -1.1094], [74.6094, -1.1094], [74.7031, -1.1094], [74.7969, -1.1094], [74.8906, -1.1094], [74.9844, -1.1094], [75.0781, -1.1406], [75.1719, -1.1406], [75.2656, -1.1406], [75.3594, -1.1406], [75.4531, -1.1406], [75.5469, -1.1406], [75.6406, -1.2031], [75.7344, -1.2969], [75.8281, -1.3281], [75.9219, -1.3281], [76.0156, -1.3594], [76.1094, -1.3906], [76.2031, -1.3906], [76.2969, -1.3906], [76.3906, -1.4219], [76.4844, -1.4219], [76.5781, -1.4219], [76.6719, -1.4844], [76.7656, -1.4844], [76.8594, -1.4844], [76.9531, -1.4844], [77.0469, -1.4844], [77.1406, -1.4844], [77.2344, -1.4844], [77.3281, -1.4844], [77.4219, -1.4844], [77.5156, -1.4844], [77.6094, -1.4844], [77.7031, -1.4844], [77.7969, -1.4844], [77.8906, -1.4844], [77.9844, -1.4219], [78.0781, -1.4219], [78.1719, -1.4219], [78.2656, -1.4219], [78.3594, -1.4219], [78.4531, -1.4219], [78.5469, -1.4219], [78.6406, -1.4219], [78.7344, -1.4219], [78.8281, -1.4531], [78.9219, -1.4844], [79.0156, -1.4844], [79.1094, -1.4844], [79.2031, -1.5156], [79.2969, -1.5469], [79.3906, -1.5469], [79.4844, -1.5469], [79.5781, -1.5469], [79.6719, -1.5469], [79.7656, -1.5469], [79.8594, -1.5469], [79.9531, -1.5469], [80.0469, -1.5469], [80.1406, -1.5469], [80.2344, -1.5469], [80.3281, -1.5469], [80.4219, -1.5469], [80.5156, -1.5469], [80.6094, -1.5469], [80.7031, -1.5469], [80.7969, -1.5469], [80.8906, -1.5469], [80.9844, -1.5469], [81.0781, -1.5156], [81.1719, -1.5156], [81.2656, -1.4219], [81.3594, -1.3906], [81.4531, -1.3906], [81.5469, -1.3906], [81.6406, -1.3906], [81.7344, -1.3906], [81.8281, -1.3906], [81.9219, -1.3906], [82.0156, -1.3906], [82.1094, -1.3906], [82.2031, -1.3281], [82.2969, -1.3281], [82.3906, -1.3281], [82.4844, -1.3281], [82.5781, -1.3281], [82.6719, -1.3594], [82.7656, -1.3906], [82.8594, -1.3906], [82.9531, -1.3906], [83.0469, -1.3906], [83.1406, -1.3906], [83.2344, -1.3906], [83.3281, -1.3906], [83.4219, -1.3906], [83.5156, -1.3906], [83.6094, -1.3906], [83.7031, -1.3906], [83.7969, -1.3906], [83.8906, -1.3906], [83.9844, -1.3906], [84.0781, -1.3906], [84.1719, -1.3906], [84.2656, -1.3906], [84.3594, -1.3906], [84.4531, -1.3906], [84.5469, -1.3906], [84.6406, -1.3906], [84.7344, -1.3906], [84.8281, -1.4219], [84.9219, -1.4219], [85.0156, -1.4219], [85.1094, -1.4219], [85.2031, -1.4219], [85.2969, -1.4844], [85.3906, -1.4844], [85.4844, -1.4844], [85.5781, -1.4844], [85.6719, -1.4844], [85.7656, -1.4844], [85.8594, -1.4844], [85.9531, -1.4844], [86.0469, -1.4844], [86.1406, -1.4844], [86.2344, -1.4844], [86.3281, -1.4844], [86.4219, -1.4844], [86.5156, -1.4844], [86.6094, -1.4844], [86.7031, -1.4844], [86.7969, -1.4844], [86.8906, -1.4844], [86.9844, -1.4844], [87.0781, -1.4844], [87.1719, -1.4844], [87.2656, -1.4844], [87.3594, -1.4844], [87.4531, -1.4844], [87.5469, -1.4844], [87.6406, -1.4844], [87.7344, -1.4844], [87.8281, -1.4844], [87.9219, -1.4844], [88.0156, -1.4844], [88.1094, -1.4844], [88.2031, -1.4844], [88.2969, -1.4844], [88.3906, -1.4844], [88.4844, -1.4844], [88.5781, -1.4844], [88.6719, -1.4844], [88.7656, -1.4844], [88.8594, -1.4844], [88.9531, -1.4844], [89.0469, -1.4844], [89.1406, -1.4844], [89.2344, -1.4844], [89.3281, -1.4844], [89.4219, -1.4844], [89.5156, -1.4844], [89.6094, -1.4844], [89.7031, -1.4844], [89.7969, -1.4844], [89.8906, -1.4844], [89.9844, -1.4844], [90.0781, -1.5156], [90.1719, -1.5156], [90.2656, -1.5156], [90.3594, -1.5156], [90.4531, -1.5156], [90.5469, -1.5156], [90.6406, -1.6094], [90.7344, -1.7031], [90.8281, -1.7031], [90.9219, -1.7031], [91.0156, -1.7344], [91.1094, -1.7656], [91.2031, -1.7656], [91.2969, -1.7656], [91.3906, -1.7656], [91.4844, -1.7656], [91.5781, -1.7656], [91.6719, -1.7656], [91.7656, -1.7656], [91.8594, -1.7656], [91.9531, -1.7656], [92.0469, -1.7656], [92.1406, -1.7656], [92.2344, -1.7656], [92.3281, -1.7656], [92.4219, -1.7969], [92.5156, -1.7969], [92.6094, -1.7969], [92.7031, -1.7969], [92.7969, -1.7969], [92.8906, -1.8281], [92.9844, -1.8594], [93.0781, -1.8594], [93.1719, -1.8594], [93.2656, -1.8594], [93.3594, -1.8594], [93.4531, -1.8594], [93.5469, -1.8594], [93.6406, -1.8594], [93.7344, -1.8594], [93.8281, -1.8906], [93.9219, -1.8906], [94.0156, -1.9219], [94.1094, -1.9219], [94.2031, -1.9219], [94.2969, -1.9219], [94.3906, -1.9531], [94.4844, -1.9531], [94.5781, -1.9531], [94.6719, -1.9531], [94.7656, -1.9531], [94.8594, -1.9531], [94.9531, -1.9531], [95.0469, -1.9219], [95.1406, -1.9219], [95.2344, -1.8594], [95.3281, -1.7969], [95.4219, -1.7344], [95.5156, -1.7344], [95.6094, -1.7344], [95.7031, -1.7344], [95.7969, -1.7344], [95.8906, -1.7344], [95.9844, -1.7344], [96.0781, -1.7344], [96.1719, -1.7344], [96.2656, -1.7344], [96.3594, -1.7344], [96.4531, -1.7031], [96.5469, -1.7031], [96.6406, -1.7031], [96.7344, -1.7031], [96.8281, -1.7031], [96.9219, -1.7031], [97.0156, -1.7031], [97.1094, -1.7031], [97.2031, -1.7031], [97.2969, -1.7031], [97.3906, -1.7031], [97.4844, -1.7031], [97.5781, -1.7031], [97.6719, -1.6406], [97.7656, -1.6406], [97.8594, -1.6094], [97.9531, -1.5469], [98.0469, -1.5469], [98.1406, -1.5469], [98.2344, -1.5469], [98.3281, -1.5469], [98.4219, -1.5469], [98.5156, -1.5469], [98.6094, -1.5156], [98.7031, -1.5156], [98.7969, -1.5156], [98.8906, -1.4844], [98.9844, -1.4844], [99.0781, -1.4844], [99.1719, -1.4844], [99.2656, -1.4844], [99.3594, -1.4844], [99.4531, -1.4844], [99.5469, -1.4844], [99.6406, -1.4844], [99.7344, -1.4844], [99.8281, -1.4844], [99.9219, -1.4844], [100.0156, -1.4844], [100.1094, -1.4844], [100.2031, -1.4844], [100.2969, -1.4844], [100.3906, -1.4531], [100.4844, -1.3906], [100.5781, -1.3594], [100.6719, -1.3594], [100.7656, -1.3594], [100.8594, -1.3594], [100.9531, -1.3594], [101.0469, -1.3594], [101.1406, -1.3594], [101.2344, -1.3594], [101.3281, -1.3594], [101.4219, -1.3594], [101.5156, -1.3594], [101.6094, -1.3594], [101.7031, -1.3594], [101.7969, -1.3594], [101.8906, -1.3594], [101.9844, -1.3594], [102.0781, -1.3594], [102.1719, -1.3594], [102.2656, -1.3594], [102.3594, -1.3594], [102.4531, -1.3594], [102.5469, -1.3594], [102.6406, -1.3594], [102.7344, -1.3594], [102.8281, -1.3594], [102.9219, -1.3594], [103.0156, -1.3594], [103.1094, -1.3594], [103.2031, -1.3594], [103.2969, -1.3594], [103.3906, -1.3594], [103.4844, -1.3594], [103.5781, -1.3594], [103.6719, -1.3594], [103.7656, -1.3594], [103.8594, -1.3594], [103.9531, -1.3594], [104.0469, -1.3594], [104.1406, -1.3906], [104.2344, -1.3906], [104.3281, -1.3906], [104.4219, -1.3906], [104.5156, -1.3906], [104.6094, -1.3906], [104.7031, -1.3906], [104.7969, -1.3906], [104.8906, -1.3906], [104.9844, -1.3906], [105.0781, -1.3906], [105.1719, -1.3906], [105.2656, -1.3906], [105.3594, -1.3906], [105.4531, -1.3906], [105.5469, -1.4219], [105.6406, -1.4219], [105.7344, -1.4531], [105.8281, -1.4531], [105.9219, -1.4531], [106.0156, -1.4531], [106.1094, -1.4844], [106.2031, -1.5469], [106.2969, -1.5781], [106.3906, -1.5781], [106.4844, -1.5781], [106.5781, -1.5781], [106.6719, -1.5781], [106.7656, -1.5781], [106.8594, -1.5781], [106.9531, -1.5781], [107.0469, -1.5781], [107.1406, -1.5781], [107.2344, -1.5781], [107.3281, -1.5781], [107.4219, -1.5781], [107.5156, -1.5781], [107.6094, -1.5781], [107.7031, -1.5781], [107.7969, -1.5781], [107.8906, -1.5781], [107.9844, -1.5469], [108.0781, -1.4844], [108.1719, -1.4844], [108.2656, -1.4844], [108.3594, -1.4844], [108.4531, -1.4844], [108.5469, -1.4844], [108.6406, -1.4844], [108.7344, -1.4531], [108.8281, -1.4531], [108.9219, -1.4531], [109.0156, -1.4531], [109.1094, -1.4531], [109.2031, -1.4531], [109.2969, -1.4531], [109.3906, -1.4531], [109.4844, -1.3906], [109.5781, -1.3594], [109.6719, -1.2969], [109.7656, -1.2344], [109.8594, -1.2031], [109.9531, -1.2031], [110.0469, -1.2031], [110.1406, -1.2031], [110.2344, -1.2031], [110.3281, -1.2031], [110.4219, -1.2031], [110.5156, -1.2031], [110.6094, -1.2031], [110.7031, -1.1719], [110.7969, -1.1406], [110.8906, -1.1094], [110.9844, -1.1094], [111.0781, -1.1094], [111.1719, -1.1094], [111.2656, -1.1094], [111.3594, -1.1094], [111.4531, -1.0781], [111.5469, -1.0781], [111.6406, -1.0781], [111.7344, -1.0781], [111.8281, -1.0156], [111.9219, -0.9219], [112.0156, -0.8281], [112.1094, -0.8281], [112.2031, -0.8281], [112.2969, -0.7344], [112.3906, -0.6406], [112.4844, -0.5469], [112.5781, -0.4531], [112.6719, -0.4531], [112.7656, -0.3594], [112.8594, -0.2969], [112.9531, -0.2344], [113.0469, -0.2344], [113.1406, -0.1719], [113.2344, -0.1406], [113.3281, -0.1406], [113.4219, -0.1406], [113.5156, -0.1094], [113.6094, -0.0156], [113.7031, 0.0469], [113.7969, 0.0469], [113.8906, 0.0469], [113.9844, 0.0469], [114.0781, 0.0781], [114.1719, 0.0781], [114.2656, 0.0781], [114.3594, 0.0781], [114.4531, 0.0781], [114.5469, 0.0781], [114.6406, 0.0781], [114.7344, 0.1094], [114.8281, 0.1094], [114.9219, 0.1094], [115.0156, 0.1406], [115.1094, 0.2031], [115.2031, 0.2031], [115.2969, 0.2031], [115.3906, 0.2031]]}}, {"type": "Feature", "properties": {"kind": "未通车", "name": "赤道铁路 Escalante 段（2100 年 7 月合龙）"}, "geometry": {"type": "LineString", "coordinates": [[115.4219, 0.1719], [115.4531, 0.1406], [115.4844, 0.1094], [115.5156, 0.0781], [115.5469, 0.0469], [115.5781, 0.0156], [115.6094, 0.0156], [115.6406, 0.0156], [115.6719, -0.0156], [115.7031, -0.0156], [115.7344, -0.0156], [115.7656, -0.0156], [115.7969, -0.0156], [115.8281, -0.0156], [115.8594, -0.0156], [115.8906, -0.0469], [115.9219, -0.0781], [115.9531, -0.0781], [115.9844, -0.1094], [116.0156, -0.1406], [116.0469, -0.1406], [116.0781, -0.1719], [116.1094, -0.1719], [116.1406, -0.2031], [116.1719, -0.2344], [116.2031, -0.2656], [116.2344, -0.2969], [116.2656, -0.3281], [116.2969, -0.3594], [116.3281, -0.3906], [116.3594, -0.4219], [116.3906, -0.4531], [116.4219, -0.4844], [116.4531, -0.5156], [116.4844, -0.5469], [116.5156, -0.5781], [116.5469, -0.6094], [116.5781, -0.6406], [116.6094, -0.6719], [116.6406, -0.7031], [116.6719, -0.7344], [116.7031, -0.7656], [116.7344, -0.7969], [116.7656, -0.7969], [116.7969, -0.8281], [116.8281, -0.8594], [116.8594, -0.8906], [116.8906, -0.8906], [116.9219, -0.9219], [116.9531, -0.9531], [116.9844, -0.9844], [117.0156, -1.0156], [117.0469, -1.0469], [117.0781, -1.0781], [117.1094, -1.1094], [117.1406, -1.1406], [117.1719, -1.1719], [117.2031, -1.2031], [117.2344, -1.2344], [117.2656, -1.2656], [117.2969, -1.2969], [117.3281, -1.3281], [117.3594, -1.3594], [117.3906, -1.3594], [117.4219, -1.3906], [117.4531, -1.4219], [117.4844, -1.4219], [117.5156, -1.4219], [117.5469, -1.4531], [117.5781, -1.4531], [117.6094, -1.4531], [117.6406, -1.4844], [117.6719, -1.4844], [117.7031, -1.4844], [117.7344, -1.4844], [117.7656, -1.4844], [117.7969, -1.4844], [117.8281, -1.4844], [117.8594, -1.4844], [117.8906, -1.4844]]}}, {"type": "Feature", "properties": {"kind": "支线", "name": "尼克斯奥林匹卡支线"}, "geometry": {"type": "LineString", "coordinates": [[-133.7969, 14.1406], [-133.7969, 14.0469], [-133.7969, 13.9531], [-133.7969, 13.8594], [-133.7969, 13.7656], [-133.8281, 13.6719], [-133.8281, 13.5781], [-133.8281, 13.4844], [-133.8281, 13.3906], [-133.8281, 13.2969], [-133.8281, 13.2031], [-133.8281, 13.1094], [-133.8281, 13.0156], [-133.8281, 12.9219], [-133.8281, 12.8281], [-133.8281, 12.7344], [-133.8281, 12.6406], [-133.8281, 12.5469], [-133.8281, 12.4531], [-133.8281, 12.3594], [-133.8281, 12.2656], [-133.8281, 12.1719], [-133.8281, 12.0781], [-133.8281, 11.9844], [-133.8281, 11.8906], [-133.8281, 11.7969], [-133.8281, 11.7031], [-133.8281, 11.6094], [-133.8281, 11.5156], [-133.8281, 11.4219], [-133.8281, 11.3281], [-133.8281, 11.2344], [-133.8281, 11.1406], [-133.8281, 11.0469], [-133.8281, 10.9531], [-133.8281, 10.8594], [-133.8281, 10.7656], [-133.8281, 10.6719], [-133.8281, 10.5781], [-133.8281, 10.4844], [-133.8281, 10.3906], [-133.8281, 10.2969], [-133.8281, 10.2031], [-133.8281, 10.1094], [-133.8281, 10.0156], [-133.8281, 9.9219], [-133.8281, 9.8281], [-133.8281, 9.7344], [-133.8281, 9.6406], [-133.8281, 9.5469], [-133.8281, 9.4531], [-133.8281, 9.3594], [-133.8281, 9.2656], [-133.8281, 9.1719], [-133.8281, 9.0781], [-133.8281, 8.9844], [-133.8281, 8.8906], [-133.8281, 8.7969], [-133.8594, 8.7031], [-133.8906, 8.6094], [-133.8906, 8.5156], [-133.8906, 8.4219], [-133.8906, 8.3281], [-133.8906, 8.2344], [-133.8906, 8.1406], [-133.8906, 8.0469], [-133.8906, 7.9531], [-133.8906, 7.8594], [-133.8906, 7.7656], [-133.8906, 7.6719], [-133.8906, 7.5781], [-133.8906, 7.4844], [-133.8906, 7.3906], [-133.8906, 7.2969], [-133.8906, 7.2031], [-133.8906, 7.1094], [-133.8906, 7.0156], [-133.8906, 6.9219], [-133.8906, 6.8281], [-133.8906, 6.7344], [-133.8906, 6.6406], [-133.8906, 6.5469], [-133.8906, 6.4531], [-133.8906, 6.3594], [-133.8906, 6.2656], [-133.8906, 6.1719], [-133.8906, 6.0781], [-133.8906, 5.9844], [-133.8906, 5.8906], [-133.8906, 5.7969], [-133.8906, 5.7031], [-133.8906, 5.6094], [-133.8906, 5.5156], [-133.8906, 5.4219], [-133.8906, 5.3281], [-133.8906, 5.2344], [-133.8906, 5.1406], [-133.8906, 5.0469], [-133.8906, 4.9531], [-133.8906, 4.8594], [-133.8906, 4.7656], [-133.8906, 4.6719], [-133.8906, 4.5781], [-133.8906, 4.4844], [-133.8906, 4.3906], [-133.8906, 4.2969], [-133.8906, 4.2031], [-133.8906, 4.1094], [-133.8906, 4.0156], [-133.8906, 3.9219], [-133.8906, 3.8281], [-133.8906, 3.7344], [-133.8906, 3.6406], [-133.8906, 3.5469], [-133.8906, 3.4531], [-133.8906, 3.3594], [-133.8906, 3.2656], [-133.8906, 3.1719], [-133.8906, 3.0781], [-133.8906, 2.9844], [-133.8906, 2.8906], [-133.8906, 2.7969], [-133.8906, 2.7031], [-133.8906, 2.6094], [-133.8906, 2.5156], [-133.8906, 2.4219], [-133.8906, 2.3281], [-133.8906, 2.2344], [-133.8906, 2.1406], [-133.8906, 2.0469], [-133.8906, 1.9531], [-133.8906, 1.8594], [-133.8906, 1.7656], [-133.8906, 1.6719], [-133.8906, 1.5781], [-133.8906, 1.4844], [-133.8906, 1.3906], [-133.8594, 1.2969], [-133.8594, 1.2031], [-133.8594, 1.1094], [-133.8594, 1.0156], [-133.8281, 0.9219], [-133.8281, 0.8281], [-133.8281, 0.7344], [-133.8281, 0.6406], [-133.8281, 0.5469], [-133.8281, 0.4531], [-133.8281, 0.3594], [-133.8281, 0.2656], [-133.8281, 0.1719], [-133.8281, 0.0781], [-133.8281, -0.0156], [-133.8281, -0.1094], [-133.8281, -0.2031], [-133.8281, -0.2969], [-133.8281, -0.3906], [-133.8281, -0.4844], [-133.8281, -0.5781], [-133.8281, -0.6719], [-133.8281, -0.7656], [-133.8281, -0.8594], [-133.8281, -0.9531], [-133.8281, -1.0469], [-133.8281, -1.1406], [-133.8281, -1.2344], [-133.8281, -1.3281], [-133.7969, -1.4219], [-133.7969, -1.5156]]}}, {"type": "Feature", "properties": {"kind": "支线", "name": "Ascraeus 支线"}, "geometry": {"type": "LineString", "coordinates": [[-112.6406, -0.0156], [-112.5469, 0.0781], [-112.4531, 0.1719], [-112.4219, 0.2656], [-112.4219, 0.3594], [-112.3906, 0.4531], [-112.3906, 0.5469], [-112.3906, 0.6406], [-112.3906, 0.7344], [-112.3906, 0.8281], [-112.3906, 0.9219], [-112.3906, 1.0156], [-112.3906, 1.1094], [-112.3906, 1.2031], [-112.3906, 1.2969], [-112.3906, 1.3906], [-112.3906, 1.4844], [-112.3906, 1.5781], [-112.4219, 1.6719], [-112.4219, 1.7656], [-112.4219, 1.8594], [-112.4219, 1.9531], [-112.4219, 2.0469], [-112.4219, 2.1406], [-112.4219, 2.2344], [-112.4219, 2.3281], [-112.4219, 2.4219], [-112.4219, 2.5156], [-112.4219, 2.6094], [-112.4219, 2.7031], [-112.4219, 2.7969], [-112.4219, 2.8906], [-112.4219, 2.9844], [-112.4219, 3.0781], [-112.4219, 3.1719], [-112.4219, 3.2656], [-112.4219, 3.3594], [-112.4219, 3.4531], [-112.4219, 3.5469], [-112.4219, 3.6406], [-112.4219, 3.7344], [-112.4844, 3.8281], [-112.4844, 3.9219], [-112.4844, 4.0156], [-112.4844, 4.1094], [-112.4844, 4.2031], [-112.4844, 4.2969], [-112.4844, 4.3906], [-112.4844, 4.4844], [-112.4844, 4.5781], [-112.4844, 4.6719], [-112.5156, 4.7656], [-112.5156, 4.8594], [-112.5156, 4.9531], [-112.5156, 5.0469], [-112.5156, 5.1406], [-112.5156, 5.2344], [-112.5469, 5.3281], [-112.5781, 5.4219], [-112.6094, 5.5156], [-112.6094, 5.6094], [-112.6406, 5.7031], [-112.6406, 5.7969], [-112.6406, 5.8906], [-112.6406, 5.9844], [-112.6406, 6.0781], [-112.6719, 6.1719], [-112.7344, 6.2656], [-112.7344, 6.3594], [-112.7344, 6.4531], [-112.7344, 6.5469], [-112.7344, 6.6406], [-112.7344, 6.7344], [-112.7344, 6.8281], [-112.7344, 6.9219], [-112.7344, 7.0156], [-112.7344, 7.1094], [-112.7344, 7.2031], [-112.7344, 7.2969], [-112.7344, 7.3906], [-112.7344, 7.4844], [-112.7344, 7.5781], [-112.7656, 7.6719], [-112.7656, 7.7656], [-112.7656, 7.8594], [-112.7656, 7.9531], [-112.7656, 8.0469], [-112.7656, 8.1406], [-112.7656, 8.2344], [-112.7656, 8.3281], [-112.7656, 8.4219]]}}, {"type": "Feature", "properties": {"kind": "支线", "name": "Arsia 支线"}, "geometry": {"type": "LineString", "coordinates": [[-112.6094, -0.0156], [-112.7031, -0.1094], [-112.7969, -0.2031], [-112.8906, -0.2969], [-112.9844, -0.3906], [-113.0781, -0.4844], [-113.1719, -0.5781], [-113.2344, -0.6719], [-113.2344, -0.7656], [-113.2969, -0.8594], [-113.3906, -0.9531], [-113.4844, -1.0469], [-113.5781, -1.1406], [-113.6094, -1.2344], [-113.6094, -1.3281], [-113.7031, -1.4219], [-113.7656, -1.5156], [-113.8594, -1.6094], [-113.8906, -1.7031], [-113.9531, -1.7969], [-113.9844, -1.8906], [-114.0469, -1.9844], [-114.1406, -2.0781], [-114.2031, -2.1719], [-114.2969, -2.2656], [-114.3906, -2.3594], [-114.4844, -2.4531], [-114.5469, -2.5469], [-114.6406, -2.6406], [-114.7344, -2.7344], [-114.7656, -2.8281], [-114.7656, -2.9219], [-114.8281, -3.0156], [-114.9219, -3.1094], [-115.0156, -3.2031], [-115.1094, -3.2969], [-115.2031, -3.3906], [-115.2969, -3.4844], [-115.3906, -3.5781], [-115.4844, -3.6719], [-115.5781, -3.7656], [-115.6719, -3.8594], [-115.7656, -3.9531], [-115.8594, -4.0469], [-115.9531, -4.1406], [-116.0469, -4.2344], [-116.1406, -4.3281], [-116.2344, -4.4219], [-116.3281, -4.5156], [-116.4219, -4.6094], [-116.5156, -4.7031], [-116.6094, -4.7969], [-116.7031, -4.8906], [-116.7656, -4.9844], [-116.8594, -5.0781], [-116.9531, -5.1719], [-117.0469, -5.2656], [-117.1406, -5.3594], [-117.2344, -5.4531], [-117.3281, -5.5469], [-117.4219, -5.6406], [-117.5156, -5.7344], [-117.6094, -5.8281], [-117.7031, -5.9219], [-117.7969, -6.0156], [-117.8906, -6.1094], [-117.9844, -6.2031], [-118.0781, -6.2969], [-118.1719, -6.3906], [-118.2656, -6.4844], [-118.3594, -6.5781], [-118.3906, -6.6094]]}}, {"type": "Feature", "properties": {"kind": "支线", "name": "海源城支线"}, "geometry": {"type": "LineString", "coordinates": [[-99.3906, -1.7031], [-99.2969, -1.7969], [-99.2031, -1.8906], [-99.1094, -1.8906], [-99.0156, -1.8906], [-98.9219, -1.8906], [-98.8281, -1.9219], [-98.7344, -1.9531], [-98.6406, -1.9844], [-98.5469, -1.9844], [-98.4531, -2.0156], [-98.3594, -2.0156], [-98.2656, -2.0156], [-98.1719, -2.0469], [-98.0781, -2.1094], [-97.9844, -2.1406], [-97.8906, -2.1719], [-97.7969, -2.2656], [-97.7031, -2.3594], [-97.6094, -2.4531], [-97.5156, -2.5469], [-97.4219, -2.6406], [-97.3281, -2.7344], [-97.2344, -2.8281], [-97.1406, -2.9219], [-97.0469, -3.0156], [-96.9531, -3.1094], [-96.8594, -3.2031], [-96.7656, -3.2969], [-96.6719, -3.3281], [-96.5781, -3.3906], [-96.4844, -3.4844], [-96.3906, -3.4844], [-96.2969, -3.5156], [-96.2031, -3.5469], [-96.1094, -3.6094], [-96.0156, -3.7031], [-95.9219, -3.7344], [-95.8281, -3.8281], [-95.7344, -3.9219], [-95.6406, -4.0156], [-95.5469, -4.0469], [-95.4531, -4.1406], [-95.3594, -4.2344], [-95.2656, -4.3281], [-95.1719, -4.4219], [-95.0781, -4.5156], [-94.9844, -4.6094], [-94.8906, -4.7031], [-94.7969, -4.7969], [-94.7031, -4.8906], [-94.7031, -4.9844], [-94.6719, -5.0781], [-94.5781, -5.1719], [-94.5469, -5.2656], [-94.5469, -5.3594], [-94.5469, -5.4531], [-94.4531, -5.5469], [-94.3594, -5.6406], [-94.2656, -5.6719], [-94.1719, -5.6719], [-94.0781, -5.6719], [-93.9844, -5.6719], [-93.8906, -5.6719], [-93.7969, -5.7031], [-93.7031, -5.7031], [-93.6094, -5.7031], [-93.5156, -5.7656], [-93.4219, -5.8281], [-93.3281, -5.9219], [-93.2969, -6.0156], [-93.2031, -6.1094], [-93.1094, -6.1719], [-93.0156, -6.2344], [-92.9219, -6.3281], [-92.8281, -6.3906], [-92.7344, -6.4844], [-92.6406, -6.5781], [-92.5469, -6.6719], [-92.4531, -6.7656], [-92.4219, -6.8594], [-92.4219, -6.9531], [-92.4219, -7.0469], [-92.3906, -7.1406], [-92.3906, -7.2344], [-92.3906, -7.3281], [-92.3906, -7.4219], [-92.2969, -7.5156], [-92.2656, -7.6094], [-92.2031, -7.7031], [-92.1094, -7.7969], [-92.0156, -7.8906], [-91.9219, -7.9219], [-91.8281, -8.0156], [-91.7969, -8.1094], [-91.7031, -8.2031], [-91.6094, -8.2969], [-91.5156, -8.3906], [-91.4531, -8.4844], [-91.3906, -8.5781], [-91.2969, -8.6719], [-91.2031, -8.7031], [-91.1094, -8.7969], [-91.0156, -8.8906], [-91.0156, -8.9844], [-91.0156, -9.0781], [-91.0156, -9.1094]]}}, {"type": "Feature", "properties": {"kind": "支线", "name": "海拉斯支线"}, "geometry": {"type": "LineString", "coordinates": [[60.9844, -1.5156], [60.9844, -1.6094], [60.9844, -1.7031], [60.9844, -1.7969], [60.9844, -1.8906], [61.0156, -1.9844], [61.0156, -2.0781], [61.0156, -2.1719], [61.0156, -2.2656], [61.0156, -2.3594], [61.0156, -2.4531], [61.0156, -2.5469], [61.0156, -2.6406], [61.0156, -2.7344], [61.0156, -2.8281], [61.0156, -2.9219], [61.0156, -3.0156], [61.0156, -3.1094], [61.0156, -3.2031], [61.0156, -3.2969], [61.0156, -3.3906], [61.0156, -3.4844], [61.0156, -3.5781], [61.0156, -3.6719], [61.0156, -3.7656], [61.0156, -3.8594], [61.0156, -3.9531], [61.0156, -4.0469], [61.0156, -4.1406], [61.0156, -4.2344], [61.0156, -4.3281], [61.0156, -4.4219], [61.0156, -4.5156], [61.0156, -4.6094], [61.0156, -4.7031], [61.1094, -4.7969], [61.1406, -4.8906], [61.1406, -4.9844], [61.1406, -5.0781], [61.1406, -5.1719], [61.2031, -5.2656], [61.2031, -5.3594], [61.2031, -5.4531], [61.2031, -5.5469], [61.2031, -5.6406], [61.2031, -5.7344], [61.2031, -5.8281], [61.2031, -5.9219], [61.2344, -6.0156], [61.2656, -6.1094], [61.2656, -6.2031], [61.2656, -6.2969], [61.2656, -6.3906], [61.2656, -6.4844], [61.2656, -6.5781], [61.2656, -6.6719], [61.2656, -6.7656], [61.2344, -6.8594], [61.2031, -6.9531], [61.1406, -7.0469], [61.0781, -7.1406], [60.9844, -7.2344], [60.9219, -7.3281], [60.8906, -7.4219], [60.8594, -7.5156], [60.8594, -7.6094], [60.8594, -7.7031], [60.8594, -7.7969], [60.8594, -7.8906], [60.8594, -7.9844], [60.8594, -8.0781], [60.8594, -8.1719], [60.8594, -8.2656], [60.8594, -8.3594], [60.8594, -8.4531], [60.8594, -8.5469], [60.8594, -8.6406], [60.8594, -8.7344], [60.8594, -8.8281], [60.8594, -8.9219], [60.8594, -9.0156], [60.8594, -9.1094], [60.8594, -9.2031], [60.8594, -9.2969], [60.8594, -9.3906], [60.8594, -9.4844], [60.8594, -9.5781], [60.8594, -9.6719], [60.8594, -9.7656], [60.8594, -9.8594], [60.8594, -9.9531], [60.8594, -10.0469], [60.8594, -10.1406], [60.8594, -10.2344], [60.8594, -10.3281], [60.8594, -10.4219], [60.8594, -10.5156], [60.8594, -10.6094], [60.8594, -10.7031], [60.8594, -10.7969], [60.8594, -10.8906], [60.8594, -10.9844], [60.8594, -11.0781], [60.8594, -11.1719], [60.8594, -11.2656], [60.8906, -11.3594], [60.9219, -11.4531], [60.9219, -11.5469], [60.9219, -11.6406], [60.9219, -11.7344], [60.9531, -11.8281], [60.9844, -11.9219], [61.0156, -12.0156], [61.0156, -12.1094], [61.0156, -12.2031], [61.0781, -12.2969], [61.0781, -12.3906], [61.0781, -12.4844], [61.0781, -12.5781], [61.0781, -12.6719], [61.0781, -12.7656], [61.0781, -12.8594], [61.0781, -12.9531], [61.0781, -13.0469], [61.0781, -13.1406], [61.0781, -13.2344], [61.0781, -13.3281], [61.0781, -13.4219], [61.0781, -13.5156], [61.0781, -13.6094], [61.0781, -13.7031], [61.0781, -13.7969], [61.1094, -13.8906], [61.1094, -13.9844], [61.1094, -14.0781], [61.1406, -14.1719], [61.1406, -14.2656], [61.1719, -14.3594], [61.1719, -14.4531], [61.2344, -14.5469], [61.2344, -14.6406], [61.2344, -14.7344], [61.2344, -14.8281], [61.2344, -14.9219], [61.2344, -15.0156], [61.2344, -15.1094], [61.2344, -15.2031], [61.2344, -15.2969], [61.2344, -15.3906], [61.2656, -15.4844], [61.2656, -15.5781], [61.2656, -15.6719], [61.2656, -15.7656], [61.2656, -15.8594], [61.2656, -15.9531], [61.2656, -16.0469], [61.2656, -16.1406], [61.2656, -16.2344], [61.2656, -16.3281], [61.2656, -16.4219], [61.2656, -16.5156], [61.2656, -16.6094], [61.2656, -16.7031], [61.2656, -16.7969], [61.2656, -16.8906], [61.2656, -16.9844], [61.2656, -17.0781], [61.2656, -17.1719], [61.2656, -17.2656], [61.2656, -17.3594], [61.2656, -17.4531], [61.2656, -17.5469], [61.2656, -17.6406], [61.2656, -17.7344], [61.2656, -17.8281], [61.2969, -17.9219], [61.3281, -18.0156], [61.3281, -18.1094], [61.3281, -18.2031], [61.3281, -18.2969], [61.3281, -18.3906], [61.3281, -18.4844], [61.3281, -18.5781], [61.3281, -18.6719], [61.3281, -18.7656], [61.3281, -18.8594], [61.3281, -18.9531], [61.3281, -19.0469], [61.3281, -19.1406], [61.3281, -19.2344], [61.3281, -19.3281], [61.3281, -19.4219], [61.3281, -19.5156], [61.3281, -19.6094], [61.3281, -19.7031], [61.3594, -19.7969], [61.3594, -19.8906], [61.3594, -19.9844], [61.3594, -20.0781], [61.3594, -20.1719], [61.3594, -20.2656], [61.3594, -20.3594], [61.3594, -20.4531], [61.3594, -20.5469], [61.3594, -20.6406], [61.3594, -20.7344], [61.3281, -20.8281], [61.3281, -20.9219], [61.3281, -21.0156], [61.3281, -21.1094], [61.3281, -21.2031], [61.3281, -21.2969], [61.3594, -21.3906], [61.3594, -21.4844], [61.3594, -21.5781], [61.3594, -21.6719], [61.3594, -21.7656], [61.3594, -21.8594], [61.3594, -21.9531], [61.3594, -22.0469], [61.3594, -22.1406], [61.3594, -22.2344], [61.3594, -22.3281], [61.3594, -22.4219], [61.3594, -22.5156], [61.3594, -22.6094], [61.3594, -22.7031], [61.3594, -22.7969], [61.3594, -22.8906], [61.3594, -22.9844], [61.3594, -23.0781], [61.3594, -23.1719], [61.3594, -23.2656], [61.3594, -23.3594], [61.3594, -23.4531], [61.3594, -23.5469], [61.3594, -23.6406], [61.3594, -23.7344], [61.3594, -23.8281], [61.3594, -23.9219], [61.3594, -24.0156], [61.3594, -24.1094], [61.3594, -24.2031], [61.3594, -24.2969], [61.3594, -24.3906], [61.3594, -24.4844], [61.3594, -24.5781], [61.3594, -24.6719], [61.3594, -24.7656], [61.3594, -24.8594], [61.3594, -24.9531], [61.3594, -25.0469], [61.3281, -25.1406], [61.2969, -25.2344], [61.2656, -25.3281], [61.2656, -25.4219], [61.2656, -25.5156], [61.2656, -25.6094], [61.2656, -25.7031], [61.2656, -25.7969], [61.2656, -25.8906], [61.2656, -25.9844], [61.2656, -26.0781], [61.2656, -26.1719], [61.2656, -26.2656], [61.2656, -26.3594], [61.2656, -26.4531], [61.2656, -26.5469], [61.2656, -26.6406], [61.2656, -26.7344], [61.2031, -26.8281], [61.1406, -26.9219], [61.1406, -27.0156], [61.0469, -27.1094], [60.9531, -27.2031], [60.8594, -27.2969], [60.7969, -27.3906], [60.7344, -27.4844], [60.6719, -27.5781], [60.6406, -27.6719], [60.6406, -27.7656], [60.6406, -27.8594], [60.6406, -27.9531], [60.6406, -28.0469], [60.6406, -28.1406], [60.6406, -28.2344], [60.6406, -28.3281], [60.6406, -28.4219], [60.6719, -28.5156], [60.6719, -28.6094], [60.6719, -28.7031], [60.6719, -28.7969], [60.6719, -28.8906], [60.6719, -28.9844], [60.6719, -29.0781], [60.6719, -29.1719], [60.6719, -29.2656], [60.6719, -29.3594], [60.6719, -29.4531], [60.6719, -29.5469], [60.6719, -29.6406], [60.6719, -29.7344], [60.6719, -29.8281], [60.6719, -29.9219], [60.6719, -30.0156], [60.6719, -30.1094], [60.6719, -30.2031], [60.6719, -30.2969], [60.6719, -30.3906], [60.6719, -30.4844], [60.6719, -30.5781], [60.6719, -30.6719], [60.6719, -30.7656], [60.6719, -30.8594], [60.6094, -30.9531], [60.6094, -31.0469], [60.6094, -31.1406], [60.6094, -31.2344], [60.6094, -31.3281], [60.6094, -31.4219], [60.6094, -31.4531]]}}, {"type": "Feature", "properties": {"kind": "车站", "id": "new_shanghai"}, "geometry": {"type": "Point", "coordinates": [-112.6055, -0.0117]}}, {"type": "Feature", "properties": {"kind": "车站", "id": "guxiang"}, "geometry": {"type": "Point", "coordinates": [-99.4, -1.7]}}, {"type": "Feature", "properties": {"kind": "车站", "id": "hanggin_qi"}, "geometry": {"type": "Point", "coordinates": [-83.0156, -7.0156]}}, {"type": "Feature", "properties": {"kind": "车站", "id": "port_lowell"}, "geometry": {"type": "Point", "coordinates": [-71.1719, -6.9844]}}, {"type": "Feature", "properties": {"kind": "车站", "id": "vlore"}, "geometry": {"type": "Point", "coordinates": [-66.4034, -6.7969]}}, {"type": "Feature", "properties": {"kind": "车站", "id": "chester"}, "geometry": {"type": "Point", "coordinates": [-58.2031, -10.4557]}}, {"type": "Feature", "properties": {"kind": "车站", "id": "robinson"}, "geometry": {"type": "Point", "coordinates": [-42.7031, -14.5469]}}, {"type": "Feature", "properties": {"kind": "车站", "id": "escalante"}, "geometry": {"type": "Point", "coordinates": [115.3923, 0.1931]}}, {"type": "Feature", "properties": {"kind": "车站", "id": "nix_olympica"}, "geometry": {"type": "Point", "coordinates": [-133.8025, 14.1483]}}, {"type": "Feature", "properties": {"kind": "车站", "id": "haiyuan"}, "geometry": {"type": "Point", "coordinates": [-91.0194, -9.104]}}, {"type": "Feature", "properties": {"kind": "车站", "id": "aralqi"}, "geometry": {"type": "Point", "coordinates": [-112.754, 8.423]}}, {"type": "Feature", "properties": {"kind": "车站", "id": "hellas_shore"}, "geometry": {"type": "Point", "coordinates": [60.6094, -31.4531]}}, {"type": "Feature", "properties": {"kind": "闸坝", "id": "ius_locks_w"}, "geometry": {"type": "Point", "coordinates": [-77.1094, -8.9531]}}, {"type": "Feature", "properties": {"kind": "闸坝", "id": "ius_locks_e"}, "geometry": {"type": "Point", "coordinates": [-74.2656, -8.5156]}}, {"type": "Feature", "properties": {"kind": "闸坝", "id": "capri_dam"}, "geometry": {"type": "Point", "coordinates": [-42.0156, -14.713]}}, {"type": "Feature", "properties": {"kind": "闸坝", "id": "eos_dam"}, "geometry": {"type": "Point", "coordinates": [-42.0156, -15.625]}}]}