{"type": "FeatureCollection", "crs_note": "火星 2000 球体 R=3396190 m，东经，行星中心纬度。GeoJSON 规范假定地球 WGS84，这里是行星科学界的通用惯例用法。", "features": [{"type": "Feature", "properties": {"sea": "borealis", "name": "北方海 Borealis Sea", "level_m": -3700, "area_km2": 27055931.3}, "geometry": {"type": "Polygon", "coordinates": [[[170.03125, 86.375], [173.6875, 86.125], [173.75, 85.9375], [174.6875, 85.96875], [176.625, 85.8125], [176.6875, 85.65625], [176.9375, 85.59375], [176.9375, 85.5], [175.34375, 85.28125], [174.4375, 85.28125], [172.28125, 85.53125], [171.5, 85.71875], [168.375, 85.65625], [164.9375, 85.71875], [164.90625, 85.65625], [165.25, 85.625], [167.46875, 85.5625], [167.5625, 85.4375], [167.09375, 85.4375], [167.03125, 85.40625], [167.09375, 85.25], [161.5, 85.28125], [155.28125, 85.40625], [155.0, 85.53125], [154.5625, 85.5625], [152.0625, 85.65625], [150.78125, 85.8125], [149.21875, 85.8125], [148.9375, 85.71875], [149.40625, 85.6875], [149.59375, 85.59375], [149.59375, 85.5], [148.875, 85.4375], [150.875, 85.375], [151.1875, 85.34375], [151.21875, 85.21875], [149.78125, 85.15625], [147.28125, 85.34375], [143.15625, 85.125], [141.375, 85.3125], [137.4375, 85.34375], [135.9375, 85.5], [131.5, 85.59375], [127.125, 85.5625], [125.46875, 85.375], [124.0625, 85.34375], [123.78125, 85.25], [125.15625, 85.25], [126.3125, 85.40625], [128.96875, 85.40625], [130.21875, 85.25], [132.625, 85.21875], [135.125, 85.0625], [135.1875, 84.9375], [136.03125, 84.78125], [136.03125, 84.6875], [133.53125, 84.6875], [130.15625, 84.90625], [128.15625, 84.90625], [127.96875, 84.8125], [128.21875, 84.8125], [128.21875, 84.71875], [125.6875, 84.8125], [123.78125, 84.625], [121.0625, 84.59375], [117.5625, 84.65625], [115.5625, 85.0], [109.53125, 84.9375], [108.09375, 84.78125], [105.8125, 84.71875], [104.8125, 84.46875], [104.8125, 84.34375], [103.28125, 84.3125], [103.84375, 84.21875], [106.0625, 84.15625], [107.03125, 83.9375], [109.53125, 83.78125], [109.53125, 83.65625], [108.625, 83.65625], [107.9375, 83.53125], [105.34375, 83.53125], [103.875, 83.40625], [105.90625, 83.40625], [106.09375, 83.34375], [105.96875, 83.09375], [98.8125, 82.96875], [98.8125, 83.0625], [100.9375, 83.125], [99.15625, 83.15625], [91.375, 83.0], [91.34375, 82.9375], [91.5625, 82.9375], [91.5625, 82.84375], [90.34375, 82.78125], [87.03125, 82.8125], [86.5, 82.90625], [82.21875, 83.03125], [86.0625, 82.84375], [86.84375, 82.71875], [89.875, 82.6875], [89.875, 82.59375], [89.125, 82.5625], [89.21875, 82.4375], [86.875, 82.4375], [83.5625, 82.6875], [81.71875, 82.6875], [85.5625, 82.375], [85.5625, 82.28125], [84.65625, 82.21875], [83.4375, 82.21875], [80.5, 82.5], [80.09375, 82.5], [80.40625, 82.4375], [80.40625, 82.34375], [79.3125, 82.375], [77.59375, 82.53125], [77.59375, 82.625], [77.8125, 82.6875], [72.6875, 82.90625], [71.75, 83.0625], [69.875, 83.1875], [72.4375, 82.875], [72.375, 82.75], [72.65625, 82.71875], [76.59375, 82.59375], [76.65625, 82.40625], [76.9375, 82.375], [81.0625, 82.125], [81.03125, 81.96875], [80.84375, 81.9375], [79.09375, 81.9375], [78.0625, 81.71875], [77.96875, 81.5625], [77.3125, 81.53125], [75.75, 81.625], [74.6875, 81.8125], [74.6875, 81.90625], [75.75, 82.0625], [77.09375, 82.0], [77.9375, 82.03125], [76.53125, 82.09375], [76.40625, 82.125], [76.40625, 82.21875], [76.84375, 82.28125], [76.5, 82.28125], [76.46875, 82.375], [72.96875, 82.34375], [69.96875, 82.59375], [69.6875, 82.6875], [66.90625, 82.71875], [63.59375, 82.90625], [63.59375, 82.84375], [64.375, 82.71875], [67.9375, 82.53125], [68.34375, 82.28125], [69.25, 82.0625], [69.25, 81.96875], [66.1875, 81.9375], [64.375, 82.03125], [63.5, 82.3125], [61.0, 82.5625], [59.8125, 82.4375], [57.375, 82.65625], [57.375, 82.75], [57.625, 82.8125], [52.125, 83.0], [52.5, 82.96875], [52.5, 82.875], [52.125, 82.90625], [50.21875, 82.875], [54.4375, 82.625], [54.6875, 82.5], [57.9375, 82.21875], [61.09375, 82.0625], [61.53125, 82.0], [61.53125, 81.90625], [54.90625, 82.125], [58.125, 81.75], [58.125, 81.65625], [55.71875, 81.75], [56.375, 81.6875], [56.375, 81.59375], [55.03125, 81.5], [51.5625, 81.625], [50.28125, 81.8125], [46.5, 81.9375], [46.5, 82.03125], [43.75, 81.75], [42.34375, 81.78125], [44.21875, 81.6875], [46.84375, 81.84375], [48.96875, 81.625], [48.96875, 81.53125], [48.8125, 81.5], [46.34375, 81.59375], [45.84375, 81.5], [45.71875, 81.28125], [44.0625, 81.21875], [41.09375, 81.3125], [41.09375, 81.40625], [41.4375, 81.4375], [41.4375, 81.5625], [41.78125, 81.5625], [41.78125, 81.625], [41.125, 81.65625], [38.09375, 81.6875], [36.5, 81.5625], [34.53125, 81.65625], [34.09375, 81.5625], [36.1875, 81.4375], [36.3125, 81.40625], [36.34375, 81.28125], [36.84375, 81.25], [36.875, 81.15625], [37.28125, 81.0], [37.28125, 80.90625], [34.875, 80.90625], [33.28125, 80.65625], [32.625, 80.65625], [32.625, 80.78125], [32.46875, 80.84375], [31.5, 80.96875], [27.1875, 81.21875], [27.34375, 81.125], [29.71875, 80.875], [30.1875, 80.75], [30.1875, 80.65625], [30.0, 80.625], [30.0, 80.53125], [29.75, 80.59375], [29.59375, 80.75], [29.15625, 80.8125], [28.46875, 80.8125], [28.1875, 80.71875], [26.5, 80.78125], [26.5, 80.875], [26.34375, 80.90625], [25.3125, 81.0], [25.125, 81.21875], [24.8125, 81.3125], [23.375, 81.375], [22.84375, 81.25], [24.375, 81.21875], [24.46875, 81.1875], [24.5, 81.0], [25.6875, 80.84375], [26.09375, 80.65625], [26.09375, 80.5625], [24.78125, 80.625], [24.40625, 80.6875], [24.1875, 80.90625], [23.5, 80.9375], [23.09375, 80.625], [23.1875, 80.4375], [22.78125, 80.40625], [22.6875, 80.3125], [24.625, 80.21875], [24.625, 80.03125], [24.3125, 80.125], [22.96875, 80.03125], [22.34375, 80.1875], [22.25, 80.40625], [21.875, 80.5625], [21.21875, 80.6875], [20.8125, 80.875], [20.40625, 80.875], [20.28125, 80.78125], [21.3125, 80.46875], [21.5, 80.375], [21.53125, 80.21875], [21.90625, 80.125], [21.90625, 80.03125], [20.40625, 79.96875], [20.15625, 80.0625], [20.15625, 79.90625], [19.34375, 79.84375], [17.59375, 79.8125], [16.46875, 79.90625], [14.4375, 79.84375], [14.40625, 79.9375], [13.59375, 80.1875], [11.6875, 80.34375], [11.3125, 80.53125], [10.90625, 80.5625], [10.84375, 80.65625], [8.8125, 80.90625], [9.28125, 80.65625], [9.84375, 80.59375], [11.53125, 80.09375], [11.53125, 80.0], [11.40625, 79.96875], [10.0, 79.90625], [9.875, 79.8125], [7.8125, 79.90625], [7.8125, 79.84375], [9.125, 79.6875], [9.125, 79.59375], [8.8125, 79.59375], [7.0625, 79.6875], [7.0625, 79.75], [6.1875, 79.9375], [6.1875, 80.03125], [6.53125, 80.03125], [6.46875, 80.125], [3.3125, 80.4375], [2.8125, 80.59375], [2.6875, 80.75], [3.3125, 80.65625], [3.5, 80.71875], [2.15625, 80.9375], [1.46875, 81.15625], [1.1875, 81.125], [2.03125, 80.875], [2.03125, 80.78125], [1.78125, 80.75], [1.8125, 80.625], [1.9375, 80.53125], [1.96875, 80.34375], [2.40625, 80.21875], [2.40625, 80.09375], [2.59375, 80.0], [2.625, 79.78125], [-0.46875, 79.90625], [-0.9375, 79.96875], [-1.09375, 80.09375], [-1.59375, 80.0625], [-1.9375, 80.15625], [-2.34375, 80.125], [-2.40625, 80.03125], [-2.71875, 80.03125], [-2.875, 80.1875], [-3.1875, 80.1875], [-3.3125, 80.09375], [-4.59375, 80.09375], [-7.03125, 80.40625], [-7.65625, 80.40625], [-8.8125, 80.78125], [-10.53125, 80.96875], [-10.5, 80.875], [-9.84375, 80.75], [-9.84375, 80.65625], [-9.96875, 80.65625], [-9.90625, 80.46875], [-10.1875, 80.46875], [-10.9375, 80.65625], [-11.0625, 80.875], [-12.09375, 81.125], [-12.5, 81.125], [-12.46875, 81.03125], [-12.21875, 80.9375], [-12.28125, 80.78125], [-12.09375, 80.65625], [-12.15625, 80.46875], [-13.125, 80.5625], [-13.46875, 80.6875], [-13.65625, 80.625], [-15.75, 80.6875], [-19.125, 81.21875], [-22.1875, 82.1875], [-22.40625, 82.15625], [-22.375, 81.9375], [-22.46875, 81.9375], [-23.0, 82.125], [-23.15625, 82.28125], [-23.15625, 82.4375], [-22.78125, 82.5625], [-22.78125, 82.71875], [-21.46875, 83.0], [-16.875, 83.40625], [-15.96875, 83.375], [-9.8125, 84.0625], [-2.4375, 84.0625], [1.25, 83.875], [4.1875, 83.84375], [7.5, 84.09375], [7.75, 84.21875], [7.6875, 84.375], [8.84375, 84.4375], [8.46875, 84.53125], [4.625, 84.75], [3.21875, 84.96875], [1.21875, 85.09375], [-3.21875, 85.0625], [-4.71875, 85.1875], [-5.96875, 85.1875], [-6.09375, 85.09375], [-12.59375, 85.15625], [-12.59375, 85.25], [-12.90625, 85.3125], [-16.03125, 85.5], [-16.90625, 85.5], [-16.90625, 85.40625], [-17.28125, 85.40625], [-23.65625, 85.75], [-29.34375, 85.84375], [-30.46875, 85.9375], [-40.34375, 85.90625], [-49.46875, 85.75], [-51.1875, 85.65625], [-41.0625, 85.8125], [-31.8125, 85.78125], [-25.59375, 85.5625], [-22.09375, 85.3125], [-22.09375, 85.21875], [-30.6875, 85.1875], [-32.34375, 85.28125], [-37.40625, 85.28125], [-37.5625, 85.21875], [-37.34375, 85.21875], [-37.21875, 85.09375], [-36.84375, 85.09375], [-36.84375, 85.0], [-43.5, 84.9375], [-49.0625, 84.6875], [-50.40625, 84.4375], [-52.71875, 84.25], [-52.75, 84.15625], [-52.375, 84.15625], [-52.3125, 84.03125], [-53.5, 83.84375], [-56.0, 83.71875], [-57.65625, 83.5], [-60.59375, 83.8125], [-67.5625, 84.125], [-67.46875, 84.25], [-73.90625, 83.9375], [-76.34375, 83.65625], [-82.34375, 83.6875], [-85.9375, 83.8125], [-85.9375, 83.75], [-84.53125, 83.75], [-84.53125, 83.65625], [-84.21875, 83.59375], [-80.375, 83.5625], [-80.375, 83.5], [-79.65625, 83.5], [-79.53125, 83.46875], [-79.53125, 83.375], [-80.53125, 83.1875], [-86.8125, 83.1875], [-87.375, 83.28125], [-89.78125, 83.3125], [-88.5, 83.125], [-85.6875, 83.0], [-85.6875, 82.84375], [-92.5625, 82.625], [-96.625, 82.90625], [-98.8125, 82.90625], [-100.03125, 82.8125], [-101.5, 82.875], [-103.15625, 83.1875], [-103.21875, 83.3125], [-102.90625, 83.3125], [-102.8125, 83.4375], [-103.5, 83.71875], [-106.4375, 84.0], [-107.4375, 84.0], [-107.4375, 83.90625], [-107.78125, 83.90625], [-107.90625, 84.03125], [-108.3125, 84.0625], [-109.0625, 84.0625], [-109.0625, 84.0], [-108.1875, 83.84375], [-105.40625, 83.6875], [-105.3125, 83.65625], [-105.3125, 83.53125], [-105.5625, 83.53125], [-105.5625, 83.3125], [-106.59375, 83.28125], [-107.40625, 83.375], [-107.5625, 83.28125], [-107.53125, 83.15625], [-107.84375, 83.09375], [-111.0625, 83.15625], [-114.25, 83.53125], [-114.3125, 83.65625], [-113.53125, 83.90625], [-113.40625, 84.0625], [-113.78125, 84.1875], [-113.8125, 84.3125], [-113.96875, 84.375], [-115.5625, 84.4375], [-115.65625, 84.53125], [-116.8125, 84.59375], [-117.21875, 84.71875], [-118.6875, 84.875], [-120.40625, 84.90625], [-120.46875, 85.0625], [-121.21875, 85.15625], [-122.875, 85.1875], [-124.21875, 85.09375], [-126.40625, 85.3125], [-128.53125, 85.375], [-128.6875, 85.3125], [-127.40625, 85.25], [-127.40625, 85.09375], [-127.6875, 84.96875], [-128.8125, 84.96875], [-137.21875, 85.375], [-137.09375, 85.28125], [-135.65625, 85.03125], [-132.0625, 84.625], [-130.59375, 84.3125], [-130.625, 84.1875], [-130.8125, 84.15625], [-131.5625, 84.15625], [-136.03125, 84.40625], [-137.21875, 84.5], [-137.46875, 84.59375], [-143.75, 84.59375], [-148.0625, 84.75], [-153.0625, 85.34375], [-158.1875, 85.59375], [-160.46875, 85.53125], [-157.6875, 85.40625], [-157.625, 85.28125], [-153.8125, 85.03125], [-153.21875, 84.8125], [-152.53125, 84.75], [-152.53125, 84.65625], [-156.90625, 84.8125], [-159.25, 84.78125], [-163.8125, 85.09375], [-166.59375, 85.03125], [-167.4375, 85.21875], [-168.9375, 85.34375], [-172.96875, 85.375], [-176.78125, 85.53125], [-178.90625, 85.75], [-179.125, 85.90625], [-179.96875, 86.0], [-179.96875, 28.8125], [-179.5625, 28.53125], [-179.46875, 28.84375], [-179.3125, 28.84375], [-179.3125, 28.34375], [-179.0, 28.09375], [-178.65625, 28.1875], [-178.65625, 28.34375], [-178.5625, 28.34375], [-178.625, 28.03125], [-178.46875, 28.03125], [-178.34375, 27.90625], [-178.375, 27.75], [-178.25, 27.6875], [-178.25, 27.53125], [-178.125, 27.53125], [-178.09375, 27.6875], [-177.9375, 27.65625], [-177.75, 27.90625], [-177.40625, 27.90625], [-177.4375, 27.25], [-177.21875, 26.90625], [-177.15625, 27.15625], [-176.96875, 27.15625], [-176.75, 27.5], [-176.78125, 27.8125], [-176.53125, 27.9375], [-176.5625, 27.65625], [-176.34375, 27.65625], [-176.21875, 27.75], [-176.15625, 28.09375], [-176.53125, 28.15625], [-176.71875, 28.03125], [-176.90625, 28.0625], [-176.90625, 28.21875], [-176.65625, 28.25], [-176.5, 28.375], [-176.5, 28.8125], [-176.9375, 29.0625], [-176.9375, 29.15625], [-176.75, 29.125], [-176.6875, 29.25], [-176.78125, 29.59375], [-177.28125, 29.8125], [-177.28125, 29.90625], [-177.0625, 30.09375], [-176.84375, 30.03125], [-176.3125, 30.1875], [-176.3125, 30.09375], [-176.5, 30.0], [-176.4375, 29.75], [-176.21875, 29.5625], [-175.96875, 29.59375], [-175.8125, 29.25], [-175.875, 29.0625], [-175.8125, 28.75], [-176.03125, 28.40625], [-176.03125, 28.125], [-176.0, 28.0625], [-175.8125, 28.125], [-175.71875, 28.0], [-175.5, 28.09375], [-175.5, 27.875], [-175.875, 27.8125], [-175.90625, 27.96875], [-176.125, 27.65625], [-176.09375, 27.0625], [-175.875, 27.0625], [-175.8125, 27.1875], [-175.65625, 27.15625], [-175.5625, 27.71875], [-175.09375, 27.6875], [-175.15625, 27.1875], [-175.0625, 27.15625], [-175.03125, 27.0], [-174.875, 27.0], [-174.78125, 27.15625], [-174.53125, 27.15625], [-174.34375, 27.40625], [-174.15625, 27.40625], [-174.09375, 27.34375], [-174.15625, 27.0], [-174.0625, 26.84375], [-173.78125, 26.75], [-173.78125, 26.65625], [-173.6875, 26.84375], [-173.59375, 26.84375], [-173.5625, 26.75], [-173.25, 26.625], [-173.25, 26.5], [-173.375, 26.40625], [-173.375, 26.15625], [-173.5, 26.0625], [-173.5, 25.6875], [-173.15625, 25.90625], [-173.0625, 25.90625], [-173.03125, 25.75], [-172.6875, 25.78125], [-172.6875, 25.875], [-172.59375, 25.875], [-172.4375, 25.34375], [-172.3125, 25.5], [-172.15625, 25.5], [-172.125, 25.34375], [-172.375, 25.3125], [-172.375, 25.0], [-172.34375, 24.75], [-172.1875, 24.6875], [-172.09375, 24.46875], [-171.875, 24.5], [-171.71875, 24.375], [-171.5, 24.46875], [-171.125, 24.3125], [-171.125, 24.4375], [-170.90625, 24.34375], [-170.71875, 24.53125], [-170.40625, 24.5625], [-170.46875, 24.09375], [-170.40625, 23.71875], [-169.875, 23.5625], [-169.90625, 23.15625], [-169.78125, 23.15625], [-169.625, 23.34375], [-169.40625, 23.28125], [-169.40625, 22.9375], [-169.28125, 22.9375], [-169.28125, 22.6875], [-169.375, 22.65625], [-169.46875, 22.40625], [-169.25, 22.4375], [-169.21875, 21.96875], [-169.0625, 21.84375], [-169.0625, 21.75], [-169.15625, 21.75], [-169.125, 21.53125], [-168.625, 21.78125], [-168.59375, 22.09375], [-168.71875, 22.3125], [-168.71875, 22.40625], [-168.625, 22.40625], [-168.625, 22.3125], [-168.40625, 22.28125], [-168.28125, 22.125], [-168.28125, 21.96875], [-168.375, 21.96875], [-168.28125, 21.84375], [-167.6875, 22.0625], [-167.25, 21.78125], [-167.09375, 21.4375], [-166.4375, 21.34375], [-166.34375, 21.375], [-166.34375, 21.5], [-166.1875, 21.5], [-166.15625, 21.375], [-165.9375, 21.4375], [-165.90625, 21.28125], [-165.71875, 21.125], [-165.40625, 21.28125], [-165.40625, 21.5], [-165.28125, 21.5], [-164.71875, 21.21875], [-164.75, 21.0], [-164.625, 20.9375], [-164.53125, 21.0625], [-164.3125, 21.09375], [-164.1875, 21.34375], [-164.6875, 21.46875], [-164.6875, 21.8125], [-164.8125, 21.84375], [-164.8125, 21.9375], [-164.28125, 21.90625], [-164.1875, 22.03125], [-163.8125, 22.03125], [-163.8125, 21.71875], [-163.59375, 21.625], [-163.65625, 21.25], [-163.8125, 21.21875], [-163.8125, 21.125], [-163.6875, 21.125], [-163.6875, 20.8125], [-163.5625, 20.75], [-163.4375, 21.09375], [-163.28125, 21.09375], [-163.375, 20.5], [-163.1875, 20.0625], [-163.03125, 20.0625], [-163.0, 20.15625], [-162.90625, 20.15625], [-162.90625, 20.03125], [-162.4375, 20.0625], [-162.40625, 20.15625], [-162.28125, 20.15625], [-162.4375, 20.28125], [-162.71875, 20.28125], [-162.75, 20.59375], [-162.375, 20.375], [-162.03125, 20.46875], [-161.8125, 20.375], [-161.8125, 20.21875], [-162.03125, 20.3125], [-162.21875, 20.25], [-162.0625, 20.15625], [-162.0, 19.96875], [-162.125, 19.65625], [-162.4375, 19.65625], [-162.46875, 19.8125], [-162.625, 19.875], [-162.75, 19.53125], [-163.0625, 19.5], [-163.09375, 18.9375], [-162.875, 18.84375], [-162.625, 19.03125], [-162.4375, 18.96875], [-162.21875, 19.28125], [-162.0, 19.375], [-161.84375, 19.15625], [-161.8125, 18.75], [-161.625, 18.5625], [-161.71875, 18.875], [-161.59375, 19.03125], [-161.28125, 19.0], [-161.15625, 18.8125], [-160.84375, 18.6875], [-160.65625, 18.40625], [-160.4375, 18.34375], [-160.03125, 18.4375], [-160.03125, 18.3125], [-159.875, 18.28125], [-159.59375, 18.5625], [-159.4375, 18.59375], [-159.375, 18.53125], [-159.4375, 18.28125], [-159.21875, 17.5], [-159.4375, 17.15625], [-159.46875, 16.84375], [-159.34375, 16.84375], [-159.0625, 16.25], [-158.90625, 16.1875], [-158.875, 16.03125], [-158.53125, 15.625], [-158.4375, 15.625], [-158.375, 15.46875], [-158.125, 15.46875], [-158.125, 15.28125], [-157.71875, 15.03125], [-157.5, 14.71875], [-157.25, 14.71875], [-156.96875, 14.5], [-156.53125, 14.53125], [-156.125, 14.375], [-156.1875, 14.5625], [-156.125, 14.90625], [-155.78125, 14.875], [-155.53125, 15.09375], [-154.9375, 15.15625], [-154.8125, 15.03125], [-154.75, 14.71875], [-154.59375, 14.6875], [-154.4375, 14.90625], [-153.875, 15.0], [-153.8125, 15.40625], [-153.59375, 15.40625], [-153.5, 15.3125], [-153.46875, 15.71875], [-153.21875, 15.78125], [-153.0, 15.71875], [-153.0, 15.625], [-152.8125, 15.65625], [-152.5, 15.46875], [-152.21875, 15.46875], [-152.3125, 15.15625], [-152.21875, 15.15625], [-152.1875, 15.03125], [-151.8125, 15.0625], [-152.03125, 15.21875], [-152.03125, 15.3125], [-151.75, 15.71875], [-151.5625, 15.65625], [-151.1875, 15.71875], [-151.09375, 15.53125], [-150.84375, 15.5], [-150.46875, 15.1875], [-150.1875, 15.34375], [-150.09375, 15.5625], [-149.90625, 15.625], [-149.875, 15.90625], [-149.625, 15.9375], [-149.53125, 17.03125], [-149.40625, 17.25], [-149.40625, 17.59375], [-149.5625, 17.71875], [-149.5625, 17.90625], [-149.4375, 17.96875], [-149.4375, 18.28125], [-149.65625, 18.46875], [-149.6875, 18.8125], [-149.8125, 18.96875], [-149.75, 19.15625], [-149.9375, 19.25], [-150.03125, 20.40625], [-150.15625, 20.5625], [-150.0625, 20.84375], [-150.15625, 20.90625], [-150.09375, 21.03125], [-150.28125, 21.375], [-150.1875, 21.5], [-150.375, 21.59375], [-150.53125, 22.125], [-150.5, 22.53125], [-150.65625, 23.625], [-150.59375, 23.625], [-150.59375, 24.21875], [-150.46875, 24.40625], [-150.40625, 25.0], [-150.3125, 25.0], [-150.125, 25.59375], [-149.65625, 26.125], [-149.65625, 26.28125], [-149.5, 26.3125], [-149.4375, 27.09375], [-149.34375, 27.28125], [-149.21875, 27.3125], [-149.28125, 27.53125], [-149.125, 27.5625], [-149.0625, 27.75], [-148.8125, 27.90625], [-148.78125, 28.25], [-148.53125, 28.4375], [-148.375, 28.90625], [-148.28125, 28.9375], [-148.25, 29.21875], [-148.15625, 29.25], [-148.0625, 29.5625], [-147.875, 29.65625], [-147.9375, 29.84375], [-147.8125, 29.9375], [-147.8125, 30.0625], [-147.59375, 30.0625], [-147.59375, 30.125], [-147.71875, 30.09375], [-147.71875, 30.1875], [-147.59375, 30.21875], [-147.34375, 30.84375], [-147.1875, 30.875], [-147.0, 31.21875], [-146.8125, 31.1875], [-146.875, 31.40625], [-146.71875, 31.4375], [-146.71875, 31.71875], [-146.53125, 31.75], [-146.5625, 31.9375], [-146.46875, 32.125], [-145.125, 33.03125], [-143.59375, 33.71875], [-143.28125, 33.71875], [-143.03125, 33.90625], [-143.0625, 34.34375], [-142.9375, 34.90625], [-142.75, 35.3125], [-142.5625, 35.4375], [-142.4375, 35.96875], [-142.34375, 36.03125], [-142.3125, 36.375], [-142.40625, 36.65625], [-142.25, 36.625], [-142.25, 36.90625], [-141.96875, 37.34375], [-142.0625, 37.46875], [-141.96875, 37.96875], [-141.78125, 37.96875], [-141.71875, 38.1875], [-141.625, 38.21875], [-141.71875, 38.40625], [-141.90625, 38.40625], [-141.90625, 38.78125], [-142.125, 38.84375], [-142.65625, 39.25], [-142.84375, 39.5625], [-143.15625, 39.625], [-143.3125, 39.9375], [-143.46875, 39.875], [-143.875, 40.25], [-144.1875, 40.1875], [-144.21875, 40.375], [-144.34375, 40.375], [-144.375, 40.46875], [-144.3125, 40.65625], [-144.375, 40.84375], [-144.6875, 40.9375], [-144.5625, 40.625], [-144.625, 40.46875], [-144.5625, 40.3125], [-144.65625, 40.15625], [-144.75, 40.15625], [-144.71875, 40.3125], [-145.03125, 40.21875], [-145.03125, 40.0625], [-145.25, 40.0625], [-145.1875, 40.40625], [-145.40625, 40.5], [-145.46875, 40.65625], [-145.8125, 40.625], [-145.8125, 40.71875], [-145.59375, 40.78125], [-145.65625, 40.96875], [-145.0625, 41.125], [-145.125, 41.34375], [-145.28125, 41.46875], [-145.6875, 41.375], [-145.6875, 41.625], [-145.46875, 41.71875], [-145.34375, 42.03125], [-145.1875, 42.03125], [-145.125, 42.21875], [-145.3125, 42.4375], [-145.5, 42.46875], [-145.375, 42.875], [-145.40625, 43.09375], [-145.53125, 43.21875], [-145.8125, 43.25], [-145.90625, 43.125], [-146.03125, 43.125], [-145.84375, 43.0], [-145.84375, 42.8125], [-146.125, 42.84375], [-146.1875, 43.5625], [-146.3125, 43.59375], [-146.34375, 43.4375], [-146.59375, 43.4375], [-146.625, 43.53125], [-146.625, 43.40625], [-146.78125, 43.40625], [-146.6875, 43.75], [-146.84375, 43.78125], [-146.9375, 43.96875], [-146.96875, 43.8125], [-147.46875, 43.53125], [-147.46875, 43.40625], [-147.78125, 43.40625], [-147.78125, 43.53125], [-147.5, 43.625], [-147.53125, 43.84375], [-147.8125, 43.875], [-147.8125, 43.96875], [-147.71875, 43.96875], [-147.5625, 44.21875], [-147.5625, 44.65625], [-147.34375, 44.78125], [-147.34375, 44.9375], [-147.46875, 45.0], [-147.5, 45.46875], [-147.8125, 45.4375], [-147.875, 45.5625], [-148.09375, 45.5], [-147.8125, 46.3125], [-147.96875, 46.3125], [-148.03125, 46.46875], [-148.4375, 46.5], [-148.71875, 46.21875], [-148.84375, 46.21875], [-148.5, 46.71875], [-148.5, 46.84375], [-148.625, 46.875], [-148.65625, 47.5625], [-149.0625, 47.84375], [-149.09375, 48.0], [-149.28125, 48.0625], [-149.21875, 48.25], [-149.6875, 48.1875], [-149.65625, 48.625], [-149.5, 48.84375], [-150.09375, 48.875], [-150.25, 48.4375], [-150.5, 48.28125], [-150.46875, 48.9375], [-150.34375, 49.0625], [-150.59375, 49.125], [-150.59375, 49.28125], [-150.8125, 49.3125], [-150.8125, 49.46875], [-151.03125, 49.5625], [-151.03125, 49.6875], [-151.46875, 49.8125], [-151.40625, 50.03125], [-151.15625, 50.09375], [-151.21875, 50.28125], [-151.59375, 50.1875], [-151.59375, 50.40625], [-151.40625, 50.6875], [-151.5625, 50.65625], [-151.625, 50.875], [-151.96875, 50.84375], [-151.9375, 51.03125], [-152.28125, 51.03125], [-152.1875, 51.25], [-152.40625, 51.4375], [-152.4375, 51.625], [-152.25, 51.96875], [-151.9375, 52.25], [-151.96875, 52.34375], [-152.09375, 52.34375], [-152.09375, 52.46875], [-152.15625, 52.40625], [-152.3125, 52.40625], [-152.3125, 52.5], [-152.5, 52.46875], [-152.53125, 52.75], [-152.59375, 52.875], [-152.8125, 52.96875], [-152.8125, 53.15625], [-152.5, 53.34375], [-152.5, 53.6875], [-152.25, 53.96875], [-152.78125, 53.875], [-153.125, 54.0], [-153.125, 54.09375], [-153.03125, 54.21875], [-152.875, 54.21875], [-152.59375, 54.71875], [-152.375, 54.78125], [-152.46875, 54.96875], [-152.3125, 55.0], [-152.34375, 55.21875], [-152.25, 55.28125], [-152.53125, 55.3125], [-152.53125, 55.4375], [-152.09375, 55.5625], [-152.375, 55.75], [-152.5625, 55.6875], [-152.5625, 55.78125], [-152.46875, 55.78125], [-152.59375, 55.875], [-152.53125, 56.09375], [-152.40625, 56.25], [-151.53125, 56.1875], [-151.40625, 56.34375], [-151.53125, 56.5625], [-152.09375, 56.6875], [-152.09375, 56.78125], [-151.90625, 56.78125], [-151.84375, 56.875], [-152.0625, 56.9375], [-152.0625, 57.125], [-152.21875, 57.125], [-152.21875, 57.21875], [-151.25, 57.25], [-150.65625, 57.0625], [-150.625, 56.90625], [-150.34375, 56.90625], [-150.09375, 57.03125], [-150.125, 57.21875], [-150.0, 57.21875], [-149.8125, 57.5], [-149.5, 57.625], [-149.53125, 57.84375], [-149.25, 57.8125], [-149.125, 58.0], [-148.84375, 58.0], [-148.90625, 58.15625], [-148.78125, 58.15625], [-148.78125, 58.03125], [-148.6875, 58.03125], [-148.625, 58.21875], [-148.875, 58.28125], [-148.84375, 58.5], [-148.375, 58.46875], [-148.09375, 58.5625], [-148.0625, 58.78125], [-147.78125, 58.78125], [-147.8125, 58.90625], [-147.5, 58.96875], [-147.6875, 59.0], [-147.75, 59.125], [-147.9375, 59.125], [-148.0625, 59.09375], [-148.0625, 59.0], [-148.21875, 59.0], [-148.21875, 58.875], [-148.34375, 58.84375], [-148.3125, 58.6875], [-148.84375, 58.75], [-148.875, 58.90625], [-148.625, 58.875], [-148.5, 59.0], [-148.71875, 59.0625], [-148.71875, 59.1875], [-148.53125, 59.1875], [-148.46875, 59.28125], [-148.6875, 59.4375], [-148.6875, 59.53125], [-148.96875, 59.5625], [-149.0625, 59.84375], [-148.84375, 59.84375], [-148.40625, 59.625], [-147.59375, 59.65625], [-147.3125, 59.8125], [-147.28125, 60.09375], [-147.5, 60.34375], [-148.0, 60.4375], [-148.0, 60.53125], [-146.78125, 60.4375], [-146.75, 60.8125], [-146.40625, 60.75], [-146.3125, 60.8125], [-146.40625, 60.96875], [-146.3125, 60.96875], [-146.15625, 60.9375], [-146.15625, 60.84375], [-145.96875, 60.71875], [-145.9375, 60.5], [-145.6875, 60.4375], [-145.125, 60.59375], [-145.375, 60.6875], [-145.375, 60.8125], [-144.78125, 60.6875], [-144.59375, 60.90625], [-144.46875, 60.90625], [-144.5, 60.78125], [-144.375, 60.78125], [-144.375, 60.875], [-144.09375, 60.9375], [-143.90625, 61.15625], [-143.1875, 61.1875], [-143.09375, 61.28125], [-143.34375, 61.3125], [-143.40625, 61.4375], [-143.59375, 61.3125], [-143.84375, 61.40625], [-144.15625, 61.3125], [-144.15625, 61.40625], [-144.0625, 61.59375], [-143.5, 61.5], [-143.4375, 61.625], [-143.3125, 61.625], [-143.21875, 61.90625], [-142.96875, 61.90625], [-142.84375, 62.09375], [-143.0625, 62.0625], [-143.25, 62.15625], [-143.40625, 62.65625], [-143.15625, 62.6875], [-142.84375, 62.53125], [-142.8125, 62.78125], [-142.4375, 62.90625], [-142.375, 63.03125], [-142.28125, 63.03125], [-142.3125, 62.90625], [-142.1875, 62.875], [-142.1875, 62.78125], [-142.28125, 62.78125], [-142.40625, 62.375], [-142.53125, 62.34375], [-142.59375, 62.0625], [-142.375, 62.125], [-142.15625, 62.125], [-142.0625, 62.03125], [-141.84375, 62.03125], [-141.78125, 62.125], [-141.375, 62.0625], [-141.375, 62.28125], [-141.5, 62.3125], [-141.53125, 62.625], [-141.625, 62.625], [-141.375, 63.0], [-140.78125, 63.0], [-140.78125, 62.84375], [-140.5625, 62.78125], [-140.5625, 62.84375], [-140.1875, 62.875], [-139.78125, 63.15625], [-139.53125, 63.125], [-139.46875, 63.34375], [-139.34375, 63.34375], [-139.3125, 63.53125], [-139.15625, 63.53125], [-139.125, 63.625], [-138.90625, 63.46875], [-138.59375, 63.5], [-138.59375, 63.375], [-137.90625, 63.375], [-137.84375, 63.5625], [-137.6875, 63.625], [-137.1875, 63.5], [-136.28125, 63.71875], [-136.09375, 63.65625], [-136.03125, 63.78125], [-135.5, 63.75], [-134.9375, 63.84375], [-134.09375, 64.21875], [-133.40625, 64.3125], [-132.84375, 64.59375], [-132.53125, 64.5625], [-131.9375, 64.6875], [-131.90625, 64.5625], [-131.71875, 64.53125], [-131.625, 64.40625], [-131.03125, 64.375], [-131.0, 64.46875], [-130.65625, 64.46875], [-129.625, 64.375], [-127.28125, 64.84375], [-127.34375, 65.0], [-126.0625, 64.84375], [-123.40625, 65.15625], [-123.25, 65.125], [-123.25, 65.03125], [-122.875, 64.96875], [-120.75, 65.25], [-119.5, 65.59375], [-119.25, 65.5], [-119.0625, 65.625], [-118.71875, 65.5], [-116.21875, 65.6875], [-116.25, 65.8125], [-116.625, 65.84375], [-116.59375, 66.09375], [-116.21875, 66.0625], [-116.0, 66.25], [-115.6875, 66.21875], [-115.8125, 66.0], [-115.53125, 66.03125], [-115.40625, 66.25], [-115.28125, 66.25], [-115.25, 66.125], [-115.03125, 66.09375], [-114.875, 65.90625], [-114.6875, 65.875], [-114.5625, 66.03125], [-113.75, 66.0625], [-113.65625, 66.25], [-113.25, 66.21875], [-112.96875, 66.34375], [-112.65625, 66.3125], [-111.78125, 66.5], [-111.75, 66.65625], [-111.65625, 66.6875], [-111.5, 66.6875], [-111.40625, 66.53125], [-111.3125, 66.53125], [-111.03125, 66.8125], [-111.5625, 67.0], [-111.625, 67.375], [-111.25, 67.46875], [-111.21875, 67.5625], [-110.90625, 67.46875], [-110.78125, 67.53125], [-110.03125, 67.46875], [-109.90625, 67.3125], [-109.78125, 67.34375], [-109.875, 67.5625], [-109.65625, 67.5625], [-109.21875, 67.34375], [-109.28125, 67.03125], [-108.625, 67.125], [-108.59375, 67.28125], [-107.90625, 67.34375], [-107.40625, 67.21875], [-107.21875, 66.96875], [-106.8125, 67.0], [-106.8125, 67.1875], [-106.6875, 67.25], [-105.90625, 67.1875], [-105.71875, 67.3125], [-104.34375, 67.0625], [-104.03125, 67.15625], [-103.4375, 67.15625], [-103.375, 67.25], [-102.5625, 67.28125], [-102.5625, 67.21875], [-101.8125, 67.25], [-101.3125, 67.0625], [-100.8125, 67.0625], [-100.8125, 67.0], [-100.53125, 67.0625], [-99.1875, 66.875], [-98.96875, 66.9375], [-98.75, 66.78125], [-98.15625, 66.78125], [-96.96875, 66.5625], [-96.875, 66.4375], [-96.59375, 66.4375], [-96.4375, 66.125], [-96.3125, 66.21875], [-95.78125, 66.21875], [-95.53125, 66.09375], [-94.53125, 65.96875], [-94.28125, 65.84375], [-93.8125, 65.84375], [-93.8125, 65.71875], [-93.625, 65.625], [-93.0625, 65.59375], [-92.78125, 65.6875], [-92.1875, 65.625], [-92.1875, 65.5], [-92.0625, 65.5], [-92.125, 65.375], [-91.90625, 65.375], [-91.78125, 65.125], [-91.375, 65.09375], [-91.375, 64.96875], [-90.84375, 64.96875], [-90.78125, 64.84375], [-90.53125, 64.84375], [-90.4375, 64.625], [-90.09375, 64.6875], [-89.4375, 64.4375], [-89.09375, 64.5], [-88.65625, 64.34375], [-87.78125, 64.3125], [-86.90625, 64.09375], [-86.6875, 64.15625], [-86.59375, 64.03125], [-86.28125, 64.0], [-86.28125, 63.875], [-86.09375, 63.96875], [-85.78125, 63.9375], [-86.0625, 63.53125], [-85.625, 63.875], [-85.375, 63.84375], [-85.3125, 63.75], [-85.09375, 63.78125], [-84.4375, 63.3125], [-84.0625, 63.3125], [-83.78125, 63.1875], [-83.71875, 63.0625], [-83.53125, 63.0625], [-83.5, 62.96875], [-82.9375, 62.90625], [-82.9375, 62.8125], [-82.59375, 62.71875], [-82.53125, 62.5625], [-82.25, 62.59375], [-82.25, 62.5], [-82.03125, 62.46875], [-81.96875, 62.21875], [-81.6875, 62.25], [-81.53125, 62.09375], [-81.125, 61.9375], [-81.0, 61.71875], [-81.0625, 61.5625], [-80.625, 61.4375], [-80.0, 61.59375], [-79.65625, 61.40625], [-79.15625, 61.40625], [-79.15625, 61.28125], [-79.28125, 61.25], [-79.28125, 60.90625], [-79.0625, 60.9375], [-78.875, 60.8125], [-78.625, 60.8125], [-78.625, 60.90625], [-78.375, 60.875], [-78.3125, 61.0625], [-78.40625, 61.0625], [-78.40625, 61.15625], [-78.3125, 61.15625], [-78.125, 60.96875], [-78.0, 60.96875], [-77.875, 60.71875], [-77.65625, 60.625], [-77.65625, 60.5], [-77.96875, 60.46875], [-77.78125, 60.34375], [-77.4375, 60.40625], [-77.34375, 60.3125], [-77.21875, 60.46875], [-76.9375, 60.53125], [-76.25, 60.46875], [-76.28125, 60.3125], [-76.1875, 60.3125], [-76.15625, 60.15625], [-76.28125, 60.03125], [-76.53125, 60.03125], [-76.46875, 59.84375], [-77.125, 59.8125], [-77.0, 59.96875], [-77.15625, 60.0], [-77.25, 59.9375], [-77.25, 59.78125], [-76.8125, 59.6875], [-76.59375, 59.46875], [-76.59375, 59.34375], [-76.1875, 59.5], [-76.03125, 59.5], [-76.03125, 59.40625], [-75.21875, 59.4375], [-75.0625, 59.28125], [-74.8125, 59.34375], [-74.8125, 59.1875], [-74.4375, 59.15625], [-73.96875, 58.96875], [-73.96875, 58.875], [-73.8125, 58.84375], [-73.8125, 58.71875], [-73.5625, 58.59375], [-73.5625, 58.375], [-73.40625, 58.34375], [-73.3125, 58.125], [-73.09375, 58.09375], [-73.0, 57.96875], [-72.78125, 57.96875], [-72.78125, 57.84375], [-72.5625, 57.84375], [-72.375, 57.5625], [-71.9375, 57.53125], [-71.8125, 57.375], [-71.5625, 57.3125], [-71.34375, 57.0], [-71.34375, 56.84375], [-71.125, 56.75], [-71.0625, 56.625], [-70.84375, 56.625], [-70.8125, 56.375], [-70.6875, 56.34375], [-70.65625, 56.15625], [-70.5, 56.09375], [-70.53125, 55.96875], [-70.40625, 55.9375], [-70.21875, 55.625], [-70.28125, 55.46875], [-69.75, 55.375], [-69.59375, 55.15625], [-69.34375, 55.125], [-69.34375, 54.9375], [-69.03125, 54.875], [-68.96875, 54.71875], [-68.78125, 54.75], [-68.78125, 54.65625], [-68.96875, 54.53125], [-68.90625, 54.3125], [-68.5625, 54.40625], [-68.40625, 54.28125], [-68.03125, 54.21875], [-67.8125, 54.34375], [-67.75, 54.21875], [-67.84375, 54.125], [-67.625, 54.09375], [-67.6875, 53.875], [-67.5625, 53.8125], [-67.28125, 53.8125], [-67.09375, 53.96875], [-66.71875, 54.03125], [-66.71875, 54.15625], [-66.90625, 54.125], [-66.90625, 54.34375], [-66.8125, 54.375], [-66.5625, 54.375], [-66.5625, 54.1875], [-66.25, 54.15625], [-66.25, 54.0], [-66.125, 53.9375], [-65.5625, 53.9375], [-65.53125, 53.75], [-65.21875, 53.84375], [-65.21875, 53.9375], [-64.9375, 53.90625], [-64.71875, 54.03125], [-64.75, 53.90625], [-64.53125, 53.90625], [-64.40625, 53.75], [-64.09375, 53.78125], [-64.0625, 53.5625], [-63.625, 53.3125], [-62.8125, 53.4375], [-62.5625, 53.75], [-61.46875, 53.6875], [-61.375, 53.53125], [-61.15625, 53.46875], [-61.25, 53.34375], [-60.96875, 53.28125], [-60.84375, 53.09375], [-60.75, 53.09375], [-60.71875, 52.9375], [-60.4375, 52.8125], [-60.3125, 52.875], [-60.59375, 52.96875], [-60.65625, 53.28125], [-60.46875, 53.28125], [-60.28125, 53.09375], [-59.9375, 53.125], [-59.8125, 52.90625], [-59.28125, 52.65625], [-59.4375, 52.40625], [-58.71875, 52.59375], [-58.71875, 52.4375], [-58.28125, 52.46875], [-58.21875, 52.34375], [-58.3125, 52.25], [-58.125, 52.25], [-57.90625, 52.34375], [-57.6875, 52.28125], [-57.375, 52.46875], [-56.9375, 52.5625], [-56.84375, 52.4375], [-57.09375, 52.34375], [-57.125, 52.0], [-57.3125, 51.9375], [-57.34375, 51.6875], [-57.03125, 51.65625], [-57.03125, 51.46875], [-56.59375, 51.5625], [-56.53125, 51.375], [-56.96875, 51.125], [-56.75, 51.125], [-56.34375, 51.3125], [-56.15625, 51.28125], [-55.9375, 51.4375], [-55.53125, 51.34375], [-55.21875, 51.40625], [-55.125, 51.0625], [-55.25, 50.875], [-54.96875, 50.90625], [-54.53125, 50.59375], [-54.3125, 50.59375], [-54.375, 50.3125], [-54.03125, 50.125], [-54.03125, 50.03125], [-54.3125, 49.90625], [-53.90625, 49.875], [-53.75, 49.5625], [-53.59375, 49.46875], [-53.5625, 49.28125], [-53.3125, 49.1875], [-53.21875, 48.96875], [-53.0, 48.96875], [-53.0, 49.09375], [-52.90625, 49.09375], [-52.8125, 48.84375], [-52.59375, 48.84375], [-52.5625, 49.0625], [-52.40625, 49.125], [-52.34375, 49.28125], [-51.90625, 49.1875], [-52.0, 49.375], [-51.6875, 49.34375], [-51.625, 49.0625], [-51.3125, 48.875], [-50.9375, 48.90625], [-50.75, 49.21875], [-50.53125, 49.09375], [-50.59375, 48.96875], [-50.46875, 48.90625], [-50.5, 48.71875], [-50.71875, 48.6875], [-50.6875, 48.4375], [-51.09375, 48.28125], [-51.21875, 47.96875], [-51.65625, 47.96875], [-51.8125, 48.125], [-51.9375, 47.96875], [-52.28125, 48.03125], [-52.3125, 47.875], [-52.40625, 47.84375], [-52.40625, 47.59375], [-52.3125, 47.5625], [-52.28125, 47.34375], [-52.03125, 47.3125], [-51.96875, 47.09375], [-51.71875, 46.96875], [-51.75, 46.84375], [-51.625, 46.8125], [-51.5625, 46.96875], [-51.4375, 46.96875], [-51.09375, 46.78125], [-51.1875, 46.46875], [-51.0625, 46.25], [-51.1875, 46.21875], [-50.71875, 46.125], [-50.5625, 45.96875], [-50.34375, 45.96875], [-50.25, 45.65625], [-49.8125, 45.5], [-49.75, 45.25], [-49.53125, 45.09375], [-49.5625, 44.71875], [-49.75, 44.625], [-49.6875, 44.34375], [-49.75, 44.125], [-49.875, 44.0625], [-49.90625, 43.8125], [-49.875, 43.71875], [-49.75, 43.71875], [-49.5, 43.125], [-49.53125, 42.96875], [-49.4375, 42.9375], [-49.4375, 42.75], [-49.59375, 42.5], [-49.53125, 42.125], [-49.78125, 42.15625], [-49.875, 42.03125], [-49.75, 41.875], [-49.53125, 41.90625], [-49.53125, 41.75], [-49.6875, 41.59375], [-49.59375, 41.25], [-49.25, 41.3125], [-49.1875, 41.1875], [-49.03125, 41.1875], [-49.0, 41.03125], [-48.96875, 41.25], [-48.84375, 41.28125], [-48.84375, 41.15625], [-48.6875, 41.125], [-48.5, 40.59375], [-48.375, 40.53125], [-48.1875, 40.84375], [-48.125, 41.34375], [-47.625, 41.34375], [-47.5, 41.40625], [-47.5, 41.5625], [-47.40625, 41.5625], [-47.375, 41.375], [-47.5, 40.96875], [-47.40625, 40.53125], [-47.15625, 40.375], [-46.8125, 39.90625], [-46.6875, 39.90625], [-46.6875, 40.0625], [-46.5625, 40.0625], [-46.5625, 39.96875], [-46.375, 40.0], [-46.1875, 39.5625], [-46.09375, 39.53125], [-46.125, 38.96875], [-46.3125, 39.03125], [-46.34375, 38.90625], [-46.1875, 38.34375], [-46.40625, 38.375], [-46.46875, 38.28125], [-46.125, 38.21875], [-45.90625, 38.28125], [-45.90625, 38.1875], [-46.1875, 37.78125], [-46.375, 37.75], [-46.40625, 37.5], [-46.21875, 37.53125], [-46.15625, 37.28125], [-46.0, 37.28125], [-45.90625, 37.03125], [-45.71875, 37.0], [-45.65625, 36.6875], [-45.375, 36.71875], [-45.28125, 36.84375], [-45.1875, 36.84375], [-45.1875, 36.6875], [-44.9375, 36.78125], [-45.0, 36.5], [-44.71875, 36.53125], [-44.71875, 36.21875], [-44.59375, 36.1875], [-44.625, 35.75], [-44.34375, 35.3125], [-44.34375, 34.375], [-44.46875, 34.28125], [-44.46875, 33.6875], [-44.625, 33.28125], [-44.90625, 33.0], [-45.125, 33.0], [-45.21875, 32.78125], [-45.96875, 33.03125], [-46.03125, 32.8125], [-46.46875, 32.59375], [-45.34375, 32.46875], [-45.09375, 32.40625], [-45.03125, 32.28125], [-44.84375, 32.5], [-44.625, 32.53125], [-44.53125, 32.0625], [-44.34375, 32.0], [-44.375, 31.625], [-44.125, 31.625], [-44.09375, 31.375], [-43.875, 31.40625], [-43.90625, 31.125], [-44.09375, 30.9375], [-44.0, 30.4375], [-43.90625, 30.375], [-43.625, 30.53125], [-43.5625, 30.96875], [-43.28125, 31.3125], [-43.28125, 31.46875], [-43.15625, 31.4375], [-43.15625, 31.21875], [-43.28125, 31.0625], [-43.40625, 30.46875], [-43.5625, 30.375], [-43.5625, 30.28125], [-43.3125, 30.125], [-43.34375, 29.8125], [-43.65625, 29.65625], [-43.875, 29.3125], [-44.0625, 29.34375], [-44.03125, 29.65625], [-44.3125, 29.53125], [-44.4375, 29.09375], [-44.3125, 28.90625], [-44.09375, 28.9375], [-44.1875, 28.71875], [-44.5625, 28.5625], [-44.59375, 29.28125], [-44.71875, 29.40625], [-44.78125, 29.9375], [-44.96875, 30.09375], [-45.0, 29.84375], [-45.15625, 29.78125], [-45.15625, 29.53125], [-45.25, 29.53125], [-45.40625, 29.75], [-45.53125, 29.75], [-45.5625, 29.625], [-45.78125, 29.65625], [-45.75, 29.46875], [-45.90625, 29.375], [-45.9375, 29.1875], [-45.6875, 29.15625], [-45.625, 28.9375], [-45.84375, 28.75], [-45.9375, 28.28125], [-46.09375, 28.25], [-46.21875, 28.5625], [-46.1875, 28.78125], [-46.3125, 28.84375], [-46.375, 28.65625], [-46.46875, 28.65625], [-46.75, 28.34375], [-47.4375, 28.1875], [-47.3125, 27.90625], [-47.15625, 27.8125], [-47.25, 27.5], [-47.09375, 27.375], [-47.09375, 27.0625], [-47.375, 27.28125], [-47.75, 27.34375], [-48.34375, 27.875], [-48.71875, 28.0], [-48.75, 28.1875], [-48.5625, 28.25], [-48.5, 28.40625], [-48.75, 28.71875], [-48.71875, 28.46875], [-49.0625, 28.625], [-49.09375, 28.40625], [-48.9375, 28.03125], [-48.59375, 27.625], [-48.59375, 27.5], [-49.96875, 27.125], [-49.90625, 26.96875], [-50.40625, 27.0625], [-50.625, 26.96875], [-50.625, 26.875], [-50.1875, 26.84375], [-49.75, 26.6875], [-49.40625, 26.40625], [-49.125, 26.375], [-49.0, 26.1875], [-50.09375, 26.125], [-50.40625, 26.21875], [-50.8125, 26.53125], [-50.90625, 26.53125], [-50.90625, 26.40625], [-50.75, 26.21875], [-50.5, 26.125], [-50.53125, 25.96875], [-49.9375, 25.46875], [-49.9375, 25.28125], [-49.8125, 25.125], [-49.5625, 25.15625], [-49.34375, 24.9375], [-49.34375, 24.84375], [-49.5625, 24.84375], [-49.71875, 24.71875], [-49.03125, 24.625], [-48.96875, 24.46875], [-49.09375, 24.40625], [-48.96875, 24.375], [-48.96875, 24.28125], [-48.71875, 24.25], [-48.6875, 24.40625], [-48.59375, 24.40625], [-48.625, 24.1875], [-48.4375, 24.03125], [-48.4375, 23.90625], [-48.0625, 23.71875], [-47.84375, 23.40625], [-47.71875, 23.40625], [-47.53125, 23.71875], [-47.53125, 24.15625], [-47.40625, 24.34375], [-47.4375, 24.625], [-47.25, 24.53125], [-47.21875, 24.28125], [-47.125, 24.125], [-46.96875, 24.125], [-46.90625, 23.84375], [-46.875, 23.5], [-46.96875, 23.46875], [-47.03125, 22.96875], [-46.875, 22.90625], [-46.84375, 21.8125], [-46.6875, 21.6875], [-46.6875, 21.5], [-46.5, 21.46875], [-46.53125, 21.21875], [-46.4375, 21.09375], [-46.21875, 21.09375], [-46.125, 21.25], [-45.96875, 21.28125], [-45.96875, 20.96875], [-45.78125, 20.78125], [-45.8125, 20.53125], [-45.90625, 20.5], [-45.875, 20.34375], [-45.6875, 20.375], [-45.5625, 21.3125], [-45.5625, 21.5625], [-45.65625, 21.65625], [-45.5625, 22.28125], [-45.78125, 22.625], [-45.65625, 22.84375], [-45.875, 23.4375], [-45.65625, 23.375], [-45.46875, 22.90625], [-45.46875, 22.65625], [-45.5625, 22.65625], [-45.5625, 22.5625], [-45.25, 22.625], [-45.125, 22.125], [-45.125, 21.90625], [-45.1875, 21.90625], [-45.09375, 21.84375], [-45.125, 21.5625], [-45.3125, 21.5], [-45.3125, 21.3125], [-45.1875, 21.28125], [-45.125, 20.8125], [-44.8125, 20.65625], [-44.84375, 20.46875], [-44.6875, 20.34375], [-44.65625, 20.1875], [-44.46875, 20.21875], [-44.34375, 19.4375], [-44.15625, 19.3125], [-44.15625, 19.15625], [-44.03125, 19.125], [-44.03125, 19.03125], [-44.15625, 19.0], [-43.84375, 18.84375], [-43.78125, 18.71875], [-43.78125, 18.625], [-44.15625, 18.625], [-44.3125, 18.4375], [-44.3125, 18.25], [-44.0625, 18.0], [-43.6875, 18.09375], [-43.71875, 17.875], [-43.59375, 17.8125], [-43.34375, 17.375], [-43.0625, 17.1875], [-43.0625, 17.0625], [-42.90625, 17.0625], [-42.71875, 16.90625], [-42.375, 16.28125], [-42.28125, 15.96875], [-42.34375, 15.78125], [-42.1875, 15.75], [-42.0625, 15.28125], [-41.65625, 14.53125], [-41.6875, 13.65625], [-41.34375, 13.65625], [-41.21875, 13.4375], [-41.1875, 13.0625], [-41.03125, 13.0625], [-41.125, 12.78125], [-41.21875, 12.78125], [-41.21875, 12.9375], [-41.34375, 12.875], [-41.1875, 12.65625], [-41.1875, 12.34375], [-41.03125, 12.28125], [-41.03125, 12.15625], [-40.84375, 12.25], [-40.875, 12.03125], [-40.59375, 11.6875], [-40.5625, 11.34375], [-40.78125, 11.125], [-40.78125, 11.0625], [-40.65625, 11.09375], [-40.6875, 10.375], [-41.1875, 10.34375], [-41.375, 10.09375], [-41.15625, 10.125], [-41.125, 10.03125], [-40.875, 10.0625], [-40.8125, 9.96875], [-40.4375, 10.03125], [-40.34375, 9.90625], [-40.0625, 9.9375], [-40.09375, 9.5], [-40.25, 9.375], [-40.1875, 9.21875], [-40.3125, 9.03125], [-39.90625, 9.28125], [-39.6875, 9.65625], [-39.59375, 9.65625], [-39.4375, 9.15625], [-39.25, 9.09375], [-39.25, 8.96875], [-38.875, 8.84375], [-38.6875, 8.59375], [-38.6875, 8.40625], [-38.5, 8.34375], [-38.375, 8.125], [-38.03125, 8.0], [-38.125, 7.40625], [-38.0, 7.09375], [-38.0625, 6.75], [-38.0, 6.3125], [-38.125, 6.21875], [-38.03125, 6.03125], [-37.84375, 6.1875], [-37.40625, 6.25], [-37.34375, 6.40625], [-37.4375, 6.71875], [-37.40625, 7.0625], [-37.1875, 7.125], [-37.15625, 7.28125], [-37.0625, 7.28125], [-36.96875, 7.09375], [-36.875, 6.59375], [-37.0625, 6.40625], [-37.0625, 6.28125], [-37.25, 6.15625], [-37.28125, 5.6875], [-37.5, 5.53125], [-37.5, 4.9375], [-37.3125, 4.75], [-36.875, 4.78125], [-36.8125, 4.9375], [-36.6875, 4.9375], [-36.53125, 4.6875], [-36.5625, 3.59375], [-36.28125, 3.0], [-36.1875, 2.96875], [-36.1875, 2.46875], [-36.78125, 2.0625], [-36.875, 1.71875], [-37.0625, 1.5], [-37.03125, 1.25], [-36.71875, 1.125], [-36.71875, 1.03125], [-36.875, 1.03125], [-36.90625, 0.84375], [-37.0625, 0.84375], [-37.15625, 1.03125], [-37.34375, 1.0625], [-37.40625, 0.96875], [-37.71875, 0.90625], [-37.96875, 0.625], [-38.125, 0.65625], [-38.125, 0.53125], [-38.4375, 0.46875], [-38.40625, 0.3125], [-38.5625, 0.3125], [-38.5625, 0.1875], [-38.75, 0.25], [-38.75, 0.125], [-38.90625, 0.03125], [-38.9375, -0.3125], [-38.78125, -1.0625], [-38.71875, -1.125], [-38.4375, -1.0625], [-38.53125, -0.71875], [-38.28125, -0.59375], [-38.28125, -0.46875], [-38.125, -0.5], [-38.1875, -0.3125], [-38.09375, -0.3125], [-37.96875, 0.03125], [-37.875, 0.03125], [-37.875, -0.09375], [-37.5625, -0.34375], [-37.5, 0.09375], [-37.28125, 0.09375], [-37.28125, 0.25], [-36.4375, 0.4375], [-36.3125, 0.34375], [-36.375, 0.09375], [-35.96875, -0.03125], [-35.96875, -0.15625], [-36.15625, -0.125], [-36.34375, -0.3125], [-35.90625, -0.34375], [-35.875, -0.1875], [-35.6875, -0.15625], [-35.4375, -0.40625], [-35.28125, -0.40625], [-35.21875, -1.15625], [-35.125, -1.375], [-35.0, -1.40625], [-35.0, -1.5625], [-34.84375, -1.625], [-34.84375, -1.9375], [-35.0625, -2.25], [-35.09375, -2.5], [-35.25, -2.59375], [-35.34375, -2.9375], [-35.78125, -3.46875], [-36.09375, -4.1875], [-36.3125, -4.28125], [-36.625, -4.6875], [-36.6875, -5.5], [-37.0, -5.65625], [-37.0, -5.78125], [-37.21875, -5.96875], [-37.1875, -6.15625], [-37.65625, -6.375], [-37.75, -6.375], [-37.75, -6.1875], [-37.84375, -6.15625], [-38.0, -6.46875], [-38.09375, -6.46875], [-38.09375, -6.625], [-38.28125, -6.59375], [-38.3125, -6.71875], [-38.40625, -6.71875], [-38.53125, -6.9375], [-38.75, -7.0], [-38.90625, -7.3125], [-39.125, -7.4375], [-39.5, -7.375], [-39.8125, -7.59375], [-41.28125, -7.78125], [-41.34375, -7.90625], [-41.53125, -7.90625], [-41.9375, -8.15625], [-42.28125, -8.15625], [-42.40625, -8.28125], [-42.40625, -8.59375], [-42.15625, -8.625], [-42.03125, -8.46875], [-41.65625, -8.375], [-41.625, -8.28125], [-41.0, -8.15625], [-40.46875, -8.21875], [-40.25, -8.15625], [-40.09375, -8.46875], [-39.53125, -8.3125], [-39.5, -8.6875], [-39.25, -8.875], [-39.09375, -8.875], [-39.09375, -8.96875], [-39.46875, -9.0], [-39.75, -9.15625], [-39.71875, -9.34375], [-39.84375, -9.34375], [-39.96875, -9.5], [-40.15625, -10.0625], [-40.34375, -10.21875], [-40.3125, -11.15625], [-40.125, -11.53125], [-40.15625, -11.84375], [-40.25, -11.84375], [-40.21875, -12.03125], [-40.71875, -12.21875], [-40.78125, -12.6875], [-40.875, -12.78125], [-41.40625, -12.9375], [-41.59375, -13.21875], [-41.78125, -13.1875], [-41.90625, -13.375], [-41.6875, -13.53125], [-41.46875, -13.4375], [-41.21875, -13.46875], [-41.125, -13.34375], [-40.8125, -13.28125], [-40.8125, -13.125], [-40.6875, -13.0625], [-40.53125, -13.0625], [-40.34375, -13.15625], [-40.3125, -13.28125], [-40.125, -13.3125], [-39.34375, -13.09375], [-39.28125, -12.96875], [-39.375, -12.78125], [-39.21875, -12.75], [-39.25, -12.5], [-38.9375, -12.34375], [-38.8125, -12.0625], [-38.625, -11.96875], [-38.5, -11.46875], [-38.34375, -11.40625], [-38.25, -11.59375], [-37.75, -11.34375], [-37.5, -11.0], [-37.3125, -10.9375], [-36.9375, -10.375], [-36.59375, -10.59375], [-36.3125, -10.46875], [-36.0, -10.5625], [-35.96875, -10.46875], [-35.84375, -10.46875], [-35.8125, -10.3125], [-35.65625, -10.3125], [-35.78125, -10.78125], [-35.59375, -11.15625], [-35.59375, -11.5], [-35.6875, -11.78125], [-35.84375, -11.875], [-35.84375, -12.03125], [-35.125, -12.09375], [-34.84375, -11.75], [-35.15625, -11.75], [-35.15625, -11.34375], [-34.875, -11.3125], [-35.0, -11.5625], [-34.71875, -11.5], [-34.71875, -11.40625], [-34.5625, -11.53125], [-34.25, -11.40625], [-34.25, -11.3125], [-34.0625, -11.1875], [-34.03125, -10.84375], [-33.75, -10.78125], [-33.75, -10.625], [-33.625, -10.59375], [-33.6875, -10.3125], [-33.59375, -10.21875], [-33.3125, -10.1875], [-33.3125, -10.28125], [-33.0625, -10.40625], [-32.875, -10.125], [-32.65625, -10.09375], [-32.625, -9.96875], [-32.84375, -9.84375], [-32.8125, -9.5625], [-32.71875, -9.5625], [-32.75, -9.71875], [-32.5, -9.75], [-32.5625, -9.90625], [-32.5, -10.0625], [-32.4375, -9.9375], [-32.1875, -9.90625], [-32.28125, -9.84375], [-32.25, -9.4375], [-32.375, -9.4375], [-32.375, -9.0625], [-32.25, -8.6875], [-32.0, -8.5625], [-32.0, -8.375], [-31.5625, -8.53125], [-31.5625, -8.71875], [-31.6875, -8.84375], [-31.59375, -8.9375], [-31.34375, -8.90625], [-31.25, -8.75], [-31.46875, -8.4375], [-31.15625, -8.46875], [-31.0625, -8.8125], [-30.84375, -8.90625], [-30.6875, -8.375], [-30.3125, -8.46875], [-30.375, -8.25], [-30.28125, -8.25], [-30.125, -8.5], [-30.0625, -8.5], [-30.09375, -8.375], [-29.96875, -8.375], [-29.9375, -8.53125], [-29.71875, -8.59375], [-29.71875, -8.46875], [-29.59375, -8.46875], [-29.46875, -8.625], [-29.46875, -8.25], [-29.59375, -8.15625], [-29.84375, -8.25], [-29.9375, -8.21875], [-29.9375, -8.09375], [-29.46875, -7.8125], [-29.5, -7.5625], [-29.375, -7.4375], [-29.34375, -7.03125], [-28.6875, -6.5625], [-28.75, -6.4375], [-28.96875, -6.46875], [-29.09375, -6.65625], [-29.4375, -6.59375], [-29.59375, -6.8125], [-29.78125, -6.8125], [-29.875, -7.15625], [-29.96875, -7.15625], [-29.9375, -6.96875], [-30.09375, -6.9375], [-30.09375, -6.75], [-30.3125, -6.6875], [-30.21875, -6.5], [-30.34375, -6.5], [-30.40625, -6.3125], [-30.59375, -6.4375], [-30.5625, -6.5625], [-31.5, -6.53125], [-31.5, -6.6875], [-31.59375, -6.75], [-31.75, -6.6875], [-31.71875, -6.46875], [-32.28125, -6.40625], [-32.40625, -6.5], [-32.40625, -6.8125], [-32.875, -6.78125], [-33.03125, -6.4375], [-33.15625, -6.375], [-34.0, -6.4375], [-33.96875, -6.21875], [-34.15625, -6.125], [-34.03125, -5.96875], [-34.4375, -5.84375], [-34.6875, -5.625], [-34.71875, -5.4375], [-35.125, -5.15625], [-35.03125, -3.96875], [-34.8125, -3.53125], [-34.375, -3.3125], [-33.96875, -2.96875], [-33.5625, -3.125], [-33.5, -2.96875], [-33.34375, -2.9375], [-33.28125, -2.59375], [-33.09375, -2.40625], [-32.71875, -2.59375], [-32.46875, -2.375], [-32.5625, -1.96875], [-32.3125, -1.78125], [-32.3125, -1.65625], [-32.8125, -1.625], [-32.84375, -1.53125], [-33.03125, -1.5], [-33.03125, -1.3125], [-32.65625, -1.15625], [-32.3125, -0.8125], [-32.28125, -0.40625], [-32.46875, -0.34375], [-32.5, 0.0], [-32.28125, 0.34375], [-32.46875, 0.28125], [-32.46875, 0.375], [-32.40625, 0.5], [-32.21875, 0.53125], [-32.25, 0.34375], [-32.1875, 0.34375], [-32.03125, 0.5625], [-32.03125, 0.6875], [-32.1875, 0.8125], [-32.1875, 0.9375], [-32.0625, 1.0], [-32.3125, 1.25], [-32.46875, 1.875], [-32.125, 1.71875], [-31.96875, 2.03125], [-31.78125, 2.03125], [-31.53125, 1.875], [-31.5, 1.96875], [-31.3125, 1.96875], [-31.3125, 2.125], [-31.15625, 2.125], [-31.21875, 2.4375], [-31.09375, 2.6875], [-31.09375, 2.9375], [-31.0, 2.96875], [-31.125, 3.28125], [-30.96875, 3.53125], [-31.03125, 4.1875], [-31.1875, 4.5], [-31.125, 4.71875], [-30.8125, 5.0625], [-30.1875, 4.90625], [-30.0625, 4.71875], [-29.875, 5.0625], [-29.53125, 5.0625], [-29.375, 4.5625], [-29.46875, 4.5625], [-29.59375, 4.3125], [-29.46875, 4.1875], [-29.59375, 3.90625], [-29.4375, 3.9375], [-29.40625, 4.125], [-29.25, 4.125], [-29.125, 4.0], [-29.125, 3.84375], [-28.96875, 3.75], [-28.65625, 3.59375], [-28.59375, 3.75], [-28.5, 3.75], [-28.5, 4.03125], [-28.65625, 4.0625], [-28.65625, 4.21875], [-29.03125, 4.3125], [-29.34375, 5.03125], [-29.28125, 5.28125], [-29.0625, 5.4375], [-29.09375, 5.71875], [-28.84375, 5.65625], [-28.78125, 5.75], [-29.0, 5.96875], [-29.53125, 6.09375], [-29.5625, 6.21875], [-29.8125, 6.375], [-29.8125, 6.96875], [-29.9375, 7.15625], [-30.28125, 7.125], [-30.4375, 6.6875], [-30.65625, 6.6875], [-30.9375, 7.0625], [-30.90625, 7.3125], [-31.03125, 7.3125], [-31.125, 7.5], [-31.15625, 8.03125], [-31.375, 8.09375], [-31.375, 8.375], [-31.78125, 8.28125], [-32.09375, 8.5], [-32.125, 8.78125], [-31.84375, 8.71875], [-31.78125, 9.0], [-31.78125, 9.15625], [-32.125, 9.0], [-32.03125, 9.3125], [-31.78125, 9.4375], [-32.15625, 9.90625], [-32.03125, 9.96875], [-32.03125, 10.21875], [-31.9375, 10.3125], [-31.96875, 10.5], [-32.0625, 10.53125], [-32.0625, 10.78125], [-31.5625, 11.5625], [-31.53125, 12.0], [-31.625, 12.5], [-31.90625, 12.75], [-32.28125, 12.84375], [-32.625, 13.0625], [-32.59375, 13.5625], [-32.84375, 13.84375], [-32.84375, 13.96875], [-32.9375, 13.96875], [-33.15625, 14.25], [-33.21875, 14.9375], [-33.40625, 15.21875], [-33.75, 15.34375], [-33.75, 15.125], [-33.5625, 15.0625], [-33.28125, 14.75], [-33.3125, 14.15625], [-32.875, 13.84375], [-32.6875, 13.5], [-32.75, 13.09375], [-32.65625, 12.8125], [-33.03125, 12.5], [-33.1875, 11.78125], [-33.3125, 11.8125], [-33.4375, 12.0625], [-33.46875, 13.5], [-33.53125, 13.625], [-33.75, 13.59375], [-33.78125, 13.96875], [-33.90625, 14.0], [-34.03125, 14.3125], [-34.3125, 14.40625], [-34.34375, 14.625], [-34.59375, 14.875], [-34.59375, 15.375], [-34.6875, 15.5], [-34.46875, 15.4375], [-34.46875, 15.90625], [-34.65625, 16.09375], [-34.78125, 16.09375], [-34.84375, 16.40625], [-34.84375, 17.09375], [-34.59375, 17.59375], [-34.625, 17.84375], [-34.5, 17.84375], [-34.25, 18.28125], [-34.125, 18.3125], [-33.75, 18.75], [-33.34375, 18.875], [-33.34375, 19.09375], [-32.59375, 19.875], [-32.53125, 20.1875], [-32.65625, 20.1875], [-32.65625, 20.3125], [-32.375, 20.25], [-32.28125, 20.34375], [-32.09375, 20.3125], [-32.09375, 20.4375], [-31.9375, 20.5625], [-31.5, 21.34375], [-31.5, 21.53125], [-31.375, 21.53125], [-31.375, 21.65625], [-31.28125, 21.65625], [-31.21875, 21.5], [-31.03125, 21.46875], [-30.5625, 22.53125], [-30.5, 22.90625], [-30.0625, 23.09375], [-29.9375, 23.25], [-29.875, 23.59375], [-29.65625, 23.875], [-29.625, 24.4375], [-29.40625, 24.875], [-29.1875, 24.875], [-29.125, 24.71875], [-28.78125, 24.71875], [-28.65625, 24.5625], [-28.65625, 24.375], [-28.25, 24.34375], [-28.15625, 24.40625], [-28.1875, 24.53125], [-28.03125, 24.5625], [-27.96875, 24.1875], [-27.625, 24.125], [-27.5, 24.3125], [-27.53125, 24.46875], [-27.625, 24.5625], [-27.96875, 24.5625], [-27.96875, 24.75], [-27.4375, 24.71875], [-26.96875, 24.90625], [-26.875, 25.375], [-26.96875, 25.6875], [-26.90625, 26.1875], [-27.0, 26.3125], [-26.875, 26.3125], [-26.59375, 25.96875], [-26.40625, 25.90625], [-26.375, 25.59375], [-26.1875, 25.5], [-26.0625, 25.15625], [-25.71875, 24.96875], [-25.71875, 24.71875], [-25.53125, 24.5], [-25.53125, 24.40625], [-25.71875, 24.4375], [-26.375, 25.28125], [-26.59375, 25.28125], [-26.65625, 24.8125], [-26.59375, 24.28125], [-26.65625, 24.03125], [-26.8125, 24.0], [-26.65625, 23.75], [-26.09375, 23.65625], [-26.09375, 23.34375], [-25.53125, 23.28125], [-25.40625, 23.84375], [-25.15625, 23.71875], [-24.9375, 23.9375], [-24.96875, 24.21875], [-24.75, 24.1875], [-24.71875, 24.4375], [-24.59375, 24.4375], [-24.53125, 24.03125], [-24.40625, 23.9375], [-24.375, 23.4375], [-24.28125, 23.75], [-23.9375, 23.75], [-24.0, 23.3125], [-23.90625, 23.03125], [-23.78125, 23.40625], [-23.6875, 23.40625], [-23.6875, 22.9375], [-23.375, 22.875], [-23.125, 22.96875], [-23.0625, 23.09375], [-22.84375, 23.03125], [-22.6875, 23.1875], [-22.6875, 23.46875], [-22.9375, 23.46875], [-23.0, 23.71875], [-22.78125, 24.09375], [-22.46875, 24.0625], [-22.53125, 24.375], [-22.8125, 24.28125], [-22.71875, 24.46875], [-22.78125, 24.625], [-22.4375, 24.5625], [-22.1875, 24.65625], [-21.96875, 24.5], [-21.8125, 24.71875], [-21.3125, 24.90625], [-21.1875, 25.1875], [-21.21875, 25.5625], [-21.34375, 25.8125], [-21.25, 25.8125], [-21.25, 25.71875], [-20.96875, 25.71875], [-20.90625, 25.5], [-20.3125, 25.53125], [-20.21875, 25.40625], [-20.15625, 25.6875], [-19.8125, 25.71875], [-19.625, 26.0], [-19.53125, 26.0], [-19.53125, 25.8125], [-19.40625, 25.78125], [-19.28125, 25.875], [-19.28125, 25.78125], [-18.71875, 25.5625], [-18.71875, 25.8125], [-18.90625, 25.96875], [-19.0625, 25.96875], [-19.15625, 26.3125], [-19.3125, 26.3125], [-19.34375, 26.59375], [-19.21875, 26.75], [-19.40625, 26.84375], [-19.4375, 26.96875], [-19.5625, 26.78125], [-19.46875, 26.53125], [-19.625, 26.46875], [-19.59375, 26.21875], [-19.6875, 26.21875], [-19.71875, 26.40625], [-19.9375, 26.53125], [-19.96875, 26.84375], [-19.875, 26.84375], [-19.875, 26.75], [-19.65625, 26.84375], [-20.125, 27.1875], [-20.0625, 27.4375], [-19.65625, 27.40625], [-19.5, 28.03125], [-19.125, 28.09375], [-19.15625, 27.75], [-19.03125, 27.78125], [-18.9375, 28.28125], [-18.78125, 28.28125], [-18.65625, 28.375], [-18.625, 28.5625], [-18.5, 28.5625], [-18.34375, 28.71875], [-18.375, 29.1875], [-18.03125, 29.21875], [-17.84375, 29.34375], [-17.96875, 29.59375], [-17.90625, 29.8125], [-17.6875, 29.84375], [-17.65625, 29.6875], [-17.5, 29.65625], [-17.21875, 29.6875], [-17.15625, 30.1875], [-16.78125, 30.34375], [-16.8125, 30.59375], [-16.375, 30.59375], [-16.46875, 30.8125], [-16.15625, 30.65625], [-16.125, 30.5], [-15.28125, 30.65625], [-15.21875, 30.90625], [-15.3125, 31.03125], [-15.28125, 31.15625], [-15.46875, 31.25], [-15.40625, 31.46875], [-14.96875, 31.375], [-14.96875, 31.53125], [-14.875, 31.53125], [-14.46875, 31.40625], [-14.3125, 31.59375], [-14.25, 32.0], [-14.34375, 32.21875], [-14.5, 32.28125], [-14.5625, 32.65625], [-14.25, 32.71875], [-14.0625, 32.46875], [-14.125, 32.1875], [-14.0, 32.0625], [-13.84375, 32.125], [-13.875, 32.3125], [-13.78125, 32.34375], [-14.0, 32.65625], [-14.25, 32.78125], [-14.25, 32.875], [-13.875, 32.875], [-13.75, 32.78125], [-13.75, 32.65625], [-13.0625, 32.625], [-13.03125, 32.75], [-12.65625, 32.65625], [-12.84375, 32.78125], [-12.84375, 32.875], [-12.6875, 33.09375], [-12.4375, 33.15625], [-12.46875, 33.34375], [-12.59375, 33.25], [-13.34375, 33.3125], [-13.34375, 33.46875], [-13.09375, 33.65625], [-13.125, 33.8125], [-12.9375, 34.0], [-12.875, 34.25], [-12.96875, 34.25], [-12.96875, 34.40625], [-12.875, 34.53125], [-12.78125, 34.53125], [-12.78125, 34.125], [-12.65625, 33.84375], [-12.65625, 33.65625], [-12.75, 33.59375], [-12.5625, 33.5625], [-12.46875, 34.40625], [-12.21875, 34.46875], [-12.125, 34.65625], [-12.1875, 34.875], [-11.71875, 35.03125], [-11.625, 35.3125], [-11.15625, 35.375], [-10.90625, 35.53125], [-10.65625, 35.46875], [-10.59375, 35.28125], [-10.03125, 35.28125], [-9.875, 35.375], [-9.84375, 35.5625], [-10.25, 35.625], [-10.1875, 36.0], [-9.90625, 35.84375], [-9.59375, 35.84375], [-9.40625, 35.96875], [-9.375, 36.125], [-8.53125, 36.03125], [-8.5, 36.25], [-8.28125, 36.21875], [-8.375, 35.96875], [-8.3125, 35.84375], [-7.9375, 35.78125], [-7.78125, 35.90625], [-7.84375, 36.0625], [-7.625, 36.15625], [-7.5625, 36.28125], [-7.6875, 36.4375], [-7.96875, 36.375], [-7.96875, 36.46875], [-7.78125, 36.65625], [-7.5625, 36.625], [-7.5625, 36.78125], [-6.71875, 36.34375], [-6.71875, 36.21875], [-6.90625, 36.09375], [-6.90625, 35.9375], [-6.78125, 35.84375], [-6.375, 35.8125], [-6.15625, 36.0], [-5.96875, 35.9375], [-5.59375, 36.0], [-5.5625, 36.15625], [-5.46875, 36.15625], [-5.53125, 36.28125], [-5.46875, 36.5], [-5.6875, 36.65625], [-5.84375, 36.59375], [-5.90625, 36.71875], [-5.84375, 36.96875], [-5.53125, 37.03125], [-5.15625, 36.71875], [-4.78125, 36.75], [-4.5, 37.03125], [-4.5, 37.3125], [-4.625, 37.46875], [-5.0625, 37.625], [-5.28125, 37.625], [-5.3125, 37.46875], [-5.5, 37.40625], [-5.78125, 37.53125], [-5.78125, 37.65625], [-5.625, 37.6875], [-5.53125, 37.84375], [-5.125, 37.96875], [-4.5, 37.8125], [-4.4375, 37.6875], [-4.40625, 37.84375], [-4.0625, 37.84375], [-4.09375, 38.3125], [-3.875, 38.3125], [-3.8125, 38.4375], [-3.625, 38.40625], [-3.5625, 38.6875], [-3.34375, 38.90625], [-3.34375, 39.125], [-3.4375, 39.21875], [-3.625, 39.1875], [-3.5625, 39.34375], [-3.8125, 39.53125], [-3.71875, 39.75], [-3.78125, 39.9375], [-3.53125, 40.15625], [-2.875, 40.25], [-2.5, 40.09375], [-2.15625, 40.3125], [-2.15625, 40.1875], [-1.96875, 40.15625], [-2.03125, 39.9375], [-1.84375, 39.875], [-1.9375, 39.625], [-1.8125, 39.59375], [-1.8125, 39.5], [-1.90625, 39.5], [-1.90625, 39.375], [-1.65625, 39.3125], [-1.625, 38.96875], [-1.4375, 38.9375], [-0.9375, 39.53125], [-1.28125, 39.8125], [-1.28125, 39.9375], [-0.875, 40.09375], [-0.75, 40.03125], [-0.75, 39.75], [-0.40625, 39.625], [-0.375, 39.96875], [0.28125, 40.3125], [0.375, 40.5], [0.34375, 40.78125], [0.625, 40.875], [0.75, 41.0625], [0.5625, 41.40625], [0.84375, 41.46875], [1.15625, 41.34375], [1.46875, 41.40625], [1.53125, 41.71875], [1.65625, 41.71875], [1.875, 41.53125], [1.84375, 41.1875], [2.09375, 41.15625], [1.875, 40.625], [2.0625, 40.53125], [2.03125, 40.21875], [2.125, 40.21875], [2.1875, 40.0], [3.03125, 39.65625], [3.625, 39.8125], [3.75, 40.40625], [4.03125, 40.34375], [4.09375, 40.1875], [4.21875, 40.15625], [4.625, 40.28125], [4.6875, 40.40625], [4.625, 40.9375], [4.71875, 41.03125], [4.59375, 41.21875], [4.6875, 41.40625], [5.0, 41.375], [5.03125, 41.59375], [5.25, 41.5625], [5.25, 41.6875], [6.03125, 41.625], [6.28125, 41.4375], [6.78125, 41.71875], [7.0, 42.0], [7.5, 41.96875], [7.40625, 42.125], [7.0, 42.25], [7.0, 42.375], [7.3125, 42.40625], [7.34375, 42.9375], [7.53125, 42.90625], [7.5625, 43.0625], [7.78125, 43.15625], [7.8125, 43.3125], [7.59375, 43.46875], [7.625, 43.59375], [7.78125, 43.5625], [8.09375, 43.28125], [8.1875, 42.84375], [8.34375, 42.75], [8.53125, 42.75], [8.78125, 42.9375], [8.78125, 43.15625], [8.625, 43.25], [8.625, 43.40625], [8.71875, 43.4375], [8.6875, 43.625], [9.03125, 43.5], [9.0, 43.25], [9.09375, 43.1875], [9.3125, 43.21875], [9.3125, 43.34375], [9.875, 43.25], [10.78125, 42.8125], [10.90625, 42.53125], [11.1875, 42.375], [11.1875, 42.1875], [11.0625, 42.125], [11.34375, 41.9375], [11.34375, 42.28125], [11.53125, 42.375], [11.53125, 42.5625], [11.125, 42.625], [11.0, 42.875], [10.125, 43.28125], [10.15625, 43.53125], [9.8125, 43.65625], [9.8125, 43.90625], [9.625, 43.96875], [9.46875, 44.25], [9.34375, 44.28125], [9.28125, 44.5625], [9.5625, 44.59375], [9.71875, 44.4375], [9.9375, 44.40625], [10.0, 44.28125], [10.34375, 44.28125], [10.4375, 44.46875], [10.8125, 44.59375], [11.0, 44.53125], [11.25, 44.59375], [11.28125, 44.5], [11.875, 44.59375], [12.0, 44.6875], [11.9375, 45.0], [12.375, 45.125], [12.46875, 45.40625], [12.9375, 45.40625], [12.96875, 45.59375], [13.21875, 45.4375], [13.4375, 45.625], [13.46875, 45.84375], [13.625, 45.84375], [13.90625, 46.0625], [13.9375, 46.15625], [13.8125, 46.15625], [13.8125, 46.25], [14.0, 46.25], [14.03125, 46.15625], [13.9375, 45.9375], [14.03125, 45.90625], [14.0, 45.78125], [14.09375, 45.65625], [14.125, 44.84375], [14.25, 44.84375], [14.34375, 45.0625], [14.3125, 45.34375], [14.4375, 45.8125], [14.375, 46.15625], [14.46875, 46.15625], [14.6875, 45.75], [14.8125, 45.75], [14.875, 45.875], [15.3125, 45.90625], [15.3125, 45.71875], [15.40625, 45.65625], [15.375, 45.34375], [15.6875, 45.46875], [15.84375, 45.9375], [16.125, 45.84375], [16.125, 45.59375], [15.5625, 44.96875], [15.375, 44.875], [15.375, 44.65625], [15.21875, 44.46875], [15.25, 44.3125], [15.375, 44.3125], [15.5, 44.65625], [15.875, 45.0], [16.0, 44.90625], [16.21875, 45.0], [16.15625, 45.3125], [16.4375, 45.5625], [16.4375, 46.0], [16.6875, 46.0], [16.84375, 45.5625], [16.5, 45.15625], [16.40625, 44.5], [16.1875, 44.25], [16.25, 43.96875], [16.125, 43.75], [16.25, 43.6875], [16.25, 43.53125], [16.5625, 43.59375], [16.90625, 43.3125], [17.03125, 43.34375], [17.09375, 43.5], [17.46875, 43.40625], [17.25, 43.71875], [17.875, 43.71875], [17.90625, 43.96875], [18.03125, 44.03125], [17.84375, 44.1875], [17.875, 44.3125], [18.71875, 44.21875], [18.96875, 44.0], [19.4375, 43.875], [19.25, 43.53125], [19.59375, 43.5], [19.625, 43.375], [19.40625, 43.15625], [19.28125, 43.15625], [19.25, 42.84375], [18.90625, 42.78125], [18.875, 42.5], [18.53125, 42.5], [18.4375, 42.3125], [18.53125, 42.1875], [19.40625, 42.28125], [19.5625, 42.375], [19.5625, 42.5625], [19.71875, 42.53125], [20.03125, 42.65625], [20.09375, 42.5], [20.1875, 42.625], [20.46875, 42.71875], [20.53125, 42.40625], [19.96875, 42.375], [20.0, 41.90625], [20.59375, 41.78125], [20.71875, 41.90625], [20.75, 42.15625], [21.0625, 42.1875], [21.21875, 42.40625], [21.40625, 42.40625], [21.4375, 42.53125], [21.75, 42.4375], [22.15625, 42.46875], [22.28125, 42.09375], [22.4375, 41.96875], [22.90625, 42.0], [22.90625, 42.125], [23.03125, 42.15625], [22.9375, 42.46875], [23.09375, 42.53125], [23.1875, 42.84375], [23.09375, 43.0625], [22.90625, 43.125], [22.84375, 43.40625], [22.6875, 43.40625], [22.6875, 43.28125], [22.1875, 43.1875], [22.09375, 43.03125], [21.75, 42.875], [21.375, 42.90625], [21.34375, 43.03125], [21.4375, 43.09375], [21.09375, 43.15625], [21.03125, 43.3125], [20.625, 43.375], [20.625, 43.53125], [20.78125, 43.625], [20.78125, 43.75], [20.96875, 43.8125], [20.8125, 44.09375], [20.78125, 44.75], [20.65625, 45.0], [20.25, 45.03125], [20.21875, 45.21875], [21.46875, 45.34375], [22.0, 45.1875], [22.0, 45.3125], [21.78125, 45.4375], [21.78125, 45.6875], [21.6875, 45.6875], [21.65625, 45.5], [21.5625, 45.5], [21.28125, 45.625], [21.1875, 45.84375], [21.3125, 45.875], [21.28125, 46.125], [21.375, 46.125], [21.46875, 45.875], [21.625, 45.78125], [21.625, 46.25], [21.46875, 46.25], [21.46875, 46.34375], [22.0625, 46.40625], [22.09375, 46.5], [22.3125, 46.34375], [22.375, 46.09375], [22.71875, 45.9375], [22.65625, 45.8125], [22.71875, 45.71875], [22.90625, 45.75], [22.84375, 46.03125], [23.34375, 46.34375], [23.875, 46.28125], [24.0, 46.125], [23.9375, 45.75], [24.25, 45.78125], [24.25, 46.0625], [24.53125, 46.15625], [24.53125, 46.34375], [24.71875, 46.5625], [24.84375, 46.5625], [24.875, 46.4375], [25.0, 46.53125], [25.25, 46.53125], [25.25, 46.4375], [25.53125, 46.3125], [25.53125, 46.15625], [26.03125, 46.09375], [26.1875, 45.875], [26.46875, 45.875], [26.5, 46.03125], [26.6875, 46.03125], [26.9375, 45.8125], [27.3125, 45.75], [27.21875, 45.875], [27.21875, 46.34375], [26.8125, 46.34375], [26.625, 46.4375], [26.09375, 46.34375], [25.90625, 46.46875], [25.90625, 46.59375], [26.3125, 46.6875], [26.5, 46.6875], [26.59375, 46.5625], [26.78125, 46.6875], [27.03125, 46.625], [26.96875, 46.78125], [26.71875, 46.78125], [26.71875, 46.90625], [26.9375, 47.0625], [26.875, 47.28125], [26.6875, 47.03125], [26.46875, 47.0625], [26.34375, 47.21875], [26.4375, 47.40625], [26.6875, 47.34375], [26.6875, 47.75], [26.5625, 47.71875], [26.5625, 47.59375], [26.40625, 47.59375], [26.375, 47.6875], [26.0, 47.78125], [26.03125, 47.90625], [26.4375, 48.0], [26.53125, 48.0], [26.5625, 47.84375], [26.90625, 47.9375], [26.6875, 48.0625], [26.71875, 48.21875], [26.59375, 48.21875], [26.65625, 48.59375], [26.34375, 48.5625], [26.0625, 48.9375], [25.34375, 48.78125], [24.9375, 48.84375], [25.0, 49.09375], [25.09375, 49.125], [24.875, 49.21875], [24.84375, 49.375], [24.375, 49.40625], [24.46875, 49.625], [24.6875, 49.6875], [24.6875, 49.8125], [25.0625, 49.75], [24.78125, 50.0625], [24.9375, 50.3125], [25.15625, 50.46875], [25.5625, 50.34375], [25.75, 50.5625], [25.75, 50.625], [25.4375, 50.625], [25.5, 50.78125], [25.28125, 50.84375], [25.34375, 50.96875], [25.125, 50.96875], [25.0625, 51.0625], [25.0, 50.96875], [24.8125, 51.03125], [24.625, 50.9375], [24.625, 51.09375], [24.9375, 51.4375], [25.46875, 51.5], [25.34375, 51.84375], [25.59375, 51.9375], [25.78125, 52.1875], [26.46875, 52.4375], [26.75, 52.375], [26.75, 52.5625], [26.9375, 52.53125], [27.0625, 52.71875], [27.46875, 52.5], [27.78125, 52.53125], [27.96875, 52.84375], [28.34375, 52.84375], [28.6875, 53.0], [28.75, 53.3125], [28.90625, 53.3125], [29.0, 53.15625], [29.09375, 53.15625], [29.40625, 53.75], [29.71875, 53.84375], [29.84375, 53.84375], [29.875, 53.4375], [29.96875, 53.40625], [30.8125, 53.5625], [30.96875, 53.34375], [30.9375, 53.0], [31.15625, 53.0], [31.21875, 53.15625], [31.375, 53.21875], [31.28125, 53.5], [31.625, 53.53125], [31.625, 53.59375], [31.75, 53.59375], [31.6875, 53.28125], [31.8125, 53.125], [32.03125, 53.21875], [32.40625, 53.1875], [32.5625, 53.375], [32.5625, 53.59375], [32.40625, 53.625], [32.375, 53.78125], [32.6875, 53.75], [33.25, 53.875], [33.875, 53.8125], [34.0, 53.90625], [34.375, 53.84375], [34.40625, 53.625], [34.125, 53.5], [34.1875, 53.28125], [34.46875, 53.34375], [34.40625, 53.09375], [33.9375, 52.78125], [33.71875, 52.75], [33.65625, 52.59375], [34.46875, 52.6875], [34.46875, 52.5625], [34.59375, 52.5625], [34.625, 52.4375], [34.9375, 52.40625], [34.90625, 52.15625], [35.09375, 52.03125], [35.09375, 51.78125], [34.5, 51.65625], [34.59375, 51.46875], [34.3125, 51.4375], [34.25, 51.25], [34.5625, 51.375], [34.625, 51.125], [34.71875, 51.09375], [35.3125, 51.21875], [35.375, 51.125], [35.75, 51.0625], [35.8125, 50.90625], [35.4375, 50.625], [35.59375, 50.53125], [35.59375, 50.4375], [35.40625, 50.34375], [35.59375, 50.34375], [35.59375, 50.25], [35.8125, 50.3125], [35.90625, 50.21875], [36.0625, 50.28125], [36.15625, 50.1875], [36.3125, 50.1875], [36.28125, 50.3125], [36.40625, 50.3125], [36.40625, 50.46875], [36.71875, 50.625], [36.625, 50.71875], [36.71875, 50.9375], [37.28125, 51.0625], [37.21875, 51.15625], [37.15625, 51.0625], [36.34375, 51.0625], [36.375, 51.40625], [36.21875, 51.4375], [36.21875, 51.53125], [36.40625, 51.53125], [36.59375, 51.90625], [36.8125, 51.84375], [36.75, 52.0625], [36.90625, 51.9375], [37.3125, 52.0625], [37.03125, 52.625], [36.5, 52.5625], [36.5, 52.84375], [36.9375, 52.84375], [37.15625, 52.59375], [37.3125, 52.9375], [37.6875, 53.0625], [38.3125, 53.0625], [38.3125, 53.0], [39.09375, 52.84375], [39.125, 52.65625], [39.21875, 52.8125], [39.53125, 52.84375], [39.71875, 53.09375], [39.84375, 53.0625], [39.90625, 53.25], [40.1875, 53.21875], [40.25, 53.125], [40.46875, 53.3125], [40.8125, 53.28125], [40.71875, 53.4375], [40.625, 53.4375], [40.65625, 53.625], [40.3125, 53.6875], [40.3125, 53.8125], [40.5, 53.84375], [40.46875, 54.15625], [40.71875, 54.15625], [40.75, 54.25], [41.09375, 54.125], [41.46875, 54.125], [41.8125, 54.1875], [41.8125, 54.34375], [42.21875, 54.3125], [42.65625, 54.09375], [42.5625, 53.90625], [42.75, 53.84375], [42.6875, 53.625], [42.9375, 53.8125], [42.90625, 53.90625], [42.78125, 53.90625], [42.78125, 54.0], [43.03125, 54.03125], [43.03125, 53.875], [43.15625, 53.8125], [43.59375, 53.8125], [43.59375, 53.6875], [43.75, 53.65625], [43.71875, 53.46875], [43.84375, 53.46875], [43.90625, 53.59375], [44.4375, 53.59375], [44.65625, 53.71875], [44.78125, 53.6875], [44.78125, 53.53125], [44.84375, 53.625], [45.0625, 53.5625], [45.25, 53.71875], [45.78125, 53.625], [46.1875, 53.84375], [46.53125, 53.8125], [46.5625, 54.03125], [46.71875, 54.0625], [46.75, 54.21875], [47.125, 54.25], [48.25, 54.03125], [48.1875, 53.8125], [48.28125, 53.71875], [48.75, 53.59375], [48.71875, 53.71875], [48.5625, 53.75], [48.53125, 54.125], [49.125, 54.25], [49.40625, 54.21875], [49.5, 54.0625], [49.65625, 54.03125], [49.8125, 54.1875], [50.125, 54.15625], [49.84375, 54.34375], [49.84375, 54.4375], [50.0625, 54.46875], [50.21875, 54.25], [50.59375, 54.28125], [50.59375, 54.125], [50.15625, 53.9375], [50.1875, 53.8125], [50.09375, 53.78125], [50.15625, 53.6875], [50.625, 53.75], [50.71875, 53.5625], [51.0, 53.5625], [51.0, 53.46875], [51.21875, 53.40625], [51.59375, 53.40625], [51.625, 53.53125], [52.40625, 53.6875], [52.4375, 53.53125], [52.59375, 53.46875], [52.5, 53.3125], [52.5625, 53.125], [52.875, 53.25], [53.28125, 53.21875], [53.59375, 53.0625], [53.59375, 52.90625], [53.78125, 52.6875], [54.40625, 52.59375], [54.78125, 52.71875], [54.8125, 52.625], [54.9375, 52.625], [54.875, 52.34375], [54.9375, 52.28125], [55.21875, 52.40625], [55.09375, 52.625], [55.125, 52.8125], [55.28125, 52.71875], [55.59375, 52.8125], [55.40625, 53.125], [55.96875, 53.15625], [55.875, 53.0], [56.125, 52.84375], [56.3125, 52.96875], [56.4375, 52.875], [56.6875, 52.875], [56.5625, 52.96875], [56.53125, 53.15625], [56.71875, 53.1875], [56.84375, 53.34375], [56.78125, 53.53125], [56.9375, 53.53125], [56.96875, 53.65625], [57.25, 53.75], [57.40625, 53.59375], [57.84375, 53.5], [58.09375, 53.5625], [58.09375, 53.71875], [58.1875, 53.71875], [58.28125, 53.5625], [58.78125, 53.625], [58.8125, 53.46875], [59.0, 53.4375], [59.0, 53.34375], [58.875, 53.3125], [58.9375, 53.1875], [58.8125, 53.03125], [59.15625, 53.03125], [59.125, 52.8125], [58.96875, 52.8125], [58.96875, 52.71875], [58.78125, 52.65625], [58.8125, 52.46875], [58.96875, 52.4375], [59.03125, 52.625], [59.625, 52.625], [59.65625, 52.71875], [59.96875, 52.75], [59.84375, 52.8125], [59.875, 53.0625], [59.6875, 53.21875], [59.8125, 53.875], [59.96875, 53.84375], [59.96875, 53.71875], [60.21875, 53.5625], [60.53125, 53.46875], [60.78125, 53.5], [60.65625, 53.8125], [60.96875, 53.6875], [60.8125, 54.09375], [60.53125, 54.3125], [60.5, 54.625], [60.90625, 54.6875], [61.09375, 54.53125], [61.28125, 54.59375], [61.28125, 54.71875], [60.96875, 54.96875], [61.0625, 55.40625], [61.25, 55.4375], [61.25, 55.21875], [61.5, 55.15625], [61.40625, 54.90625], [61.53125, 54.78125], [61.53125, 54.625], [61.375, 54.5], [61.5625, 54.25], [61.75, 54.28125], [61.84375, 54.1875], [62.03125, 54.5625], [61.96875, 54.875], [62.1875, 54.78125], [62.21875, 54.9375], [62.375, 54.9375], [62.375, 54.78125], [62.5, 54.78125], [62.5625, 54.90625], [62.875, 54.96875], [62.875, 55.0625], [63.0625, 55.125], [63.28125, 55.4375], [63.40625, 55.4375], [63.4375, 55.625], [63.875, 55.5625], [63.875, 55.4375], [64.0, 55.4375], [64.0, 55.59375], [64.5625, 55.84375], [64.5625, 55.9375], [65.0625, 55.9375], [65.09375, 55.78125], [65.4375, 55.75], [65.5625, 55.96875], [65.78125, 56.03125], [65.78125, 56.125], [65.4375, 56.125], [65.4375, 56.28125], [65.59375, 56.34375], [65.53125, 56.5625], [65.78125, 56.5625], [65.8125, 56.4375], [65.96875, 56.4375], [65.96875, 56.5625], [66.65625, 56.53125], [66.8125, 56.71875], [67.125, 56.75], [67.03125, 56.875], [66.53125, 56.90625], [66.5625, 57.0625], [66.4375, 57.09375], [66.375, 57.3125], [66.5625, 57.3125], [66.5625, 57.40625], [66.6875, 57.40625], [66.71875, 57.25], [67.5625, 57.0], [67.96875, 57.0], [68.1875, 57.125], [68.1875, 57.25], [68.5, 57.1875], [68.84375, 57.28125], [68.84375, 57.1875], [68.65625, 57.0625], [68.875, 56.625], [69.0, 56.53125], [69.15625, 56.5625], [69.28125, 56.34375], [69.4375, 56.34375], [69.8125, 56.03125], [70.03125, 56.03125], [70.15625, 56.3125], [69.59375, 56.34375], [69.59375, 56.4375], [69.75, 56.5], [69.71875, 56.8125], [69.96875, 56.625], [70.25, 56.59375], [70.46875, 57.15625], [70.40625, 57.28125], [70.25, 57.28125], [70.25, 57.375], [70.375, 57.40625], [70.78125, 57.375], [70.8125, 57.125], [70.6875, 57.0625], [70.6875, 56.90625], [70.78125, 56.90625], [70.8125, 56.78125], [70.71875, 56.78125], [70.71875, 56.6875], [70.84375, 56.75], [71.3125, 56.6875], [71.5, 56.5], [71.875, 56.46875], [71.96875, 56.375], [72.15625, 56.5625], [72.625, 56.46875], [72.53125, 56.6875], [72.9375, 56.6875], [72.9375, 56.84375], [73.25, 56.875], [73.28125, 57.03125], [72.9375, 57.28125], [72.9375, 57.40625], [73.125, 57.5], [72.96875, 57.71875], [72.75, 57.875], [72.59375, 57.8125], [72.375, 57.90625], [72.3125, 58.0625], [73.03125, 58.0], [73.4375, 58.125], [73.46875, 58.40625], [73.3125, 58.59375], [72.75, 58.6875], [72.875, 59.0], [73.40625, 58.9375], [73.375, 58.75], [73.59375, 58.5], [73.59375, 58.34375], [73.84375, 58.4375], [73.84375, 58.3125], [74.03125, 58.1875], [74.03125, 58.4375], [74.4375, 58.5], [74.4375, 58.40625], [74.25, 58.3125], [74.5, 58.34375], [74.5, 58.15625], [74.6875, 58.0625], [74.6875, 57.9375], [74.96875, 57.9375], [74.90625, 57.84375], [74.96875, 57.65625], [74.6875, 57.59375], [74.59375, 57.59375], [74.59375, 57.71875], [74.71875, 57.75], [74.71875, 57.84375], [73.90625, 57.78125], [73.9375, 57.5], [73.8125, 57.375], [73.6875, 56.75], [73.375, 56.6875], [73.3125, 56.5], [73.03125, 56.40625], [73.0, 56.28125], [72.78125, 56.3125], [72.78125, 56.1875], [72.96875, 56.09375], [73.0, 55.9375], [72.375, 56.1875], [72.375, 56.09375], [72.53125, 56.09375], [72.8125, 55.6875], [73.0625, 55.5625], [73.625, 55.53125], [73.75, 55.9375], [74.03125, 55.96875], [74.15625, 56.09375], [74.125, 56.40625], [74.21875, 56.5], [74.09375, 56.53125], [74.03125, 56.78125], [74.21875, 56.875], [74.15625, 57.09375], [74.21875, 57.28125], [74.46875, 57.25], [74.59375, 56.65625], [74.71875, 56.5], [74.875, 56.5], [74.90625, 56.1875], [74.78125, 56.125], [74.8125, 55.96875], [74.5625, 55.9375], [74.40625, 55.75], [74.28125, 55.75], [74.15625, 55.90625], [74.125, 55.625], [73.9375, 55.65625], [73.75, 55.5], [73.875, 55.28125], [74.0, 55.28125], [73.96875, 55.0625], [74.15625, 55.125], [74.15625, 55.0], [74.0, 54.96875], [74.0, 54.75], [73.90625, 54.6875], [74.21875, 54.625], [74.65625, 54.09375], [74.40625, 54.15625], [74.3125, 53.96875], [74.0625, 54.09375], [73.9375, 54.0625], [73.875, 53.8125], [73.65625, 53.75], [73.6875, 53.5], [73.8125, 53.5], [73.78125, 53.6875], [73.875, 53.6875], [73.96875, 53.40625], [74.125, 53.40625], [74.125, 53.25], [74.28125, 53.25], [74.46875, 52.9375], [75.4375, 53.0], [75.84375, 53.21875], [76.65625, 53.21875], [76.75, 53.125], [77.21875, 53.0625], [77.21875, 52.96875], [76.84375, 52.84375], [76.53125, 52.96875], [76.28125, 52.90625], [76.1875, 52.78125], [76.0, 52.75], [75.9375, 52.5625], [75.21875, 52.3125], [75.125, 51.9375], [74.71875, 51.96875], [74.6875, 51.90625], [74.71875, 51.78125], [75.0, 51.8125], [74.96875, 51.65625], [75.25, 51.5], [75.25, 51.40625], [75.125, 51.40625], [75.03125, 51.28125], [75.28125, 51.25], [75.3125, 51.125], [74.90625, 51.03125], [75.21875, 50.625], [75.4375, 50.65625], [75.53125, 50.46875], [75.90625, 50.4375], [76.40625, 50.59375], [77.125, 50.5625], [77.0, 50.375], [76.4375, 50.21875], [76.34375, 50.09375], [76.71875, 49.96875], [76.78125, 49.65625], [76.125, 49.625], [76.28125, 49.40625], [76.625, 49.3125], [76.6875, 49.125], [76.625, 48.9375], [76.28125, 48.875], [76.25, 48.78125], [76.53125, 48.75], [76.5625, 48.59375], [76.71875, 48.59375], [76.6875, 48.84375], [76.90625, 48.875], [77.0, 48.75], [77.25, 48.78125], [77.375, 48.65625], [77.78125, 48.625], [78.0625, 48.40625], [78.0625, 48.28125], [77.28125, 48.34375], [77.28125, 48.28125], [76.84375, 48.28125], [76.78125, 48.15625], [76.5625, 48.15625], [76.5625, 48.34375], [76.21875, 48.5], [76.09375, 48.46875], [76.09375, 48.375], [75.84375, 48.40625], [75.84375, 48.125], [76.125, 47.625], [76.3125, 47.59375], [76.1875, 47.375], [76.53125, 47.25], [76.71875, 47.0625], [77.0, 47.0], [77.03125, 47.0625], [77.53125, 47.0], [77.625, 47.25], [77.875, 47.3125], [77.84375, 47.0], [78.125, 46.875], [78.53125, 46.96875], [78.5625, 46.6875], [78.375, 46.6875], [78.375, 46.5625], [77.84375, 46.71875], [77.78125, 46.5625], [77.34375, 46.25], [77.5, 45.96875], [77.75, 46.0], [77.71875, 45.875], [77.59375, 45.90625], [77.59375, 45.78125], [77.75, 45.78125], [77.71875, 45.65625], [78.03125, 45.65625], [78.0625, 45.84375], [78.21875, 45.84375], [78.1875, 45.5625], [78.09375, 45.5], [78.15625, 45.28125], [77.875, 45.375], [77.84375, 45.1875], [78.21875, 45.125], [78.28125, 45.0], [78.40625, 45.25], [78.53125, 45.28125], [78.6875, 45.0625], [78.90625, 45.125], [79.03125, 45.03125], [79.125, 45.0625], [79.09375, 45.3125], [79.1875, 45.3125], [79.53125, 44.875], [79.53125, 44.625], [79.65625, 44.5625], [79.84375, 44.03125], [79.9375, 44.0], [80.03125, 44.15625], [80.21875, 44.21875], [80.25, 44.375], [80.375, 44.375], [80.5625, 44.1875], [80.5625, 44.03125], [80.8125, 44.03125], [80.84375, 43.84375], [81.0, 43.71875], [81.34375, 43.75], [81.65625, 43.65625], [81.65625, 43.8125], [81.8125, 43.8125], [81.90625, 43.59375], [82.21875, 43.5], [82.09375, 43.3125], [82.21875, 43.125], [82.0625, 43.0], [82.34375, 42.90625], [82.34375, 42.625], [81.875, 42.65625], [81.9375, 42.40625], [81.84375, 42.40625], [81.84375, 42.3125], [81.96875, 42.3125], [82.0, 42.15625], [82.21875, 42.125], [82.125, 41.875], [82.28125, 41.75], [82.375, 41.75], [82.40625, 41.90625], [82.625, 41.90625], [82.65625, 42.0625], [82.8125, 42.0625], [82.78125, 41.84375], [82.65625, 41.84375], [82.78125, 41.5625], [82.53125, 41.53125], [82.46875, 41.65625], [82.1875, 41.40625], [82.34375, 41.21875], [82.625, 41.21875], [82.625, 41.125], [82.9375, 41.0625], [83.0, 40.75], [82.84375, 40.75], [82.75, 40.65625], [82.78125, 40.53125], [83.09375, 40.4375], [83.125, 40.25], [83.28125, 40.1875], [83.28125, 40.09375], [83.15625, 40.09375], [82.875, 40.21875], [82.875, 40.03125], [82.71875, 40.0625], [82.6875, 39.4375], [83.1875, 39.5625], [83.375, 39.5], [83.375, 39.59375], [83.625, 39.53125], [83.65625, 39.75], [83.78125, 39.8125], [84.59375, 39.78125], [84.65625, 39.96875], [84.875, 39.96875], [84.90625, 39.8125], [85.1875, 39.78125], [85.1875, 39.59375], [85.09375, 39.5625], [85.15625, 39.40625], [85.0, 39.375], [84.90625, 39.375], [84.90625, 39.5], [84.65625, 39.4375], [84.5625, 39.53125], [83.78125, 39.625], [83.71875, 39.46875], [83.625, 39.46875], [83.65625, 39.28125], [83.5, 39.15625], [83.5625, 38.96875], [83.5, 38.71875], [83.6875, 38.59375], [83.6875, 38.4375], [84.0, 38.46875], [84.03125, 38.125], [84.1875, 37.90625], [84.4375, 38.09375], [84.5625, 37.84375], [85.0625, 37.9375], [85.4375, 37.875], [85.40625, 37.71875], [85.125, 37.6875], [85.09375, 37.5], [85.28125, 37.4375], [85.3125, 37.1875], [85.53125, 37.0], [85.625, 36.59375], [85.84375, 36.53125], [86.34375, 36.65625], [86.40625, 36.15625], [86.3125, 36.0], [86.40625, 35.75], [86.59375, 35.84375], [86.5625, 35.53125], [86.6875, 35.53125], [86.6875, 35.34375], [86.78125, 35.34375], [86.8125, 35.1875], [86.9375, 35.1875], [86.9375, 34.8125], [87.125, 35.03125], [87.28125, 35.03125], [87.125, 34.71875], [87.375, 34.5625], [87.40625, 34.3125], [87.625, 34.1875], [87.65625, 34.03125], [87.8125, 34.0], [87.8125, 33.875], [88.4375, 33.9375], [88.4375, 33.84375], [88.3125, 33.8125], [88.34375, 33.6875], [88.1875, 33.625], [88.25, 33.3125], [88.15625, 33.25], [88.34375, 33.09375], [88.34375, 32.78125], [88.5625, 32.625], [88.5625, 32.46875], [88.75, 32.40625], [88.71875, 32.25], [88.9375, 32.1875], [89.21875, 32.25], [89.15625, 31.9375], [89.46875, 31.75], [89.4375, 31.625], [89.75, 31.53125], [89.75, 31.1875], [89.53125, 31.1875], [89.28125, 31.0], [89.25, 30.59375], [89.84375, 30.5], [89.9375, 30.375], [90.53125, 30.75], [91.1875, 30.84375], [91.1875, 30.75], [91.0625, 30.75], [91.09375, 30.59375], [90.84375, 30.25], [90.84375, 30.0625], [90.6875, 30.03125], [90.71875, 29.90625], [90.65625, 29.90625], [90.75, 29.40625], [90.84375, 29.40625], [90.84375, 29.28125], [91.03125, 29.28125], [90.96875, 29.03125], [90.75, 29.09375], [90.75, 29.1875], [90.28125, 29.21875], [90.28125, 29.0], [90.40625, 28.96875], [90.46875, 28.75], [90.78125, 28.5], [91.0, 28.5], [91.09375, 28.40625], [91.25, 28.5], [91.46875, 28.03125], [91.71875, 27.90625], [91.71875, 27.71875], [92.125, 27.375], [92.15625, 27.1875], [92.625, 27.34375], [92.65625, 27.0], [92.53125, 27.0], [92.46875, 26.84375], [92.5, 26.5625], [92.71875, 26.5], [92.90625, 26.90625], [93.25, 26.90625], [93.21875, 26.71875], [93.34375, 26.71875], [93.4375, 26.5], [93.125, 26.0625], [93.09375, 25.8125], [93.8125, 25.5625], [93.9375, 25.8125], [94.09375, 25.9375], [94.28125, 25.9375], [94.28125, 25.75], [94.1875, 25.71875], [94.3125, 25.53125], [94.4375, 25.46875], [94.65625, 25.53125], [94.78125, 25.21875], [94.96875, 25.25], [95.09375, 25.0625], [95.5, 25.03125], [95.5625, 24.9375], [95.78125, 24.9375], [95.75, 25.4375], [95.875, 25.4375], [95.875, 25.625], [96.0625, 25.6875], [96.09375, 25.4375], [96.0, 25.3125], [96.3125, 25.15625], [96.28125, 25.0], [96.15625, 25.0], [96.25, 24.84375], [96.8125, 25.0], [96.75, 25.25], [96.84375, 25.46875], [96.71875, 25.75], [96.875, 25.78125], [97.03125, 25.34375], [97.0, 25.125], [97.125, 25.0625], [97.125, 24.90625], [96.9375, 24.90625], [96.875, 24.5], [97.03125, 24.625], [97.28125, 24.40625], [97.3125, 24.53125], [97.6875, 24.59375], [97.78125, 24.71875], [98.03125, 24.71875], [98.0, 24.25], [98.25, 24.1875], [98.21875, 23.9375], [98.46875, 23.90625], [98.46875, 23.625], [98.78125, 23.53125], [98.9375, 23.59375], [99.1875, 23.46875], [99.40625, 23.53125], [99.5, 23.75], [99.65625, 23.78125], [99.96875, 24.15625], [100.125, 24.1875], [100.125, 24.09375], [100.21875, 24.09375], [100.28125, 24.25], [100.5625, 24.34375], [100.59375, 24.15625], [100.15625, 23.875], [100.4375, 23.625], [100.65625, 23.6875], [100.65625, 23.5], [101.03125, 23.5625], [101.15625, 23.71875], [101.3125, 23.6875], [101.34375, 23.4375], [101.28125, 23.28125], [101.15625, 23.25], [101.15625, 23.0], [101.0625, 22.90625], [101.28125, 22.875], [101.375, 23.0], [101.5, 22.96875], [101.53125, 22.75], [101.34375, 22.65625], [101.46875, 22.65625], [101.65625, 22.3125], [101.84375, 22.21875], [101.8125, 22.09375], [101.9375, 22.03125], [102.21875, 22.09375], [102.15625, 21.78125], [102.3125, 21.78125], [102.3125, 21.6875], [102.8125, 21.625], [103.0, 21.71875], [103.0, 21.59375], [103.0625, 21.53125], [103.21875, 21.59375], [103.28125, 21.4375], [103.5, 21.6875], [103.75, 21.5625], [103.8125, 22.03125], [104.125, 22.25], [104.1875, 22.65625], [104.875, 22.78125], [104.875, 22.65625], [104.71875, 22.625], [104.78125, 22.25], [104.9375, 22.25], [105.15625, 22.09375], [105.34375, 21.75], [105.6875, 21.84375], [105.65625, 22.0], [105.875, 22.0], [106.03125, 21.75], [106.21875, 21.75], [106.375, 21.59375], [106.53125, 21.625], [106.6875, 21.71875], [106.90625, 22.34375], [107.03125, 22.34375], [107.0625, 22.03125], [106.9375, 22.0], [106.875, 21.5], [107.0625, 21.375], [107.75, 21.4375], [107.78125, 21.28125], [108.15625, 21.375], [108.34375, 21.3125], [108.34375, 21.1875], [108.46875, 21.1875], [108.46875, 21.28125], [108.59375, 21.28125], [108.65625, 21.40625], [108.9375, 21.40625], [109.0625, 21.3125], [109.03125, 21.5], [109.40625, 21.625], [109.40625, 21.75], [109.71875, 21.875], [109.875, 21.5625], [109.78125, 20.96875], [110.0625, 21.0], [110.09375, 21.15625], [110.28125, 21.25], [110.4375, 21.21875], [110.4375, 21.125], [110.28125, 21.09375], [110.3125, 21.0], [110.40625, 21.09375], [110.5625, 21.0], [110.65625, 21.09375], [110.84375, 21.0625], [111.40625, 21.65625], [111.40625, 21.78125], [111.65625, 21.84375], [111.59375, 21.375], [111.78125, 21.375], [111.875, 21.21875], [111.9375, 21.4375], [112.3125, 21.65625], [112.375, 21.375], [112.625, 21.25], [112.625, 21.03125], [112.46875, 21.0], [112.5, 20.8125], [112.59375, 20.84375], [112.625, 21.0], [112.84375, 21.03125], [112.875, 20.84375], [113.15625, 20.75], [113.0625, 20.59375], [113.125, 20.4375], [113.3125, 20.46875], [113.34375, 20.875], [113.75, 20.8125], [113.78125, 20.625], [113.59375, 20.4375], [113.75, 20.40625], [113.84375, 20.25], [113.96875, 20.25], [114.03125, 20.4375], [114.21875, 20.4375], [114.3125, 20.65625], [115.125, 20.53125], [115.15625, 20.34375], [115.46875, 20.34375], [115.53125, 20.59375], [115.625, 20.625], [115.59375, 21.0], [115.75, 21.03125], [116.0, 21.0], [116.15625, 20.75], [116.40625, 20.8125], [116.53125, 20.65625], [117.3125, 20.4375], [117.3125, 20.34375], [117.78125, 20.0625], [118.0625, 20.0625], [118.09375, 20.46875], [118.28125, 20.5], [118.34375, 20.65625], [118.8125, 20.65625], [118.96875, 20.75], [119.09375, 21.03125], [119.34375, 21.0625], [119.4375, 20.625], [119.71875, 20.65625], [119.78125, 20.8125], [119.90625, 20.8125], [120.0625, 20.65625], [120.28125, 20.6875], [120.3125, 20.46875], [120.6875, 20.21875], [120.90625, 20.21875], [120.875, 20.34375], [121.0625, 20.375], [121.125, 20.25], [121.53125, 20.28125], [121.5625, 20.1875], [121.8125, 20.09375], [121.8125, 20.375], [122.03125, 20.40625], [122.1875, 20.28125], [122.40625, 20.375], [122.65625, 20.15625], [122.90625, 20.15625], [123.09375, 20.03125], [122.9375, 20.1875], [122.53125, 20.34375], [122.65625, 20.65625], [122.84375, 20.75], [123.21875, 20.25], [123.8125, 20.28125], [123.90625, 20.0], [124.125, 19.90625], [124.3125, 19.96875], [124.3125, 19.875], [124.6875, 19.65625], [124.625, 19.375], [124.71875, 19.34375], [124.71875, 19.21875], [124.65625, 19.1875], [124.84375, 19.15625], [124.71875, 19.40625], [124.8125, 19.5625], [124.75, 19.71875], [124.65625, 19.71875], [124.53125, 19.96875], [124.34375, 20.03125], [124.3125, 20.25], [124.40625, 20.4375], [124.625, 20.34375], [124.625, 20.25], [124.78125, 20.25], [124.78125, 20.3125], [125.03125, 20.3125], [125.1875, 20.5], [125.34375, 20.5], [125.34375, 20.625], [125.5, 20.625], [125.5, 20.53125], [125.75, 20.5], [125.78125, 20.375], [125.875, 20.375], [125.875, 20.46875], [126.0625, 20.40625], [126.0625, 20.5], [126.40625, 20.8125], [126.625, 20.75], [126.625, 20.875], [126.84375, 20.90625], [126.71875, 20.9375], [126.6875, 21.09375], [127.0, 21.21875], [127.15625, 21.53125], [127.4375, 21.59375], [127.15625, 20.6875], [127.1875, 20.15625], [127.78125, 19.9375], [127.84375, 19.78125], [128.125, 19.65625], [128.15625, 19.46875], [128.40625, 19.34375], [128.6875, 19.34375], [128.71875, 19.25], [128.875, 19.3125], [128.96875, 19.15625], [129.3125, 19.21875], [129.5, 19.125], [129.5, 19.03125], [129.78125, 19.0625], [129.96875, 19.25], [130.21875, 19.28125], [130.5, 19.65625], [130.75, 19.6875], [130.78125, 19.875], [130.9375, 20.0], [131.21875, 19.9375], [131.40625, 20.1875], [131.5625, 20.1875], [131.46875, 20.5], [132.0625, 20.53125], [132.0625, 20.4375], [132.1875, 20.4375], [132.21875, 20.65625], [132.4375, 20.875], [132.40625, 21.15625], [132.65625, 21.34375], [132.875, 21.25], [132.875, 21.46875], [133.53125, 21.5625], [133.59375, 21.46875], [134.0, 21.46875], [134.125, 21.34375], [134.34375, 21.3125], [135.15625, 21.375], [135.125, 21.5], [134.46875, 21.6875], [134.34375, 21.8125], [133.71875, 21.78125], [133.53125, 21.875], [133.53125, 21.96875], [133.625, 21.9375], [133.8125, 21.96875], [133.5, 22.0], [133.46875, 22.28125], [133.5625, 22.4375], [133.78125, 22.46875], [133.84375, 22.71875], [134.0, 22.8125], [133.6875, 23.125], [133.78125, 23.71875], [134.1875, 24.0625], [134.59375, 24.1875], [135.25, 24.8125], [135.59375, 25.6875], [135.75, 25.75], [135.65625, 26.0], [135.78125, 26.03125], [135.6875, 26.0625], [135.6875, 26.1875], [135.8125, 26.4375], [136.625, 26.1875], [136.03125, 26.5], [136.15625, 26.90625], [136.40625, 27.0], [136.53125, 27.34375], [136.65625, 27.375], [136.625, 27.53125], [137.09375, 27.5], [137.375, 27.28125], [137.5625, 27.375], [137.78125, 27.21875], [137.5625, 27.53125], [137.46875, 27.53125], [137.4375, 27.75], [137.3125, 27.78125], [137.28125, 27.9375], [136.9375, 27.90625], [136.96875, 28.0625], [137.125, 28.09375], [137.125, 28.1875], [136.90625, 28.21875], [136.78125, 28.53125], [136.90625, 28.78125], [136.71875, 28.84375], [136.71875, 29.0], [136.8125, 29.0625], [136.71875, 29.1875], [136.53125, 29.21875], [136.53125, 29.375], [136.78125, 29.375], [136.90625, 29.5], [136.90625, 29.65625], [137.15625, 29.78125], [137.125, 29.96875], [137.4375, 29.84375], [137.53125, 30.03125], [137.65625, 30.0], [137.6875, 30.125], [137.84375, 30.125], [137.78125, 30.28125], [137.96875, 30.28125], [138.0625, 30.5625], [138.5, 30.59375], [138.875, 31.28125], [139.1875, 31.5], [139.1875, 31.625], [139.4375, 31.78125], [139.59375, 32.0625], [140.0, 31.96875], [140.21875, 32.125], [140.21875, 32.28125], [140.34375, 32.28125], [140.40625, 32.5625], [140.96875, 32.6875], [141.0, 32.78125], [141.625, 32.78125], [141.6875, 33.0], [141.9375, 33.0625], [142.03125, 33.21875], [142.84375, 33.1875], [143.25, 32.90625], [143.28125, 33.0], [143.15625, 33.0625], [143.21875, 33.21875], [143.40625, 33.15625], [144.09375, 33.21875], [144.25, 33.0625], [144.5625, 33.28125], [145.28125, 33.25], [145.25, 33.46875], [145.71875, 33.40625], [145.75, 33.3125], [145.78125, 33.4375], [146.34375, 33.59375], [147.1875, 33.59375], [147.125, 33.8125], [147.21875, 33.84375], [147.46875, 33.75], [147.34375, 33.59375], [147.75, 33.65625], [147.75, 33.53125], [148.28125, 33.5], [148.65625, 33.28125], [148.9375, 33.4375], [149.3125, 33.4375], [150.0625, 33.8125], [150.15625, 34.15625], [150.0625, 34.1875], [150.03125, 34.71875], [150.15625, 34.75], [150.0, 34.8125], [150.0, 34.96875], [149.71875, 35.0], [149.46875, 35.34375], [149.46875, 35.4375], [149.78125, 35.53125], [149.53125, 35.5625], [149.5, 35.8125], [149.375, 35.84375], [149.375, 35.96875], [149.5625, 36.0], [149.4375, 36.28125], [149.5625, 36.28125], [149.59375, 36.40625], [149.5, 36.5], [149.5, 36.75], [149.28125, 36.84375], [149.34375, 37.0625], [149.125, 36.96875], [149.0625, 36.375], [148.96875, 36.375], [148.90625, 36.21875], [148.78125, 36.25], [148.8125, 36.75], [148.9375, 36.78125], [149.0, 37.03125], [148.78125, 37.15625], [148.78125, 37.34375], [148.96875, 37.375], [148.6875, 37.4375], [148.6875, 37.53125], [148.53125, 37.5625], [148.53125, 37.6875], [148.65625, 37.8125], [148.65625, 38.03125], [148.75, 38.03125], [148.78125, 37.90625], [148.96875, 37.90625], [149.03125, 38.0], [148.78125, 38.21875], [148.46875, 38.25], [148.5625, 38.5], [148.4375, 38.5], [148.46875, 38.75], [148.59375, 38.75], [148.53125, 38.9375], [148.84375, 38.90625], [148.875, 38.78125], [149.03125, 38.75], [148.96875, 39.0625], [148.46875, 39.09375], [148.5625, 39.375], [148.6875, 39.40625], [148.625, 39.625], [148.71875, 39.6875], [148.625, 39.78125], [148.59375, 39.71875], [148.3125, 39.78125], [148.09375, 39.59375], [147.71875, 39.625], [147.6875, 39.53125], [147.25, 39.65625], [147.3125, 40.0625], [147.65625, 40.375], [147.84375, 40.84375], [148.9375, 41.9375], [149.28125, 42.0], [149.1875, 42.09375], [149.25, 42.375], [149.5, 42.4375], [149.625, 42.625], [149.90625, 42.59375], [149.90625, 42.78125], [150.09375, 42.78125], [150.125, 42.65625], [150.4375, 42.71875], [150.375, 43.09375], [150.65625, 43.09375], [150.53125, 43.28125], [150.625, 43.53125], [150.84375, 43.46875], [150.84375, 43.5625], [150.96875, 43.5625], [151.09375, 43.4375], [151.28125, 43.53125], [151.375, 43.375], [151.375, 43.46875], [151.53125, 43.5], [151.75, 43.8125], [151.90625, 43.8125], [152.03125, 43.6875], [152.03125, 43.53125], [152.3125, 43.59375], [152.375, 43.46875], [152.375, 43.34375], [152.25, 43.3125], [152.21875, 43.03125], [151.875, 42.8125], [151.71875, 42.8125], [151.65625, 42.90625], [151.40625, 42.875], [151.40625, 43.0625], [151.6875, 43.09375], [151.5625, 43.25], [151.125, 43.28125], [151.125, 43.09375], [150.75, 43.03125], [150.8125, 42.6875], [150.625, 42.5625], [150.5625, 42.3125], [149.96875, 42.09375], [149.71875, 42.28125], [149.53125, 41.96875], [149.1875, 41.78125], [149.03125, 41.0], [149.1875, 40.90625], [149.21875, 40.65625], [149.0, 40.40625], [149.0, 40.09375], [148.71875, 40.03125], [148.8125, 39.9375], [148.8125, 39.65625], [148.90625, 39.65625], [148.875, 39.5], [149.21875, 39.53125], [149.25, 39.21875], [149.625, 39.34375], [149.59375, 39.0625], [149.71875, 39.125], [149.875, 39.0625], [149.90625, 39.1875], [150.125, 39.09375], [150.3125, 39.21875], [150.28125, 39.46875], [150.40625, 39.59375], [150.46875, 40.03125], [150.71875, 40.125], [150.625, 40.4375], [150.75, 40.40625], [150.78125, 40.5625], [150.53125, 40.90625], [150.5, 41.21875], [150.6875, 41.25], [150.6875, 41.34375], [150.9375, 41.28125], [150.9375, 41.4375], [151.1875, 41.53125], [151.28125, 41.46875], [151.40625, 40.90625], [151.53125, 40.84375], [151.53125, 40.75], [151.375, 40.78125], [151.375, 40.6875], [151.625, 40.5625], [151.625, 40.75], [151.8125, 40.875], [151.8125, 41.4375], [151.71875, 41.5625], [152.0, 41.5], [152.375, 41.71875], [152.4375, 42.0], [152.25, 42.0625], [152.25, 42.21875], [152.375, 42.28125], [152.28125, 42.65625], [152.71875, 42.75], [152.5625, 43.09375], [152.59375, 43.375], [152.71875, 43.375], [152.75, 43.625], [152.46875, 43.78125], [152.46875, 43.96875], [152.5625, 44.25], [152.6875, 44.3125], [152.59375, 44.5], [152.78125, 44.53125], [152.78125, 44.6875], [152.875, 44.6875], [152.875, 44.5625], [153.375, 44.625], [153.6875, 44.5], [153.71875, 44.59375], [153.84375, 44.59375], [153.875, 44.46875], [154.09375, 44.4375], [154.15625, 44.125], [153.96875, 44.0625], [154.0, 43.90625], [153.90625, 43.90625], [153.84375, 43.75], [154.0, 43.65625], [154.0625, 43.78125], [154.3125, 43.78125], [154.3125, 43.625], [154.0, 43.40625], [153.78125, 43.40625], [153.65625, 43.21875], [153.9375, 43.25], [153.9375, 43.15625], [154.28125, 43.21875], [154.28125, 43.09375], [154.09375, 43.0], [154.15625, 42.9375], [154.65625, 43.0625], [154.5625, 43.09375], [154.5625, 43.5], [154.875, 43.46875], [154.875, 43.625], [155.21875, 43.65625], [155.25, 44.125], [155.40625, 44.09375], [155.53125, 43.8125], [155.78125, 43.71875], [155.78125, 43.84375], [155.90625, 43.8125], [156.09375, 43.96875], [156.25, 43.96875], [156.3125, 44.34375], [156.5625, 44.28125], [156.59375, 44.625], [156.84375, 44.625], [156.84375, 44.75], [157.0, 44.6875], [157.34375, 44.8125], [157.28125, 44.65625], [157.125, 44.625], [157.125, 44.5], [157.4375, 44.4375], [157.78125, 44.5625], [157.8125, 45.0], [158.03125, 44.9375], [158.25, 45.0], [158.28125, 45.09375], [158.46875, 45.03125], [158.625, 45.125], [158.625, 45.21875], [158.8125, 45.1875], [158.96875, 45.34375], [159.15625, 45.3125], [159.15625, 45.4375], [159.59375, 45.375], [159.65625, 45.5], [159.78125, 45.5], [160.09375, 45.40625], [160.21875, 45.25], [160.5625, 45.25], [160.5625, 45.34375], [160.75, 45.375], [160.75, 45.53125], [160.90625, 45.5], [161.0, 45.59375], [160.9375, 45.8125], [161.09375, 46.28125], [161.28125, 46.25], [161.21875, 46.09375], [161.375, 45.8125], [161.625, 45.90625], [161.625, 45.8125], [161.96875, 45.75], [162.09375, 46.15625], [161.53125, 46.25], [161.625, 46.625], [161.90625, 46.65625], [162.0, 46.8125], [162.09375, 46.8125], [162.125, 46.6875], [162.3125, 46.75], [162.34375, 47.15625], [162.625, 47.15625], [162.90625, 47.28125], [162.8125, 47.5], [163.125, 47.71875], [163.15625, 47.90625], [163.3125, 48.03125], [163.28125, 48.21875], [163.09375, 48.15625], [163.0625, 48.28125], [163.375, 48.375], [163.71875, 48.34375], [163.9375, 48.53125], [163.875, 48.71875], [164.0, 48.75], [164.09375, 48.75], [164.09375, 48.59375], [164.34375, 48.5625], [164.46875, 49.09375], [164.28125, 49.09375], [164.28125, 49.1875], [164.375, 49.3125], [164.5, 49.3125], [164.5625, 49.59375], [164.875, 49.75], [164.96875, 50.0625], [164.90625, 50.34375], [165.0625, 50.34375], [165.09375, 50.46875], [165.28125, 50.5625], [165.28125, 50.875], [165.4375, 50.875], [165.53125, 51.03125], [165.6875, 51.03125], [165.84375, 51.1875], [166.0, 51.1875], [166.125, 51.03125], [166.25, 51.34375], [166.34375, 51.34375], [166.375, 51.1875], [166.59375, 51.1875], [166.59375, 51.0], [166.40625, 50.65625], [166.21875, 50.53125], [166.21875, 50.375], [166.5, 50.1875], [166.84375, 49.375], [166.875, 48.34375], [166.6875, 48.21875], [166.6875, 47.96875], [166.875, 47.78125], [167.09375, 47.75], [167.21875, 47.375], [167.125, 47.09375], [167.21875, 46.6875], [167.0, 46.53125], [166.90625, 46.25], [166.90625, 45.96875], [167.03125, 45.8125], [166.84375, 45.8125], [166.59375, 45.5], [166.53125, 45.09375], [166.3125, 44.9375], [166.1875, 44.65625], [166.25, 44.46875], [166.5, 44.4375], [166.84375, 44.8125], [166.90625, 45.09375], [167.0, 45.09375], [167.03125, 44.875], [167.21875, 44.75], [167.21875, 44.625], [167.40625, 44.65625], [167.4375, 44.46875], [167.25, 44.09375], [167.3125, 43.34375], [167.40625, 43.34375], [167.4375, 43.125], [167.25, 42.90625], [167.34375, 42.15625], [167.3125, 42.0], [167.1875, 42.0], [167.25, 41.875], [167.25, 41.28125], [167.125, 41.1875], [167.1875, 40.71875], [167.09375, 40.65625], [167.09375, 40.5], [166.96875, 40.5], [166.84375, 40.5625], [166.75, 40.78125], [166.5625, 40.84375], [166.4375, 40.1875], [165.96875, 39.875], [165.9375, 39.40625], [166.03125, 39.375], [166.03125, 39.125], [165.875, 39.0625], [165.84375, 38.5625], [165.5625, 38.28125], [165.5, 38.0625], [165.5, 37.3125], [165.78125, 37.28125], [165.84375, 37.125], [166.03125, 37.1875], [166.21875, 37.09375], [166.28125, 36.15625], [166.5, 36.09375], [166.5, 35.90625], [166.34375, 35.84375], [166.34375, 35.71875], [166.6875, 35.375], [166.84375, 35.375], [166.96875, 35.09375], [167.03125, 35.25], [167.21875, 35.21875], [167.0, 35.6875], [166.96875, 36.0625], [167.375, 35.84375], [167.75, 35.875], [168.15625, 35.5625], [168.3125, 35.59375], [168.21875, 35.28125], [168.5, 35.0625], [168.5, 34.8125], [168.40625, 34.6875], [168.625, 34.53125], [168.75, 34.28125], [168.875, 34.25], [168.90625, 33.875], [168.96875, 33.875], [168.96875, 33.78125], [168.75, 33.75], [168.625, 33.59375], [168.8125, 33.03125], [168.9375, 33.21875], [169.0625, 33.1875], [168.96875, 32.875], [169.40625, 32.875], [169.5, 33.09375], [169.59375, 33.09375], [169.5, 32.75], [169.71875, 32.71875], [169.90625, 32.4375], [170.4375, 32.46875], [170.25, 33.0], [170.1875, 33.53125], [170.5, 33.5], [170.53125, 33.34375], [170.40625, 33.28125], [170.375, 33.03125], [170.625, 32.6875], [170.78125, 32.65625], [170.84375, 32.28125], [171.09375, 32.1875], [171.3125, 32.3125], [171.375, 32.46875], [171.5, 32.46875], [171.53125, 32.6875], [171.78125, 32.90625], [171.8125, 33.4375], [171.71875, 33.625], [171.8125, 33.625], [171.96875, 33.46875], [172.125, 32.9375], [172.21875, 33.09375], [172.34375, 33.09375], [172.34375, 32.9375], [172.5, 32.8125], [172.6875, 32.8125], [172.71875, 32.6875], [173.03125, 32.6875], [173.03125, 32.5], [173.5625, 32.34375], [173.5625, 32.21875], [173.34375, 32.0], [173.34375, 31.71875], [173.4375, 31.71875], [173.4375, 31.625], [173.34375, 31.625], [173.3125, 31.5], [173.09375, 31.53125], [173.0625, 31.4375], [173.0625, 31.3125], [173.28125, 31.28125], [173.4375, 31.0625], [173.5, 31.09375], [173.40625, 31.28125], [173.5625, 31.25], [173.6875, 31.53125], [173.875, 31.53125], [173.84375, 31.375], [174.03125, 31.21875], [174.03125, 31.0625], [173.84375, 31.0625], [173.78125, 30.96875], [174.375, 30.78125], [174.3125, 31.0], [174.21875, 31.0], [174.1875, 31.34375], [174.34375, 31.40625], [174.375, 31.625], [174.5, 31.625], [174.59375, 31.53125], [174.5625, 31.25], [174.78125, 31.0625], [175.5625, 31.1875], [175.5, 30.625], [175.9375, 30.875], [175.9375, 30.375], [176.09375, 30.375], [176.09375, 30.125], [176.03125, 30.125], [176.09375, 30.0], [176.65625, 30.125], [176.6875, 30.34375], [176.90625, 30.5625], [176.90625, 30.65625], [176.8125, 30.65625], [176.90625, 30.96875], [177.0, 30.96875], [177.09375, 30.8125], [177.40625, 30.84375], [177.4375, 30.53125], [177.15625, 30.46875], [177.0625, 30.28125], [177.0625, 30.125], [177.28125, 29.84375], [177.28125, 29.53125], [177.53125, 29.375], [177.5625, 29.625], [177.84375, 29.65625], [178.0625, 29.8125], [178.1875, 30.0625], [178.46875, 30.15625], [178.59375, 29.9375], [178.59375, 29.6875], [178.90625, 29.625], [179.09375, 29.6875], [179.34375, 29.53125], [179.28125, 29.125], [179.1875, 29.125], [179.09375, 29.28125], [178.90625, 29.21875], [178.875, 28.8125], [179.125, 28.78125], [179.125, 28.65625], [179.28125, 28.65625], [179.34375, 28.5625], [179.625, 28.59375], [179.84375, 28.90625], [179.96875, 28.84375], [179.96875, 86.0], [177.34375, 86.1875], [170.03125, 86.375]], [[131.8125, 85.46875], [132.59375, 85.46875], [132.59375, 85.375], [131.8125, 85.375], [131.8125, 85.46875]], [[-36.71875, 85.0625], [-36.28125, 85.0625], [-36.28125, 84.96875], [-36.71875, 84.96875], [-36.71875, 85.0625]], [[113.21875, 84.8125], [114.84375, 84.71875], [115.0, 84.625], [115.0, 84.5], [112.40625, 84.5625], [111.78125, 84.5], [116.03125, 84.375], [118.0, 84.1875], [118.0, 84.0625], [117.28125, 83.9375], [112.75, 83.875], [108.96875, 84.0], [104.9375, 84.3125], [104.9375, 84.40625], [105.46875, 84.59375], [106.78125, 84.6875], [113.21875, 84.8125]], [[-121.6875, 84.25], [-119.875, 84.0625], [-119.875, 83.96875], [-120.28125, 83.9375], [-120.28125, 83.84375], [-120.59375, 83.75], [-120.28125, 83.71875], [-120.21875, 83.625], [-119.21875, 83.59375], [-118.90625, 83.40625], [-118.90625, 83.3125], [-119.96875, 83.25], [-120.8125, 83.34375], [-120.875, 83.46875], [-122.03125, 83.8125], [-122.03125, 83.90625], [-121.28125, 83.96875], [-121.65625, 84.09375], [-121.6875, 84.25]], [[-60.28125, 83.40625], [-59.3125, 83.34375], [-59.3125, 83.25], [-60.09375, 83.28125], [-60.28125, 83.3125], [-60.28125, 83.40625]], [[-61.875, 83.34375], [-60.3125, 83.375], [-60.3125, 83.28125], [-61.875, 83.25], [-61.875, 83.34375]], [[-107.5, 83.21875], [-107.40625, 83.21875], [-107.40625, 83.125], [-107.5, 83.125], [-107.5, 83.21875]], [[94.78125, 82.9375], [95.59375, 82.84375], [95.59375, 82.75], [92.0, 82.8125], [92.0, 82.90625], [94.78125, 82.9375]], [[90.5, 82.6875], [91.96875, 82.6875], [91.96875, 82.59375], [90.5, 82.59375], [90.5, 82.6875]], [[92.34375, 82.65625], [92.6875, 82.625], [92.6875, 82.53125], [92.34375, 82.5625], [92.34375, 82.65625]], [[71.09375, 82.4375], [72.96875, 82.3125], [73.09375, 82.28125], [73.09375, 82.1875], [71.59375, 82.1875], [71.09375, 82.28125], [71.09375, 82.4375]], [[87.59375, 82.34375], [88.28125, 82.375], [88.3125, 82.25], [87.59375, 82.21875], [87.59375, 82.34375]], [[-23.71875, 82.125], [-23.375, 82.0625], [-23.3125, 81.9375], [-23.71875, 82.03125], [-23.71875, 82.125]], [[58.5, 81.71875], [58.59375, 81.71875], [58.59375, 81.625], [58.5, 81.625], [58.5, 81.71875]], [[62.3125, 81.625], [63.4375, 81.5625], [63.4375, 81.46875], [62.3125, 81.5], [62.3125, 81.625]], [[30.65625, 80.3125], [30.90625, 80.3125], [30.90625, 80.21875], [30.6875, 80.1875], [30.65625, 80.3125]], [[30.59375, 80.15625], [30.6875, 80.15625], [30.6875, 80.03125], [30.53125, 80.0], [30.59375, 80.15625]], [[17.90625, 79.71875], [18.6875, 79.75], [18.6875, 79.65625], [17.90625, 79.625], [17.90625, 79.71875]], [[165.875, 73.375], [166.15625, 73.34375], [166.15625, 73.25], [165.875, 73.28125], [165.875, 73.375]], [[166.625, 73.0625], [166.84375, 73.0625], [166.84375, 72.9375], [167.09375, 72.875], [167.0, 72.625], [166.78125, 72.5625], [166.75, 72.90625], [166.625, 73.0625]], [[102.25, 70.28125], [102.4375, 70.34375], [102.4375, 70.0625], [102.25, 70.09375], [102.25, 70.28125]], [[104.0625, 70.28125], [104.25, 70.25], [104.1875, 70.03125], [104.03125, 70.03125], [104.0625, 70.28125]], [[92.21875, 68.03125], [92.3125, 68.03125], [92.28125, 67.78125], [92.125, 67.875], [92.21875, 68.03125]], [[93.40625, 67.875], [93.5, 67.875], [93.5, 67.78125], [93.40625, 67.78125], [93.40625, 67.875]], [[-110.59375, 67.78125], [-110.375, 67.78125], [-110.375, 67.65625], [-110.53125, 67.625], [-110.59375, 67.78125]], [[-110.125, 67.75], [-109.96875, 67.75], [-109.96875, 67.65625], [-110.15625, 67.625], [-110.125, 67.75]], [[-101.8125, 67.4375], [-101.59375, 67.40625], [-101.59375, 67.3125], [-101.875, 67.3125], [-101.8125, 67.4375]], [[81.78125, 66.25], [81.90625, 66.21875], [81.875, 66.0625], [81.78125, 66.0625], [81.78125, 66.25]], [[81.4375, 66.03125], [81.53125, 66.03125], [81.53125, 65.9375], [81.4375, 65.9375], [81.4375, 66.03125]], [[-121.0625, 65.84375], [-120.96875, 65.84375], [-120.96875, 65.71875], [-121.0625, 65.71875], [-121.0625, 65.84375]], [[-126.90625, 65.28125], [-126.46875, 65.34375], [-126.46875, 65.1875], [-126.90625, 65.15625], [-126.90625, 65.28125]], [[-139.53125, 64.375], [-139.34375, 64.34375], [-139.34375, 64.25], [-139.5, 64.21875], [-139.53125, 64.375]], [[-140.71875, 63.96875], [-140.5, 63.96875], [-140.5, 63.875], [-140.1875, 63.75], [-140.1875, 63.65625], [-140.5625, 63.6875], [-140.59375, 63.84375], [-140.75, 63.84375], [-140.71875, 63.96875]], [[-140.03125, 63.90625], [-139.9375, 63.90625], [-139.9375, 63.78125], [-140.125, 63.6875], [-140.03125, 63.90625]], [[-140.15625, 63.4375], [-139.875, 63.4375], [-139.78125, 63.1875], [-139.96875, 63.3125], [-140.25, 63.09375], [-140.28125, 62.9375], [-140.46875, 62.96875], [-140.5, 63.09375], [-140.4375, 63.1875], [-140.28125, 63.1875], [-140.15625, 63.4375]], [[-142.3125, 63.1875], [-142.1875, 63.1875], [-142.1875, 63.09375], [-142.3125, 63.09375], [-142.3125, 63.1875]], [[-141.96875, 62.875], [-141.71875, 62.875], [-141.71875, 62.71875], [-141.96875, 62.65625], [-141.96875, 62.875]], [[-141.875, 62.59375], [-141.78125, 62.59375], [-141.78125, 62.5], [-141.875, 62.5], [-141.875, 62.59375]], [[-141.75, 62.46875], [-141.65625, 62.46875], [-141.65625, 62.375], [-141.75, 62.375], [-141.75, 62.46875]], [[-143.53125, 62.21875], [-143.375, 62.21875], [-143.375, 62.125], [-143.53125, 62.125], [-143.53125, 62.21875]], [[-143.90625, 62.1875], [-143.6875, 62.1875], [-143.6875, 62.09375], [-143.875, 62.0], [-143.90625, 62.1875]], [[-143.5, 61.90625], [-143.375, 61.90625], [-143.375, 61.8125], [-143.5, 61.8125], [-143.5, 61.90625]], [[-145.25, 61.53125], [-144.625, 61.46875], [-144.625, 61.28125], [-144.78125, 61.21875], [-144.53125, 61.1875], [-144.53125, 61.0625], [-144.75, 60.96875], [-144.75, 60.8125], [-145.03125, 60.875], [-145.0, 61.09375], [-144.90625, 61.09375], [-144.875, 61.21875], [-145.0, 61.25], [-145.09375, 61.4375], [-145.25, 61.4375], [-145.25, 61.53125]], [[-145.4375, 61.5], [-145.34375, 61.5], [-145.34375, 61.40625], [-145.4375, 61.40625], [-145.4375, 61.5]], [[-145.59375, 61.40625], [-145.125, 61.3125], [-145.0, 61.09375], [-145.40625, 61.03125], [-145.5, 60.9375], [-145.8125, 61.03125], [-145.8125, 61.1875], [-145.625, 61.125], [-145.59375, 61.40625]], [[-144.4375, 61.40625], [-144.3125, 61.40625], [-144.3125, 61.28125], [-144.4375, 61.28125], [-144.4375, 61.40625]], [[87.375, 61.34375], [87.53125, 61.34375], [87.53125, 61.25], [87.28125, 61.21875], [87.375, 61.34375]], [[86.75, 61.21875], [87.09375, 61.25], [87.09375, 61.15625], [86.9375, 61.03125], [86.75, 61.03125], [86.75, 61.21875]], [[-148.25, 61.1875], [-147.71875, 61.21875], [-147.71875, 61.09375], [-147.96875, 60.96875], [-148.21875, 61.0], [-148.25, 61.1875]], [[86.625, 61.0625], [86.71875, 61.0625], [86.71875, 60.96875], [86.5625, 60.90625], [86.625, 61.0625]], [[72.125, 61.03125], [72.28125, 61.03125], [72.28125, 60.875], [72.09375, 60.78125], [72.0, 60.78125], [72.125, 61.03125]], [[72.59375, 60.9375], [72.8125, 60.84375], [72.8125, 60.6875], [72.5, 60.59375], [72.59375, 60.9375]], [[87.21875, 60.90625], [87.34375, 60.90625], [87.34375, 60.8125], [87.21875, 60.625], [87.125, 60.625], [87.21875, 60.90625]], [[-145.8125, 60.875], [-145.71875, 60.875], [-145.71875, 60.78125], [-145.8125, 60.78125], [-145.8125, 60.875]], [[88.25, 60.84375], [88.40625, 60.78125], [88.34375, 60.53125], [88.25, 60.53125], [88.25, 60.84375]], [[71.90625, 60.78125], [72.0, 60.78125], [72.0, 60.6875], [71.90625, 60.6875], [71.90625, 60.78125]], [[-148.875, 59.40625], [-148.78125, 59.40625], [-148.78125, 59.3125], [-148.875, 59.3125], [-148.875, 59.40625]], [[71.75, 59.21875], [71.96875, 59.1875], [71.96875, 59.03125], [71.78125, 59.03125], [71.75, 59.21875]], [[-149.65625, 59.03125], [-149.5625, 59.03125], [-149.5625, 58.9375], [-149.65625, 58.9375], [-149.65625, 59.03125]], [[-149.5, 58.84375], [-149.34375, 58.84375], [-149.34375, 58.71875], [-149.5, 58.75], [-149.5, 58.84375]], [[71.625, 58.78125], [71.71875, 58.78125], [71.71875, 58.6875], [71.625, 58.6875], [71.625, 58.78125]], [[72.4375, 58.75], [72.625, 58.75], [72.625, 58.65625], [72.40625, 58.625], [72.4375, 58.75]], [[71.09375, 58.71875], [71.34375, 58.71875], [71.3125, 58.5625], [71.1875, 58.53125], [71.34375, 58.4375], [71.21875, 58.25], [70.5625, 58.125], [70.25, 58.1875], [70.1875, 58.40625], [70.28125, 58.46875], [70.875, 58.625], [71.125, 58.5625], [71.09375, 58.71875]], [[71.8125, 58.6875], [72.0, 58.6875], [72.0625, 58.5625], [71.8125, 58.59375], [71.8125, 58.6875]], [[61.5, 58.34375], [62.21875, 58.65625], [62.15625, 58.25], [61.90625, 58.21875], [61.8125, 58.0], [61.46875, 58.09375], [61.5, 58.34375]], [[72.1875, 58.65625], [72.34375, 58.65625], [72.34375, 58.5625], [72.21875, 58.5], [72.1875, 58.1875], [72.0625, 58.1875], [71.96875, 58.40625], [72.1875, 58.53125], [72.1875, 58.65625]], [[58.4375, 58.5625], [59.5, 58.375], [59.5, 58.21875], [59.6875, 58.1875], [59.625, 57.65625], [59.46875, 57.625], [59.53125, 57.5], [59.25, 57.28125], [58.90625, 57.25], [58.6875, 57.40625], [58.15625, 57.5], [57.75, 57.75], [57.6875, 57.9375], [57.8125, 58.03125], [57.8125, 58.15625], [58.15625, 58.3125], [58.15625, 58.40625], [58.375, 58.4375], [58.4375, 58.5625]], [[67.4375, 58.53125], [67.53125, 58.46875], [67.90625, 58.53125], [68.25, 58.40625], [68.28125, 58.125], [68.40625, 58.15625], [68.40625, 58.28125], [68.5625, 58.28125], [68.5625, 58.375], [68.78125, 58.40625], [68.8125, 58.25], [69.03125, 58.25], [69.3125, 57.875], [68.84375, 57.8125], [68.875, 58.0], [68.71875, 58.03125], [68.6875, 58.25], [68.5625, 58.25], [68.5625, 58.09375], [68.34375, 58.03125], [68.3125, 57.875], [67.375, 58.03125], [67.15625, 58.03125], [67.15625, 57.9375], [67.0625, 57.9375], [67.125, 58.125], [66.96875, 58.1875], [66.96875, 58.3125], [67.125, 58.3125], [67.4375, 58.53125]], [[75.1875, 58.4375], [75.28125, 58.4375], [75.28125, 58.34375], [75.1875, 58.34375], [75.1875, 58.4375]], [[62.875, 58.28125], [63.0625, 58.21875], [63.03125, 57.96875], [62.875, 58.0], [62.875, 58.28125]], [[69.71875, 58.125], [69.90625, 58.125], [69.96875, 57.875], [70.21875, 57.84375], [70.25, 57.75], [70.6875, 57.90625], [70.8125, 57.5625], [70.71875, 57.5], [70.34375, 57.5625], [70.34375, 57.46875], [70.25, 57.46875], [70.21875, 57.65625], [70.125, 57.59375], [69.78125, 57.65625], [69.75, 57.78125], [69.59375, 57.78125], [69.71875, 58.125]], [[70.125, 58.0625], [70.40625, 58.0], [70.4375, 57.84375], [70.1875, 57.875], [70.125, 58.0625]], [[71.65625, 58.0], [71.96875, 58.0], [71.96875, 57.90625], [71.65625, 57.875], [71.65625, 58.0]], [[61.8125, 57.96875], [61.96875, 57.875], [62.28125, 57.875], [62.28125, 57.78125], [61.9375, 57.71875], [61.8125, 57.96875]], [[67.125, 57.90625], [67.46875, 57.875], [67.59375, 57.8125], [67.59375, 57.6875], [67.34375, 57.65625], [67.34375, 57.78125], [67.125, 57.78125], [67.125, 57.90625]], [[71.15625, 57.84375], [71.375, 57.78125], [71.375, 57.65625], [71.1875, 57.71875], [71.15625, 57.84375]], [[65.875, 57.78125], [66.0, 57.78125], [66.0, 57.6875], [65.84375, 57.65625], [65.875, 57.78125]], [[72.21875, 57.78125], [72.375, 57.78125], [72.375, 57.6875], [72.21875, 57.6875], [72.21875, 57.78125]], [[-150.375, 57.65625], [-149.96875, 57.65625], [-150.0, 57.34375], [-150.09375, 57.34375], [-150.09375, 57.25], [-150.4375, 57.25], [-150.46875, 57.34375], [-150.59375, 57.34375], [-150.375, 57.65625]], [[66.78125, 57.6875], [66.875, 57.6875], [66.875, 57.59375], [66.78125, 57.59375], [66.78125, 57.6875]], [[67.0, 57.625], [67.125, 57.625], [67.125, 57.46875], [67.03125, 57.46875], [67.0, 57.625]], [[72.5, 57.625], [72.625, 57.625], [72.625, 57.5], [72.46875, 57.5], [72.5, 57.625]], [[72.6875, 57.4375], [72.78125, 57.4375], [72.78125, 57.15625], [72.65625, 57.1875], [72.6875, 57.4375]], [[67.34375, 57.40625], [67.625, 57.375], [67.625, 57.28125], [67.34375, 57.3125], [67.34375, 57.40625]], [[72.46875, 57.3125], [72.5625, 57.3125], [72.5625, 57.21875], [72.46875, 57.21875], [72.46875, 57.3125]], [[75.3125, 57.3125], [75.4375, 57.3125], [75.4375, 57.1875], [75.3125, 57.1875], [75.3125, 57.3125]], [[62.15625, 57.1875], [62.25, 57.1875], [62.3125, 56.96875], [62.15625, 57.03125], [62.15625, 57.1875]], [[75.15625, 57.1875], [75.28125, 57.1875], [75.28125, 57.09375], [75.15625, 57.09375], [75.15625, 57.1875]], [[61.3125, 57.125], [61.5, 57.125], [61.46875, 56.90625], [61.1875, 56.875], [61.3125, 57.125]], [[66.09375, 57.0625], [66.1875, 57.0625], [66.1875, 56.96875], [66.09375, 56.96875], [66.09375, 57.0625]], [[72.125, 57.0625], [72.21875, 57.0625], [72.21875, 56.96875], [72.125, 56.96875], [72.125, 57.0625]], [[71.75, 57.03125], [71.90625, 56.96875], [71.875, 56.75], [71.6875, 56.8125], [71.75, 57.03125]], [[-154.3125, 56.96875], [-154.21875, 56.96875], [-154.21875, 56.875], [-154.3125, 56.875], [-154.3125, 56.96875]], [[64.75, 56.96875], [64.90625, 56.96875], [64.90625, 56.875], [64.75, 56.875], [64.75, 56.96875]], [[71.5, 56.96875], [71.625, 56.96875], [71.625, 56.875], [71.5, 56.875], [71.5, 56.96875]], [[-154.1875, 56.875], [-154.09375, 56.875], [-154.09375, 56.78125], [-154.1875, 56.78125], [-154.1875, 56.875]], [[60.96875, 56.6875], [61.4375, 56.8125], [61.4375, 56.6875], [60.8125, 56.5], [60.8125, 56.71875], [60.96875, 56.6875]], [[64.15625, 56.8125], [64.28125, 56.8125], [64.28125, 56.6875], [64.125, 56.6875], [64.15625, 56.8125]], [[71.96875, 56.8125], [72.15625, 56.8125], [72.1875, 56.65625], [72.0, 56.625], [71.96875, 56.8125]], [[62.875, 56.78125], [62.96875, 56.78125], [62.96875, 56.6875], [62.875, 56.6875], [62.875, 56.78125]], [[60.46875, 56.75], [60.59375, 56.71875], [60.625, 56.5], [60.34375, 56.34375], [59.375, 56.3125], [59.375, 56.40625], [59.1875, 56.40625], [59.25, 56.53125], [59.375, 56.53125], [59.375, 56.4375], [59.53125, 56.53125], [60.3125, 56.53125], [60.46875, 56.75]], [[63.84375, 56.6875], [63.9375, 56.6875], [63.9375, 56.59375], [63.84375, 56.59375], [63.84375, 56.6875]], [[59.0, 56.625], [59.15625, 56.625], [59.15625, 56.5], [59.0, 56.5], [59.0, 56.625]], [[58.4375, 56.21875], [58.5625, 56.21875], [58.5625, 56.125], [58.4375, 56.125], [58.4375, 56.21875]], [[171.3125, 56.21875], [171.5, 56.21875], [171.5, 56.125], [171.3125, 56.125], [171.3125, 56.21875]], [[58.25, 56.15625], [58.34375, 56.15625], [58.34375, 56.0625], [58.25, 56.0625], [58.25, 56.15625]], [[170.84375, 56.15625], [170.9375, 56.15625], [170.9375, 56.0625], [170.84375, 56.0625], [170.84375, 56.15625]], [[170.65625, 56.09375], [170.78125, 56.09375], [170.78125, 56.0], [170.65625, 56.0], [170.65625, 56.09375]], [[170.40625, 55.9375], [170.53125, 55.9375], [170.4375, 55.46875], [170.625, 55.25], [171.0, 55.15625], [171.0, 55.0625], [170.46875, 55.21875], [170.21875, 55.5], [170.40625, 55.9375]], [[169.9375, 55.78125], [170.03125, 55.78125], [170.03125, 55.65625], [169.9375, 55.65625], [169.9375, 55.78125]], [[-152.8125, 55.5], [-152.65625, 55.5], [-152.625, 55.375], [-152.875, 55.375], [-152.8125, 55.5]], [[-153.3125, 55.15625], [-153.125, 55.125], [-153.125, 54.96875], [-153.28125, 54.96875], [-153.3125, 55.15625]], [[171.03125, 55.125], [171.125, 55.125], [171.125, 55.03125], [171.03125, 55.03125], [171.03125, 55.125]], [[39.625, 55.09375], [39.78125, 55.09375], [39.78125, 55.0], [39.625, 55.0], [39.625, 55.09375]], [[171.1875, 55.09375], [171.34375, 55.09375], [171.34375, 55.0], [171.1875, 55.0], [171.1875, 55.09375]], [[78.09375, 55.0625], [78.21875, 55.0625], [78.25, 54.90625], [78.15625, 54.65625], [78.03125, 54.625], [77.9375, 54.65625], [77.9375, 54.78125], [78.09375, 55.0625]], [[48.9375, 55.0], [49.1875, 54.9375], [49.1875, 54.84375], [48.9375, 54.84375], [48.9375, 55.0]], [[43.46875, 54.90625], [43.65625, 54.96875], [43.65625, 54.78125], [43.46875, 54.71875], [43.46875, 54.90625]], [[47.96875, 54.96875], [48.1875, 54.84375], [48.125, 54.6875], [47.90625, 54.75], [47.96875, 54.96875]], [[61.75, 54.8125], [61.84375, 54.8125], [61.84375, 54.71875], [61.75, 54.71875], [61.75, 54.8125]], [[164.4375, 54.4375], [164.59375, 54.4375], [164.59375, 54.34375], [164.4375, 54.34375], [164.4375, 54.4375]], [[59.78125, 54.3125], [59.875, 54.3125], [59.875, 54.21875], [59.78125, 54.21875], [59.78125, 54.3125]], [[47.75, 54.28125], [47.875, 54.28125], [47.875, 54.15625], [47.71875, 54.15625], [47.75, 54.28125]], [[58.59375, 54.28125], [58.75, 54.28125], [58.75, 54.1875], [58.59375, 54.15625], [58.59375, 54.28125]], [[59.75, 54.09375], [59.84375, 54.09375], [59.8125, 53.9375], [59.71875, 53.9375], [59.75, 54.09375]], [[39.4375, 54.03125], [39.875, 53.9375], [39.84375, 53.6875], [39.59375, 53.59375], [39.75, 53.40625], [39.71875, 53.25], [39.5625, 53.25], [39.28125, 53.5], [39.4375, 54.03125]], [[56.3125, 54.0], [56.46875, 54.0], [56.46875, 53.8125], [56.21875, 53.8125], [56.3125, 54.0]], [[-152.96875, 53.84375], [-152.84375, 53.84375], [-152.84375, 53.71875], [-152.96875, 53.71875], [-152.96875, 53.84375]], [[30.90625, 53.84375], [31.25, 53.65625], [31.25, 53.53125], [31.0, 53.59375], [30.90625, 53.84375]], [[31.84375, 53.65625], [32.21875, 53.75], [32.21875, 53.625], [32.03125, 53.5], [31.8125, 53.53125], [31.84375, 53.65625]], [[58.25, 53.75], [58.34375, 53.75], [58.34375, 53.65625], [58.25, 53.65625], [58.25, 53.75]], [[55.96875, 53.6875], [56.125, 53.625], [56.09375, 53.3125], [55.875, 53.3125], [55.875, 53.59375], [55.96875, 53.6875]], [[37.09375, 53.59375], [37.25, 53.59375], [37.25, 53.5], [37.09375, 53.5], [37.09375, 53.59375]], [[53.0, 53.53125], [53.09375, 53.53125], [53.09375, 53.4375], [53.0, 53.4375], [53.0, 53.53125]], [[38.15625, 53.5], [38.3125, 53.5], [38.3125, 53.40625], [38.1875, 53.375], [38.15625, 53.5]], [[36.59375, 53.34375], [36.75, 53.28125], [36.78125, 53.125], [36.40625, 53.125], [36.40625, 53.25], [36.59375, 53.34375]], [[77.4375, 53.34375], [77.65625, 53.3125], [77.6875, 53.1875], [77.40625, 53.1875], [77.4375, 53.34375]], [[74.3125, 53.3125], [74.40625, 53.3125], [74.40625, 53.21875], [74.3125, 53.21875], [74.3125, 53.3125]], [[36.9375, 53.125], [37.0625, 53.125], [37.0625, 53.03125], [36.90625, 53.0], [36.9375, 53.125]], [[27.03125, 53.03125], [27.5, 53.0], [27.5, 52.90625], [27.21875, 52.8125], [27.15625, 52.9375], [27.03125, 52.9375], [27.03125, 53.03125]], [[36.21875, 52.75], [36.3125, 52.75], [36.25, 52.5625], [36.03125, 52.5625], [36.03125, 52.65625], [36.21875, 52.65625], [36.21875, 52.75]], [[26.40625, 52.625], [26.625, 52.59375], [26.625, 52.5], [26.4375, 52.5], [26.40625, 52.625]], [[35.1875, 52.5625], [35.28125, 52.5625], [35.28125, 52.46875], [35.1875, 52.46875], [35.1875, 52.5625]], [[160.6875, 52.46875], [160.8125, 52.46875], [160.8125, 52.375], [160.6875, 52.375], [160.6875, 52.46875]], [[37.09375, 52.1875], [37.1875, 52.1875], [37.1875, 52.09375], [37.09375, 52.09375], [37.09375, 52.1875]], [[-56.0, 51.96875], [-55.90625, 51.96875], [-55.90625, 51.875], [-56.09375, 51.8125], [-56.0, 51.96875]], [[-56.84375, 51.875], [-56.65625, 51.875], [-56.625, 51.75], [-56.65625, 51.65625], [-56.9375, 51.59375], [-56.84375, 51.875]], [[-152.8125, 51.78125], [-152.6875, 51.78125], [-152.75, 51.59375], [-152.875, 51.625], [-152.8125, 51.78125]], [[-56.0625, 51.78125], [-55.90625, 51.78125], [-55.90625, 51.6875], [-56.125, 51.65625], [-56.0625, 51.78125]], [[-54.9375, 51.78125], [-54.625, 51.78125], [-54.625, 51.6875], [-54.90625, 51.625], [-54.9375, 51.78125]], [[76.9375, 51.15625], [77.1875, 51.125], [77.1875, 50.96875], [76.75, 50.96875], [76.75, 51.0625], [76.9375, 51.15625]], [[171.40625, 51.0625], [171.5, 51.0625], [171.5, 50.96875], [171.40625, 50.96875], [171.40625, 51.0625]], [[16.0625, 51.03125], [16.1875, 51.03125], [16.1875, 50.9375], [16.0625, 50.9375], [16.0625, 51.03125]], [[76.125, 50.9375], [76.21875, 50.9375], [76.21875, 50.71875], [76.09375, 50.75], [76.125, 50.9375]], [[-53.0625, 50.78125], [-52.96875, 50.78125], [-52.96875, 50.6875], [-53.0625, 50.6875], [-53.0625, 50.78125]], [[-151.90625, 50.40625], [-151.75, 50.40625], [-151.75, 50.3125], [-152.0625, 49.9375], [-152.1875, 49.9375], [-152.0625, 50.28125], [-151.90625, 50.3125], [-151.90625, 50.40625]], [[16.90625, 50.375], [17.03125, 50.375], [17.03125, 50.28125], [16.84375, 50.1875], [16.90625, 50.375]], [[78.0, 50.375], [78.09375, 50.375], [78.09375, 50.21875], [77.96875, 50.25], [78.0, 50.375]], [[171.09375, 50.3125], [171.28125, 50.28125], [171.34375, 50.125], [170.96875, 50.09375], [170.9375, 50.21875], [171.09375, 50.3125]], [[161.625, 50.15625], [161.71875, 50.15625], [161.71875, 50.0625], [161.625, 50.0625], [161.625, 50.15625]], [[172.65625, 50.09375], [172.8125, 50.0625], [172.75, 49.71875], [172.625, 49.71875], [172.5625, 49.59375], [172.125, 49.6875], [172.0625, 49.9375], [172.40625, 49.875], [172.65625, 50.09375]], [[23.375, 49.84375], [23.71875, 49.8125], [23.75, 49.6875], [23.5, 49.65625], [23.375, 49.84375]], [[-53.25, 49.8125], [-53.0625, 49.78125], [-53.0625, 49.6875], [-53.25, 49.6875], [-53.25, 49.8125]], [[161.75, 49.78125], [161.875, 49.78125], [161.90625, 49.65625], [161.75, 49.65625], [161.75, 49.78125]], [[24.125, 49.71875], [24.28125, 49.71875], [24.28125, 49.625], [24.125, 49.59375], [24.125, 49.71875]], [[-151.15625, 49.5625], [-151.03125, 49.5625], [-151.03125, 49.3125], [-151.125, 49.3125], [-151.15625, 49.5625]], [[170.84375, 49.5625], [170.96875, 49.5625], [170.96875, 49.46875], [170.84375, 49.46875], [170.84375, 49.5625]], [[140.125, 49.53125], [140.28125, 49.53125], [140.28125, 49.40625], [140.125, 49.40625], [140.125, 49.53125]], [[-151.625, 49.5], [-151.28125, 49.40625], [-151.25, 49.1875], [-151.78125, 49.09375], [-151.71875, 49.1875], [-151.78125, 49.4375], [-151.625, 49.5]], [[23.6875, 49.46875], [24.09375, 49.40625], [24.09375, 49.3125], [23.84375, 49.1875], [23.6875, 49.46875]], [[173.84375, 49.46875], [173.96875, 49.46875], [173.9375, 49.3125], [173.8125, 49.34375], [173.84375, 49.46875]], [[138.84375, 49.375], [139.0, 49.25], [139.125, 49.25], [139.15625, 49.34375], [139.8125, 49.34375], [139.84375, 49.15625], [140.65625, 49.0625], [141.0, 48.75], [141.28125, 48.6875], [141.28125, 48.53125], [141.1875, 48.5], [141.21875, 48.0625], [141.0625, 47.75], [141.09375, 47.5625], [140.1875, 47.1875], [140.21875, 47.03125], [139.8125, 46.96875], [139.8125, 46.875], [139.3125, 46.84375], [138.59375, 47.28125], [138.5, 47.46875], [138.34375, 47.5], [138.3125, 47.90625], [138.46875, 47.90625], [138.59375, 47.625], [138.84375, 47.4375], [139.5, 47.34375], [140.5, 47.53125], [140.71875, 47.71875], [140.84375, 48.03125], [140.78125, 48.4375], [140.46875, 48.71875], [140.0625, 48.875], [139.21875, 48.875], [138.875, 48.6875], [138.6875, 48.71875], [138.46875, 48.5625], [138.53125, 48.78125], [138.6875, 48.875], [138.59375, 49.15625], [138.6875, 49.15625], [138.84375, 49.375]], [[24.3125, 49.25], [24.8125, 49.28125], [24.8125, 49.0625], [24.53125, 49.03125], [24.28125, 49.125], [24.3125, 49.25]], [[21.0625, 48.6875], [21.1875, 48.6875], [21.1875, 48.59375], [21.0625, 48.59375], [21.0625, 48.6875]], [[160.40625, 48.59375], [160.75, 48.65625], [160.75, 48.5625], [160.4375, 48.46875], [160.40625, 48.59375]], [[21.46875, 48.5625], [21.5625, 48.5625], [21.5625, 48.46875], [21.375, 48.40625], [21.46875, 48.5625]], [[138.25, 48.53125], [138.40625, 48.53125], [138.40625, 48.375], [138.25, 48.375], [138.25, 48.53125]], [[138.15625, 48.3125], [138.375, 48.28125], [138.375, 48.09375], [138.09375, 48.09375], [138.0625, 48.21875], [138.15625, 48.3125]], [[21.625, 48.21875], [21.8125, 48.21875], [22.0, 48.09375], [22.0, 48.0], [21.625, 48.125], [21.625, 48.21875]], [[22.5625, 48.125], [22.65625, 48.125], [22.65625, 48.03125], [22.5625, 48.03125], [22.5625, 48.125]], [[161.4375, 47.78125], [161.71875, 47.84375], [161.71875, 47.5625], [161.4375, 47.65625], [161.4375, 47.78125]], [[24.75, 47.65625], [24.9375, 47.65625], [24.9375, 47.5625], [24.75, 47.5625], [24.75, 47.65625]], [[22.5625, 47.53125], [23.15625, 47.5], [23.125, 47.28125], [23.46875, 47.28125], [23.5, 47.125], [22.40625, 47.1875], [22.375, 47.375], [22.5625, 47.53125]], [[19.125, 47.46875], [19.46875, 47.34375], [19.5, 47.21875], [19.78125, 47.0], [19.78125, 46.875], [19.09375, 47.15625], [19.03125, 47.40625], [19.125, 47.46875]], [[24.0625, 47.40625], [24.34375, 47.3125], [24.34375, 47.1875], [24.1875, 47.15625], [24.0625, 47.40625]], [[25.4375, 47.40625], [25.625, 47.375], [25.625, 46.90625], [25.28125, 47.09375], [25.4375, 47.40625]], [[25.9375, 47.375], [26.03125, 47.375], [26.15625, 47.1875], [26.15625, 47.03125], [26.0, 46.96875], [25.90625, 46.96875], [25.875, 47.09375], [25.9375, 47.375]], [[76.53125, 47.375], [76.65625, 47.375], [76.65625, 47.28125], [76.53125, 47.28125], [76.53125, 47.375]], [[140.71875, 47.375], [140.875, 47.375], [140.90625, 47.21875], [140.78125, 47.21875], [140.71875, 47.375]], [[161.46875, 47.375], [161.5625, 47.375], [161.5625, 47.25], [161.46875, 47.25], [161.46875, 47.375]], [[161.46875, 47.1875], [161.65625, 47.1875], [161.65625, 47.03125], [161.53125, 47.0], [161.46875, 47.1875]], [[24.875, 47.03125], [25.25, 46.90625], [25.25, 46.8125], [24.90625, 46.84375], [24.875, 47.03125]], [[25.90625, 46.875], [26.28125, 47.0], [26.4375, 46.78125], [25.9375, 46.75], [25.90625, 46.875]], [[20.6875, 46.96875], [21.21875, 46.9375], [21.21875, 46.84375], [21.5, 46.75], [21.5625, 46.59375], [21.25, 46.5], [21.1875, 46.71875], [21.0, 46.75], [20.96875, 46.4375], [20.59375, 46.4375], [20.1875, 46.625], [20.1875, 46.75], [20.625, 46.875], [20.6875, 46.96875]], [[21.59375, 46.78125], [21.75, 46.90625], [21.71875, 46.78125], [21.59375, 46.78125]], [[22.125, 46.84375], [22.3125, 46.8125], [22.34375, 46.625], [21.9375, 46.53125], [21.90625, 46.71875], [22.125, 46.84375]], [[23.65625, 46.8125], [24.03125, 46.8125], [24.09375, 46.65625], [23.65625, 46.625], [23.65625, 46.8125]], [[19.34375, 46.78125], [19.65625, 46.65625], [19.96875, 46.375], [19.96875, 46.28125], [19.8125, 46.1875], [19.3125, 46.125], [19.3125, 45.875], [18.96875, 45.84375], [19.0625, 45.59375], [19.65625, 45.8125], [19.53125, 45.375], [19.25, 45.3125], [19.0625, 45.4375], [18.40625, 45.40625], [18.21875, 45.53125], [18.21875, 45.78125], [18.34375, 45.78125], [18.375, 45.96875], [18.625, 46.09375], [18.1875, 46.1875], [18.1875, 46.28125], [18.6875, 46.34375], [19.34375, 46.78125]], [[24.4375, 46.75], [24.5625, 46.75], [24.5625, 46.625], [24.4375, 46.625], [24.4375, 46.75]], [[169.8125, 46.71875], [169.90625, 46.71875], [169.90625, 46.59375], [169.8125, 46.59375], [169.8125, 46.71875]], [[17.84375, 46.625], [18.3125, 46.65625], [18.3125, 46.5625], [17.78125, 46.40625], [17.84375, 46.625]], [[169.125, 46.5625], [169.40625, 46.59375], [169.40625, 46.4375], [169.125, 46.46875], [169.125, 46.5625]], [[15.75, 46.4375], [15.90625, 46.3125], [16.125, 46.3125], [16.125, 46.21875], [15.59375, 46.09375], [15.59375, 46.375], [15.75, 46.4375]], [[20.28125, 46.375], [20.8125, 46.1875], [20.84375, 46.03125], [20.3125, 46.125], [20.28125, 46.375]], [[170.71875, 46.3125], [170.84375, 46.3125], [170.875, 46.1875], [170.71875, 46.21875], [170.71875, 46.3125]], [[17.4375, 46.28125], [17.59375, 46.25], [17.59375, 46.09375], [17.4375, 46.0625], [17.4375, 46.28125]], [[21.15625, 46.15625], [21.25, 46.15625], [21.25, 46.0625], [21.15625, 46.0625], [21.15625, 46.15625]], [[155.4375, 46.0625], [155.6875, 45.96875], [155.65625, 45.53125], [155.8125, 45.3125], [155.78125, 44.875], [156.0, 44.71875], [156.03125, 44.40625], [155.78125, 44.5], [155.6875, 44.71875], [155.46875, 44.84375], [155.125, 44.78125], [155.03125, 44.4375], [154.90625, 44.40625], [155.03125, 45.0], [155.46875, 45.03125], [155.5625, 45.125], [155.4375, 46.0625]], [[167.75, 45.90625], [167.84375, 45.90625], [167.84375, 45.8125], [167.75, 45.8125], [167.75, 45.90625]], [[78.3125, 45.71875], [78.5625, 45.71875], [78.5625, 45.59375], [78.40625, 45.5625], [78.3125, 45.71875]], [[17.4375, 45.625], [17.71875, 45.5], [17.71875, 45.40625], [17.46875, 45.34375], [17.4375, 45.625]], [[159.96875, 45.59375], [160.125, 45.59375], [160.125, 45.46875], [159.9375, 45.46875], [159.96875, 45.59375]], [[17.03125, 45.53125], [17.1875, 45.53125], [17.25, 45.4375], [17.21875, 45.09375], [16.65625, 44.90625], [16.625, 45.03125], [17.03125, 45.53125]], [[19.71875, 45.4375], [19.96875, 45.40625], [20.0, 45.28125], [19.71875, 45.28125], [19.71875, 45.4375]], [[168.71875, 45.375], [169.125, 45.21875], [169.125, 45.125], [169.03125, 45.125], [169.0625, 44.9375], [168.90625, 45.03125], [168.84375, 44.78125], [168.6875, 44.8125], [168.71875, 45.375]], [[170.78125, 45.34375], [170.875, 45.34375], [170.875, 45.1875], [170.71875, 45.1875], [170.78125, 45.34375]], [[80.09375, 45.3125], [80.21875, 45.3125], [80.21875, 45.15625], [80.0625, 45.15625], [80.09375, 45.3125]], [[153.6875, 45.3125], [153.78125, 45.3125], [153.78125, 45.1875], [153.6875, 45.1875], [153.6875, 45.3125]], [[80.28125, 45.125], [80.46875, 45.125], [80.46875, 45.03125], [80.28125, 45.0], [80.28125, 45.125]], [[-148.71875, 45.0625], [-148.625, 45.0625], [-148.625, 44.90625], [-148.75, 44.90625], [-148.71875, 45.0625]], [[147.875, 45.0625], [147.96875, 45.0625], [147.96875, 44.96875], [147.875, 44.96875], [147.875, 45.0625]], [[80.71875, 45.03125], [80.8125, 45.03125], [80.8125, 44.9375], [80.71875, 44.9375], [80.71875, 45.03125]], [[81.1875, 45.03125], [81.3125, 45.03125], [81.3125, 44.875], [81.1875, 44.90625], [81.1875, 45.03125]], [[157.4375, 45.03125], [157.5625, 45.03125], [157.59375, 44.84375], [157.4375, 44.875], [157.4375, 45.03125]], [[172.625, 45.03125], [172.78125, 45.0], [172.78125, 44.90625], [172.59375, 44.90625], [172.625, 45.03125]], [[17.9375, 44.875], [18.53125, 45.0], [18.59375, 44.71875], [17.90625, 44.75], [17.9375, 44.875]], [[19.5625, 45.0], [19.75, 45.0], [19.90625, 44.71875], [19.75, 44.6875], [19.5625, 45.0]], [[169.59375, 45.0], [169.75, 45.0], [169.78125, 44.84375], [169.65625, 44.84375], [169.59375, 45.0]], [[170.03125, 45.0], [170.15625, 45.0], [170.15625, 44.90625], [170.03125, 44.90625], [170.03125, 45.0]], [[19.0, 44.875], [19.375, 44.8125], [19.59375, 44.6875], [19.59375, 44.59375], [19.375, 44.40625], [19.125, 44.4375], [18.90625, 44.6875], [19.0, 44.875]], [[20.0625, 44.875], [20.15625, 44.875], [20.15625, 44.78125], [20.0625, 44.78125], [20.0625, 44.875]], [[-148.5, 44.84375], [-148.40625, 44.84375], [-148.4375, 44.6875], [-148.59375, 44.6875], [-148.5, 44.84375]], [[81.5625, 44.8125], [81.65625, 44.8125], [81.65625, 44.71875], [81.5625, 44.71875], [81.5625, 44.8125]], [[17.1875, 44.78125], [17.46875, 44.78125], [17.5625, 44.625], [17.40625, 44.5], [17.15625, 44.5], [17.0625, 44.6875], [17.1875, 44.78125]], [[19.9375, 44.53125], [20.125, 44.5625], [20.09375, 44.375], [19.9375, 44.40625], [19.9375, 44.53125]], [[152.03125, 44.53125], [152.15625, 44.53125], [152.15625, 44.34375], [151.96875, 44.34375], [152.03125, 44.53125]], [[79.75, 44.5], [79.84375, 44.5], [79.84375, 44.40625], [79.75, 44.40625], [79.75, 44.5]], [[80.0625, 44.4375], [80.1875, 44.4375], [80.1875, 44.34375], [80.0625, 44.34375], [80.0625, 44.4375]], [[172.625, 44.4375], [172.71875, 44.4375], [172.6875, 44.3125], [172.59375, 44.3125], [172.625, 44.4375]], [[19.625, 44.3125], [19.8125, 44.3125], [19.84375, 44.15625], [19.625, 44.21875], [19.625, 44.3125]], [[149.28125, 44.28125], [149.53125, 44.3125], [149.5, 44.125], [149.3125, 44.15625], [149.28125, 44.28125]], [[16.59375, 44.21875], [16.84375, 44.1875], [16.84375, 44.0625], [16.53125, 44.09375], [16.59375, 44.21875]], [[17.1875, 44.1875], [17.40625, 44.1875], [17.46875, 44.0], [17.25, 43.9375], [17.125, 44.0625], [17.1875, 44.1875]], [[-49.71875, 44.09375], [-49.59375, 44.09375], [-49.59375, 43.96875], [-49.71875, 43.96875], [-49.71875, 44.09375]], [[154.09375, 44.0625], [154.1875, 44.0625], [154.1875, 43.96875], [154.09375, 43.96875], [154.09375, 44.0625]], [[154.9375, 44.03125], [155.09375, 44.03125], [155.09375, 43.9375], [154.9375, 43.90625], [154.9375, 44.03125]], [[82.03125, 43.875], [82.21875, 43.875], [82.21875, 43.75], [81.96875, 43.75], [82.03125, 43.875]], [[150.0625, 43.84375], [150.21875, 43.84375], [150.21875, 43.75], [150.0625, 43.75], [150.0625, 43.84375]], [[149.6875, 43.5625], [149.78125, 43.5625], [149.78125, 43.46875], [149.6875, 43.46875], [149.6875, 43.5625]], [[20.6875, 43.25], [20.8125, 43.25], [20.8125, 43.15625], [20.6875, 43.15625], [20.6875, 43.25]], [[19.65625, 43.03125], [19.8125, 43.03125], [19.84375, 42.90625], [19.65625, 42.875], [19.65625, 43.03125]], [[151.03125, 42.96875], [151.25, 42.9375], [151.25, 42.8125], [151.03125, 42.875], [151.03125, 42.96875]], [[151.6875, 42.5], [151.9375, 42.46875], [151.96875, 42.3125], [151.78125, 42.25], [151.6875, 42.5]], [[22.40625, 42.15625], [22.5, 42.15625], [22.5, 42.0625], [22.40625, 42.0625], [22.40625, 42.15625]], [[-47.90625, 42.0], [-47.5, 42.09375], [-47.59375, 41.90625], [-47.90625, 41.875], [-47.90625, 42.0]], [[-48.0625, 42.0625], [-47.96875, 42.0625], [-47.96875, 41.96875], [-48.0625, 41.96875], [-48.0625, 42.0625]], [[3.84375, 41.75], [3.9375, 41.75], [3.9375, 41.65625], [3.84375, 41.65625], [3.84375, 41.75]], [[-145.875, 41.71875], [-145.78125, 41.71875], [-145.8125, 41.40625], [-145.9375, 41.34375], [-145.875, 41.71875]], [[-169.5, 41.40625], [-169.34375, 41.375], [-169.4375, 41.1875], [-169.53125, 41.1875], [-169.5, 41.40625]], [[82.84375, 41.375], [82.96875, 41.375], [82.9375, 41.1875], [82.84375, 41.1875], [82.84375, 41.375]], [[-2.625, 41.25], [-1.875, 41.25], [-1.875, 41.09375], [-2.21875, 41.03125], [-2.53125, 41.0625], [-2.625, 41.15625], [-2.625, 41.25]], [[2.1875, 41.25], [2.28125, 41.25], [2.28125, 41.15625], [2.1875, 41.15625], [2.1875, 41.25]], [[83.0625, 41.21875], [83.3125, 41.21875], [83.53125, 41.09375], [83.46875, 40.8125], [83.3125, 40.78125], [83.3125, 40.875], [83.15625, 40.90625], [83.0625, 41.21875]], [[-44.53125, 41.15625], [-44.0625, 41.0625], [-43.84375, 40.875], [-43.65625, 40.9375], [-43.65625, 40.53125], [-43.75, 40.53125], [-43.75, 40.65625], [-43.875, 40.75], [-44.28125, 40.3125], [-44.71875, 40.21875], [-44.8125, 40.78125], [-44.6875, 41.0625], [-44.53125, 41.15625]], [[-145.84375, 41.09375], [-145.75, 41.09375], [-145.71875, 40.96875], [-145.84375, 40.96875], [-145.84375, 41.09375]], [[-170.40625, 40.96875], [-170.25, 40.96875], [-170.25, 40.8125], [-170.34375, 40.8125], [-170.40625, 40.96875]], [[170.21875, 40.8125], [170.3125, 40.8125], [170.34375, 40.65625], [170.5625, 40.6875], [170.6875, 40.3125], [170.84375, 40.25], [170.84375, 40.09375], [170.96875, 39.96875], [170.96875, 39.71875], [170.875, 39.71875], [170.78125, 40.0625], [170.5625, 40.28125], [170.03125, 40.4375], [170.21875, 40.8125]], [[149.96875, 40.78125], [150.125, 40.78125], [150.125, 40.6875], [149.96875, 40.65625], [149.96875, 40.78125]], [[169.4375, 40.625], [169.75, 40.5625], [169.78125, 40.40625], [169.5625, 40.1875], [169.1875, 40.21875], [169.25, 40.03125], [169.125, 40.0], [169.0, 40.40625], [169.1875, 40.375], [169.21875, 40.46875], [169.4375, 40.53125], [169.4375, 40.625]], [[-3.3125, 40.4375], [-3.21875, 40.4375], [-3.21875, 40.34375], [-3.3125, 40.34375], [-3.3125, 40.4375]], [[83.84375, 40.40625], [83.9375, 40.40625], [83.9375, 40.25], [83.84375, 40.25], [83.84375, 40.40625]], [[166.96875, 40.1875], [167.1875, 40.28125], [167.1875, 40.15625], [167.09375, 40.0], [167.0, 40.0], [166.96875, 40.1875]], [[-45.1875, 40.1875], [-45.09375, 40.1875], [-45.09375, 40.09375], [-45.1875, 40.09375], [-45.1875, 40.1875]], [[-44.71875, 40.1875], [-44.625, 40.1875], [-44.625, 40.0625], [-44.71875, 40.0625], [-44.71875, 40.1875]], [[-44.875, 40.09375], [-44.78125, 40.09375], [-44.78125, 39.9375], [-44.875, 39.9375], [-44.875, 40.09375]], [[-44.46875, 40.03125], [-44.34375, 40.03125], [-44.34375, 39.9375], [-44.46875, 39.9375], [-44.46875, 40.03125]], [[-169.375, 39.96875], [-168.75, 39.90625], [-168.6875, 39.78125], [-169.4375, 39.78125], [-169.5625, 39.59375], [-169.78125, 39.5625], [-170.34375, 39.65625], [-170.34375, 39.84375], [-169.875, 39.75], [-169.5, 39.84375], [-169.375, 39.96875]], [[-168.40625, 39.90625], [-168.3125, 39.90625], [-168.3125, 39.78125], [-168.4375, 39.78125], [-168.40625, 39.90625]], [[150.15625, 39.78125], [150.25, 39.78125], [150.25, 39.65625], [150.15625, 39.65625], [150.15625, 39.78125]], [[-165.875, 39.75], [-165.46875, 39.6875], [-165.5, 39.40625], [-166.1875, 39.46875], [-166.15625, 39.625], [-165.9375, 39.625], [-165.875, 39.75]], [[-168.4375, 39.71875], [-168.34375, 39.71875], [-168.21875, 39.5], [-168.5, 39.53125], [-168.4375, 39.71875]], [[-170.59375, 39.5625], [-170.5, 39.5625], [-170.5, 39.46875], [-170.59375, 39.46875], [-170.59375, 39.5625]], [[-170.90625, 39.53125], [-170.8125, 39.53125], [-170.78125, 39.40625], [-171.0, 39.3125], [-170.90625, 39.53125]], [[-45.0, 39.46875], [-44.75, 39.53125], [-44.78125, 39.125], [-44.96875, 39.125], [-45.0, 39.46875]], [[148.4375, 39.53125], [148.53125, 39.53125], [148.53125, 39.4375], [148.4375, 39.4375], [148.4375, 39.53125]], [[149.96875, 39.53125], [150.0625, 39.53125], [150.0625, 39.4375], [149.96875, 39.4375], [149.96875, 39.53125]], [[170.78125, 39.46875], [170.875, 39.46875], [170.875, 39.375], [170.78125, 39.375], [170.78125, 39.46875]], [[-45.125, 39.34375], [-45.03125, 39.34375], [-45.03125, 39.1875], [-45.1875, 39.0625], [-45.125, 39.34375]], [[-164.9375, 39.3125], [-164.75, 39.28125], [-164.71875, 39.15625], [-164.875, 39.15625], [-164.9375, 39.3125]], [[-9.75, 39.28125], [-9.34375, 39.21875], [-9.15625, 39.09375], [-9.15625, 39.0], [-9.40625, 38.75], [-9.5625, 38.75], [-9.75, 39.0], [-9.75, 39.28125]], [[169.28125, 39.28125], [169.625, 39.15625], [169.625, 39.03125], [169.375, 39.0625], [169.28125, 39.28125]], [[-170.5625, 39.25], [-170.46875, 39.25], [-170.5, 38.96875], [-170.625, 38.96875], [-170.5625, 39.25]], [[-172.09375, 39.125], [-171.8125, 39.09375], [-171.8125, 38.90625], [-171.46875, 39.0625], [-171.15625, 39.03125], [-170.875, 39.125], [-170.875, 38.96875], [-171.1875, 38.84375], [-171.0625, 38.6875], [-170.625, 38.875], [-170.625, 38.5625], [-170.875, 38.59375], [-171.03125, 38.46875], [-170.9375, 38.28125], [-171.0, 38.15625], [-170.9375, 37.875], [-171.09375, 37.84375], [-171.25, 37.3125], [-171.625, 37.40625], [-171.78125, 37.3125], [-171.78125, 37.1875], [-172.0, 37.15625], [-172.46875, 37.4375], [-173.28125, 37.5], [-173.1875, 38.0], [-173.0, 38.09375], [-172.90625, 38.34375], [-172.6875, 38.46875], [-172.59375, 38.6875], [-172.4375, 38.6875], [-172.375, 38.875], [-172.09375, 39.125]], [[170.03125, 39.0625], [170.28125, 39.0625], [170.28125, 38.96875], [170.0, 38.875], [170.03125, 39.0625]], [[84.21875, 39.0], [84.34375, 38.9375], [84.53125, 39.0], [84.5625, 38.78125], [84.375, 38.71875], [84.21875, 39.0]], [[-45.28125, 38.875], [-45.15625, 38.875], [-45.15625, 38.78125], [-45.3125, 38.5625], [-45.4375, 38.5625], [-45.28125, 38.875]], [[84.65625, 38.78125], [84.8125, 38.78125], [84.84375, 38.5], [84.625, 38.625], [84.65625, 38.78125]], [[84.21875, 38.6875], [84.40625, 38.6875], [84.40625, 38.59375], [84.21875, 38.59375], [84.21875, 38.6875]], [[85.15625, 38.59375], [85.25, 38.59375], [85.25, 38.5], [85.15625, 38.5], [85.15625, 38.59375]], [[-6.4375, 38.53125], [-6.09375, 38.5], [-6.09375, 38.40625], [-6.34375, 38.3125], [-6.4375, 38.53125]], [[-45.625, 38.5], [-45.53125, 38.5], [-45.5625, 38.3125], [-45.65625, 38.3125], [-45.625, 38.5]], [[-9.5, 38.4375], [-9.375, 38.4375], [-9.375, 38.34375], [-9.53125, 38.3125], [-9.5, 38.4375]], [[-6.84375, 38.375], [-6.65625, 38.375], [-6.46875, 38.21875], [-6.5, 37.96875], [-6.65625, 37.96875], [-6.90625, 38.15625], [-6.84375, 38.375]], [[147.8125, 38.25], [147.90625, 38.25], [147.90625, 38.125], [147.8125, 38.125], [147.8125, 38.25]], [[85.34375, 38.03125], [85.4375, 38.03125], [85.4375, 37.9375], [85.34375, 37.9375], [85.34375, 38.03125]], [[85.59375, 37.84375], [85.6875, 37.84375], [85.6875, 37.71875], [85.59375, 37.71875], [85.59375, 37.84375]], [[-46.0, 37.625], [-45.84375, 37.59375], [-45.84375, 37.4375], [-46.03125, 37.40625], [-46.0, 37.625]], [[85.59375, 37.46875], [85.78125, 37.40625], [85.78125, 37.21875], [85.59375, 37.28125], [85.59375, 37.46875]], [[-44.25, 37.3125], [-44.125, 37.3125], [-44.125, 36.9375], [-43.75, 36.875], [-43.75, 36.78125], [-43.96875, 36.78125], [-43.875, 36.6875], [-43.9375, 36.5], [-44.40625, 36.59375], [-44.25, 37.3125]], [[86.40625, 37.1875], [86.5, 37.1875], [86.5, 37.09375], [86.40625, 37.09375], [86.40625, 37.1875]], [[166.40625, 37.15625], [166.59375, 37.15625], [166.59375, 36.71875], [166.5, 36.71875], [166.40625, 36.875], [166.40625, 37.15625]], [[-171.71875, 37.0], [-171.40625, 37.0], [-171.46875, 36.6875], [-171.40625, 36.03125], [-171.59375, 36.0625], [-171.5625, 36.59375], [-171.71875, 37.0]], [[86.53125, 36.90625], [86.71875, 36.875], [86.8125, 36.6875], [87.0, 36.59375], [86.90625, 36.34375], [87.0, 36.3125], [87.03125, 36.09375], [86.8125, 36.1875], [86.71875, 36.46875], [86.5625, 36.59375], [86.53125, 36.90625]], [[-173.09375, 36.875], [-173.0, 36.875], [-172.96875, 36.71875], [-173.125, 36.71875], [-173.09375, 36.875]], [[-9.78125, 36.84375], [-9.53125, 36.8125], [-9.5625, 36.5], [-10.03125, 36.46875], [-10.125, 36.15625], [-10.25, 36.15625], [-10.25, 36.28125], [-10.40625, 36.34375], [-10.40625, 36.4375], [-10.03125, 36.5], [-9.78125, 36.71875], [-9.78125, 36.84375]], [[-174.15625, 36.8125], [-173.8125, 36.53125], [-173.8125, 36.1875], [-173.625, 36.1875], [-173.5625, 36.0], [-173.375, 35.96875], [-173.375, 35.84375], [-173.59375, 35.78125], [-173.59375, 35.6875], [-173.25, 35.6875], [-173.125, 35.34375], [-173.65625, 35.40625], [-173.6875, 35.625], [-173.875, 35.625], [-173.9375, 35.875], [-174.1875, 36.1875], [-174.15625, 36.8125]], [[166.59375, 36.65625], [166.6875, 36.65625], [166.6875, 36.5625], [166.59375, 36.5625], [166.59375, 36.65625]], [[-6.4375, 36.5], [-6.3125, 36.46875], [-6.3125, 36.3125], [-6.5, 36.34375], [-6.4375, 36.5]], [[-6.15625, 36.3125], [-6.0, 36.28125], [-6.0625, 36.09375], [-6.25, 36.1875], [-6.15625, 36.3125]], [[166.8125, 36.3125], [166.90625, 36.3125], [166.9375, 36.0625], [166.8125, 36.09375], [166.8125, 36.3125]], [[168.8125, 36.28125], [168.90625, 36.28125], [168.90625, 36.15625], [168.78125, 36.15625], [168.8125, 36.28125]], [[-40.875, 36.15625], [-40.46875, 36.0625], [-40.40625, 35.75], [-40.53125, 35.5625], [-41.0625, 35.53125], [-41.1875, 35.6875], [-41.15625, 36.0], [-40.875, 36.15625]], [[148.8125, 36.15625], [148.90625, 36.15625], [148.90625, 36.0625], [148.8125, 36.0625], [148.8125, 36.15625]], [[167.5, 36.125], [167.625, 36.09375], [167.59375, 35.9375], [167.40625, 35.9375], [167.5, 36.125]], [[168.8125, 36.0625], [168.9375, 36.0625], [168.8125, 35.5], [168.4375, 35.53125], [168.5, 35.71875], [168.78125, 35.78125], [168.8125, 36.0625]], [[-12.3125, 35.96875], [-11.75, 35.875], [-11.78125, 35.4375], [-12.28125, 35.5625], [-12.3125, 35.96875]], [[87.0625, 35.59375], [87.34375, 35.59375], [87.4375, 35.46875], [87.40625, 35.3125], [87.25, 35.25], [87.0, 35.3125], [86.96875, 35.5], [87.0625, 35.59375]], [[170.03125, 35.53125], [170.1875, 35.53125], [170.15625, 35.3125], [170.0625, 35.3125], [170.03125, 35.53125]], [[169.6875, 35.4375], [169.875, 35.4375], [169.9375, 35.25], [169.6875, 35.21875], [169.625, 35.28125], [169.6875, 35.4375]], [[-177.875, 35.3125], [-177.78125, 35.3125], [-177.75, 35.15625], [-178.0, 35.09375], [-177.875, 35.3125]], [[-13.25, 35.09375], [-13.03125, 35.0625], [-12.90625, 34.59375], [-13.0, 34.40625], [-13.21875, 34.46875], [-13.09375, 34.375], [-13.125, 34.1875], [-13.34375, 34.125], [-13.3125, 34.375], [-13.4375, 34.40625], [-13.4375, 34.6875], [-13.25, 35.09375]], [[169.34375, 35.0], [169.59375, 34.96875], [169.75, 34.84375], [169.8125, 34.5], [169.625, 34.4375], [169.40625, 34.53125], [169.25, 34.71875], [169.34375, 35.0]], [[-12.8125, 34.90625], [-12.625, 34.9375], [-12.5625, 34.75], [-12.84375, 34.59375], [-12.8125, 34.90625]], [[-176.21875, 34.84375], [-176.0625, 34.84375], [-176.0625, 34.75], [-176.25, 34.6875], [-176.21875, 34.84375]], [[149.125, 34.75], [149.625, 34.78125], [149.625, 34.65625], [149.375, 34.71875], [149.125, 34.65625], [149.125, 34.75]], [[149.5, 34.625], [149.625, 34.625], [149.625, 34.53125], [149.5, 34.53125], [149.5, 34.625]], [[169.78125, 34.46875], [169.875, 34.46875], [169.875, 34.375], [169.78125, 34.375], [169.78125, 34.46875]], [[-40.46875, 34.03125], [-40.375, 34.03125], [-40.375, 33.90625], [-40.46875, 33.90625], [-40.46875, 34.03125]], [[144.625, 34.0], [144.71875, 34.0], [144.71875, 33.90625], [144.625, 33.90625], [144.625, 34.0]], [[170.03125, 33.9375], [170.15625, 33.9375], [170.15625, 33.84375], [170.03125, 33.8125], [170.03125, 33.9375]], [[-177.65625, 33.875], [-177.46875, 33.875], [-177.28125, 33.78125], [-177.28125, 33.6875], [-177.65625, 33.65625], [-177.65625, 33.875]], [[144.6875, 33.84375], [145.0, 33.8125], [145.0, 33.71875], [145.1875, 33.71875], [145.1875, 33.625], [145.03125, 33.5625], [144.71875, 33.65625], [144.6875, 33.84375]], [[-176.1875, 33.8125], [-175.84375, 33.75], [-175.84375, 33.65625], [-176.0625, 33.6875], [-176.0625, 33.5625], [-175.875, 33.46875], [-175.71875, 33.46875], [-175.75, 33.78125], [-175.5625, 33.65625], [-175.5625, 33.3125], [-175.375, 33.1875], [-175.40625, 33.0], [-175.25, 32.96875], [-175.34375, 32.71875], [-175.125, 32.15625], [-175.625, 32.34375], [-175.65625, 32.09375], [-175.78125, 32.09375], [-175.84375, 31.96875], [-175.84375, 31.875], [-175.6875, 31.78125], [-175.65625, 31.53125], [-176.03125, 31.53125], [-176.0, 31.375], [-175.875, 31.375], [-175.84375, 31.125], [-175.96875, 31.125], [-176.0, 31.28125], [-176.15625, 31.34375], [-176.15625, 31.1875], [-176.3125, 31.125], [-176.28125, 31.0], [-176.53125, 30.96875], [-176.5625, 31.34375], [-176.71875, 31.40625], [-176.9375, 31.34375], [-176.9375, 31.46875], [-177.125, 31.53125], [-177.125, 31.625], [-176.78125, 31.5], [-176.4375, 31.5625], [-176.25, 31.78125], [-176.28125, 32.09375], [-176.5, 32.25], [-176.78125, 32.25], [-177.03125, 32.125], [-177.125, 31.90625], [-177.25, 31.90625], [-177.375, 32.25], [-177.21875, 32.5625], [-177.1875, 32.96875], [-176.9375, 33.0625], [-176.84375, 33.59375], [-176.625, 33.78125], [-176.375, 33.6875], [-176.1875, 33.8125]], [[-40.125, 33.78125], [-40.03125, 33.78125], [-40.03125, 33.6875], [-40.125, 33.6875], [-40.125, 33.78125]], [[147.90625, 33.75], [148.0, 33.75], [148.0, 33.65625], [147.90625, 33.65625], [147.90625, 33.75]], [[-42.21875, 33.53125], [-41.90625, 33.71875], [-41.90625, 33.625], [-42.09375, 33.4375], [-42.09375, 33.15625], [-42.21875, 33.15625], [-42.21875, 33.53125]], [[-14.625, 33.71875], [-14.53125, 33.71875], [-14.53125, 33.625], [-14.625, 33.625], [-14.625, 33.71875]], [[-177.78125, 33.53125], [-177.65625, 33.53125], [-177.65625, 33.4375], [-177.78125, 33.4375], [-177.78125, 33.53125]], [[169.1875, 33.53125], [169.34375, 33.5], [169.3125, 33.34375], [169.21875, 33.34375], [169.1875, 33.53125]], [[175.125, 33.53125], [175.25, 33.53125], [175.28125, 33.40625], [175.15625, 33.40625], [175.125, 33.53125]], [[141.78125, 33.46875], [141.96875, 33.46875], [142.03125, 33.3125], [141.875, 33.3125], [141.78125, 33.46875]], [[169.625, 33.25], [169.71875, 33.25], [169.71875, 33.15625], [169.625, 33.15625], [169.625, 33.25]], [[-42.21875, 33.0625], [-42.125, 33.0625], [-42.125, 32.9375], [-42.21875, 32.9375], [-42.21875, 33.0625]], [[171.28125, 33.0], [171.375, 33.0], [171.375, 32.90625], [171.28125, 32.90625], [171.28125, 33.0]], [[-42.46875, 32.8125], [-42.34375, 32.8125], [-42.40625, 32.5625], [-42.5, 32.5625], [-42.46875, 32.8125]], [[171.28125, 32.8125], [171.375, 32.8125], [171.375, 32.71875], [171.28125, 32.71875], [171.28125, 32.8125]], [[-177.4375, 32.6875], [-177.34375, 32.6875], [-177.34375, 32.59375], [-177.4375, 32.59375], [-177.4375, 32.6875]], [[-42.5, 32.40625], [-42.40625, 32.40625], [-42.3125, 32.09375], [-42.53125, 32.15625], [-42.5, 32.40625]], [[-15.03125, 32.125], [-14.9375, 32.125], [-14.9375, 32.0], [-15.03125, 32.0], [-15.03125, 32.125]], [[173.59375, 32.125], [173.71875, 32.125], [173.84375, 31.65625], [173.71875, 31.65625], [173.59375, 32.125]], [[-14.78125, 32.09375], [-14.40625, 31.84375], [-14.4375, 31.65625], [-14.65625, 31.65625], [-14.78125, 31.78125], [-14.78125, 32.09375]], [[-177.1875, 31.5], [-177.09375, 31.5], [-177.09375, 31.40625], [-177.1875, 31.40625], [-177.1875, 31.5]], [[177.1875, 31.25], [177.375, 31.25], [177.46875, 31.0625], [177.1875, 31.15625], [177.1875, 31.25]], [[-177.5, 31.1875], [-177.3125, 31.15625], [-177.375, 30.9375], [-177.59375, 30.96875], [-177.5, 31.1875]], [[-176.21875, 30.625], [-175.96875, 30.5625], [-175.96875, 30.46875], [-176.375, 30.46875], [-176.375, 30.5625], [-176.21875, 30.625]], [[-175.8125, 30.625], [-175.65625, 30.625], [-175.71875, 30.40625], [-175.90625, 30.46875], [-175.8125, 30.625]], [[137.84375, 30.53125], [137.9375, 30.53125], [137.9375, 30.4375], [137.84375, 30.4375], [137.84375, 30.53125]], [[-175.59375, 30.46875], [-175.4375, 30.46875], [-175.4375, 30.375], [-175.59375, 30.375], [-175.59375, 30.46875]], [[90.90625, 30.28125], [91.03125, 30.28125], [91.03125, 30.1875], [90.90625, 30.15625], [90.90625, 30.28125]], [[-18.40625, 30.15625], [-18.28125, 30.15625], [-18.28125, 30.0625], [-18.40625, 30.0625], [-18.40625, 30.15625]], [[-174.90625, 29.96875], [-174.65625, 30.03125], [-174.59375, 29.875], [-174.90625, 29.875], [-174.90625, 29.96875]], [[-17.8125, 30.03125], [-17.71875, 30.03125], [-17.71875, 29.9375], [-17.8125, 29.9375], [-17.8125, 30.03125]], [[-175.78125, 29.875], [-175.625, 29.875], [-175.625, 29.78125], [-175.78125, 29.78125], [-175.78125, 29.875]], [[-19.53125, 29.75], [-19.40625, 29.75], [-19.40625, 29.65625], [-19.53125, 29.65625], [-19.53125, 29.75]], [[-174.34375, 29.59375], [-174.25, 29.59375], [-174.25, 29.5], [-174.34375, 29.5], [-174.34375, 29.59375]], [[-174.28125, 29.46875], [-174.1875, 29.46875], [-174.1875, 29.375], [-174.28125, 29.375], [-174.28125, 29.46875]], [[-179.15625, 29.28125], [-178.875, 29.15625], [-178.96875, 28.84375], [-179.21875, 28.90625], [-179.25, 29.15625], [-179.15625, 29.28125]], [[-175.78125, 29.15625], [-175.6875, 29.15625], [-175.6875, 29.0625], [-175.78125, 29.0625], [-175.78125, 29.15625]], [[-177.53125, 28.78125], [-177.25, 28.71875], [-177.25, 28.375], [-177.40625, 28.375], [-177.40625, 28.625], [-177.5, 28.625], [-177.53125, 28.78125]], [[-174.1875, 28.59375], [-174.03125, 28.59375], [-174.03125, 28.5], [-174.1875, 28.46875], [-174.1875, 28.59375]], [[-177.21875, 28.3125], [-177.03125, 28.28125], [-177.03125, 28.1875], [-177.21875, 28.21875], [-177.21875, 28.3125]], [[-28.03125, 27.96875], [-27.90625, 27.96875], [-27.8125, 27.8125], [-27.59375, 27.8125], [-27.6875, 27.5625], [-27.9375, 27.65625], [-28.03125, 27.96875]], [[-176.9375, 27.84375], [-176.8125, 27.84375], [-176.8125, 27.75], [-176.9375, 27.75], [-176.9375, 27.84375]], [[93.8125, 27.8125], [94.15625, 27.6875], [94.125, 27.0], [93.96875, 26.96875], [93.78125, 27.34375], [93.75, 27.15625], [93.3125, 27.03125], [93.375, 27.28125], [93.53125, 27.3125], [93.53125, 27.4375], [93.75, 27.625], [93.8125, 27.8125]], [[-172.78125, 27.71875], [-172.6875, 27.71875], [-172.6875, 27.625], [-172.78125, 27.625], [-172.78125, 27.71875]], [[-45.59375, 27.40625], [-45.46875, 27.40625], [-45.46875, 27.3125], [-45.625, 27.28125], [-45.59375, 27.40625]], [[-31.25, 27.40625], [-31.15625, 27.40625], [-31.0625, 27.25], [-30.875, 27.34375], [-30.875, 27.09375], [-30.5625, 26.84375], [-30.6875, 26.59375], [-30.625, 26.40625], [-30.71875, 26.21875], [-30.59375, 25.71875], [-30.6875, 25.53125], [-30.53125, 25.4375], [-30.5, 25.28125], [-31.0, 25.15625], [-30.8125, 25.09375], [-30.84375, 24.78125], [-31.0625, 24.625], [-31.3125, 24.25], [-31.5625, 24.125], [-31.6875, 23.71875], [-31.875, 23.59375], [-31.9375, 23.90625], [-32.03125, 23.9375], [-32.125, 24.1875], [-31.875, 24.125], [-31.65625, 24.3125], [-31.65625, 24.46875], [-31.8125, 24.6875], [-32.0625, 24.6875], [-32.21875, 24.46875], [-32.3125, 24.46875], [-32.21875, 25.34375], [-32.46875, 25.9375], [-32.3125, 26.03125], [-32.25, 26.28125], [-32.0625, 26.28125], [-32.0625, 26.03125], [-32.15625, 26.0], [-32.1875, 25.78125], [-32.03125, 25.46875], [-31.75, 25.3125], [-31.40625, 25.3125], [-31.0, 25.5625], [-30.9375, 25.96875], [-31.125, 26.21875], [-31.625, 26.375], [-32.0, 26.3125], [-32.0, 26.53125], [-31.6875, 26.59375], [-31.65625, 26.71875], [-31.46875, 26.75], [-31.28125, 27.0625], [-31.25, 27.40625]], [[95.3125, 27.34375], [95.4375, 27.34375], [95.4375, 27.125], [95.3125, 27.125], [95.3125, 27.34375]], [[-173.875, 27.28125], [-173.75, 27.28125], [-173.75, 27.1875], [-173.875, 27.15625], [-173.875, 27.28125]], [[-26.9375, 27.15625], [-26.84375, 27.15625], [-26.84375, 27.0625], [-26.9375, 27.0625], [-26.9375, 27.15625]], [[136.03125, 27.125], [136.125, 27.125], [136.125, 26.9375], [135.96875, 26.90625], [136.03125, 27.125]], [[93.5, 27.03125], [93.65625, 27.03125], [93.65625, 26.90625], [93.5, 26.9375], [93.5, 27.03125]], [[-49.625, 27.0], [-49.53125, 27.0], [-49.53125, 26.90625], [-49.625, 26.90625], [-49.625, 27.0]], [[-32.46875, 26.9375], [-32.28125, 26.90625], [-32.28125, 26.75], [-32.03125, 26.8125], [-32.0, 26.65625], [-32.5, 26.5625], [-32.46875, 26.9375]], [[95.59375, 26.875], [96.21875, 26.90625], [96.21875, 26.8125], [95.96875, 26.53125], [95.40625, 26.40625], [95.375, 26.53125], [95.59375, 26.71875], [95.59375, 26.875]], [[135.625, 26.90625], [135.9375, 26.84375], [135.90625, 26.53125], [135.625, 26.65625], [135.625, 26.90625]], [[-26.90625, 26.875], [-26.8125, 26.875], [-26.84375, 26.71875], [-26.9375, 26.71875], [-26.90625, 26.875]], [[-38.75, 26.84375], [-38.65625, 26.84375], [-38.65625, 26.75], [-38.75, 26.75], [-38.75, 26.84375]], [[-38.59375, 26.8125], [-38.4375, 26.8125], [-38.40625, 26.6875], [-38.59375, 26.71875], [-38.59375, 26.8125]], [[-38.90625, 26.75], [-38.8125, 26.75], [-38.8125, 26.65625], [-38.90625, 26.65625], [-38.90625, 26.75]], [[-32.75, 26.71875], [-32.65625, 26.71875], [-32.6875, 26.59375], [-32.78125, 26.59375], [-32.75, 26.71875]], [[-30.59375, 26.5625], [-30.5, 26.5625], [-30.5, 26.46875], [-30.59375, 26.46875], [-30.59375, 26.5625]], [[-173.03125, 26.53125], [-172.6875, 26.4375], [-172.59375, 26.25], [-172.375, 26.28125], [-172.375, 26.15625], [-172.53125, 26.0625], [-172.8125, 26.15625], [-172.8125, 26.28125], [-172.96875, 26.3125], [-173.03125, 26.53125]], [[-32.8125, 26.53125], [-32.71875, 26.53125], [-32.71875, 26.4375], [-32.8125, 26.4375], [-32.8125, 26.53125]], [[96.09375, 26.40625], [96.25, 26.53125], [96.25, 26.40625], [96.09375, 26.40625]], [[135.5, 26.5], [135.6875, 26.5], [135.6875, 26.40625], [135.5, 26.40625], [135.5, 26.5]], [[-38.34375, 26.4375], [-38.25, 26.4375], [-38.25, 26.34375], [-38.34375, 26.34375], [-38.34375, 26.4375]], [[96.6875, 26.34375], [96.78125, 26.34375], [96.875, 26.15625], [96.6875, 26.15625], [96.6875, 26.34375]], [[-27.21875, 26.09375], [-27.09375, 26.0625], [-27.15625, 25.84375], [-27.25, 25.84375], [-27.21875, 26.09375]], [[93.5, 25.9375], [93.6875, 26.03125], [93.71875, 25.75], [93.53125, 25.6875], [93.5, 25.9375]], [[-46.8125, 26.0], [-46.71875, 26.0], [-46.65625, 25.71875], [-46.8125, 25.71875], [-46.8125, 26.0]], [[-33.875, 25.6875], [-33.71875, 25.625], [-33.5625, 25.09375], [-33.40625, 25.09375], [-33.375, 24.84375], [-33.25, 24.75], [-33.28125, 24.9375], [-33.1875, 24.9375], [-33.125, 24.5625], [-32.78125, 24.3125], [-32.8125, 24.03125], [-32.625, 24.03125], [-32.5625, 23.90625], [-32.625, 23.78125], [-32.625, 23.65625], [-32.53125, 23.65625], [-32.5625, 23.375], [-32.75, 23.375], [-32.6875, 23.25], [-32.875, 23.125], [-32.78125, 22.65625], [-33.03125, 22.53125], [-32.96875, 22.0625], [-33.15625, 21.84375], [-33.125, 21.15625], [-33.3125, 21.0], [-33.84375, 20.96875], [-34.09375, 21.1875], [-34.71875, 21.28125], [-35.09375, 20.53125], [-35.25, 20.5], [-35.59375, 20.625], [-35.625, 20.78125], [-35.9375, 20.6875], [-35.9375, 20.8125], [-36.09375, 20.875], [-36.34375, 20.75], [-36.65625, 20.75], [-36.78125, 21.09375], [-36.90625, 21.1875], [-36.9375, 21.4375], [-36.78125, 21.46875], [-36.75, 21.65625], [-36.28125, 21.625], [-36.375, 22.0625], [-36.0625, 22.09375], [-36.40625, 22.53125], [-36.25, 22.5625], [-36.09375, 22.375], [-35.96875, 22.375], [-36.0, 22.625], [-35.84375, 22.625], [-35.9375, 22.875], [-35.53125, 22.75], [-35.4375, 23.125], [-35.3125, 23.09375], [-35.25, 22.84375], [-35.09375, 22.875], [-35.0625, 22.75], [-34.9375, 22.78125], [-35.09375, 23.03125], [-35.0, 23.03125], [-35.03125, 23.28125], [-34.875, 23.34375], [-34.9375, 23.5625], [-34.84375, 23.625], [-34.75, 24.15625], [-34.34375, 24.875], [-34.09375, 24.75], [-33.96875, 24.8125], [-34.03125, 25.21875], [-33.875, 25.6875]], [[-29.0, 25.40625], [-28.90625, 25.40625], [-28.90625, 25.1875], [-29.0625, 25.09375], [-29.0, 25.40625]], [[-28.09375, 25.25], [-28.0, 25.25], [-28.0, 25.15625], [-28.09375, 25.15625], [-28.09375, 25.25]], [[-27.9375, 25.25], [-27.59375, 25.21875], [-27.59375, 25.125], [-27.9375, 25.15625], [-27.9375, 25.25]], [[99.34375, 25.1875], [99.46875, 25.1875], [99.46875, 25.03125], [99.3125, 25.0625], [99.34375, 25.1875]], [[-25.0625, 25.15625], [-24.9375, 25.15625], [-24.90625, 25.03125], [-25.0625, 25.0625], [-25.0625, 25.15625]], [[-30.71875, 25.125], [-30.53125, 25.125], [-30.53125, 25.03125], [-30.71875, 24.96875], [-30.71875, 25.125]], [[-29.375, 25.0625], [-29.25, 25.0625], [-29.21875, 24.9375], [-29.375, 24.9375], [-29.375, 25.0625]], [[-48.75, 25.0], [-48.53125, 25.0], [-48.4375, 24.84375], [-48.65625, 24.71875], [-48.75, 25.0]], [[-24.90625, 24.96875], [-24.78125, 24.9375], [-24.78125, 24.46875], [-24.90625, 24.46875], [-25.0, 24.25], [-25.25, 24.25], [-25.25, 24.34375], [-25.0, 24.4375], [-24.90625, 24.96875]], [[-30.4375, 24.28125], [-29.875, 24.53125], [-29.84375, 24.09375], [-30.21875, 23.625], [-30.125, 23.3125], [-30.28125, 23.28125], [-30.3125, 23.1875], [-30.59375, 23.21875], [-30.6875, 23.78125], [-30.625, 24.0625], [-30.4375, 24.28125]], [[-170.1875, 24.5], [-170.09375, 24.5], [-170.09375, 24.40625], [-170.1875, 24.40625], [-170.1875, 24.5]], [[-46.125, 23.875], [-46.03125, 23.875], [-46.03125, 23.78125], [-46.125, 23.78125], [-46.125, 23.875]], [[101.5, 23.78125], [101.875, 23.75], [101.90625, 23.53125], [101.65625, 23.4375], [101.53125, 23.53125], [101.5, 23.78125]], [[-152.5625, 23.21875], [-152.46875, 23.21875], [-152.4375, 23.03125], [-152.53125, 23.03125], [-152.5625, 23.21875]], [[-31.40625, 23.15625], [-31.3125, 23.15625], [-31.3125, 22.53125], [-31.625, 22.59375], [-31.59375, 22.3125], [-31.6875, 22.3125], [-31.75, 22.75], [-31.40625, 23.15625]], [[-152.03125, 23.09375], [-151.9375, 23.09375], [-151.96875, 22.9375], [-152.0625, 22.9375], [-152.03125, 23.09375]], [[-30.71875, 22.96875], [-30.5, 23.09375], [-30.5, 23.0], [-30.625, 22.75], [-30.71875, 22.75], [-30.71875, 22.96875]], [[-167.84375, 23.0], [-167.75, 23.0], [-167.75, 22.90625], [-167.84375, 22.90625], [-167.84375, 23.0]], [[-36.1875, 22.84375], [-36.09375, 22.84375], [-36.09375, 22.75], [-36.1875, 22.75], [-36.1875, 22.84375]], [[-166.75, 22.71875], [-166.65625, 22.71875], [-166.65625, 22.625], [-166.75, 22.625], [-166.75, 22.71875]], [[-32.9375, 22.53125], [-32.75, 22.5], [-32.75, 22.40625], [-32.96875, 22.375], [-32.9375, 22.53125]], [[-166.78125, 22.4375], [-166.6875, 22.4375], [-166.59375, 22.25], [-166.78125, 22.25], [-166.78125, 22.4375]], [[-36.90625, 22.375], [-36.75, 22.34375], [-36.8125, 22.09375], [-37.0, 22.09375], [-36.90625, 22.375]], [[-166.3125, 22.21875], [-166.21875, 22.21875], [-166.21875, 22.125], [-166.3125, 22.125], [-166.3125, 22.21875]], [[-38.0, 22.09375], [-37.75, 22.0625], [-37.6875, 21.84375], [-37.59375, 21.8125], [-37.5625, 21.4375], [-38.28125, 21.28125], [-38.3125, 21.65625], [-38.0625, 21.53125], [-38.15625, 21.875], [-37.96875, 21.90625], [-38.0, 22.09375]], [[-36.875, 21.875], [-36.78125, 21.875], [-36.78125, 21.78125], [-36.875, 21.78125], [-36.875, 21.875]], [[-166.875, 21.84375], [-166.5625, 21.75], [-166.5625, 21.65625], [-166.78125, 21.65625], [-166.875, 21.84375]], [[103.40625, 21.84375], [103.5, 21.84375], [103.5, 21.75], [103.40625, 21.75], [103.40625, 21.84375]], [[-166.53125, 21.75], [-166.40625, 21.75], [-166.40625, 21.65625], [-166.53125, 21.65625], [-166.53125, 21.75]], [[110.75, 21.28125], [110.84375, 21.28125], [110.84375, 21.15625], [110.75, 21.15625], [110.75, 21.28125]], [[-37.90625, 21.0625], [-37.71875, 21.03125], [-37.6875, 20.84375], [-37.78125, 20.84375], [-37.90625, 21.0625]], [[131.875, 20.9375], [132.03125, 20.9375], [132.03125, 20.8125], [131.875, 20.8125], [131.875, 20.9375]], [[117.5, 20.625], [117.6875, 20.5625], [117.6875, 20.46875], [117.5, 20.4375], [117.5, 20.625]], [[-33.59375, 20.53125], [-33.375, 20.53125], [-33.375, 20.4375], [-33.78125, 20.15625], [-34.0, 20.15625], [-33.9375, 20.3125], [-33.625, 20.40625], [-33.59375, 20.53125]], [[-36.46875, 20.25], [-36.375, 20.25], [-36.34375, 20.0625], [-36.4375, 20.0625], [-36.46875, 20.25]], [[-40.0, 19.90625], [-39.875, 19.84375], [-39.84375, 19.46875], [-39.71875, 19.28125], [-39.75, 19.0], [-39.625, 19.15625], [-39.4375, 19.0625], [-39.25, 18.5625], [-39.28125, 18.28125], [-39.09375, 18.03125], [-39.0625, 17.1875], [-38.90625, 16.75], [-38.96875, 16.46875], [-39.1875, 16.28125], [-39.3125, 16.28125], [-39.46875, 16.46875], [-39.6875, 17.0], [-39.78125, 18.375], [-40.15625, 19.1875], [-40.125, 19.6875], [-40.0, 19.90625]], [[128.21875, 19.8125], [128.375, 19.8125], [128.375, 19.71875], [128.21875, 19.71875], [128.21875, 19.8125]], [[128.625, 19.8125], [128.75, 19.8125], [128.75, 19.71875], [128.59375, 19.6875], [128.625, 19.8125]], [[-161.53125, 19.75], [-161.4375, 19.75], [-161.375, 19.5625], [-161.34375, 19.15625], [-161.4375, 19.09375], [-161.5625, 19.09375], [-161.53125, 19.75]], [[-38.3125, 19.53125], [-38.0625, 19.65625], [-38.0625, 19.53125], [-38.15625, 19.53125], [-38.21875, 19.375], [-38.46875, 19.40625], [-38.46875, 19.53125], [-38.3125, 19.53125]], [[-41.96875, 19.46875], [-41.71875, 19.4375], [-41.78125, 19.28125], [-41.71875, 19.09375], [-41.8125, 19.0], [-41.90625, 19.0], [-41.96875, 19.46875]], [[-41.53125, 19.3125], [-41.375, 19.21875], [-41.4375, 19.0625], [-41.59375, 19.09375], [-41.53125, 19.3125]], [[-42.65625, 19.21875], [-42.53125, 19.15625], [-42.59375, 18.90625], [-42.6875, 18.90625], [-42.65625, 19.21875]], [[-41.09375, 19.125], [-40.8125, 19.0625], [-40.84375, 18.84375], [-41.125, 18.96875], [-41.09375, 19.125]], [[-36.40625, 18.9375], [-36.3125, 18.9375], [-36.09375, 18.3125], [-36.09375, 18.09375], [-36.21875, 17.875], [-36.3125, 17.875], [-36.3125, 18.125], [-36.5, 18.59375], [-36.40625, 18.9375]], [[-42.65625, 18.84375], [-42.5625, 18.84375], [-42.5625, 18.75], [-42.65625, 18.75], [-42.65625, 18.84375]], [[-40.375, 18.75], [-40.28125, 18.75], [-40.15625, 18.46875], [-40.3125, 18.46875], [-40.375, 18.75]], [[-41.46875, 18.34375], [-41.03125, 18.3125], [-40.5625, 17.875], [-40.53125, 17.59375], [-40.6875, 17.59375], [-40.78125, 17.75], [-40.75, 17.5625], [-40.5, 17.28125], [-40.1875, 17.1875], [-40.21875, 17.0625], [-40.5, 16.90625], [-40.5, 16.71875], [-40.40625, 16.5], [-40.21875, 16.40625], [-40.09375, 16.0625], [-39.96875, 16.0], [-39.75, 15.59375], [-39.75, 15.125], [-39.875, 14.90625], [-40.0, 14.9375], [-40.65625, 15.75], [-40.8125, 16.9375], [-40.625, 16.90625], [-40.625, 17.03125], [-41.3125, 17.4375], [-41.28125, 18.0], [-41.4375, 18.125], [-41.46875, 18.34375]], [[-37.125, 18.34375], [-37.0, 18.34375], [-36.90625, 18.21875], [-36.71875, 17.65625], [-36.5, 17.375], [-36.53125, 17.21875], [-36.40625, 16.90625], [-36.625, 15.78125], [-36.5, 15.8125], [-36.46875, 15.625], [-36.375, 15.59375], [-36.25, 14.3125], [-36.5, 13.375], [-36.71875, 13.09375], [-37.03125, 13.25], [-37.125, 13.59375], [-37.0625, 14.1875], [-36.84375, 14.46875], [-36.875, 15.0], [-36.65625, 15.3125], [-36.71875, 15.625], [-37.0625, 15.65625], [-37.03125, 15.84375], [-36.90625, 15.90625], [-36.9375, 16.5], [-37.09375, 16.5], [-37.125, 16.625], [-37.21875, 16.625], [-37.125, 15.8125], [-37.28125, 15.65625], [-37.46875, 15.65625], [-37.5625, 15.90625], [-37.78125, 16.125], [-37.6875, 18.0], [-37.59375, 18.125], [-37.1875, 18.09375], [-37.125, 18.34375]], [[-43.21875, 18.0], [-43.03125, 17.90625], [-43.03125, 17.5625], [-43.1875, 17.65625], [-43.21875, 18.0]], [[-34.9375, 18.0], [-34.8125, 18.0], [-34.8125, 17.90625], [-34.9375, 17.90625], [-34.9375, 18.0]], [[-38.71875, 17.84375], [-38.5625, 17.84375], [-38.4375, 17.46875], [-38.6875, 17.46875], [-38.71875, 17.84375]], [[-42.625, 17.71875], [-42.5, 17.6875], [-42.5, 17.03125], [-42.625, 17.09375], [-42.625, 17.71875]], [[-41.875, 17.5625], [-41.5625, 17.5625], [-41.53125, 17.40625], [-41.84375, 17.4375], [-41.875, 17.5625]], [[-38.78125, 17.46875], [-38.6875, 17.46875], [-38.6875, 17.375], [-38.78125, 17.375], [-38.78125, 17.46875]], [[-41.75, 17.15625], [-41.625, 17.15625], [-41.625, 17.0625], [-41.8125, 17.03125], [-41.75, 17.15625]], [[-41.625, 17.0], [-41.375, 16.84375], [-41.3125, 16.5], [-41.53125, 16.625], [-41.5, 16.84375], [-41.6875, 16.84375], [-41.625, 17.0]], [[-35.625, 16.90625], [-35.3125, 16.8125], [-35.15625, 16.03125], [-34.84375, 15.625], [-35.03125, 14.78125], [-35.21875, 14.6875], [-35.4375, 14.8125], [-35.40625, 15.375], [-35.5, 15.9375], [-35.59375, 16.0], [-35.59375, 16.21875], [-35.71875, 16.25], [-35.625, 16.90625]], [[-41.8125, 16.25], [-41.4375, 16.15625], [-41.34375, 16.03125], [-41.40625, 15.75], [-41.0625, 15.625], [-41.0, 15.46875], [-41.34375, 15.53125], [-41.46875, 15.375], [-41.59375, 15.375], [-41.8125, 16.25]], [[-158.125, 15.875], [-157.78125, 15.71875], [-157.875, 15.4375], [-158.09375, 15.46875], [-158.125, 15.875]], [[-41.375, 15.40625], [-41.09375, 15.40625], [-41.09375, 15.03125], [-41.21875, 15.03125], [-41.375, 15.40625]], [[-41.59375, 15.28125], [-41.40625, 15.1875], [-41.40625, 14.9375], [-41.5, 14.9375], [-41.59375, 15.28125]], [[-39.65625, 15.15625], [-39.5, 15.03125], [-39.5625, 14.5625], [-39.75, 14.5625], [-39.8125, 14.65625], [-39.65625, 15.15625]], [[-40.8125, 14.84375], [-40.6875, 14.84375], [-40.71875, 14.375], [-40.8125, 14.375], [-40.8125, 14.84375]], [[-35.15625, 14.625], [-35.0, 14.625], [-34.96875, 14.4375], [-34.84375, 14.40625], [-34.84375, 14.3125], [-35.09375, 14.34375], [-34.96875, 14.28125], [-35.03125, 14.15625], [-35.1875, 14.15625], [-35.28125, 14.3125], [-35.375, 14.3125], [-35.375, 14.46875], [-35.25, 14.46875], [-35.15625, 14.625]], [[-40.59375, 14.5625], [-40.4375, 14.46875], [-40.46875, 14.21875], [-40.5625, 14.21875], [-40.59375, 14.5625]], [[-35.6875, 14.5], [-35.5, 14.40625], [-35.34375, 14.09375], [-34.78125, 14.0], [-34.25, 13.5625], [-34.03125, 13.71875], [-33.875, 13.71875], [-33.75, 13.5], [-33.84375, 12.78125], [-33.78125, 12.0], [-33.875, 11.65625], [-34.0, 11.5625], [-34.0, 11.375], [-33.90625, 11.21875], [-33.6875, 11.1875], [-33.78125, 10.90625], [-33.71875, 10.65625], [-33.28125, 10.46875], [-33.09375, 10.0], [-33.09375, 9.78125], [-33.25, 9.4375], [-33.375, 9.375], [-33.40625, 9.125], [-34.40625, 8.96875], [-34.75, 9.0625], [-34.8125, 8.9375], [-35.03125, 8.90625], [-35.28125, 9.21875], [-35.25, 9.875], [-35.53125, 10.15625], [-35.6875, 10.75], [-35.90625, 10.75], [-35.78125, 11.15625], [-35.90625, 11.15625], [-35.96875, 11.34375], [-36.09375, 11.375], [-36.125, 11.65625], [-36.25, 11.8125], [-36.21875, 12.09375], [-36.40625, 12.40625], [-36.40625, 12.5625], [-36.28125, 12.59375], [-36.21875, 12.34375], [-36.09375, 12.28125], [-36.21875, 12.8125], [-36.0, 13.0625], [-36.0, 13.78125], [-35.8125, 14.125], [-35.59375, 14.15625], [-35.59375, 14.25], [-35.75, 14.3125], [-35.6875, 14.5]], [[-41.03125, 14.40625], [-40.9375, 14.40625], [-40.9375, 14.28125], [-41.03125, 14.28125], [-41.03125, 14.40625]], [[-34.5, 14.0625], [-34.1875, 14.0], [-34.125, 13.65625], [-34.28125, 13.65625], [-34.46875, 13.8125], [-34.5, 14.0625]], [[-40.71875, 14.03125], [-40.59375, 14.03125], [-40.59375, 13.875], [-40.71875, 13.875], [-40.71875, 14.03125]], [[-40.5, 13.65625], [-40.34375, 13.65625], [-40.34375, 13.5625], [-40.46875, 13.53125], [-40.5, 13.65625]], [[-40.375, 13.46875], [-40.28125, 13.46875], [-40.28125, 13.375], [-40.375, 13.375], [-40.375, 13.46875]], [[-36.21875, 13.3125], [-36.09375, 13.28125], [-36.09375, 13.09375], [-36.375, 13.0], [-36.21875, 13.3125]], [[-40.3125, 13.25], [-40.125, 13.25], [-40.125, 13.15625], [-40.3125, 13.09375], [-40.3125, 13.25]], [[-39.5, 13.1875], [-39.40625, 13.1875], [-39.40625, 13.0625], [-39.5, 13.0625], [-39.5, 13.1875]], [[-39.71875, 12.78125], [-39.625, 12.78125], [-39.625, 12.6875], [-39.71875, 12.6875], [-39.71875, 12.78125]], [[-39.5, 12.75], [-39.40625, 12.75], [-39.40625, 12.65625], [-39.5, 12.65625], [-39.5, 12.75]], [[-40.71875, 12.71875], [-40.625, 12.71875], [-40.625, 12.625], [-40.71875, 12.625], [-40.71875, 12.71875]], [[-39.21875, 12.6875], [-39.125, 12.6875], [-39.125, 12.59375], [-39.21875, 12.59375], [-39.21875, 12.6875]], [[-40.46875, 12.53125], [-40.34375, 12.53125], [-40.34375, 12.4375], [-40.46875, 12.4375], [-40.46875, 12.53125]], [[-39.5, 12.1875], [-39.40625, 12.1875], [-39.40625, 12.0625], [-39.5, 12.0625], [-39.5, 12.1875]], [[-37.09375, 12.09375], [-36.9375, 12.09375], [-36.71875, 11.8125], [-36.78125, 11.3125], [-36.96875, 11.34375], [-37.125, 11.625], [-37.09375, 12.09375]], [[-39.71875, 12.03125], [-39.53125, 12.0625], [-39.46875, 11.90625], [-39.46875, 11.59375], [-39.5625, 11.4375], [-39.65625, 11.4375], [-39.75, 11.75], [-39.71875, 12.03125]], [[-32.4375, 11.53125], [-32.0625, 11.59375], [-32.0625, 11.46875], [-32.3125, 11.46875], [-32.21875, 11.3125], [-32.34375, 11.3125], [-32.4375, 11.53125]], [[-39.875, 11.46875], [-39.78125, 11.46875], [-39.78125, 11.375], [-39.875, 11.375], [-39.875, 11.46875]], [[-32.46875, 11.1875], [-32.375, 11.1875], [-32.375, 11.09375], [-32.46875, 11.09375], [-32.46875, 11.1875]], [[-40.59375, 11.0625], [-40.5, 11.0625], [-40.5, 10.96875], [-40.59375, 10.96875], [-40.59375, 11.0625]], [[-32.8125, 11.03125], [-32.71875, 11.03125], [-32.71875, 10.9375], [-32.8125, 10.9375], [-32.8125, 11.03125]], [[-36.9375, 11.0], [-36.71875, 10.90625], [-36.71875, 10.71875], [-36.875, 10.71875], [-36.9375, 11.0]], [[-38.9375, 10.8125], [-38.8125, 10.8125], [-38.8125, 10.65625], [-38.9375, 10.65625], [-38.9375, 10.8125]], [[-39.6875, 10.5625], [-39.40625, 10.46875], [-39.46875, 10.28125], [-39.625, 10.34375], [-39.6875, 10.5625]], [[-40.125, 10.53125], [-39.84375, 10.4375], [-39.84375, 10.34375], [-40.125, 10.34375], [-40.125, 10.53125]], [[-37.34375, 9.6875], [-37.15625, 9.65625], [-37.15625, 9.5625], [-37.34375, 9.59375], [-37.34375, 9.6875]], [[-40.0625, 9.5], [-39.96875, 9.5], [-39.96875, 9.40625], [-40.0625, 9.40625], [-40.0625, 9.5]], [[-37.0, 9.1875], [-36.75, 9.125], [-36.625, 8.71875], [-36.75, 8.65625], [-37.1875, 8.71875], [-37.125, 9.0625], [-37.0, 9.1875]], [[-36.15625, 8.8125], [-36.0625, 8.8125], [-36.0625, 8.71875], [-36.15625, 8.71875], [-36.15625, 8.8125]], [[-36.5625, 8.65625], [-36.46875, 8.65625], [-36.46875, 8.5625], [-36.5625, 8.5625], [-36.5625, 8.65625]], [[-37.0625, 8.53125], [-36.875, 8.53125], [-36.71875, 8.28125], [-36.5625, 8.25], [-36.625, 7.75], [-36.90625, 7.8125], [-36.84375, 7.9375], [-36.9375, 7.9375], [-37.0, 8.25], [-37.125, 8.3125], [-37.0625, 8.53125]], [[-32.96875, 8.1875], [-32.4375, 8.0625], [-32.46875, 7.90625], [-32.3125, 7.71875], [-32.40625, 7.09375], [-32.25, 7.0], [-32.0, 6.59375], [-31.84375, 5.9375], [-32.0625, 5.75], [-32.28125, 5.75], [-32.46875, 5.875], [-32.65625, 5.84375], [-32.65625, 5.71875], [-32.46875, 5.71875], [-32.46875, 5.625], [-32.78125, 5.34375], [-32.96875, 5.375], [-32.875, 5.0], [-33.0, 4.6875], [-33.3125, 4.46875], [-33.375, 4.28125], [-33.1875, 3.96875], [-33.375, 3.0625], [-33.6875, 2.9375], [-34.15625, 3.21875], [-34.1875, 3.0], [-34.40625, 2.9375], [-35.0625, 3.1875], [-35.09375, 3.28125], [-36.0, 3.3125], [-36.28125, 3.53125], [-36.25, 4.5], [-36.0, 4.71875], [-35.875, 5.21875], [-35.6875, 5.25], [-35.40625, 5.5], [-35.53125, 5.78125], [-35.3125, 6.0], [-35.21875, 6.3125], [-34.9375, 6.5], [-34.6875, 6.53125], [-34.59375, 6.78125], [-34.21875, 6.84375], [-33.9375, 7.1875], [-33.75, 7.21875], [-33.6875, 7.03125], [-33.46875, 6.9375], [-33.625, 7.28125], [-33.625, 7.9375], [-33.53125, 8.0625], [-32.96875, 8.1875]], [[-32.125, 5.21875], [-32.03125, 5.21875], [-32.0, 4.5625], [-32.4375, 4.125], [-32.59375, 4.125], [-32.625, 4.84375], [-32.25, 5.0], [-32.125, 5.21875]], [[-33.0625, 4.5], [-32.84375, 4.40625], [-32.84375, 4.25], [-32.96875, 4.125], [-33.25, 4.25], [-33.0625, 4.5]], [[-31.40625, 4.40625], [-31.25, 4.3125], [-31.09375, 3.6875], [-31.09375, 3.53125], [-31.375, 3.125], [-31.3125, 2.96875], [-31.375, 2.46875], [-31.78125, 2.1875], [-32.375, 2.1875], [-32.4375, 2.4375], [-32.59375, 2.53125], [-32.6875, 2.96875], [-32.3125, 3.3125], [-32.28125, 3.59375], [-31.96875, 3.96875], [-31.40625, 4.40625]], [[-34.28125, 2.34375], [-34.1875, 2.34375], [-34.1875, 2.21875], [-34.28125, 2.21875], [-34.28125, 2.34375]], [[-34.0625, 2.3125], [-33.96875, 2.3125], [-33.96875, 2.1875], [-34.09375, 2.1875], [-34.0625, 2.3125]], [[-36.53125, 2.03125], [-36.375, 2.03125], [-36.375, 1.9375], [-36.53125, 1.9375], [-36.53125, 2.03125]], [[-36.1875, 1.96875], [-36.03125, 1.96875], [-36.0, 1.8125], [-36.15625, 1.8125], [-36.1875, 1.96875]], [[-33.5, 1.9375], [-33.375, 1.9375], [-33.375, 1.84375], [-33.5, 1.84375], [-33.5, 1.9375]], [[-35.59375, 1.75], [-35.5, 1.75], [-35.5, 1.65625], [-35.59375, 1.65625], [-35.59375, 1.75]], [[-36.53125, 1.65625], [-36.40625, 1.65625], [-36.40625, 1.5], [-36.53125, 1.5], [-36.53125, 1.65625]], [[-33.75, 1.65625], [-33.59375, 1.65625], [-33.65625, 1.46875], [-33.75, 1.46875], [-33.75, 1.65625]], [[-34.0, 1.46875], [-33.90625, 1.46875], [-33.875, 1.28125], [-33.71875, 1.3125], [-33.78125, 1.0625], [-33.875, 1.0625], [-34.03125, 1.3125], [-34.0, 1.46875]], [[-33.5625, 1.46875], [-33.46875, 1.46875], [-33.46875, 1.375], [-33.5625, 1.375], [-33.5625, 1.46875]], [[-36.28125, 1.375], [-36.15625, 1.3125], [-36.1875, 1.15625], [-36.28125, 1.15625], [-36.28125, 1.375]], [[-36.59375, 1.3125], [-36.46875, 1.3125], [-36.46875, 1.15625], [-36.5625, 1.15625], [-36.59375, 1.3125]], [[-35.1875, 1.21875], [-35.0625, 1.21875], [-35.0625, 1.125], [-35.1875, 1.125], [-35.1875, 1.21875]], [[-35.8125, 1.1875], [-35.59375, 1.0625], [-35.71875, 0.84375], [-35.84375, 0.90625], [-35.8125, 1.1875]], [[-34.875, 1.1875], [-34.75, 1.1875], [-34.75, 1.09375], [-34.875, 1.09375], [-34.875, 1.1875]], [[-35.125, 1.03125], [-35.0, 1.03125], [-35.0, 0.90625], [-35.15625, 0.90625], [-35.125, 1.03125]], [[-36.5, 1.0], [-36.375, 1.0], [-36.375, 0.875], [-36.5, 0.875], [-36.5, 1.0]], [[-36.71875, 0.78125], [-36.5625, 0.78125], [-36.5625, 0.65625], [-36.6875, 0.65625], [-36.71875, 0.78125]], [[-36.34375, 0.78125], [-36.25, 0.78125], [-36.25, 0.625], [-36.34375, 0.625], [-36.34375, 0.78125]], [[-36.125, 0.78125], [-36.03125, 0.78125], [-36.03125, 0.6875], [-36.125, 0.6875], [-36.125, 0.78125]], [[-35.6875, 0.625], [-35.59375, 0.625], [-35.59375, 0.53125], [-35.6875, 0.53125], [-35.6875, 0.625]], [[-35.78125, 0.40625], [-35.65625, 0.40625], [-35.65625, 0.28125], [-35.78125, 0.28125], [-35.78125, 0.40625]], [[-34.96875, -0.0625], [-34.875, -0.0625], [-34.875, -0.1875], [-34.96875, -0.1875], [-34.96875, -0.0625]], [[-38.75, -0.5625], [-38.65625, -0.5625], [-38.65625, -0.65625], [-38.75, -0.65625], [-38.75, -0.5625]], [[-38.6875, -0.875], [-38.5625, -0.875], [-38.5625, -0.96875], [-38.6875, -1.0], [-38.6875, -0.875]], [[-33.90625, -1.96875], [-33.78125, -1.96875], [-33.78125, -2.0625], [-33.90625, -2.0625], [-33.90625, -1.96875]], [[-32.875, -2.09375], [-32.75, -2.09375], [-32.75, -2.21875], [-32.875, -2.21875], [-32.875, -2.09375]], [[-34.46875, -2.625], [-34.34375, -2.625], [-34.1875, -2.96875], [-34.59375, -3.09375], [-34.46875, -2.625]], [[-35.53125, -4.375], [-35.3125, -4.40625], [-35.3125, -4.65625], [-35.46875, -4.6875], [-35.4375, -4.84375], [-35.5625, -4.84375], [-35.625, -4.71875], [-35.53125, -4.375]], [[-33.65625, -6.625], [-33.5, -6.625], [-33.46875, -6.84375], [-33.21875, -6.8125], [-33.09375, -6.96875], [-32.875, -6.96875], [-32.84375, -7.125], [-32.71875, -7.125], [-32.71875, -7.28125], [-32.46875, -7.3125], [-32.46875, -7.09375], [-32.3125, -7.0], [-32.3125, -6.875], [-32.0, -6.8125], [-31.9375, -7.09375], [-31.75, -7.09375], [-31.625, -6.84375], [-31.46875, -6.84375], [-31.4375, -7.0625], [-30.9375, -7.09375], [-30.90625, -7.34375], [-31.09375, -7.46875], [-31.40625, -7.40625], [-31.3125, -7.53125], [-31.40625, -7.8125], [-31.5, -7.8125], [-31.5, -7.59375], [-31.8125, -7.59375], [-31.78125, -7.40625], [-32.09375, -7.375], [-32.34375, -7.59375], [-32.71875, -7.625], [-32.96875, -7.71875], [-33.0, -7.8125], [-33.5, -7.75], [-33.53125, -7.84375], [-33.84375, -7.875], [-33.90625, -7.5625], [-34.09375, -7.46875], [-34.1875, -7.1875], [-34.0625, -6.96875], [-33.90625, -7.0], [-33.625, -6.84375], [-33.625, -6.78125], [-33.875, -6.78125], [-33.875, -6.6875], [-33.65625, -6.71875], [-33.65625, -6.625]], [[-36.6875, -6.75], [-36.53125, -6.75], [-36.53125, -6.84375], [-36.6875, -6.84375], [-36.6875, -6.75]], [[-30.8125, -7.03125], [-30.5625, -7.0], [-30.5625, -7.1875], [-30.8125, -7.1875], [-30.8125, -7.03125]], [[-29.75, -6.96875], [-29.65625, -6.96875], [-29.625, -7.21875], [-29.78125, -7.21875], [-29.75, -6.96875]], [[-31.96875, -7.6875], [-31.875, -7.6875], [-31.875, -7.78125], [-31.96875, -7.78125], [-31.96875, -7.6875]], [[-32.375, -7.71875], [-32.21875, -7.75], [-32.25, -7.9375], [-32.34375, -7.9375], [-32.375, -7.71875]], [[-32.1875, -7.78125], [-32.0625, -7.78125], [-32.0625, -7.875], [-32.1875, -7.875], [-32.1875, -7.78125]], [[-34.09375, -7.90625], [-33.96875, -7.90625], [-34.0, -8.0625], [-34.15625, -8.03125], [-34.09375, -7.90625]], [[-41.40625, -7.9375], [-41.28125, -7.9375], [-41.28125, -8.03125], [-41.40625, -8.03125], [-41.40625, -7.9375]], [[-35.8125, -8.03125], [-35.71875, -8.03125], [-35.71875, -8.125], [-35.8125, -8.125], [-35.8125, -8.03125]], [[-39.71875, -8.0625], [-39.625, -8.0625], [-39.59375, -8.1875], [-39.75, -8.1875], [-39.71875, -8.0625]], [[-33.65625, -8.21875], [-33.5, -8.09375], [-33.53125, -8.25], [-33.65625, -8.21875]], [[-32.1875, -8.09375], [-32.09375, -8.09375], [-32.125, -8.21875], [-32.21875, -8.21875], [-32.1875, -8.09375]], [[-30.65625, -8.1875], [-30.4375, -8.1875], [-30.4375, -8.34375], [-30.59375, -8.34375], [-30.65625, -8.1875]], [[-32.75, -8.65625], [-32.65625, -8.65625], [-32.65625, -8.75], [-32.53125, -8.71875], [-32.53125, -8.8125], [-32.75, -8.84375], [-32.75, -8.65625]], [[-32.9375, -8.6875], [-32.84375, -8.6875], [-32.84375, -8.8125], [-33.03125, -8.84375], [-32.9375, -8.6875]], [[-38.90625, -8.75], [-38.8125, -8.75], [-38.8125, -8.84375], [-38.90625, -8.84375], [-38.90625, -8.75]], [[-33.21875, -8.84375], [-33.125, -8.84375], [-33.09375, -8.96875], [-33.21875, -8.96875], [-33.21875, -8.84375]], [[-32.71875, -8.875], [-32.625, -8.875], [-32.625, -8.96875], [-32.71875, -8.96875], [-32.71875, -8.875]], [[-33.03125, -8.90625], [-32.9375, -8.90625], [-32.9375, -9.0], [-33.03125, -9.0], [-33.03125, -8.90625]], [[-37.84375, -8.9375], [-37.75, -8.9375], [-37.75, -9.03125], [-37.84375, -9.03125], [-37.84375, -8.9375]], [[-32.875, -8.96875], [-32.75, -9.0], [-32.6875, -9.25], [-32.84375, -9.125], [-33.03125, -9.25], [-33.0, -9.0625], [-32.875, -8.96875]], [[-37.6875, -9.125], [-37.59375, -9.125], [-37.59375, -9.21875], [-37.6875, -9.21875], [-37.6875, -9.125]], [[-38.59375, -9.46875], [-38.5, -9.46875], [-38.5, -9.5625], [-38.59375, -9.5625], [-38.59375, -9.46875]], [[-38.25, -9.46875], [-38.15625, -9.46875], [-38.15625, -9.5625], [-38.25, -9.5625], [-38.25, -9.46875]], [[-37.59375, -9.46875], [-37.40625, -9.5], [-37.03125, -9.84375], [-37.0625, -10.0], [-37.40625, -10.25], [-37.65625, -10.21875], [-37.6875, -9.59375], [-37.59375, -9.46875]], [[-38.09375, -9.5], [-38.0, -9.5], [-38.0, -9.625], [-38.09375, -9.625], [-38.09375, -9.5]], [[-37.90625, -9.53125], [-37.8125, -9.53125], [-37.8125, -9.625], [-37.90625, -9.625], [-37.90625, -9.53125]], [[-38.1875, -9.65625], [-38.0625, -9.65625], [-38.0625, -9.75], [-38.1875, -9.75], [-38.1875, -9.65625]], [[-35.875, -9.65625], [-35.78125, -9.65625], [-35.78125, -9.75], [-35.875, -9.75], [-35.875, -9.65625]], [[-37.96875, -9.71875], [-37.875, -9.71875], [-37.90625, -9.84375], [-38.0, -9.84375], [-37.96875, -9.71875]], [[-37.8125, -9.8125], [-37.71875, -9.8125], [-37.71875, -10.0], [-37.8125, -10.0], [-37.8125, -9.8125]], [[-39.875, -10.0], [-39.78125, -10.0], [-39.78125, -10.09375], [-39.875, -10.09375], [-39.875, -10.0]], [[-38.28125, -10.125], [-38.125, -10.125], [-38.125, -10.21875], [-38.28125, -10.21875], [-38.28125, -10.125]], [[-34.09375, -10.34375], [-34.0, -10.34375], [-34.0, -10.4375], [-34.09375, -10.4375], [-34.09375, -10.34375]], [[-39.34375, -10.4375], [-39.21875, -10.4375], [-39.21875, -10.53125], [-39.40625, -10.5625], [-39.34375, -10.4375]], [[-37.90625, -10.4375], [-37.53125, -10.4375], [-37.53125, -10.5625], [-37.90625, -10.53125], [-37.90625, -10.4375]], [[-34.4375, -10.53125], [-34.25, -10.5625], [-34.25, -10.65625], [-34.4375, -10.65625], [-34.4375, -10.53125]], [[-34.125, -10.53125], [-33.9375, -10.5625], [-33.9375, -10.65625], [-34.125, -10.65625], [-34.125, -10.53125]], [[-39.53125, -11.0], [-39.21875, -11.125], [-39.09375, -11.46875], [-39.34375, -11.90625], [-39.6875, -11.9375], [-39.46875, -11.4375], [-39.53125, -11.0]], [[-39.875, -11.59375], [-39.78125, -11.59375], [-39.75, -11.8125], [-39.84375, -11.8125], [-39.875, -11.59375]]]}}, {"type": "Feature", "properties": {"sea": "borealis", "name": "北方海 Borealis Sea", "level_m": -3700, "area_km2": 31329.9}, "geometry": {"type": "Polygon", "coordinates": [[[28.625, 51.875], [27.28125, 51.65625], [26.65625, 51.21875], [26.65625, 51.0625], [26.4375, 50.90625], [26.40625, 50.71875], [26.5625, 50.59375], [26.5625, 50.4375], [26.5, 50.34375], [26.15625, 50.34375], [26.09375, 50.0625], [26.40625, 50.0], [26.375, 49.71875], [26.5625, 49.6875], [26.5, 49.5], [26.65625, 49.5625], [26.6875, 49.34375], [27.0625, 49.03125], [27.09375, 48.90625], [27.28125, 49.0], [27.40625, 48.84375], [27.875, 48.75], [27.875, 48.59375], [27.96875, 48.53125], [28.34375, 48.5625], [28.40625, 48.40625], [28.53125, 48.4375], [28.625, 48.34375], [28.8125, 48.4375], [28.8125, 48.53125], [29.0625, 48.4375], [29.25, 48.5625], [29.84375, 48.5625], [30.3125, 48.75], [30.78125, 48.78125], [31.03125, 48.90625], [31.21875, 49.15625], [31.4375, 49.21875], [31.53125, 49.34375], [31.53125, 49.65625], [31.6875, 49.6875], [31.53125, 50.25], [31.71875, 50.4375], [31.71875, 50.5625], [31.25, 50.96875], [31.3125, 51.1875], [31.25, 51.375], [30.90625, 51.46875], [30.5625, 51.78125], [29.9375, 51.65625], [30.15625, 51.5], [30.15625, 51.3125], [30.375, 51.25], [30.4375, 51.0625], [30.65625, 50.9375], [30.625, 50.8125], [30.3125, 50.8125], [30.0625, 51.0625], [29.75, 51.0625], [29.5, 51.1875], [29.5, 51.3125], [29.75, 51.40625], [29.625, 51.625], [29.34375, 51.65625], [29.125, 51.84375], [28.625, 51.875]], [[30.6875, 51.375], [30.9375, 51.4375], [30.9375, 51.25], [30.71875, 51.25], [30.6875, 51.375]], [[28.28125, 51.0], [28.40625, 50.96875], [28.40625, 50.84375], [28.125, 50.71875], [28.0625, 50.875], [28.28125, 51.0]], [[27.78125, 50.8125], [27.875, 50.8125], [27.875, 50.71875], [27.78125, 50.71875], [27.78125, 50.8125]], [[30.6875, 50.3125], [30.78125, 50.3125], [30.71875, 50.09375], [30.53125, 50.09375], [30.6875, 50.3125]]]}}, {"type": "Feature", "properties": {"sea": "hellas", "name": "海拉斯海 Hellas Sea", "level_m": -7000, "area_km2": 124174.0}, "geometry": {"type": "Polygon", "coordinates": [[[62.4375, -30.71875], [62.40625, -30.8125], [62.1875, -30.78125], [62.21875, -31.21875], [62.625, -31.21875], [62.625, -31.3125], [62.4375, -31.375], [62.3125, -31.5625], [62.21875, -31.5625], [62.1875, -31.21875], [61.78125, -31.0], [61.8125, -31.1875], [61.71875, -31.1875], [61.71875, -31.3125], [61.8125, -31.3125], [61.8125, -31.40625], [61.71875, -31.40625], [61.6875, -31.53125], [61.75, -31.71875], [61.3125, -31.71875], [61.21875, -31.59375], [61.0, -31.59375], [61.0, -31.46875], [60.90625, -31.53125], [60.625, -31.46875], [60.40625, -31.5625], [60.34375, -31.78125], [60.125, -31.78125], [59.96875, -31.9375], [59.875, -31.9375], [59.875, -31.84375], [59.625, -31.84375], [59.59375, -32.03125], [59.375, -32.0625], [59.375, -32.25], [59.78125, -32.15625], [59.84375, -32.34375], [60.1875, -32.375], [60.25, -32.53125], [60.71875, -32.65625], [60.71875, -32.8125], [60.5625, -32.8125], [60.53125, -32.71875], [60.0625, -32.71875], [59.96875, -32.53125], [59.3125, -32.46875], [59.34375, -32.34375], [59.125, -32.21875], [59.0625, -32.34375], [58.46875, -32.4375], [58.4375, -32.625], [57.8125, -32.84375], [58.0, -33.0], [58.40625, -33.03125], [58.40625, -33.125], [57.875, -33.125], [57.625, -33.25], [57.28125, -33.1875], [57.15625, -33.3125], [57.1875, -33.59375], [56.96875, -33.46875], [56.78125, -33.5], [56.625, -34.0], [56.5, -34.0], [56.5, -34.09375], [56.15625, -34.09375], [56.1875, -34.1875], [56.40625, -34.1875], [56.375, -34.4375], [55.75, -34.59375], [55.59375, -35.0625], [55.46875, -35.0625], [55.40625, -34.71875], [55.28125, -34.65625], [55.21875, -34.78125], [54.75, -34.8125], [54.65625, -34.9375], [54.6875, -35.03125], [54.90625, -35.0], [55.09375, -35.34375], [54.6875, -35.25], [54.6875, -35.375], [54.46875, -35.3125], [54.3125, -35.40625], [54.28125, -35.15625], [54.09375, -35.15625], [53.78125, -35.40625], [53.71875, -35.65625], [53.8125, -35.90625], [53.46875, -35.8125], [53.375, -35.65625], [52.84375, -35.84375], [52.78125, -36.15625], [52.9375, -36.3125], [53.15625, -36.34375], [53.1875, -36.53125], [53.3125, -36.5625], [53.28125, -36.71875], [53.125, -36.75], [53.0625, -36.875], [53.15625, -36.9375], [53.15625, -37.125], [53.375, -37.34375], [53.375, -37.5], [53.09375, -37.78125], [52.90625, -38.15625], [53.03125, -38.21875], [53.09375, -38.40625], [52.84375, -38.4375], [52.9375, -38.5], [52.875, -38.78125], [52.4375, -38.8125], [52.3125, -39.0625], [52.34375, -39.21875], [52.5, -39.28125], [52.5, -39.375], [52.75, -39.375], [53.09375, -38.9375], [53.34375, -38.9375], [53.5, -39.0625], [53.78125, -39.0625], [53.875, -39.40625], [54.1875, -39.53125], [54.1875, -39.3125], [54.375, -39.25], [54.5, -39.03125], [54.3125, -38.875], [54.40625, -38.6875], [54.78125, -38.84375], [54.96875, -38.53125], [55.46875, -38.375], [56.1875, -38.46875], [56.21875, -38.34375], [55.90625, -38.09375], [55.90625, -38.0], [56.4375, -37.875], [56.5, -37.6875], [56.8125, -37.5625], [56.875, -37.4375], [57.40625, -37.40625], [57.625, -37.625], [58.0, -37.4375], [58.375, -37.4375], [58.53125, -37.25], [58.5, -37.0], [58.375, -36.90625], [58.4375, -36.34375], [58.53125, -36.21875], [59.4375, -35.9375], [59.625, -35.78125], [59.65625, -35.625], [59.875, -35.6875], [59.96875, -35.5625], [60.1875, -35.59375], [60.28125, -35.53125], [60.21875, -35.21875], [60.3125, -35.1875], [60.3125, -35.03125], [60.625, -34.9375], [60.9375, -34.5625], [61.1875, -34.46875], [62.3125, -34.53125], [62.90625, -34.4375], [63.0625, -34.53125], [63.28125, -34.5], [63.5, -34.71875], [64.0, -34.65625], [64.25, -34.84375], [64.25, -34.9375], [65.46875, -34.84375], [65.75, -35.1875], [65.96875, -35.15625], [66.03125, -34.9375], [66.15625, -34.9375], [66.4375, -35.0], [66.5, -35.21875], [66.59375, -35.21875], [66.875, -35.5625], [67.34375, -35.625], [67.59375, -35.46875], [67.6875, -35.125], [67.5625, -35.03125], [67.53125, -34.8125], [67.03125, -34.875], [66.9375, -34.65625], [66.3125, -34.5], [66.34375, -34.28125], [66.15625, -34.25], [66.1875, -33.8125], [66.0, -33.65625], [65.8125, -33.71875], [65.71875, -33.875], [65.84375, -34.03125], [65.84375, -34.21875], [65.6875, -34.375], [65.3125, -34.3125], [65.3125, -34.15625], [65.1875, -34.15625], [65.1875, -34.34375], [64.375, -34.3125], [64.3125, -34.40625], [64.0625, -34.4375], [64.125, -34.03125], [64.4375, -34.09375], [64.40625, -33.9375], [65.03125, -33.9375], [65.0, -33.8125], [64.84375, -33.8125], [64.90625, -33.53125], [65.28125, -33.34375], [65.0, -33.125], [64.59375, -33.15625], [64.25, -33.0625], [64.1875, -32.9375], [64.3125, -32.875], [64.15625, -32.75], [64.1875, -32.59375], [63.6875, -32.5625], [63.75, -32.375], [64.15625, -32.0625], [63.90625, -32.03125], [63.875, -31.875], [63.625, -31.875], [63.625, -31.75], [63.78125, -31.53125], [64.25, -31.4375], [64.21875, -31.1875], [64.4375, -31.125], [64.59375, -30.875], [64.0, -30.84375], [63.84375, -30.96875], [63.6875, -30.8125], [63.34375, -30.71875], [63.0625, -30.71875], [63.0, -30.8125], [62.84375, -30.71875], [62.84375, -30.8125], [62.625, -30.84375], [62.4375, -30.71875]], [[62.09375, -31.5625], [62.21875, -31.5625], [62.21875, -31.65625], [62.09375, -31.65625], [62.09375, -31.5625]], [[60.84375, -32.65625], [61.03125, -32.65625], [61.0625, -32.8125], [60.875, -32.84375], [60.84375, -32.8125], [60.84375, -32.65625]], [[60.75, -32.8125], [60.9375, -32.875], [60.9375, -32.96875], [60.75, -32.90625], [60.75, -32.8125]], [[55.59375, -35.34375], [55.71875, -35.34375], [55.71875, -35.4375], [55.59375, -35.4375], [55.59375, -35.34375]], [[54.75, -35.5625], [54.84375, -35.5625], [54.84375, -35.65625], [54.75, -35.65625], [54.75, -35.5625]], [[57.65625, -35.59375], [57.96875, -35.59375], [58.1875, -35.90625], [57.9375, -35.90625], [57.90625, -36.09375], [57.625, -36.25], [57.15625, -36.28125], [57.0625, -35.96875], [57.15625, -35.875], [57.3125, -35.90625], [57.3125, -35.78125], [57.6875, -35.75], [57.65625, -35.59375]], [[53.4375, -36.375], [53.90625, -36.4375], [53.9375, -36.5625], [53.375, -36.59375], [53.4375, -36.375]], [[53.40625, -36.71875], [53.59375, -36.75], [53.53125, -36.96875], [53.3125, -36.90625], [53.40625, -36.71875]], [[53.4375, -37.625], [53.59375, -37.625], [53.59375, -37.71875], [53.4375, -37.71875], [53.4375, -37.625]], [[54.03125, -37.9375], [54.25, -37.96875], [54.125, -38.28125], [54.0, -38.28125], [54.03125, -37.9375]], [[54.40625, -37.96875], [54.65625, -38.0625], [54.53125, -38.3125], [54.4375, -38.3125], [54.40625, -37.96875]], [[53.46875, -38.0625], [53.5625, -38.0625], [53.5625, -38.1875], [53.6875, -38.1875], [53.65625, -38.3125], [53.4375, -38.25], [53.46875, -38.0625]], [[53.78125, -38.25], [53.875, -38.25], [53.875, -38.34375], [53.78125, -38.34375], [53.78125, -38.25]], [[54.125, -38.84375], [54.21875, -38.84375], [54.21875, -38.9375], [54.125, -38.9375], [54.125, -38.84375]]]}}, {"type": "Feature", "properties": {"sea": "marineris", "name": "水手峡谷海 Marineris Sea", "level_m": -3800, "area_km2": 117828.3}, "geometry": {"type": "Polygon", "coordinates": [[[-74.0, -8.28125], [-74.0625, -8.40625], [-74.28125, -8.4375], [-74.25, -8.625], [-73.90625, -8.65625], [-73.84375, -8.84375], [-73.65625, -8.96875], [-73.59375, -9.25], [-73.34375, -9.34375], [-73.28125, -9.5], [-73.125, -9.5625], [-73.09375, -9.75], [-73.0, -9.78125], [-72.84375, -9.625], [-72.6875, -9.65625], [-72.6875, -9.96875], [-72.4375, -10.28125], [-72.40625, -11.1875], [-72.28125, -11.1875], [-72.21875, -11.0], [-72.09375, -11.0], [-71.875, -11.3125], [-71.5625, -11.40625], [-71.5625, -11.5625], [-71.21875, -11.53125], [-71.34375, -11.71875], [-71.21875, -11.9375], [-70.875, -12.0], [-70.6875, -12.15625], [-70.375, -12.15625], [-70.125, -12.34375], [-69.71875, -12.40625], [-69.5625, -12.53125], [-69.4375, -12.53125], [-69.34375, -12.34375], [-69.03125, -12.125], [-68.875, -12.125], [-68.875, -12.0], [-68.71875, -11.9375], [-68.25, -12.09375], [-67.84375, -12.0625], [-67.03125, -12.375], [-66.28125, -12.40625], [-65.84375, -12.59375], [-65.5625, -12.59375], [-65.53125, -12.46875], [-65.40625, -12.46875], [-65.34375, -12.5625], [-65.0, -12.53125], [-64.65625, -12.71875], [-64.40625, -12.6875], [-63.625, -12.875], [-63.46875, -13.0], [-63.09375, -12.96875], [-62.84375, -13.21875], [-62.46875, -13.125], [-62.28125, -13.25], [-61.8125, -13.28125], [-61.75, -13.46875], [-61.59375, -13.5], [-61.46875, -13.65625], [-61.21875, -13.59375], [-61.0625, -13.625], [-61.0, -13.75], [-60.3125, -13.78125], [-60.21875, -13.5], [-59.34375, -13.59375], [-59.3125, -13.71875], [-59.0625, -13.875], [-59.03125, -14.03125], [-58.53125, -14.09375], [-58.53125, -14.28125], [-58.4375, -14.34375], [-58.1875, -14.34375], [-57.4375, -14.59375], [-56.84375, -15.0625], [-56.25, -15.15625], [-56.0, -15.34375], [-56.0, -15.46875], [-55.625, -15.40625], [-55.59375, -15.5], [-55.1875, -15.5625], [-55.0625, -15.34375], [-54.8125, -15.34375], [-54.78125, -15.46875], [-54.625, -15.5], [-54.4375, -15.34375], [-53.65625, -15.25], [-53.625, -15.5], [-53.5, -15.5625], [-53.09375, -15.53125], [-52.375, -15.6875], [-52.25, -15.5625], [-51.5, -15.625], [-50.75, -15.53125], [-50.625, -15.375], [-49.875, -15.28125], [-49.84375, -15.46875], [-49.71875, -15.5625], [-49.71875, -15.8125], [-49.875, -15.90625], [-49.875, -16.0], [-50.03125, -15.96875], [-50.15625, -16.09375], [-50.03125, -16.28125], [-49.84375, -16.28125], [-49.84375, -16.125], [-49.6875, -16.1875], [-49.53125, -16.125], [-49.5625, -16.0], [-49.46875, -16.0], [-49.40625, -15.78125], [-49.3125, -15.78125], [-49.34375, -16.28125], [-48.0625, -16.28125], [-48.0625, -16.21875], [-47.4375, -16.28125], [-47.5, -15.9375], [-47.1875, -15.9375], [-47.15625, -15.75], [-47.34375, -15.84375], [-47.375, -15.65625], [-47.25, -15.53125], [-47.375, -15.46875], [-47.5, -15.5], [-47.53125, -15.6875], [-47.65625, -15.78125], [-47.875, -15.6875], [-47.875, -15.59375], [-47.59375, -15.5625], [-47.59375, -15.46875], [-47.78125, -15.4375], [-47.875, -15.25], [-47.875, -15.09375], [-47.59375, -14.96875], [-47.78125, -14.71875], [-47.9375, -14.71875], [-48.0, -14.9375], [-48.09375, -14.9375], [-48.15625, -14.6875], [-48.25, -14.96875], [-48.53125, -14.9375], [-48.75, -14.84375], [-48.90625, -14.59375], [-49.25, -14.5625], [-49.34375, -14.375], [-49.5625, -14.46875], [-49.90625, -14.21875], [-50.15625, -14.28125], [-50.40625, -14.125], [-50.625, -13.75], [-50.3125, -13.84375], [-50.1875, -13.6875], [-50.03125, -13.65625], [-50.03125, -13.8125], [-49.84375, -13.9375], [-49.875, -13.78125], [-49.78125, -13.75], [-49.78125, -13.625], [-49.90625, -13.59375], [-49.90625, -13.46875], [-49.71875, -12.90625], [-49.3125, -12.6875], [-49.0, -12.8125], [-48.90625, -12.71875], [-49.0, -12.53125], [-48.625, -12.53125], [-48.59375, -12.4375], [-48.4375, -12.4375], [-48.40625, -12.5625], [-48.34375, -12.46875], [-48.125, -12.46875], [-48.125, -12.5625], [-48.03125, -12.5625], [-47.96875, -12.4375], [-47.78125, -12.375], [-47.65625, -12.375], [-47.6875, -12.5625], [-47.53125, -12.46875], [-47.375, -12.5], [-47.3125, -12.3125], [-47.0625, -12.28125], [-47.0, -12.375], [-47.0, -12.125], [-47.09375, -12.09375], [-47.40625, -12.0625], [-47.53125, -12.25], [-47.71875, -12.3125], [-48.34375, -11.90625], [-48.78125, -11.90625], [-49.15625, -12.03125], [-49.5, -12.3125], [-50.125, -12.40625], [-51.0, -12.96875], [-51.375, -13.0], [-51.4375, -13.375], [-51.59375, -13.59375], [-52.0625, -13.9375], [-52.375, -14.3125], [-52.65625, -14.4375], [-53.5625, -14.09375], [-54.4375, -14.125], [-54.84375, -14.09375], [-54.9375, -14.0], [-55.6875, -14.0], [-56.34375, -13.75], [-56.53125, -13.8125], [-56.59375, -13.96875], [-56.96875, -14.0], [-57.40625, -13.78125], [-57.625, -13.40625], [-58.09375, -13.21875], [-59.03125, -13.09375], [-59.125, -13.0], [-59.5, -13.0], [-59.5625, -13.1875], [-59.75, -13.25], [-60.125, -13.21875], [-60.21875, -13.09375], [-60.4375, -13.09375], [-60.4375, -12.875], [-60.96875, -12.90625], [-61.5625, -12.625], [-62.03125, -12.5625], [-62.1875, -12.40625], [-64.78125, -11.84375], [-65.375, -11.59375], [-65.875, -11.5625], [-67.53125, -11.09375], [-67.8125, -10.96875], [-67.90625, -10.8125], [-68.4375, -10.8125], [-68.96875, -10.53125], [-69.0, -10.4375], [-69.40625, -10.4375], [-69.6875, -10.28125], [-69.8125, -10.09375], [-70.34375, -9.90625], [-70.59375, -9.71875], [-71.46875, -9.65625], [-71.4375, -9.40625], [-71.15625, -9.21875], [-71.5, -9.03125], [-71.75, -9.09375], [-71.90625, -8.78125], [-72.125, -8.90625], [-72.375, -8.90625], [-72.875, -8.59375], [-73.46875, -8.65625], [-73.84375, -8.28125], [-74.0, -8.28125]], [[-71.28125, -10.75], [-71.125, -10.75], [-71.09375, -10.875], [-71.28125, -10.90625], [-71.28125, -10.75]], [[-69.1875, -11.25], [-68.6875, -11.375], [-68.53125, -11.46875], [-68.53125, -11.5625], [-68.96875, -11.625], [-69.15625, -11.4375], [-69.1875, -11.25]], [[-71.09375, -11.59375], [-70.96875, -11.59375], [-70.96875, -11.6875], [-71.09375, -11.6875], [-71.09375, -11.59375]], [[-64.40625, -12.09375], [-64.28125, -12.09375], [-64.28125, -12.25], [-64.4375, -12.21875], [-64.40625, -12.09375]], [[-48.78125, -12.25], [-48.65625, -12.25], [-48.65625, -12.375], [-48.75, -12.375], [-48.78125, -12.25]], [[-49.4375, -12.46875], [-49.28125, -12.46875], [-49.25, -12.59375], [-49.53125, -12.625], [-49.4375, -12.46875]], [[-50.90625, -13.0625], [-50.78125, -13.0625], [-50.78125, -13.1875], [-50.875, -13.1875], [-50.90625, -13.0625]], [[-50.59375, -13.1875], [-50.3125, -13.3125], [-50.28125, -13.46875], [-50.59375, -13.53125], [-50.59375, -13.1875]], [[-59.3125, -13.21875], [-59.1875, -13.21875], [-59.15625, -13.40625], [-59.375, -13.375], [-59.3125, -13.21875]], [[-50.21875, -13.4375], [-50.09375, -13.4375], [-50.09375, -13.5625], [-50.21875, -13.5625], [-50.21875, -13.4375]], [[-56.21875, -14.09375], [-55.90625, -14.09375], [-55.375, -14.34375], [-54.65625, -14.34375], [-52.71875, -14.78125], [-52.625, -15.0625], [-54.53125, -14.96875], [-54.625, -14.875], [-55.1875, -14.875], [-55.84375, -14.625], [-56.125, -14.625], [-56.28125, -14.5625], [-56.21875, -14.09375]], [[-49.5625, -14.5], [-49.4375, -14.5], [-49.34375, -14.71875], [-49.59375, -14.75], [-49.5625, -14.5]], [[-51.28125, -14.5625], [-50.96875, -14.5625], [-50.9375, -14.78125], [-51.25, -14.71875], [-51.28125, -14.5625]], [[-51.625, -14.78125], [-51.53125, -14.78125], [-51.53125, -14.875], [-51.625, -14.875], [-51.625, -14.78125]], [[-51.8125, -14.8125], [-51.71875, -14.8125], [-51.71875, -14.9375], [-51.84375, -14.9375], [-51.8125, -14.8125]], [[-51.3125, -14.875], [-51.0, -14.875], [-51.0, -14.96875], [-51.34375, -15.0625], [-51.3125, -14.875]], [[-50.28125, -14.90625], [-50.15625, -14.90625], [-50.125, -15.0625], [-50.28125, -15.0625], [-50.28125, -14.90625]], [[-50.8125, -14.9375], [-50.71875, -14.9375], [-50.71875, -15.03125], [-50.8125, -15.03125], [-50.8125, -14.9375]], [[-49.625, -15.53125], [-49.4375, -15.5625], [-49.40625, -15.6875], [-49.625, -15.6875], [-49.625, -15.53125]], [[-48.875, -15.53125], [-48.71875, -15.53125], [-48.71875, -15.75], [-48.9375, -15.71875], [-48.875, -15.53125]], [[-47.875, -15.90625], [-47.78125, -15.90625], [-47.75, -16.125], [-47.84375, -16.125], [-47.875, -15.90625]], [[-47.6875, -16.0], [-47.53125, -16.03125], [-47.53125, -16.15625], [-47.65625, -16.15625], [-47.6875, -16.0]], [[-48.96875, -16.03125], [-48.84375, -16.03125], [-48.84375, -16.15625], [-48.96875, -16.15625], [-48.96875, -16.03125]]]}}, {"type": "Feature", "properties": {"sea": "marineris", "name": "水手峡谷海 Marineris Sea", "level_m": -3800, "area_km2": 25829.7}, "geometry": {"type": "Polygon", "coordinates": [[[-44.65625, -13.53125], [-44.78125, -13.625], [-44.65625, -14.09375], [-44.96875, -14.09375], [-45.125, -14.3125], [-45.03125, -14.40625], [-44.875, -14.375], [-44.9375, -14.53125], [-45.25, -14.59375], [-45.46875, -14.4375], [-45.96875, -14.40625], [-45.84375, -14.5625], [-45.84375, -14.75], [-46.15625, -14.8125], [-46.15625, -14.90625], [-45.78125, -15.0], [-45.78125, -15.09375], [-46.25, -15.15625], [-46.21875, -15.28125], [-45.875, -15.28125], [-45.9375, -15.46875], [-46.1875, -15.5], [-46.1875, -15.6875], [-46.03125, -15.75], [-46.03125, -15.84375], [-45.90625, -15.71875], [-45.71875, -15.78125], [-45.71875, -15.625], [-45.5625, -15.625], [-45.5, -15.84375], [-45.34375, -15.8125], [-45.4375, -15.96875], [-45.375, -16.15625], [-45.21875, -16.15625], [-45.15625, -16.03125], [-44.9375, -16.03125], [-44.40625, -16.25], [-44.34375, -16.09375], [-44.4375, -16.09375], [-44.4375, -16.0], [-44.25, -16.0], [-44.25, -16.125], [-44.09375, -16.15625], [-44.09375, -16.3125], [-43.84375, -16.21875], [-42.5625, -16.28125], [-42.0, -16.03125], [-42.0, -14.375], [-42.125, -14.3125], [-42.125, -14.15625], [-42.34375, -14.4375], [-42.71875, -14.375], [-42.6875, -14.1875], [-42.34375, -14.09375], [-42.34375, -13.8125], [-42.53125, -13.84375], [-42.5625, -13.75], [-42.875, -13.6875], [-43.0625, -13.875], [-44.0, -14.0625], [-44.0625, -13.96875], [-44.53125, -13.90625], [-44.34375, -13.65625], [-44.65625, -13.53125]], [[-45.78125, -14.5625], [-45.65625, -14.5625], [-45.65625, -14.65625], [-45.78125, -14.65625], [-45.78125, -14.5625]], [[-43.59375, -14.84375], [-43.4375, -14.84375], [-43.4375, -14.9375], [-43.5625, -14.96875], [-43.59375, -14.84375]], [[-43.90625, -15.125], [-43.75, -15.15625], [-43.75, -15.25], [-43.875, -15.25], [-43.84375, -15.40625], [-43.59375, -15.375], [-43.65625, -15.5625], [-44.34375, -15.53125], [-44.375, -15.25], [-44.09375, -15.28125], [-43.90625, -15.125]], [[-45.71875, -15.21875], [-45.5625, -15.21875], [-45.5625, -15.3125], [-45.71875, -15.3125], [-45.71875, -15.21875]], [[-44.53125, -15.25], [-44.4375, -15.25], [-44.4375, -15.4375], [-44.53125, -15.59375], [-44.6875, -15.59375], [-44.6875, -15.40625], [-44.5625, -15.375], [-44.53125, -15.25]], [[-45.84375, -15.375], [-45.71875, -15.375], [-45.71875, -15.46875], [-45.84375, -15.46875], [-45.84375, -15.375]], [[-44.5625, -15.625], [-44.40625, -15.65625], [-44.40625, -15.75], [-44.53125, -15.75], [-44.5625, -15.625]], [[-44.3125, -15.625], [-44.1875, -15.625], [-44.15625, -15.75], [-44.28125, -15.75], [-44.3125, -15.625]], [[-45.125, -15.65625], [-44.90625, -15.65625], [-44.875, -15.8125], [-45.09375, -15.8125], [-45.125, -15.65625]], [[-42.96875, -15.71875], [-42.8125, -15.71875], [-42.84375, -15.9375], [-42.96875, -15.9375], [-42.96875, -15.71875]], [[-45.3125, -15.75], [-45.21875, -15.75], [-45.21875, -15.84375], [-45.3125, -15.84375], [-45.3125, -15.75]], [[-43.59375, -15.78125], [-43.5, -15.78125], [-43.5, -15.90625], [-43.59375, -15.90625], [-43.59375, -15.78125]], [[-44.84375, -15.90625], [-44.75, -15.90625], [-44.75, -16.0], [-44.84375, -16.0], [-44.84375, -15.90625]]]}}, {"type": "Feature", "properties": {"sea": "marineris", "name": "水手峡谷海 Marineris Sea", "level_m": -3800, "area_km2": 13830.4}, "geometry": {"type": "Polygon", "coordinates": [[[-72.28125, -3.375], [-72.34375, -3.75], [-72.09375, -3.75], [-72.0, -3.9375], [-71.78125, -3.90625], [-71.75, -4.03125], [-71.84375, -4.625], [-71.96875, -4.75], [-72.0, -5.0], [-72.125, -5.0], [-72.21875, -5.1875], [-72.1875, -5.5], [-72.875, -6.625], [-72.96875, -6.625], [-72.90625, -6.1875], [-73.03125, -6.125], [-73.09375, -6.65625], [-73.40625, -7.21875], [-73.6875, -7.28125], [-74.0, -7.125], [-74.0, -7.25], [-73.875, -7.5625], [-73.40625, -7.53125], [-73.21875, -7.65625], [-72.5, -7.71875], [-72.28125, -7.875], [-72.28125, -8.03125], [-71.96875, -8.09375], [-71.59375, -7.90625], [-71.65625, -7.71875], [-71.90625, -7.625], [-71.9375, -7.5], [-72.3125, -7.4375], [-72.3125, -7.3125], [-72.09375, -7.28125], [-72.0625, -7.125], [-71.78125, -7.0625], [-71.75, -7.1875], [-71.875, -7.28125], [-71.6875, -7.34375], [-71.53125, -7.25], [-71.59375, -7.0625], [-71.1875, -6.96875], [-71.21875, -6.8125], [-71.59375, -6.78125], [-71.625, -6.65625], [-71.84375, -6.6875], [-71.96875, -6.46875], [-72.25, -6.40625], [-72.21875, -6.125], [-71.96875, -5.9375], [-71.8125, -5.625], [-71.8125, -5.5], [-71.96875, -5.46875], [-71.96875, -5.1875], [-71.71875, -5.25], [-71.59375, -4.9375], [-71.125, -4.375], [-70.78125, -4.375], [-70.75, -4.5], [-70.625, -4.53125], [-70.625, -4.40625], [-70.46875, -4.40625], [-70.46875, -4.3125], [-71.125, -3.78125], [-71.40625, -3.84375], [-71.4375, -3.6875], [-71.53125, -3.6875], [-71.90625, -3.84375], [-71.96875, -3.4375], [-72.28125, -3.375]]]}}, {"type": "Feature", "properties": {"sea": "marineris", "name": "水手峡谷海 Marineris Sea", "level_m": -3800, "area_km2": 6837.0}, "geometry": {"type": "Polygon", "coordinates": [[[-70.59375, -5.59375], [-70.65625, -5.84375], [-70.4375, -5.875], [-70.40625, -6.0], [-70.9375, -6.0], [-71.03125, -5.78125], [-71.25, -5.78125], [-71.40625, -5.84375], [-71.3125, -6.15625], [-71.0, -6.21875], [-70.875, -6.125], [-70.8125, -6.25], [-70.5625, -6.21875], [-70.375, -6.375], [-69.71875, -6.40625], [-69.65625, -6.5], [-69.375, -6.4375], [-69.28125, -6.5625], [-68.96875, -6.65625], [-69.0, -6.9375], [-68.875, -7.0], [-68.625, -6.84375], [-68.1875, -6.9375], [-67.71875, -6.84375], [-67.6875, -6.9375], [-67.34375, -7.0], [-66.8125, -6.9375], [-66.84375, -6.8125], [-67.25, -6.5625], [-68.25, -6.375], [-68.875, -6.65625], [-69.0625, -6.5], [-69.15625, -6.0], [-69.3125, -6.03125], [-69.375, -5.90625], [-69.59375, -5.8125], [-70.0625, -5.84375], [-70.375, -5.625], [-70.59375, -5.59375]], [[-70.125, -5.90625], [-70.03125, -5.90625], [-70.03125, -6.03125], [-70.15625, -6.03125], [-70.125, -5.90625]], [[-69.71875, -6.0], [-69.59375, -6.0], [-69.59375, -6.09375], [-69.71875, -6.09375], [-69.71875, -6.0]]]}}, {"type": "Feature", "properties": {"sea": "marineris", "name": "水手峡谷海 Marineris Sea", "level_m": -3800, "area_km2": 5598.9}, "geometry": {"type": "Polygon", "coordinates": [[[-77.6875, -7.78125], [-78.40625, -7.78125], [-78.46875, -8.03125], [-77.875, -7.96875], [-77.8125, -8.1875], [-77.90625, -8.40625], [-78.9375, -8.53125], [-79.78125, -8.375], [-79.96875, -8.4375], [-79.96875, -8.5625], [-79.75, -8.6875], [-78.84375, -8.875], [-78.375, -8.78125], [-78.15625, -8.90625], [-78.125, -9.03125], [-77.125, -9.09375], [-77.15625, -8.75], [-77.3125, -8.59375], [-77.3125, -8.3125], [-77.1875, -8.25], [-77.25, -8.0], [-77.6875, -7.78125]]]}}, {"type": "Feature", "properties": {"sea": "marineris", "name": "水手峡谷海 Marineris Sea", "level_m": -3800, "area_km2": 1782.0}, "geometry": {"type": "Polygon", "coordinates": [[[-80.34375, -7.375], [-80.5625, -7.5625], [-80.34375, -7.875], [-79.90625, -7.78125], [-79.71875, -7.9375], [-79.71875, -7.625], [-79.625, -7.625], [-79.625, -7.75], [-79.46875, -7.875], [-79.34375, -7.875], [-79.21875, -7.6875], [-78.875, -7.71875], [-78.96875, -7.5], [-79.1875, -7.4375], [-79.40625, -7.46875], [-79.4375, -7.625], [-79.53125, -7.625], [-79.6875, -7.5], [-80.0, -7.46875], [-80.03125, -7.375], [-80.34375, -7.375]]]}}, {"type": "Feature", "properties": {"sea": "marineris", "name": "水手峡谷海 Marineris Sea", "level_m": -3800, "area_km2": 1112.9}, "geometry": {"type": "Polygon", "coordinates": [[[-66.375, -6.96875], [-66.4375, -7.125], [-65.9375, -7.3125], [-65.625, -7.28125], [-65.1875, -7.5625], [-64.84375, -7.625], [-64.59375, -7.46875], [-64.75, -7.34375], [-65.3125, -7.375], [-65.46875, -7.1875], [-66.375, -6.96875]]]}}, {"type": "Feature", "properties": {"sea": "marineris", "name": "水手峡谷海 Marineris Sea", "level_m": -3800, "area_km2": 830.6}, "geometry": {"type": "Polygon", "coordinates": [[[-83.1875, -7.0], [-83.4375, -7.03125], [-83.46875, -7.1875], [-83.6875, -7.25], [-83.21875, -7.34375], [-82.375, -7.28125], [-82.53125, -7.15625], [-83.1875, -7.0]]]}}, {"type": "Feature", "properties": {"sea": "marineris", "name": "水手峡谷海 Marineris Sea", "level_m": -3800, "area_km2": 703.8}, "geometry": {"type": "Polygon", "coordinates": [[[-66.09375, -13.34375], [-66.0625, -13.46875], [-65.6875, -13.625], [-64.59375, -13.75], [-64.59375, -13.65625], [-64.96875, -13.53125], [-66.09375, -13.34375]]]}}, {"type": "Feature", "properties": {"sea": "marineris", "name": "水手峡谷海 Marineris Sea", "level_m": -3800, "area_km2": 665.9}, "geometry": {"type": "Polygon", "coordinates": [[[-82.125, -7.875], [-82.28125, -7.96875], [-82.03125, -8.09375], [-81.09375, -8.15625], [-81.25, -8.0], [-82.125, -7.875]]]}}, {"type": "Feature", "properties": {"sea": "marineris", "name": "水手峡谷海 Marineris Sea", "level_m": -3800, "area_km2": 521.4}, "geometry": {"type": "Polygon", "coordinates": [[[-74.875, -1.09375], [-74.9375, -1.53125], [-74.65625, -1.59375], [-74.5, -1.46875], [-74.53125, -1.25], [-74.875, -1.09375]]]}}, {"type": "Feature", "properties": {"sea": "marineris", "name": "水手峡谷海 Marineris Sea", "level_m": -3800, "area_km2": 384.3}, "geometry": {"type": "Polygon", "coordinates": [[[-83.65625, -7.53125], [-83.40625, -7.71875], [-82.71875, -7.75], [-82.71875, -7.65625], [-82.96875, -7.5625], [-83.21875, -7.625], [-83.65625, -7.53125]]]}}, {"type": "Feature", "properties": {"sea": "marineris", "name": "水手峡谷海 Marineris Sea", "level_m": -3800, "area_km2": 381.1}, "geometry": {"type": "Polygon", "coordinates": [[[-82.0625, -7.25], [-82.21875, -7.34375], [-82.0, -7.46875], [-81.46875, -7.46875], [-81.65625, -7.3125], [-82.0625, -7.25]]]}}, {"type": "Feature", "properties": {"sea": "marineris", "name": "水手峡谷海 Marineris Sea", "level_m": -3800, "area_km2": 337.3}, "geometry": {"type": "Polygon", "coordinates": [[[-66.625, -13.125], [-66.6875, -13.21875], [-66.53125, -13.40625], [-66.1875, -13.40625], [-66.21875, -13.1875], [-66.625, -13.125]]]}}, {"type": "Feature", "properties": {"sea": "marineris", "name": "水手峡谷海 Marineris Sea", "level_m": -3800, "area_km2": 312.2}, "geometry": {"type": "Polygon", "coordinates": [[[-77.875, -0.53125], [-78.09375, -0.625], [-78.1875, -0.8125], [-77.8125, -0.8125], [-77.71875, -0.625], [-77.875, -0.53125]]]}}, {"type": "Feature", "properties": {"sea": "marineris", "name": "水手峡谷海 Marineris Sea", "level_m": -3800, "area_km2": 277.6}, "geometry": {"type": "Polygon", "coordinates": [[[-69.34375, -12.78125], [-69.65625, -12.90625], [-69.65625, -13.03125], [-69.21875, -13.0], [-69.1875, -12.8125], [-69.34375, -12.78125]]]}}, {"type": "Feature", "properties": {"sea": "marineris", "name": "水手峡谷海 Marineris Sea", "level_m": -3800, "area_km2": 259.6}, "geometry": {"type": "Polygon", "coordinates": [[[-71.40625, -5.25], [-71.5, -5.34375], [-71.46875, -5.5], [-71.09375, -5.46875], [-71.09375, -5.375], [-71.40625, -5.25]]]}}, {"type": "Feature", "properties": {"sea": "marineris", "name": "水手峡谷海 Marineris Sea", "level_m": -3800, "area_km2": 217.9}, "geometry": {"type": "Polygon", "coordinates": [[[-84.71875, -6.90625], [-84.71875, -7.03125], [-84.5625, -7.03125], [-84.53125, -7.15625], [-84.28125, -7.0625], [-84.5, -6.90625], [-84.71875, -6.90625]]]}}]}