{"type": "FeatureCollection", "features": [{"type": "Feature", "properties": {"level_m": -4500, "area_km2": 5102362.1}, "geometry": {"type": "Polygon", "coordinates": [[[-18.625, 85.09375], [-33.625, 85.0], [-28.1875, 84.84375], [-42.46875, 84.3125], [-51.8125, 83.6875], [-52.25, 83.625], [-52.28125, 83.5625], [-45.6875, 83.90625], [-54.78125, 82.6875], [-57.53125, 82.65625], [-57.875, 82.375], [-59.21875, 82.125], [-57.5, 82.21875], [-59.125, 81.75], [-59.1875, 81.34375], [-62.875, 80.84375], [-69.59375, 81.28125], [-71.3125, 81.875], [-71.09375, 82.03125], [-71.3125, 82.25], [-75.1875, 82.6875], [-77.21875, 82.53125], [-77.59375, 82.375], [-80.0, 82.28125], [-84.09375, 81.625], [-88.21875, 81.71875], [-90.8125, 81.5625], [-92.28125, 81.65625], [-93.90625, 81.46875], [-95.71875, 81.53125], [-96.15625, 81.5], [-96.03125, 81.4375], [-96.15625, 81.25], [-98.375, 81.25], [-100.96875, 80.75], [-104.1875, 80.65625], [-109.0, 81.125], [-111.59375, 81.125], [-111.4375, 81.28125], [-112.03125, 81.46875], [-111.90625, 81.65625], [-112.6875, 81.96875], [-113.125, 81.96875], [-113.40625, 81.71875], [-114.1875, 81.75], [-114.40625, 81.875], [-113.75, 81.96875], [-116.4375, 82.03125], [-118.84375, 82.46875], [-122.125, 82.78125], [-122.75, 83.03125], [-124.25, 83.28125], [-125.65625, 83.25], [-125.75, 83.46875], [-126.6875, 83.46875], [-127.46875, 83.28125], [-125.15625, 83.125], [-124.96875, 82.90625], [-123.75, 82.53125], [-122.03125, 82.46875], [-121.46875, 82.375], [-121.46875, 82.25], [-122.875, 82.3125], [-125.59375, 81.6875], [-133.78125, 82.1875], [-134.25, 82.375], [-135.875, 82.15625], [-138.25, 82.21875], [-141.5, 81.84375], [-141.96875, 81.65625], [-142.625, 81.6875], [-143.34375, 81.46875], [-144.84375, 81.5], [-145.625, 81.3125], [-148.0, 81.25], [-147.96875, 81.125], [-150.09375, 81.125], [-150.59375, 80.96875], [-162.28125, 80.21875], [-172.9375, 80.09375], [-179.96875, 80.28125], [-179.96875, 69.71875], [-178.96875, 69.8125], [-179.0, 69.625], [-178.65625, 69.6875], [-178.78125, 69.5], [-178.1875, 69.53125], [-178.15625, 69.28125], [-177.90625, 69.09375], [-177.90625, 68.75], [-177.375, 68.59375], [-177.5, 68.375], [-176.78125, 68.28125], [-176.84375, 67.71875], [-176.40625, 67.8125], [-176.25, 67.65625], [-176.46875, 67.46875], [-176.25, 67.5], [-176.15625, 67.0625], [-175.8125, 67.09375], [-176.0, 67.34375], [-175.375, 67.28125], [-175.4375, 66.90625], [-175.1875, 67.0], [-175.1875, 66.84375], [-175.03125, 66.84375], [-174.84375, 67.0625], [-175.1875, 67.375], [-174.375, 67.40625], [-174.46875, 67.59375], [-174.0625, 67.75], [-174.03125, 67.96875], [-174.28125, 68.21875], [-173.625, 69.0], [-173.34375, 68.90625], [-173.3125, 68.75], [-173.5625, 68.75], [-173.53125, 68.5625], [-173.78125, 68.625], [-173.71875, 68.3125], [-174.03125, 68.1875], [-173.40625, 68.1875], [-173.09375, 68.46875], [-173.25, 68.5], [-173.25, 68.65625], [-172.84375, 68.625], [-172.9375, 68.46875], [-172.8125, 68.4375], [-172.34375, 68.78125], [-171.71875, 68.8125], [-171.34375, 68.625], [-171.25, 68.78125], [-170.875, 68.71875], [-170.3125, 69.0], [-169.75, 68.9375], [-169.8125, 68.75], [-170.125, 68.625], [-169.15625, 68.65625], [-168.65625, 68.5], [-167.90625, 68.75], [-167.875, 68.90625], [-167.28125, 68.75], [-167.28125, 68.90625], [-166.90625, 68.96875], [-166.0, 68.9375], [-166.375, 68.5625], [-165.875, 68.3125], [-165.78125, 68.65625], [-165.40625, 68.71875], [-165.3125, 68.5], [-164.4375, 68.625], [-164.46875, 68.90625], [-163.96875, 68.75], [-163.96875, 68.90625], [-164.3125, 68.9375], [-164.1875, 69.09375], [-163.5, 69.09375], [-163.53125, 69.28125], [-162.65625, 69.28125], [-162.5625, 69.4375], [-162.15625, 69.4375], [-162.125, 69.3125], [-162.375, 69.1875], [-162.34375, 68.9375], [-161.8125, 68.75], [-160.59375, 68.96875], [-160.53125, 69.25], [-160.0625, 69.34375], [-159.15625, 69.15625], [-159.15625, 69.375], [-159.5, 69.375], [-159.5, 69.5], [-158.78125, 69.5], [-158.90625, 69.5625], [-158.71875, 69.71875], [-158.78125, 69.9375], [-157.59375, 69.90625], [-157.40625, 69.65625], [-157.65625, 69.5], [-157.34375, 69.46875], [-156.65625, 69.84375], [-155.125, 69.9375], [-154.75, 70.0625], [-154.65625, 70.25], [-154.15625, 70.34375], [-153.1875, 70.1875], [-152.375, 70.28125], [-152.28125, 70.15625], [-152.5, 70.0625], [-152.46875, 69.75], [-151.9375, 69.8125], [-151.84375, 69.6875], [-151.6875, 69.71875], [-151.65625, 69.96875], [-150.96875, 69.96875], [-150.8125, 69.78125], [-150.59375, 70.03125], [-150.125, 69.84375], [-149.46875, 69.9375], [-149.25, 70.0], [-149.40625, 70.1875], [-149.21875, 70.25], [-148.6875, 70.0625], [-147.9375, 70.21875], [-147.84375, 70.03125], [-148.21875, 69.96875], [-147.96875, 69.8125], [-147.9375, 69.96875], [-147.6875, 70.03125], [-146.9375, 69.9375], [-146.6875, 69.96875], [-146.65625, 70.1875], [-146.0, 70.15625], [-145.96875, 70.5], [-145.375, 70.5], [-145.21875, 70.21875], [-145.09375, 70.40625], [-144.96875, 70.25], [-144.71875, 70.28125], [-144.15625, 70.53125], [-144.125, 70.6875], [-143.75, 70.53125], [-143.65625, 70.28125], [-143.34375, 70.4375], [-143.3125, 70.25], [-143.03125, 70.09375], [-142.5, 70.15625], [-141.8125, 69.84375], [-141.1875, 69.78125], [-141.15625, 70.03125], [-141.53125, 70.25], [-142.21875, 70.375], [-142.25, 70.53125], [-141.71875, 70.59375], [-142.03125, 70.78125], [-142.03125, 70.9375], [-141.65625, 70.90625], [-141.78125, 71.0625], [-142.09375, 71.0625], [-142.125, 71.3125], [-141.71875, 71.375], [-141.53125, 71.21875], [-141.34375, 71.1875], [-141.28125, 71.0], [-140.53125, 70.96875], [-140.34375, 71.03125], [-140.34375, 71.1875], [-139.4375, 71.25], [-139.875, 71.53125], [-138.5, 71.53125], [-137.6875, 71.78125], [-137.1875, 71.65625], [-137.09375, 71.96875], [-137.71875, 71.96875], [-137.625, 72.15625], [-137.90625, 72.15625], [-137.90625, 72.40625], [-137.25, 72.46875], [-137.125, 72.625], [-135.96875, 72.375], [-135.5625, 72.59375], [-135.3125, 72.53125], [-135.3125, 72.1875], [-135.75, 72.15625], [-136.0625, 71.9375], [-136.0, 71.84375], [-134.59375, 71.9375], [-134.53125, 72.03125], [-134.875, 72.34375], [-134.0, 72.34375], [-133.9375, 72.6875], [-133.5, 72.71875], [-133.28125, 72.53125], [-134.5, 71.875], [-133.75, 71.96875], [-133.78125, 71.78125], [-133.53125, 71.78125], [-133.0, 72.03125], [-131.625, 72.03125], [-131.5625, 71.90625], [-131.0625, 71.875], [-130.84375, 72.0], [-130.875, 72.15625], [-130.53125, 72.15625], [-130.0, 72.09375], [-130.0625, 71.90625], [-129.46875, 71.71875], [-128.8125, 72.03125], [-128.40625, 71.96875], [-128.40625, 72.15625], [-127.96875, 72.15625], [-127.90625, 72.0], [-126.40625, 71.8125], [-126.125, 72.0], [-125.0625, 72.0625], [-125.0625, 72.21875], [-124.625, 72.34375], [-124.28125, 72.3125], [-124.40625, 72.0625], [-123.40625, 72.03125], [-123.78125, 72.40625], [-122.8125, 72.375], [-123.34375, 72.15625], [-122.90625, 72.03125], [-122.28125, 72.375], [-122.40625, 72.5625], [-122.125, 72.59375], [-120.9375, 72.53125], [-120.59375, 72.4375], [-120.5625, 72.25], [-118.3125, 72.28125], [-118.34375, 72.5], [-119.25, 72.53125], [-118.28125, 72.71875], [-118.59375, 73.0625], [-118.25, 73.25], [-117.8125, 73.09375], [-117.4375, 73.1875], [-117.4375, 73.3125], [-117.15625, 73.28125], [-117.15625, 73.15625], [-117.65625, 72.96875], [-117.59375, 72.8125], [-114.8125, 72.5625], [-114.84375, 72.71875], [-115.53125, 73.0], [-115.8125, 73.46875], [-116.375, 73.59375], [-116.71875, 73.875], [-115.3125, 73.65625], [-115.1875, 73.40625], [-115.34375, 73.3125], [-114.40625, 73.1875], [-113.9375, 72.9375], [-113.75, 73.125], [-114.15625, 73.3125], [-114.03125, 73.5], [-113.15625, 73.5], [-113.28125, 73.78125], [-112.78125, 73.75], [-112.84375, 73.5625], [-112.6875, 73.53125], [-112.15625, 73.65625], [-112.4375, 73.90625], [-111.53125, 74.0], [-110.8125, 73.65625], [-110.21875, 73.65625], [-110.0, 73.8125], [-109.90625, 73.6875], [-108.6875, 73.75], [-108.5625, 73.625], [-108.0625, 73.6875], [-108.0625, 73.5625], [-106.53125, 73.5625], [-106.15625, 73.8125], [-105.8125, 73.8125], [-105.09375, 73.75], [-104.0625, 73.40625], [-103.34375, 73.46875], [-102.875, 73.34375], [-102.75, 73.46875], [-102.25, 73.125], [-101.59375, 73.21875], [-101.53125, 73.03125], [-101.0625, 73.03125], [-101.25, 73.1875], [-100.3125, 73.15625], [-99.53125, 72.84375], [-98.125, 72.65625], [-96.78125, 72.21875], [-95.5625, 72.34375], [-93.875, 71.875], [-92.40625, 71.90625], [-92.28125, 71.71875], [-91.75, 71.59375], [-90.8125, 71.625], [-90.65625, 71.46875], [-89.84375, 71.4375], [-89.6875, 71.25], [-89.21875, 71.28125], [-88.78125, 71.0], [-87.78125, 71.03125], [-87.75, 70.71875], [-87.1875, 70.75], [-87.125, 70.59375], [-86.71875, 70.5625], [-86.71875, 70.4375], [-86.21875, 70.25], [-86.125, 70.0], [-86.28125, 69.9375], [-85.5, 69.59375], [-85.03125, 69.625], [-84.0625, 69.34375], [-84.1875, 69.09375], [-83.5625, 68.9375], [-83.46875, 68.71875], [-83.0625, 68.71875], [-82.71875, 68.4375], [-82.3125, 68.46875], [-81.65625, 68.125], [-81.34375, 68.15625], [-80.3125, 67.8125], [-78.40625, 67.59375], [-77.78125, 67.28125], [-75.59375, 66.875], [-74.90625, 66.90625], [-73.25, 66.34375], [-72.8125, 66.375], [-72.875, 66.1875], [-72.5625, 66.125], [-72.46875, 65.90625], [-71.65625, 65.875], [-71.625, 65.59375], [-71.375, 65.53125], [-71.53125, 65.34375], [-71.34375, 65.21875], [-70.78125, 65.25], [-70.6875, 64.9375], [-70.25, 64.59375], [-69.9375, 64.625], [-69.875, 64.46875], [-68.4375, 64.15625], [-68.28125, 64.0], [-67.84375, 64.0625], [-67.84375, 63.9375], [-68.1875, 63.8125], [-68.09375, 63.625], [-67.65625, 63.65625], [-67.59375, 63.875], [-67.125, 63.71875], [-66.875, 63.8125], [-66.5, 63.40625], [-66.15625, 63.46875], [-66.25, 63.1875], [-65.5625, 63.15625], [-64.5625, 62.90625], [-64.125, 62.59375], [-63.5625, 62.5625], [-63.5, 62.375], [-63.09375, 62.34375], [-62.9375, 62.125], [-62.6875, 62.1875], [-62.59375, 61.9375], [-61.9375, 61.96875], [-61.5625, 61.625], [-61.0, 61.5], [-60.21875, 60.96875], [-59.15625, 60.625], [-58.78125, 60.3125], [-58.78125, 60.0], [-59.28125, 59.59375], [-59.4375, 59.125], [-59.125, 58.9375], [-59.0, 58.375], [-58.84375, 58.5], [-58.65625, 58.28125], [-58.375, 58.25], [-58.5, 58.0625], [-57.6875, 57.84375], [-57.59375, 57.59375], [-57.09375, 57.625], [-57.15625, 57.90625], [-57.03125, 58.0], [-57.15625, 58.1875], [-56.90625, 58.21875], [-56.75, 58.0], [-56.3125, 58.0625], [-56.28125, 57.90625], [-55.875, 57.90625], [-55.90625, 57.6875], [-55.21875, 57.5], [-55.125, 57.25], [-54.625, 56.9375], [-53.90625, 56.96875], [-53.625, 56.71875], [-53.15625, 56.71875], [-53.1875, 56.5625], [-52.3125, 56.90625], [-52.1875, 56.6875], [-52.5, 56.59375], [-52.28125, 56.15625], [-51.53125, 56.0], [-51.3125, 56.125], [-51.28125, 55.875], [-50.90625, 55.90625], [-50.9375, 55.75], [-50.65625, 55.6875], [-50.625, 55.5], [-50.21875, 55.5], [-49.875, 55.75], [-49.5625, 55.375], [-49.6875, 55.09375], [-49.28125, 54.75], [-48.9375, 54.78125], [-48.75, 54.5], [-47.8125, 54.46875], [-47.875, 54.71875], [-47.53125, 54.75], [-47.40625, 54.59375], [-47.15625, 54.71875], [-47.15625, 54.5], [-46.84375, 54.21875], [-45.375, 53.8125], [-45.34375, 53.625], [-44.8125, 53.21875], [-44.84375, 53.0625], [-44.53125, 52.90625], [-44.3125, 53.0], [-43.71875, 52.5], [-43.28125, 52.53125], [-43.1875, 52.96875], [-42.875, 52.96875], [-42.40625, 52.71875], [-42.34375, 52.4375], [-42.1875, 52.4375], [-42.03125, 52.15625], [-41.375, 52.3125], [-41.21875, 52.125], [-40.9375, 52.125], [-40.15625, 51.375], [-40.15625, 51.0625], [-39.75, 50.78125], [-39.15625, 50.6875], [-38.65625, 50.25], [-38.6875, 50.03125], [-38.53125, 50.09375], [-38.5, 49.9375], [-38.6875, 49.90625], [-38.71875, 49.5], [-38.21875, 49.25], [-38.3125, 49.0625], [-37.84375, 48.8125], [-37.78125, 48.59375], [-37.59375, 48.625], [-37.25, 48.3125], [-36.96875, 48.375], [-37.0, 48.71875], [-37.3125, 48.96875], [-37.1875, 49.34375], [-36.75, 48.9375], [-36.65625, 48.5], [-36.4375, 48.3125], [-35.34375, 48.03125], [-35.28125, 47.5625], [-35.59375, 47.75], [-35.75, 47.59375], [-36.25, 47.625], [-36.3125, 47.46875], [-36.15625, 47.46875], [-35.875, 46.84375], [-35.65625, 46.8125], [-35.28125, 46.3125], [-34.78125, 46.15625], [-34.6875, 45.8125], [-33.84375, 45.03125], [-33.8125, 44.71875], [-34.03125, 44.46875], [-33.125, 44.15625], [-32.96875, 43.71875], [-32.75, 43.59375], [-32.75, 43.28125], [-32.34375, 43.25], [-32.375, 43.03125], [-32.21875, 43.0], [-32.125, 43.1875], [-31.5625, 43.15625], [-31.3125, 43.46875], [-30.78125, 43.53125], [-30.625, 43.375], [-30.6875, 42.9375], [-30.40625, 42.875], [-30.1875, 43.09375], [-30.28125, 42.65625], [-29.5625, 42.96875], [-29.53125, 42.78125], [-29.71875, 42.59375], [-29.46875, 42.46875], [-29.46875, 42.3125], [-29.3125, 42.34375], [-29.3125, 42.0625], [-29.1875, 42.28125], [-28.84375, 42.0625], [-28.875, 41.78125], [-29.28125, 41.5625], [-29.03125, 41.0625], [-28.875, 41.0625], [-28.90625, 40.875], [-28.65625, 40.6875], [-28.4375, 40.84375], [-28.40625, 40.28125], [-28.1875, 40.28125], [-28.0625, 40.0625], [-28.03125, 40.21875], [-27.5, 40.09375], [-27.4375, 39.65625], [-27.03125, 39.90625], [-27.03125, 39.53125], [-26.875, 39.5625], [-26.96875, 39.40625], [-26.59375, 39.40625], [-26.46875, 39.6875], [-26.71875, 39.71875], [-26.71875, 39.84375], [-26.53125, 40.375], [-26.75, 40.875], [-26.6875, 41.375], [-26.5, 41.375], [-26.5, 41.21875], [-26.125, 41.125], [-26.1875, 40.6875], [-25.78125, 40.0], [-25.53125, 39.96875], [-25.5, 40.21875], [-25.1875, 40.3125], [-25.15625, 39.8125], [-24.75, 39.5], [-24.78125, 39.15625], [-23.96875, 38.78125], [-23.75, 38.96875], [-23.875, 39.59375], [-22.96875, 39.4375], [-22.9375, 39.65625], [-22.6875, 39.6875], [-22.625, 39.40625], [-22.21875, 39.40625], [-21.96875, 39.1875], [-22.03125, 39.40625], [-21.90625, 39.5], [-21.15625, 39.34375], [-21.15625, 39.625], [-21.46875, 39.71875], [-21.625, 40.0], [-21.375, 40.3125], [-20.96875, 40.09375], [-21.1875, 39.90625], [-20.75, 39.59375], [-19.75, 39.90625], [-19.71875, 39.78125], [-19.5625, 39.84375], [-19.46875, 39.46875], [-19.375, 39.78125], [-19.0625, 39.78125], [-18.90625, 39.96875], [-19.0, 40.3125], [-18.78125, 40.5], [-18.875, 40.96875], [-18.59375, 41.125], [-18.53125, 41.46875], [-18.125, 41.34375], [-18.1875, 41.1875], [-17.90625, 41.0], [-17.40625, 41.0625], [-16.96875, 40.875], [-16.96875, 40.40625], [-16.78125, 40.4375], [-16.625, 40.25], [-16.375, 40.40625], [-16.15625, 40.21875], [-16.09375, 40.40625], [-15.8125, 40.5], [-15.875, 40.71875], [-15.75, 40.75], [-16.1875, 41.8125], [-16.09375, 41.9375], [-15.875, 41.78125], [-15.96875, 42.15625], [-15.9375, 42.34375], [-15.75, 42.375], [-15.78125, 42.8125], [-15.65625, 42.8125], [-15.6875, 42.5625], [-15.5, 42.375], [-15.03125, 42.875], [-14.59375, 42.875], [-14.09375, 42.1875], [-13.9375, 42.21875], [-13.9375, 42.0], [-14.25, 42.09375], [-14.375, 41.875], [-14.03125, 41.90625], [-14.0625, 41.75], [-13.875, 41.78125], [-13.75, 41.5], [-14.09375, 41.34375], [-14.3125, 41.46875], [-14.34375, 41.25], [-14.78125, 41.3125], [-14.625, 41.21875], [-14.71875, 41.03125], [-14.5, 40.96875], [-14.71875, 40.5], [-14.53125, 40.375], [-14.5625, 40.1875], [-14.34375, 40.1875], [-14.375, 39.96875], [-14.1875, 40.0625], [-14.28125, 39.75], [-13.625, 40.0], [-12.53125, 40.09375], [-12.1875, 40.4375], [-11.96875, 40.4375], [-12.03125, 40.8125], [-11.3125, 40.75], [-11.21875, 40.90625], [-10.6875, 41.0], [-10.71875, 41.25], [-10.625, 41.09375], [-10.4375, 41.125], [-10.71875, 41.4375], [-10.21875, 41.625], [-10.28125, 41.8125], [-10.125, 41.90625], [-10.03125, 41.71875], [-9.84375, 41.71875], [-9.71875, 41.9375], [-9.3125, 41.84375], [-9.40625, 41.5625], [-9.75, 41.4375], [-8.96875, 41.5625], [-8.96875, 42.125], [-8.8125, 42.09375], [-8.71875, 42.3125], [-8.8125, 42.6875], [-8.96875, 42.84375], [-9.28125, 42.78125], [-9.375, 42.5625], [-9.78125, 42.78125], [-10.0, 42.6875], [-10.125, 42.78125], [-10.0, 42.96875], [-10.53125, 43.34375], [-10.46875, 43.53125], [-10.21875, 43.5], [-9.75, 43.78125], [-10.0625, 44.03125], [-10.40625, 43.9375], [-10.5, 44.09375], [-10.75, 44.09375], [-10.84375, 44.40625], [-10.59375, 44.375], [-10.4375, 44.96875], [-9.8125, 45.21875], [-9.6875, 44.78125], [-9.0625, 44.8125], [-9.28125, 44.4375], [-9.03125, 44.3125], [-8.6875, 44.375], [-8.625, 45.0625], [-8.15625, 44.84375], [-7.71875, 44.84375], [-7.21875, 45.3125], [-6.875, 45.3125], [-6.75, 45.0625], [-6.34375, 45.59375], [-6.875, 45.59375], [-7.09375, 45.96875], [-6.4375, 45.90625], [-6.34375, 46.09375], [-5.84375, 46.1875], [-5.78125, 46.65625], [-5.625, 46.75], [-4.6875, 46.5625], [-4.625, 46.65625], [-4.875, 46.78125], [-4.46875, 46.8125], [-4.03125, 47.34375], [-4.1875, 47.625], [-3.59375, 47.84375], [-3.53125, 48.21875], [-3.3125, 48.21875], [-3.21875, 48.40625], [-3.0625, 47.875], [-2.46875, 47.46875], [-2.25, 47.625], [-1.84375, 47.53125], [-1.875, 47.84375], [-2.25, 47.875], [-2.0625, 48.0625], [-1.875, 47.9375], [-1.5625, 48.0625], [-1.40625, 47.8125], [-1.09375, 47.875], [-1.0, 48.21875], [-0.84375, 48.21875], [-0.84375, 48.84375], [-1.53125, 48.90625], [-1.5, 49.09375], [-1.3125, 49.125], [-1.4375, 49.59375], [-1.03125, 49.28125], [-0.625, 49.40625], [0.03125, 49.34375], [0.125, 49.5], [0.34375, 49.1875], [0.65625, 49.125], [0.96875, 49.28125], [1.15625, 49.59375], [1.53125, 49.6875], [1.4375, 50.0625], [1.5625, 50.1875], [2.125, 50.28125], [2.15625, 50.75], [2.5625, 50.71875], [2.75, 50.875], [2.625, 51.03125], [2.71875, 51.25], [2.5625, 51.3125], [2.75, 51.5625], [2.59375, 51.6875], [2.65625, 51.90625], [2.03125, 52.09375], [2.03125, 52.28125], [2.375, 52.34375], [2.40625, 52.1875], [2.65625, 52.40625], [2.90625, 52.40625], [3.28125, 52.125], [3.28125, 51.96875], [3.90625, 51.84375], [4.0, 52.0625], [3.84375, 52.53125], [3.46875, 52.8125], [3.78125, 52.9375], [4.0, 52.78125], [4.96875, 52.75], [5.0, 52.875], [4.5625, 53.1875], [4.5625, 53.375], [4.71875, 53.53125], [5.34375, 53.5], [5.4375, 53.78125], [5.84375, 54.03125], [5.78125, 54.21875], [6.0625, 54.28125], [6.21875, 54.125], [6.28125, 54.28125], [6.09375, 54.53125], [6.40625, 54.40625], [6.65625, 54.5], [6.5625, 54.6875], [6.71875, 54.78125], [6.6875, 55.0625], [6.03125, 55.1875], [6.1875, 55.4375], [6.59375, 55.40625], [6.5625, 55.6875], [6.3125, 55.75], [6.09375, 56.1875], [6.875, 56.0625], [6.90625, 56.3125], [7.1875, 56.34375], [7.15625, 56.53125], [7.4375, 56.4375], [7.4375, 56.59375], [7.65625, 56.65625], [8.03125, 56.53125], [7.65625, 56.28125], [8.09375, 56.03125], [8.375, 56.1875], [8.40625, 56.5], [8.75, 56.65625], [8.46875, 56.8125], [8.5625, 56.96875], [9.46875, 56.78125], [10.1875, 57.09375], [10.125, 57.8125], [11.28125, 57.90625], [10.96875, 58.0625], [10.1875, 57.90625], [9.53125, 58.0], [9.28125, 58.09375], [9.21875, 58.375], [8.65625, 58.8125], [9.40625, 58.90625], [9.90625, 59.34375], [10.375, 59.34375], [10.4375, 59.15625], [11.375, 58.78125], [11.90625, 58.875], [11.96875, 59.125], [11.5, 59.21875], [11.59375, 59.34375], [12.15625, 59.25], [12.15625, 59.0625], [12.34375, 58.96875], [12.4375, 59.25], [12.5625, 59.25], [12.53125, 58.96875], [12.96875, 58.90625], [13.21875, 59.03125], [13.3125, 59.3125], [13.09375, 59.3125], [13.0, 59.75], [13.40625, 59.8125], [13.53125, 60.0625], [13.03125, 60.3125], [13.0625, 60.46875], [13.375, 60.46875], [13.46875, 60.625], [13.46875, 60.96875], [13.125, 61.59375], [12.6875, 61.65625], [12.75, 61.9375], [12.34375, 62.15625], [12.34375, 62.40625], [12.125, 62.59375], [12.3125, 62.8125], [11.75, 62.9375], [11.65625, 63.21875], [11.0625, 63.09375], [10.125, 63.25], [9.75, 63.71875], [10.0625, 64.09375], [11.34375, 64.4375], [11.9375, 64.34375], [12.90625, 64.625], [12.9375, 64.375], [12.4375, 63.8125], [12.71875, 63.5625], [12.53125, 63.28125], [12.65625, 62.96875], [13.09375, 62.8125], [13.75, 62.875], [13.65625, 63.21875], [13.9375, 63.1875], [13.90625, 63.46875], [14.21875, 63.46875], [14.28125, 63.3125], [14.3125, 63.4375], [14.75, 63.46875], [14.84375, 63.71875], [15.46875, 63.71875], [15.46875, 63.40625], [17.15625, 63.46875], [17.25, 63.625], [17.0, 63.65625], [17.0, 63.78125], [17.59375, 63.84375], [17.71875, 64.0625], [17.90625, 64.0625], [17.84375, 64.5], [18.625, 64.8125], [19.15625, 64.8125], [19.125, 65.15625], [18.78125, 65.46875], [18.4375, 65.4375], [17.9375, 65.65625], [17.1875, 65.625], [17.09375, 65.96875], [17.40625, 66.03125], [17.53125, 66.40625], [17.8125, 66.59375], [17.71875, 66.75], [17.9375, 66.75], [17.875, 67.0625], [18.09375, 67.125], [17.96875, 67.3125], [18.59375, 67.09375], [19.59375, 67.125], [19.8125, 67.3125], [20.84375, 67.5], [21.0, 67.625], [20.96875, 67.875], [21.5, 67.875], [21.9375, 67.6875], [22.09375, 67.90625], [21.75, 68.0], [21.75, 68.28125], [22.0, 68.46875], [22.4375, 68.21875], [22.375, 68.03125], [22.78125, 67.875], [24.59375, 68.0], [24.96875, 68.15625], [25.0, 68.3125], [25.75, 68.1875], [25.875, 68.28125], [25.75, 68.34375], [25.8125, 68.59375], [25.65625, 68.59375], [25.78125, 68.9375], [25.0, 68.8125], [25.21875, 69.03125], [25.46875, 69.03125], [25.25, 69.3125], [25.46875, 69.5], [25.625, 69.5], [25.59375, 69.28125], [26.9375, 69.34375], [27.84375, 69.15625], [28.375, 69.375], [28.375, 69.5625], [29.15625, 69.53125], [29.1875, 69.78125], [29.84375, 69.65625], [30.03125, 69.9375], [30.34375, 70.03125], [31.84375, 69.9375], [31.84375, 70.0625], [32.9375, 70.0625], [33.15625, 70.25], [33.09375, 70.5625], [33.46875, 70.5625], [33.375, 70.84375], [33.8125, 71.03125], [33.3125, 71.15625], [33.3125, 71.34375], [33.6875, 71.25], [34.125, 71.46875], [34.65625, 71.375], [34.6875, 71.75], [33.625, 71.78125], [33.6875, 71.9375], [34.40625, 72.0], [35.28125, 71.5625], [36.0, 71.6875], [36.34375, 71.5625], [36.34375, 71.78125], [36.03125, 71.75], [36.0, 72.03125], [35.125, 71.875], [34.625, 72.03125], [34.6875, 72.15625], [35.25, 72.125], [35.1875, 72.3125], [36.09375, 72.40625], [36.21875, 72.53125], [34.5625, 72.46875], [34.59375, 72.65625], [34.25, 72.59375], [34.28125, 72.4375], [34.03125, 72.53125], [33.90625, 72.28125], [33.3125, 72.1875], [33.21875, 72.0625], [33.375, 71.875], [32.34375, 71.8125], [32.3125, 71.5], [32.0625, 71.4375], [30.6875, 71.40625], [29.5625, 71.84375], [29.5625, 72.0], [30.0, 72.0625], [30.375, 72.03125], [30.34375, 71.875], [30.59375, 71.96875], [30.8125, 71.75], [32.71875, 72.21875], [32.875, 72.34375], [32.8125, 72.75], [33.1875, 72.71875], [33.0, 72.96875], [33.875, 73.21875], [33.875, 73.53125], [35.1875, 73.5], [36.0, 73.6875], [35.65625, 73.90625], [36.21875, 74.03125], [37.40625, 73.8125], [37.5625, 74.09375], [37.8125, 73.8125], [38.09375, 73.96875], [38.21875, 73.8125], [39.125, 73.75], [39.15625, 73.5], [39.71875, 73.71875], [40.625, 73.75], [40.84375, 73.53125], [41.78125, 73.46875], [42.03125, 73.0625], [42.78125, 73.03125], [43.1875, 73.375], [43.40625, 73.34375], [43.46875, 73.03125], [43.8125, 73.0625], [43.8125, 72.9375], [44.125, 73.09375], [45.53125, 73.09375], [46.0, 73.5625], [46.6875, 73.5625], [46.625, 73.75], [47.21875, 73.84375], [47.09375, 74.0625], [47.90625, 74.25], [47.53125, 74.3125], [47.46875, 74.5625], [48.0, 74.4375], [48.375, 74.65625], [47.65625, 74.78125], [47.71875, 75.0625], [48.8125, 75.09375], [49.1875, 74.9375], [49.28125, 75.09375], [49.65625, 75.0], [50.03125, 75.125], [49.65625, 75.3125], [49.28125, 75.28125], [49.5, 75.46875], [50.53125, 75.46875], [51.21875, 75.15625], [51.375, 75.28125], [50.9375, 75.46875], [50.9375, 75.65625], [51.4375, 75.65625], [51.5, 75.46875], [51.75, 75.46875], [51.65625, 75.6875], [51.9375, 75.8125], [51.75, 75.9375], [51.5, 75.8125], [50.71875, 76.25], [51.46875, 76.1875], [51.5, 76.0], [52.21875, 75.90625], [52.125, 76.1875], [53.0625, 76.09375], [52.875, 76.3125], [53.09375, 76.4375], [52.375, 76.34375], [52.09375, 76.375], [52.09375, 76.5], [53.4375, 76.625], [53.25, 76.53125], [53.40625, 76.46875], [53.375, 76.1875], [53.9375, 76.09375], [54.4375, 76.46875], [54.34375, 76.65625], [54.09375, 76.6875], [54.1875, 76.90625], [56.3125, 76.84375], [57.0, 77.03125], [57.3125, 77.3125], [57.90625, 77.34375], [58.46875, 77.59375], [60.1875, 77.75], [60.28125, 77.90625], [61.84375, 77.96875], [61.84375, 78.09375], [63.53125, 78.09375], [65.3125, 78.6875], [66.3125, 78.6875], [65.75, 78.875], [64.59375, 78.75], [64.5625, 78.90625], [65.75, 79.03125], [65.28125, 79.09375], [65.40625, 79.21875], [66.1875, 79.09375], [66.375, 79.28125], [65.1875, 79.375], [63.875, 79.125], [64.625, 79.125], [64.46875, 78.9375], [63.46875, 78.90625], [60.78125, 78.4375], [58.90625, 78.625], [58.15625, 78.8125], [57.9375, 79.0625], [58.75, 79.46875], [59.15625, 79.5], [58.6875, 79.78125], [58.75, 79.9375], [59.59375, 80.0625], [58.125, 80.1875], [58.5, 80.4375], [57.96875, 80.65625], [59.34375, 80.6875], [56.09375, 81.03125], [55.9375, 80.96875], [57.03125, 80.71875], [57.40625, 80.5625], [57.4375, 80.40625], [56.53125, 80.375], [56.3125, 80.15625], [55.09375, 79.90625], [55.1875, 79.78125], [54.1875, 79.65625], [51.90625, 79.71875], [49.6875, 79.375], [47.53125, 79.8125], [47.125, 79.6875], [45.21875, 80.03125], [45.0625, 79.90625], [44.21875, 79.90625], [43.90625, 80.0625], [41.28125, 80.15625], [40.5625, 80.15625], [40.625, 79.84375], [40.40625, 79.78125], [37.71875, 79.5625], [37.0625, 79.875], [35.28125, 79.8125], [34.40625, 80.0], [34.40625, 80.15625], [31.9375, 80.40625], [31.5625, 80.25], [32.125, 80.125], [30.875, 79.9375], [32.4375, 79.9375], [32.96875, 79.84375], [32.96875, 79.65625], [32.71875, 79.5], [30.90625, 79.25], [27.84375, 79.25], [25.625, 79.5625], [25.53125, 79.5], [26.59375, 79.25], [26.59375, 79.125], [25.46875, 79.0625], [23.5625, 79.25], [22.6875, 79.15625], [22.5625, 79.0], [22.90625, 78.9375], [22.3125, 78.84375], [17.8125, 79.28125], [17.96875, 79.46875], [16.375, 79.84375], [15.59375, 79.8125], [16.75, 79.46875], [15.9375, 79.3125], [18.03125, 78.96875], [18.0, 78.84375], [18.25, 78.71875], [18.21875, 78.53125], [15.75, 78.75], [15.8125, 78.96875], [15.65625, 79.09375], [14.75, 79.15625], [14.84375, 79.34375], [12.78125, 79.03125], [11.84375, 79.0625], [11.65625, 79.0], [11.65625, 78.84375], [10.375, 78.65625], [10.28125, 79.0], [10.59375, 79.0], [10.625, 78.875], [10.90625, 78.96875], [7.875, 79.5625], [6.59375, 79.59375], [6.28125, 79.53125], [9.0, 79.09375], [9.3125, 78.875], [9.21875, 78.71875], [7.8125, 78.8125], [6.1875, 78.65625], [6.625, 78.84375], [5.71875, 78.75], [4.59375, 78.96875], [4.59375, 79.09375], [5.0, 79.1875], [4.28125, 79.40625], [4.34375, 79.21875], [4.15625, 79.125], [2.75, 79.28125], [1.1875, 79.21875], [3.46875, 79.09375], [3.65625, 79.0625], [3.59375, 78.84375], [-0.1875, 78.53125], [-9.03125, 79.3125], [-9.03125, 79.4375], [-9.3125, 79.5], [-16.65625, 80.21875], [-11.71875, 79.40625], [-11.78125, 79.25], [-12.625, 79.21875], [-15.3125, 79.28125], [-15.59375, 79.4375], [-20.53125, 79.90625], [-20.90625, 80.1875], [-24.21875, 80.5625], [-23.3125, 80.125], [-21.34375, 79.65625], [-21.96875, 79.5625], [-25.71875, 79.875], [-25.78125, 80.03125], [-26.75, 80.15625], [-26.875, 80.3125], [-31.625, 81.125], [-32.25, 81.0625], [-30.46875, 80.65625], [-30.1875, 80.4375], [-30.21875, 80.21875], [-31.78125, 80.5], [-32.28125, 80.8125], [-33.03125, 80.96875], [-33.25, 80.96875], [-33.21875, 80.8125], [-33.53125, 80.78125], [-33.71875, 80.5625], [-36.9375, 80.875], [-37.9375, 81.0625], [-37.8125, 81.1875], [-38.3125, 81.375], [-38.625, 81.28125], [-40.6875, 82.03125], [-40.84375, 82.0], [-39.40625, 81.28125], [-41.875, 81.46875], [-42.46875, 81.71875], [-42.28125, 82.1875], [-41.3125, 82.53125], [-39.6875, 82.6875], [-39.59375, 82.875], [-37.8125, 83.15625], [-28.1875, 83.9375], [-18.34375, 84.125], [-16.1875, 84.40625], [-16.21875, 84.65625], [-16.65625, 84.78125], [-15.5, 84.90625], [-18.625, 85.09375]], [[-45.0625, 83.875], [-44.9375, 83.96875], [-44.9375, 83.875], [-45.0625, 83.875]], [[-45.59375, 83.84375], [-45.3125, 83.9375], [-45.3125, 83.84375], [-45.59375, 83.84375]], [[-121.4375, 82.21875], [-121.25, 82.3125], [-121.25, 82.21875], [-121.4375, 82.21875]], [[-75.59375, 82.3125], [-74.1875, 82.1875], [-73.53125, 81.65625], [-72.09375, 81.0625], [-73.90625, 80.90625], [-77.5625, 81.1875], [-75.46875, 80.84375], [-75.46875, 80.6875], [-75.96875, 80.6875], [-78.5625, 81.03125], [-78.75, 81.21875], [-78.28125, 81.40625], [-77.25, 81.3125], [-77.40625, 81.53125], [-76.9375, 81.53125], [-77.1875, 81.65625], [-77.1875, 81.90625], [-75.59375, 82.3125]], [[-121.15625, 82.28125], [-119.09375, 82.125], [-118.59375, 82.03125], [-118.59375, 81.875], [-121.15625, 82.28125]], [[-27.71875, 80.15625], [-27.34375, 80.25], [-27.3125, 80.125], [-27.71875, 80.15625]], [[58.34375, 79.875], [58.625, 79.84375], [58.625, 79.75], [58.3125, 79.75], [58.34375, 79.875]], [[56.15625, 79.75], [56.53125, 79.75], [56.53125, 79.65625], [56.21875, 79.625], [56.15625, 79.75]], [[56.40625, 79.5], [56.5625, 79.59375], [56.5625, 79.46875], [56.40625, 79.5]], [[55.0625, 79.0], [55.21875, 79.09375], [55.21875, 79.0], [55.0625, 79.0]], [[12.875, 78.9375], [13.75, 78.9375], [13.84375, 78.78125], [13.0, 78.6875], [12.875, 78.9375]], [[4.0625, 78.6875], [4.6875, 78.6875], [4.0625, 78.59375], [4.0625, 78.6875]], [[63.53125, 78.65625], [63.90625, 78.5625], [63.53125, 78.5625], [63.53125, 78.65625]], [[64.21875, 78.46875], [64.4375, 78.5625], [64.4375, 78.46875], [64.21875, 78.46875]], [[53.6875, 78.46875], [54.25, 78.4375], [54.34375, 78.15625], [53.78125, 78.1875], [53.84375, 77.8125], [53.125, 77.625], [52.21875, 77.59375], [52.21875, 77.84375], [51.40625, 77.9375], [51.53125, 78.125], [53.5625, 78.28125], [53.6875, 78.46875]], [[-141.34375, 78.40625], [-141.125, 78.40625], [-141.125, 78.28125], [-141.3125, 78.28125], [-141.34375, 78.40625]], [[-140.3125, 78.40625], [-139.875, 78.40625], [-139.875, 78.3125], [-140.34375, 78.25], [-140.3125, 78.40625]], [[56.53125, 78.40625], [59.1875, 78.34375], [59.6875, 78.21875], [59.65625, 77.96875], [59.40625, 77.90625], [58.625, 78.0625], [56.6875, 77.90625], [56.0, 78.125], [56.625, 78.28125], [56.53125, 78.40625]], [[52.15625, 78.25], [52.3125, 78.34375], [52.3125, 78.25], [52.15625, 78.25]], [[51.625, 78.1875], [51.71875, 78.3125], [51.71875, 78.1875], [51.625, 78.1875]], [[39.5625, 78.15625], [39.6875, 78.25], [39.6875, 78.15625], [39.5625, 78.15625]], [[54.625, 78.15625], [54.9375, 78.21875], [54.9375, 78.125], [54.625, 78.15625]], [[-171.375, 78.125], [-171.28125, 78.21875], [-171.28125, 78.125], [-171.375, 78.125]], [[50.71875, 78.125], [50.84375, 78.125], [50.90625, 77.9375], [50.75, 77.9375], [50.71875, 78.125]], [[-170.8125, 78.0625], [-170.34375, 78.0], [-170.84375, 77.9375], [-170.8125, 78.0625]], [[-170.3125, 77.96875], [-170.0625, 78.0625], [-170.0625, 77.96875], [-170.3125, 77.96875]], [[40.625, 77.9375], [40.71875, 78.0625], [40.75, 77.9375], [40.625, 77.9375]], [[-125.0, 77.875], [-124.90625, 77.96875], [-124.90625, 77.875], [-125.0, 77.875]], [[50.09375, 77.9375], [50.3125, 77.875], [50.09375, 77.84375], [50.09375, 77.9375]], [[51.0, 77.875], [51.21875, 77.96875], [51.21875, 77.875], [51.0, 77.875]], [[50.34375, 77.84375], [50.46875, 77.9375], [50.46875, 77.84375], [50.34375, 77.84375]], [[54.4375, 77.8125], [54.59375, 77.90625], [54.59375, 77.8125], [54.4375, 77.8125]], [[-124.90625, 77.78125], [-124.8125, 77.875], [-124.8125, 77.78125], [-124.90625, 77.78125]], [[-134.4375, 77.84375], [-134.125, 77.84375], [-134.09375, 77.71875], [-134.5, 77.65625], [-134.4375, 77.84375]], [[-143.3125, 77.78125], [-142.625, 77.65625], [-142.65625, 77.46875], [-142.40625, 77.28125], [-142.96875, 77.3125], [-142.875, 77.125], [-143.46875, 77.15625], [-143.625, 77.09375], [-143.59375, 76.9375], [-144.59375, 76.75], [-144.03125, 77.03125], [-143.9375, 77.28125], [-145.34375, 77.5625], [-144.59375, 77.71875], [-143.25, 77.625], [-143.3125, 77.78125]], [[-146.3125, 77.5625], [-146.1875, 77.65625], [-146.1875, 77.5625], [-146.3125, 77.5625]], [[-146.09375, 77.5625], [-145.46875, 77.65625], [-145.46875, 77.5625], [-146.09375, 77.5625]], [[-56.84375, 77.65625], [-56.21875, 77.625], [-56.21875, 77.5], [-56.8125, 77.21875], [-56.84375, 77.65625]], [[-146.59375, 77.53125], [-146.4375, 77.625], [-146.4375, 77.53125], [-146.59375, 77.53125]], [[50.78125, 77.625], [51.1875, 77.375], [52.03125, 77.375], [52.03125, 77.25], [50.96875, 77.15625], [50.46875, 77.375], [50.78125, 77.625]], [[-146.96875, 77.5], [-146.78125, 77.59375], [-146.78125, 77.5], [-146.96875, 77.5]], [[-167.53125, 77.5625], [-167.3125, 77.5625], [-167.3125, 77.40625], [-167.53125, 77.40625], [-167.53125, 77.5625]], [[-147.53125, 77.46875], [-147.0, 77.46875], [-147.5625, 77.34375], [-147.53125, 77.46875]], [[55.0625, 77.34375], [56.25, 77.375], [56.3125, 77.15625], [55.71875, 77.09375], [55.59375, 76.9375], [55.59375, 77.0625], [55.0, 77.1875], [55.0625, 77.34375]], [[56.65625, 77.34375], [56.90625, 77.34375], [56.90625, 77.25], [56.65625, 77.21875], [56.65625, 77.34375]], [[-147.8125, 77.1875], [-147.65625, 77.3125], [-147.65625, 77.1875], [-147.8125, 77.1875]], [[54.65625, 77.1875], [54.84375, 77.28125], [54.84375, 77.1875], [54.65625, 77.1875]], [[-142.84375, 77.09375], [-142.71875, 77.1875], [-142.71875, 77.09375], [-142.84375, 77.09375]], [[-135.65625, 77.0625], [-135.28125, 77.1875], [-135.21875, 77.0625], [-135.65625, 77.0625]], [[-147.75, 77.03125], [-147.65625, 77.15625], [-147.625, 77.03125], [-147.75, 77.03125]], [[-163.75, 77.125], [-163.4375, 77.0625], [-163.375, 76.90625], [-163.65625, 76.90625], [-163.75, 77.125]], [[-142.3125, 77.125], [-141.90625, 77.0625], [-141.90625, 76.96875], [-142.28125, 76.9375], [-142.3125, 77.125]], [[-136.84375, 77.125], [-136.5, 77.125], [-136.5, 77.0], [-137.03125, 76.90625], [-136.84375, 77.125]], [[47.15625, 77.0625], [47.84375, 77.09375], [48.0, 76.90625], [47.125, 76.875], [47.65625, 76.6875], [47.34375, 76.375], [45.40625, 76.5625], [45.4375, 76.78125], [47.125, 76.90625], [47.15625, 77.0625]], [[-165.375, 76.875], [-165.15625, 77.0], [-165.15625, 76.78125], [-165.375, 76.875]], [[52.90625, 76.875], [53.15625, 77.0], [53.25, 76.84375], [52.90625, 76.875]], [[55.46875, 76.90625], [55.5625, 77.0], [55.5625, 76.90625], [55.46875, 76.90625]], [[-147.21875, 76.90625], [-145.9375, 76.78125], [-145.90625, 76.625], [-146.90625, 76.71875], [-147.21875, 76.90625]], [[51.25, 76.78125], [51.40625, 76.875], [51.40625, 76.78125], [51.25, 76.78125]], [[48.90625, 76.84375], [49.0625, 76.71875], [50.0625, 76.84375], [50.78125, 76.65625], [51.5625, 76.75], [51.65625, 76.625], [51.0, 76.5625], [50.9375, 76.4375], [50.09375, 76.5], [50.21875, 76.3125], [50.0625, 76.28125], [50.1875, 76.21875], [50.1875, 76.0], [50.0625, 76.0], [50.0625, 76.125], [49.78125, 76.1875], [49.84375, 76.46875], [49.59375, 76.34375], [49.53125, 76.5], [49.15625, 76.53125], [48.375, 76.4375], [48.375, 76.5625], [48.65625, 76.59375], [48.53125, 76.78125], [48.875, 76.6875], [48.90625, 76.84375]], [[53.5625, 76.6875], [53.90625, 76.65625], [53.90625, 76.53125], [53.5, 76.4375], [53.5625, 76.6875]], [[-112.03125, 76.65625], [-111.84375, 76.625], [-111.84375, 76.53125], [-112.03125, 76.53125], [-112.03125, 76.65625]], [[-112.71875, 76.4375], [-112.625, 76.53125], [-112.625, 76.4375], [-112.71875, 76.4375]], [[47.90625, 76.53125], [48.09375, 76.53125], [48.09375, 76.4375], [47.90625, 76.375], [47.90625, 76.53125]], [[53.9375, 76.4375], [54.15625, 76.53125], [54.15625, 76.4375], [53.9375, 76.4375]], [[51.28125, 76.34375], [51.5625, 76.4375], [51.625, 76.3125], [51.28125, 76.34375]], [[48.4375, 76.0625], [48.53125, 76.21875], [48.53125, 76.0625], [48.4375, 76.0625]], [[48.71875, 75.8125], [48.84375, 75.90625], [48.84375, 75.8125], [48.71875, 75.8125]], [[51.1875, 75.6875], [51.28125, 75.78125], [51.28125, 75.6875], [51.1875, 75.6875]], [[44.4375, 75.71875], [44.71875, 75.71875], [44.71875, 75.625], [44.4375, 75.59375], [44.4375, 75.71875]], [[50.34375, 75.59375], [50.5625, 75.71875], [50.65625, 75.53125], [50.34375, 75.59375]], [[49.4375, 75.59375], [49.53125, 75.6875], [49.53125, 75.59375], [49.4375, 75.59375]], [[30.125, 75.375], [30.4375, 75.46875], [30.4375, 75.375], [30.125, 75.375]], [[48.375, 75.21875], [48.46875, 75.3125], [48.46875, 75.21875], [48.375, 75.21875]], [[-122.59375, 75.03125], [-121.71875, 75.0625], [-121.625, 74.9375], [-121.84375, 74.90625], [-121.75, 74.75], [-122.4375, 74.75], [-122.59375, 74.90625], [-122.59375, 75.03125]], [[37.0, 75.03125], [37.59375, 74.8125], [36.9375, 74.5625], [36.9375, 74.40625], [34.40625, 74.0], [34.78125, 74.375], [37.0, 75.03125]], [[40.5, 74.875], [41.25, 74.875], [41.46875, 74.65625], [40.84375, 74.625], [40.46875, 74.71875], [40.5, 74.875]], [[47.5, 74.65625], [47.59375, 74.78125], [47.59375, 74.65625], [47.5, 74.65625]], [[39.84375, 74.75], [40.21875, 74.71875], [40.21875, 74.625], [39.78125, 74.625], [39.84375, 74.75]], [[45.0, 74.71875], [45.5625, 74.65625], [45.3125, 74.46875], [45.71875, 74.40625], [45.71875, 74.28125], [45.3125, 74.21875], [45.09375, 74.40625], [44.5, 74.3125], [44.5, 74.46875], [45.0, 74.71875]], [[-103.6875, 74.59375], [-103.53125, 74.6875], [-103.53125, 74.59375], [-103.6875, 74.59375]], [[47.125, 74.59375], [47.25, 74.6875], [47.25, 74.59375], [47.125, 74.59375]], [[43.21875, 74.5625], [43.40625, 74.65625], [43.40625, 74.5625], [43.21875, 74.5625]], [[46.75, 74.53125], [46.84375, 74.625], [46.84375, 74.53125], [46.75, 74.53125]], [[43.5625, 74.5], [43.65625, 74.59375], [43.65625, 74.5], [43.5625, 74.5]], [[44.125, 74.40625], [44.28125, 74.53125], [44.34375, 74.375], [44.125, 74.40625]], [[38.59375, 74.375], [38.96875, 74.46875], [38.96875, 74.375], [38.59375, 74.375]], [[-125.46875, 74.46875], [-124.90625, 74.4375], [-124.90625, 74.3125], [-125.1875, 74.25], [-125.46875, 74.46875]], [[39.84375, 74.28125], [39.9375, 74.40625], [39.9375, 74.28125], [39.84375, 74.28125]], [[42.3125, 74.25], [42.46875, 74.34375], [42.46875, 74.25], [42.3125, 74.25]], [[40.375, 74.15625], [40.6875, 74.28125], [40.59375, 74.09375], [40.375, 74.15625]], [[43.3125, 74.21875], [44.125, 74.1875], [44.0, 73.96875], [44.5625, 73.96875], [44.46875, 73.8125], [45.09375, 73.625], [45.78125, 73.65625], [45.8125, 73.46875], [45.03125, 73.40625], [44.84375, 73.59375], [43.4375, 73.8125], [43.5, 73.96875], [43.15625, 74.03125], [43.3125, 74.21875]], [[-116.125, 74.1875], [-115.75, 74.1875], [-115.65625, 74.0625], [-116.03125, 74.0625], [-116.125, 74.1875]], [[37.96875, 74.1875], [38.09375, 74.15625], [38.0625, 74.03125], [37.9375, 74.03125], [37.96875, 74.1875]], [[42.8125, 74.0625], [42.90625, 74.15625], [42.90625, 74.0625], [42.8125, 74.0625]], [[-127.09375, 74.03125], [-127.0, 74.125], [-127.0, 74.03125], [-127.09375, 74.03125]], [[-106.6875, 74.125], [-106.46875, 74.09375], [-106.46875, 74.0], [-106.65625, 74.0], [-106.6875, 74.125]], [[-124.34375, 74.09375], [-124.15625, 74.09375], [-124.15625, 74.0], [-124.34375, 73.96875], [-124.34375, 74.09375]], [[32.21875, 74.0625], [32.5, 74.0], [32.21875, 73.9375], [32.21875, 74.0625]], [[-129.09375, 73.96875], [-128.09375, 74.0], [-128.0625, 73.875], [-129.15625, 73.15625], [-129.78125, 73.1875], [-130.28125, 73.4375], [-129.34375, 73.59375], [-129.0625, 73.78125], [-129.09375, 73.96875]], [[34.15625, 73.96875], [34.28125, 74.0625], [34.28125, 73.96875], [34.15625, 73.96875]], [[-123.71875, 73.90625], [-123.625, 74.0], [-123.625, 73.90625], [-123.71875, 73.90625]], [[-98.375, 73.875], [-98.28125, 73.96875], [-98.28125, 73.875], [-98.375, 73.875]], [[35.28125, 73.96875], [35.5625, 73.90625], [35.5625, 73.8125], [35.28125, 73.78125], [35.28125, 73.96875]], [[31.9375, 73.84375], [32.0625, 73.9375], [32.0625, 73.84375], [31.9375, 73.84375]], [[-102.28125, 73.78125], [-102.125, 73.875], [-102.0625, 73.6875], [-102.28125, 73.78125]], [[-101.5, 73.78125], [-101.40625, 73.875], [-101.40625, 73.78125], [-101.5, 73.78125]], [[41.09375, 73.78125], [41.28125, 73.875], [41.28125, 73.78125], [41.09375, 73.78125]], [[42.34375, 73.875], [42.65625, 73.875], [42.65625, 73.75], [42.34375, 73.75], [42.34375, 73.875]], [[-101.8125, 73.625], [-101.71875, 73.71875], [-101.71875, 73.625], [-101.8125, 73.625]], [[-134.5, 73.65625], [-134.375, 73.65625], [-134.3125, 73.40625], [-134.5, 73.4375], [-134.5, 73.65625]], [[-118.25, 73.65625], [-117.875, 73.65625], [-117.8125, 73.4375], [-118.1875, 73.4375], [-118.25, 73.65625]], [[-128.03125, 73.5], [-127.5625, 73.40625], [-128.03125, 73.40625], [-128.03125, 73.5]], [[-116.875, 73.375], [-116.75, 73.5], [-116.75, 73.375], [-116.875, 73.375]], [[-132.21875, 73.375], [-131.90625, 73.28125], [-132.21875, 73.25], [-132.21875, 73.375]], [[-123.875, 73.375], [-123.375, 73.375], [-123.375, 73.28125], [-123.875, 73.21875], [-123.875, 73.375]], [[-124.46875, 73.25], [-124.125, 73.34375], [-124.125, 73.21875], [-124.46875, 73.25]], [[26.5625, 73.1875], [26.71875, 73.3125], [26.71875, 73.1875], [26.5625, 73.1875]], [[28.34375, 73.28125], [28.625, 73.25], [28.625, 73.03125], [28.25, 72.71875], [27.21875, 72.625], [26.125, 72.90625], [26.28125, 73.21875], [26.5, 73.0625], [27.03125, 73.21875], [28.15625, 73.09375], [28.34375, 73.28125]], [[32.96875, 73.15625], [33.40625, 73.25], [33.3125, 73.0625], [32.96875, 73.15625]], [[-127.28125, 73.09375], [-126.84375, 72.96875], [-126.03125, 73.0625], [-125.75, 72.9375], [-125.625, 72.5], [-127.46875, 72.625], [-127.1875, 72.4375], [-128.25, 72.375], [-128.1875, 72.53125], [-127.6875, 72.65625], [-128.3125, 72.875], [-127.1875, 72.78125], [-127.125, 72.9375], [-127.28125, 73.09375]], [[-132.40625, 73.0625], [-132.0625, 72.9375], [-132.1875, 72.8125], [-133.34375, 72.875], [-132.40625, 73.0625]], [[-121.90625, 73.0625], [-121.25, 72.90625], [-121.25, 72.75], [-122.03125, 72.875], [-122.46875, 72.65625], [-122.40625, 72.9375], [-121.90625, 73.0625]], [[-131.5625, 73.0], [-131.0625, 72.9375], [-130.90625, 72.75], [-131.59375, 72.5625], [-131.6875, 72.78125], [-131.53125, 72.84375], [-131.5625, 73.0]], [[-135.25, 72.96875], [-134.96875, 72.96875], [-135.03125, 72.71875], [-135.3125, 72.65625], [-135.25, 72.96875]], [[-118.90625, 72.875], [-118.78125, 72.96875], [-118.78125, 72.875], [-118.90625, 72.875]], [[-134.78125, 72.8125], [-134.65625, 72.90625], [-134.65625, 72.8125], [-134.78125, 72.8125]], [[-119.21875, 72.875], [-118.96875, 72.8125], [-119.21875, 72.75], [-119.21875, 72.875]], [[-136.4375, 72.71875], [-136.0625, 72.78125], [-136.0625, 72.6875], [-136.4375, 72.71875]], [[31.46875, 72.65625], [31.625, 72.75], [31.625, 72.65625], [31.46875, 72.65625]], [[-120.84375, 72.71875], [-120.65625, 72.71875], [-120.65625, 72.625], [-120.84375, 72.59375], [-120.84375, 72.71875]], [[32.0, 72.53125], [32.09375, 72.625], [32.09375, 72.53125], [32.0, 72.53125]], [[-124.03125, 72.53125], [-123.84375, 72.53125], [-123.84375, 72.40625], [-124.0, 72.40625], [-124.03125, 72.53125]], [[-128.46875, 72.3125], [-128.375, 72.40625], [-128.375, 72.3125], [-128.46875, 72.3125]], [[-126.375, 72.40625], [-126.15625, 72.40625], [-126.09375, 72.15625], [-126.5, 72.1875], [-126.375, 72.40625]], [[32.53125, 72.3125], [32.625, 72.40625], [32.625, 72.3125], [32.53125, 72.3125]], [[31.21875, 72.28125], [31.3125, 72.375], [31.3125, 72.28125], [31.21875, 72.28125]], [[27.125, 72.34375], [27.40625, 72.34375], [27.5, 72.21875], [27.1875, 72.21875], [27.125, 72.34375]], [[30.3125, 72.1875], [30.78125, 72.28125], [30.78125, 72.1875], [30.3125, 72.1875]], [[31.5, 72.1875], [31.8125, 72.3125], [31.8125, 72.21875], [31.5, 72.1875]], [[-131.96875, 72.25], [-131.8125, 72.25], [-131.8125, 72.125], [-131.9375, 72.125], [-131.96875, 72.25]], [[34.1875, 72.15625], [34.28125, 72.25], [34.28125, 72.15625], [34.1875, 72.15625]], [[31.125, 72.21875], [31.46875, 72.15625], [31.46875, 72.0625], [31.28125, 71.96875], [31.125, 72.21875]], [[33.46875, 72.0], [33.59375, 72.09375], [33.59375, 72.0], [33.46875, 72.0]], [[-140.09375, 71.75], [-139.78125, 71.90625], [-139.78125, 71.8125], [-140.09375, 71.75]], [[26.65625, 71.8125], [27.46875, 71.625], [28.53125, 71.65625], [28.46875, 71.8125], [28.59375, 71.8125], [28.875, 71.5625], [29.25, 71.75], [29.40625, 71.5], [29.21875, 71.28125], [28.375, 71.0625], [28.09375, 71.1875], [27.46875, 71.125], [26.3125, 70.8125], [25.90625, 70.84375], [24.96875, 70.46875], [24.5, 70.4375], [24.625, 70.6875], [23.96875, 70.59375], [23.96875, 70.75], [24.1875, 70.84375], [24.15625, 71.125], [24.875, 71.03125], [25.90625, 71.28125], [25.71875, 71.46875], [26.375, 71.5], [26.3125, 71.6875], [26.65625, 71.8125]], [[29.375, 71.65625], [29.53125, 71.75], [29.53125, 71.65625], [29.375, 71.65625]], [[-140.8125, 71.375], [-140.40625, 71.5], [-140.40625, 71.40625], [-140.8125, 71.375]], [[-166.0, 71.375], [-165.25, 71.09375], [-165.25, 70.6875], [-165.78125, 70.46875], [-167.09375, 70.4375], [-167.5625, 70.625], [-167.65625, 70.96875], [-167.84375, 71.0625], [-167.59375, 71.28125], [-166.0, 71.375]], [[-141.375, 71.375], [-141.1875, 71.375], [-141.1875, 71.28125], [-141.40625, 71.21875], [-141.375, 71.375]], [[-140.9375, 71.28125], [-140.5625, 71.21875], [-140.53125, 71.09375], [-140.75, 71.09375], [-140.9375, 71.28125]], [[32.875, 71.1875], [33.28125, 71.125], [33.3125, 70.96875], [33.03125, 70.9375], [32.84375, 71.03125], [32.875, 71.1875]], [[24.78125, 71.0625], [24.875, 71.15625], [24.875, 71.0625], [24.78125, 71.0625]], [[31.125, 70.84375], [31.53125, 70.96875], [31.53125, 70.875], [31.125, 70.84375]], [[-179.5625, 70.9375], [-179.28125, 70.90625], [-179.28125, 70.78125], [-179.5625, 70.78125], [-179.5625, 70.9375]], [[-143.21875, 70.84375], [-143.0625, 70.9375], [-143.0625, 70.84375], [-143.21875, 70.84375]], [[-159.8125, 70.875], [-159.03125, 70.875], [-159.0, 70.53125], [-159.1875, 70.46875], [-158.6875, 70.34375], [-158.84375, 69.9375], [-159.21875, 69.90625], [-159.25, 70.0625], [-159.0625, 70.1875], [-159.375, 70.21875], [-159.8125, 69.78125], [-160.3125, 69.78125], [-160.3125, 70.0625], [-159.75, 70.03125], [-159.5625, 70.4375], [-159.34375, 70.5], [-159.40625, 70.6875], [-159.875, 70.75], [-159.8125, 70.875]], [[-152.71875, 70.78125], [-152.3125, 70.65625], [-151.8125, 70.75], [-151.71875, 70.625], [-152.5625, 70.46875], [-153.125, 70.5625], [-152.71875, 70.78125]], [[27.21875, 70.6875], [27.375, 70.78125], [27.375, 70.6875], [27.21875, 70.6875]], [[31.5625, 70.78125], [31.65625, 70.625], [31.3125, 70.59375], [31.34375, 70.75], [31.5625, 70.78125]], [[-155.03125, 70.65625], [-154.84375, 70.75], [-154.84375, 70.65625], [-155.03125, 70.65625]], [[30.25, 70.5625], [30.875, 70.6875], [31.0, 70.53125], [30.25, 70.5625]], [[23.40625, 70.59375], [23.875, 70.59375], [23.90625, 70.34375], [23.375, 70.375], [23.40625, 70.59375]], [[27.09375, 70.40625], [27.59375, 70.5625], [27.625, 70.4375], [27.09375, 70.40625]], [[-150.1875, 70.53125], [-150.0, 70.53125], [-149.90625, 70.3125], [-150.1875, 70.375], [-150.1875, 70.53125]], [[23.0, 70.53125], [23.3125, 70.34375], [22.71875, 70.0625], [22.8125, 69.84375], [22.1875, 69.71875], [22.0, 69.8125], [22.0625, 69.96875], [22.3125, 69.9375], [22.0, 70.09375], [22.125, 70.3125], [23.0, 70.53125]], [[21.875, 70.40625], [21.96875, 70.5], [21.96875, 70.40625], [21.875, 70.40625]], [[-167.1875, 70.21875], [-166.75, 70.15625], [-166.6875, 70.03125], [-167.0, 70.0], [-167.1875, 70.21875]], [[-166.53125, 70.09375], [-166.3125, 70.21875], [-166.3125, 70.125], [-166.53125, 70.09375]], [[-163.875, 70.1875], [-163.625, 70.1875], [-163.65625, 70.0], [-163.84375, 69.96875], [-163.875, 70.1875]], [[-179.59375, 69.9375], [-179.3125, 69.9375], [-179.3125, 69.84375], [-179.53125, 69.8125], [-179.59375, 69.9375]], [[21.375, 69.9375], [21.5625, 69.9375], [21.5625, 69.8125], [21.40625, 69.8125], [21.375, 69.9375]], [[28.21875, 69.75], [28.53125, 69.875], [28.65625, 69.625], [28.21875, 69.75]], [[-164.1875, 69.75], [-163.90625, 69.84375], [-163.90625, 69.75], [-164.1875, 69.75]], [[25.71875, 69.8125], [25.875, 69.8125], [25.90625, 69.65625], [25.6875, 69.65625], [25.71875, 69.8125]], [[-160.0, 69.6875], [-159.71875, 69.6875], [-159.71875, 69.59375], [-160.125, 69.46875], [-160.0, 69.6875]], [[24.59375, 69.4375], [24.875, 69.6875], [24.96875, 69.375], [24.59375, 69.4375]], [[25.40625, 69.5625], [25.5625, 69.65625], [25.5625, 69.5625], [25.40625, 69.5625]], [[23.03125, 69.53125], [23.125, 69.625], [23.125, 69.53125], [23.03125, 69.53125]], [[-166.21875, 69.5625], [-166.03125, 69.5], [-166.03125, 69.34375], [-166.3125, 69.40625], [-166.21875, 69.5625]], [[22.90625, 69.40625], [23.0, 69.53125], [23.0, 69.40625], [22.90625, 69.40625]], [[23.28125, 69.40625], [23.375, 69.53125], [23.40625, 69.40625], [23.28125, 69.40625]], [[27.96875, 69.4375], [28.0625, 69.53125], [28.0625, 69.4375], [27.96875, 69.4375]], [[-165.75, 69.25], [-165.625, 69.375], [-165.5625, 69.21875], [-165.75, 69.25]], [[-165.6875, 69.0], [-165.59375, 69.09375], [-165.59375, 69.0], [-165.6875, 69.0]], [[-164.78125, 69.0], [-164.5, 68.96875], [-164.5, 68.84375], [-164.84375, 68.84375], [-164.78125, 69.0]], [[25.25, 68.75], [25.5625, 68.65625], [25.0625, 68.375], [24.40625, 68.34375], [25.25, 68.75]], [[-82.59375, 68.625], [-82.5, 68.71875], [-82.5, 68.625], [-82.59375, 68.625]], [[22.875, 68.5], [22.96875, 68.59375], [22.96875, 68.5], [22.875, 68.5]], [[24.1875, 68.40625], [24.34375, 68.5], [24.34375, 68.40625], [24.1875, 68.40625]], [[-80.03125, 68.125], [-79.84375, 68.21875], [-79.84375, 68.125], [-80.03125, 68.125]], [[23.71875, 68.09375], [24.0, 68.15625], [24.0, 68.0625], [23.71875, 68.09375]], [[-8.59375, 66.34375], [-7.28125, 66.15625], [-6.28125, 65.75], [-5.84375, 65.28125], [-5.75, 64.8125], [-5.90625, 64.71875], [-5.875, 64.4375], [-6.28125, 64.46875], [-6.4375, 64.15625], [-7.0625, 63.9375], [-8.625, 63.71875], [-8.65625, 63.5], [-9.25, 63.5], [-9.03125, 63.71875], [-9.4375, 63.78125], [-9.40625, 63.90625], [-8.875, 63.84375], [-7.71875, 64.1875], [-6.9375, 64.8125], [-7.3125, 65.4375], [-8.6875, 65.875], [-10.5, 65.71875], [-11.1875, 65.4375], [-11.21875, 65.28125], [-11.53125, 65.28125], [-11.5625, 64.90625], [-11.34375, 64.5625], [-10.1875, 64.03125], [-10.125, 63.8125], [-11.15625, 64.15625], [-11.90625, 64.625], [-11.75, 64.8125], [-12.0625, 64.90625], [-12.0625, 65.03125], [-11.90625, 64.90625], [-11.75, 65.03125], [-12.125, 65.25], [-12.125, 65.40625], [-11.625, 65.625], [-11.59375, 65.8125], [-11.03125, 65.875], [-10.90625, 65.6875], [-10.625, 65.9375], [-10.65625, 66.09375], [-10.375, 66.09375], [-10.4375, 66.28125], [-10.3125, 66.3125], [-9.3125, 66.15625], [-8.59375, 66.34375]], [[16.4375, 65.46875], [16.5625, 65.5625], [16.5625, 65.46875], [16.4375, 65.46875]], [[16.90625, 65.375], [17.0, 65.46875], [17.0, 65.375], [16.90625, 65.375]], [[-70.125, 64.84375], [-70.03125, 64.96875], [-70.03125, 64.84375], [-70.125, 64.84375]], [[16.40625, 64.6875], [16.53125, 64.8125], [16.5625, 64.6875], [16.40625, 64.6875]], [[16.78125, 64.6875], [16.90625, 64.8125], [16.90625, 64.6875], [16.78125, 64.6875]], [[16.28125, 64.46875], [16.53125, 64.5625], [16.53125, 64.46875], [16.28125, 64.46875]], [[17.1875, 64.34375], [17.28125, 64.4375], [17.28125, 64.34375], [17.1875, 64.34375]], [[16.59375, 64.375], [16.71875, 64.25], [17.0625, 64.3125], [16.96875, 63.78125], [16.28125, 63.71875], [15.90625, 63.90625], [16.0, 64.1875], [16.34375, 64.1875], [16.59375, 64.375]], [[-9.84375, 63.96875], [-9.625, 63.9375], [-9.84375, 63.875], [-9.84375, 63.96875]], [[14.59375, 63.78125], [14.6875, 63.875], [14.6875, 63.78125], [14.59375, 63.78125]], [[-64.625, 63.75], [-64.53125, 63.84375], [-64.53125, 63.75], [-64.625, 63.75]], [[14.25, 63.75], [14.34375, 63.84375], [14.34375, 63.75], [14.25, 63.75]], [[11.21875, 62.96875], [11.65625, 62.90625], [11.71875, 62.78125], [11.21875, 62.84375], [11.21875, 62.96875]], [[-64.1875, 62.875], [-64.03125, 62.875], [-64.03125, 62.78125], [-64.1875, 62.71875], [-64.1875, 62.875]], [[6.71875, 62.40625], [7.0, 62.40625], [6.9375, 62.125], [6.59375, 62.1875], [6.71875, 62.40625]], [[-61.96875, 62.28125], [-61.8125, 62.21875], [-61.8125, 62.09375], [-61.96875, 62.125], [-61.96875, 62.28125]], [[6.28125, 62.125], [6.4375, 62.25], [6.4375, 62.15625], [6.28125, 62.125]], [[7.0625, 62.0], [7.1875, 61.8125], [7.46875, 61.78125], [7.4375, 61.5], [6.875, 61.5625], [7.0625, 62.0]], [[12.75, 60.875], [13.03125, 60.875], [12.875, 60.5625], [12.09375, 60.59375], [12.21875, 60.75], [12.71875, 60.71875], [12.75, 60.875]], [[10.5625, 60.75], [10.8125, 60.75], [10.8125, 60.65625], [10.5625, 60.625], [10.5625, 60.75]], [[8.75, 60.6875], [9.1875, 60.6875], [9.3125, 60.46875], [8.78125, 60.46875], [8.65625, 60.53125], [8.75, 60.6875]], [[-57.3125, 59.75], [-57.1875, 59.875], [-57.21875, 59.75], [-57.3125, 59.75]], [[-57.71875, 59.78125], [-57.53125, 59.78125], [-57.34375, 59.59375], [-57.6875, 59.59375], [-57.71875, 59.78125]], [[-57.84375, 59.53125], [-57.75, 59.625], [-57.75, 59.53125], [-57.84375, 59.53125]], [[-58.0, 59.3125], [-57.875, 59.5], [-57.875, 59.28125], [-58.0, 59.3125]], [[-57.125, 59.5], [-57.0, 59.34375], [-57.21875, 59.1875], [-57.125, 59.3125], [-57.125, 59.5]], [[12.65625, 59.3125], [12.8125, 59.4375], [12.78125, 59.28125], [12.65625, 59.3125]], [[-57.78125, 59.25], [-57.5625, 59.21875], [-57.5625, 59.125], [-57.75, 59.125], [-57.78125, 59.25]], [[13.0625, 59.15625], [13.15625, 59.25], [13.15625, 59.15625], [13.0625, 59.15625]], [[8.9375, 59.0625], [9.0625, 59.1875], [9.0625, 59.0625], [8.9375, 59.0625]], [[-57.53125, 58.8125], [-57.4375, 58.90625], [-57.4375, 58.8125], [-57.53125, 58.8125]], [[-55.34375, 57.90625], [-55.15625, 58.0], [-55.125, 57.875], [-55.34375, 57.90625]], [[-10.28125, 57.59375], [-9.625, 57.75], [-9.625, 57.625], [-10.28125, 57.46875], [-10.28125, 57.59375]], [[9.8125, 57.59375], [9.96875, 57.71875], [9.96875, 57.59375], [9.8125, 57.59375]], [[-9.59375, 57.6875], [-8.96875, 57.53125], [-8.96875, 57.375], [-8.34375, 57.0], [-8.75, 56.28125], [-9.90625, 56.125], [-10.34375, 56.3125], [-10.875, 56.21875], [-11.15625, 56.5], [-11.21875, 56.71875], [-10.71875, 56.46875], [-10.71875, 56.65625], [-11.03125, 56.90625], [-10.28125, 57.34375], [-10.15625, 57.25], [-10.53125, 57.0], [-10.59375, 56.78125], [-10.25, 56.40625], [-9.40625, 56.3125], [-8.71875, 56.59375], [-8.59375, 56.71875], [-8.6875, 57.0625], [-9.46875, 57.375], [-9.40625, 57.59375], [-9.59375, 57.6875]], [[8.5, 57.46875], [8.71875, 57.4375], [8.71875, 57.3125], [8.46875, 57.3125], [8.5, 57.46875]], [[8.5625, 57.21875], [8.84375, 57.125], [8.84375, 57.03125], [8.4375, 57.0625], [8.5625, 57.21875]], [[8.0, 56.6875], [8.125, 56.78125], [8.125, 56.6875], [8.0, 56.6875]], [[8.4375, 56.59375], [8.53125, 56.71875], [8.53125, 56.59375], [8.4375, 56.59375]], [[2.96875, 56.59375], [3.25, 56.5625], [3.28125, 56.4375], [3.03125, 56.4375], [2.96875, 56.59375]], [[6.59375, 56.46875], [6.8125, 56.53125], [6.8125, 56.40625], [6.59375, 56.46875]], [[6.875, 56.34375], [6.96875, 56.4375], [6.96875, 56.34375], [6.875, 56.34375]], [[5.875, 56.1875], [6.03125, 56.3125], [6.03125, 56.1875], [5.875, 56.1875]], [[3.8125, 55.96875], [4.0625, 55.96875], [4.0625, 55.875], [3.8125, 55.84375], [3.8125, 55.96875]], [[-50.5625, 55.53125], [-50.46875, 55.65625], [-50.46875, 55.53125], [-50.5625, 55.53125]], [[-8.5, 54.875], [-8.40625, 54.96875], [-8.40625, 54.875], [-8.5, 54.875]], [[-49.3125, 54.84375], [-49.21875, 54.9375], [-49.21875, 54.84375], [-49.3125, 54.84375]], [[-9.0625, 54.6875], [-8.9375, 54.90625], [-8.9375, 54.6875], [-9.0625, 54.6875]], [[-48.5, 54.84375], [-48.125, 54.78125], [-48.125, 54.6875], [-48.5, 54.65625], [-48.5, 54.84375]], [[-10.125, 54.8125], [-9.90625, 54.625], [-10.34375, 54.53125], [-10.375, 54.6875], [-10.125, 54.8125]], [[1.96875, 54.03125], [2.09375, 54.125], [2.09375, 54.03125], [1.96875, 54.03125]], [[3.875, 53.96875], [3.96875, 54.09375], [4.0, 53.96875], [3.875, 53.96875]], [[4.15625, 53.9375], [4.28125, 54.03125], [4.28125, 53.9375], [4.15625, 53.9375]], [[2.4375, 53.8125], [2.59375, 54.0], [2.65625, 53.84375], [2.4375, 53.8125]], [[4.5625, 53.78125], [4.84375, 53.65625], [4.84375, 53.5625], [4.53125, 53.65625], [4.5625, 53.78125]], [[2.28125, 53.59375], [2.375, 53.71875], [2.40625, 53.59375], [2.28125, 53.59375]], [[4.15625, 53.6875], [4.40625, 53.625], [4.21875, 53.34375], [4.34375, 53.09375], [3.8125, 53.25], [3.8125, 53.4375], [4.15625, 53.6875]], [[-44.5625, 53.0625], [-44.4375, 53.1875], [-44.40625, 53.0625], [-44.5625, 53.0625]], [[-1.40625, 52.96875], [-1.21875, 52.75], [-1.28125, 52.53125], [-1.53125, 52.65625], [-1.40625, 52.96875]], [[2.90625, 52.59375], [3.0, 52.6875], [3.0, 52.59375], [2.90625, 52.59375]], [[-21.1875, 52.34375], [-20.9375, 52.46875], [-20.9375, 52.34375], [-21.1875, 52.34375]], [[1.75, 51.84375], [1.84375, 51.9375], [1.84375, 51.84375], [1.75, 51.84375]], [[1.125, 51.75], [1.21875, 51.84375], [1.21875, 51.75], [1.125, 51.75]], [[-0.21875, 51.59375], [0.40625, 51.71875], [0.34375, 51.5], [0.53125, 51.21875], [0.125, 51.15625], [-0.21875, 51.4375], [-0.21875, 51.59375]], [[0.71875, 51.6875], [1.0, 51.65625], [1.0, 51.5625], [0.78125, 51.5625], [0.71875, 51.6875]], [[1.75, 51.65625], [2.0625, 51.5], [2.0625, 51.40625], [1.78125, 51.4375], [1.75, 51.65625]], [[2.21875, 51.53125], [2.40625, 51.5], [2.40625, 51.375], [2.25, 51.34375], [2.21875, 51.53125]], [[1.0, 51.34375], [1.1875, 51.34375], [1.1875, 51.21875], [1.0, 51.1875], [1.0, 51.34375]], [[-0.8125, 51.125], [-0.625, 51.21875], [-0.625, 51.125], [-0.8125, 51.125]], [[-39.71875, 51.0], [-39.625, 51.09375], [-39.625, 51.0], [-39.71875, 51.0]], [[0.59375, 50.46875], [1.34375, 50.53125], [1.375, 50.375], [0.59375, 50.46875]], [[0.84375, 50.09375], [1.09375, 50.09375], [1.15625, 49.9375], [0.90625, 49.90625], [0.84375, 50.09375]], [[-0.15625, 49.90625], [-0.0625, 50.03125], [-0.0625, 49.90625], [-0.15625, 49.90625]], [[-0.03125, 49.90625], [0.1875, 49.84375], [0.09375, 49.625], [-0.09375, 49.65625], [-0.03125, 49.90625]], [[-0.96875, 49.75], [-0.875, 49.875], [-0.875, 49.75], [-0.96875, 49.75]], [[-24.34375, 49.65625], [-24.25, 49.75], [-24.25, 49.65625], [-24.34375, 49.65625]], [[-34.90625, 49.59375], [-34.71875, 49.71875], [-34.71875, 49.625], [-34.90625, 49.59375]], [[-0.65625, 49.5625], [-0.5, 49.71875], [-0.5, 49.5625], [-0.65625, 49.5625]], [[-28.5625, 49.46875], [-28.40625, 49.5625], [-28.40625, 49.46875], [-28.5625, 49.46875]], [[-3.78125, 49.3125], [-2.9375, 49.5625], [-2.9375, 49.28125], [-3.28125, 49.0], [-3.15625, 48.78125], [-3.5625, 48.8125], [-3.78125, 49.3125]], [[-24.75, 49.4375], [-24.65625, 49.53125], [-24.65625, 49.4375], [-24.75, 49.4375]], [[-22.84375, 49.5], [-22.53125, 49.5], [-22.53125, 49.375], [-22.84375, 49.375], [-22.84375, 49.5]], [[-1.875, 49.375], [-1.78125, 49.46875], [-1.78125, 49.375], [-1.875, 49.375]], [[-36.9375, 49.21875], [-36.78125, 49.3125], [-36.78125, 49.21875], [-36.9375, 49.21875]], [[-4.65625, 49.28125], [-4.15625, 49.0], [-4.21875, 48.6875], [-4.46875, 48.6875], [-4.65625, 49.28125]], [[-1.78125, 49.125], [-1.6875, 49.21875], [-1.6875, 49.125], [-1.78125, 49.125]], [[-4.4375, 48.65625], [-4.15625, 48.625], [-4.28125, 48.28125], [-5.03125, 48.34375], [-4.84375, 48.625], [-4.59375, 48.5], [-4.4375, 48.65625]], [[-25.4375, 48.53125], [-24.6875, 48.46875], [-24.3125, 48.1875], [-24.3125, 48.0], [-24.5625, 47.84375], [-25.03125, 47.90625], [-25.15625, 48.125], [-24.875, 48.15625], [-25.375, 48.25], [-25.4375, 48.53125]], [[-28.0625, 48.4375], [-28.03125, 48.21875], [-28.21875, 48.25], [-28.21875, 48.34375], [-28.0625, 48.4375]], [[-33.34375, 48.40625], [-32.84375, 48.125], [-33.25, 47.78125], [-33.53125, 47.84375], [-33.59375, 48.0625], [-33.53125, 48.34375], [-33.34375, 48.40625]], [[-2.5625, 48.09375], [-2.4375, 48.21875], [-2.40625, 48.09375], [-2.5625, 48.09375]], [[-4.375, 48.1875], [-4.15625, 48.125], [-4.1875, 47.9375], [-4.40625, 47.96875], [-4.375, 48.1875]], [[-32.75, 48.0], [-32.5625, 48.0], [-32.53125, 47.875], [-32.65625, 47.84375], [-32.75, 48.0]], [[-2.9375, 47.84375], [-2.84375, 47.96875], [-2.84375, 47.84375], [-2.9375, 47.84375]], [[-2.71875, 47.875], [-2.59375, 47.96875], [-2.59375, 47.875], [-2.71875, 47.875]], [[-5.59375, 47.59375], [-5.46875, 47.6875], [-5.46875, 47.59375], [-5.59375, 47.59375]], [[-25.96875, 47.46875], [-25.71875, 47.40625], [-25.65625, 47.03125], [-26.0625, 47.28125], [-25.96875, 47.46875]], [[-28.25, 47.21875], [-27.71875, 47.34375], [-27.78125, 47.0625], [-28.09375, 46.96875], [-28.25, 47.21875]], [[-34.59375, 47.25], [-34.46875, 47.34375], [-34.46875, 47.25], [-34.59375, 47.25]], [[-24.71875, 47.34375], [-24.0, 47.09375], [-23.6875, 47.1875], [-23.53125, 46.90625], [-23.59375, 46.375], [-24.40625, 46.0625], [-24.125, 45.84375], [-25.59375, 45.625], [-25.15625, 45.96875], [-25.40625, 46.0], [-25.90625, 46.59375], [-25.96875, 46.375], [-26.5625, 46.28125], [-26.625, 45.90625], [-27.0625, 45.71875], [-27.15625, 46.09375], [-26.9375, 46.1875], [-27.25, 46.5], [-27.0625, 46.9375], [-26.75, 46.84375], [-26.4375, 46.5], [-25.71875, 46.90625], [-25.5625, 46.625], [-25.09375, 46.40625], [-25.4375, 47.03125], [-24.71875, 47.34375]], [[-28.40625, 47.0625], [-28.3125, 47.1875], [-28.3125, 47.0625], [-28.40625, 47.0625]], [[-5.6875, 47.125], [-5.5, 47.125], [-5.4375, 46.90625], [-5.75, 46.8125], [-5.6875, 47.125]], [[-4.9375, 47.125], [-4.75, 47.125], [-4.6875, 46.9375], [-4.90625, 46.9375], [-4.9375, 47.125]], [[-31.15625, 46.84375], [-30.75, 47.09375], [-30.75, 46.875], [-31.15625, 46.84375]], [[-34.90625, 47.0], [-34.09375, 46.96875], [-33.9375, 46.65625], [-34.3125, 46.375], [-33.65625, 46.25], [-33.59375, 45.71875], [-34.21875, 45.78125], [-34.84375, 46.46875], [-34.90625, 47.0]], [[-6.3125, 46.71875], [-6.125, 46.84375], [-6.0625, 46.65625], [-6.3125, 46.71875]], [[-5.9375, 46.46875], [-5.84375, 46.5625], [-5.84375, 46.46875], [-5.9375, 46.46875]], [[-10.28125, 45.90625], [-10.15625, 45.875], [-10.1875, 45.75], [-10.28125, 45.75], [-10.28125, 45.90625]], [[-9.125, 45.75], [-9.0, 45.84375], [-9.0, 45.75], [-9.125, 45.75]], [[-27.1875, 45.625], [-27.09375, 45.75], [-27.09375, 45.625], [-27.1875, 45.625]], [[-30.9375, 45.40625], [-30.8125, 45.59375], [-30.84375, 45.40625], [-30.9375, 45.40625]], [[-26.96875, 45.46875], [-26.84375, 45.59375], [-26.84375, 45.46875], [-26.96875, 45.46875]], [[-26.53125, 45.4375], [-26.4375, 45.53125], [-26.4375, 45.4375], [-26.53125, 45.4375]], [[-31.15625, 45.375], [-31.0625, 45.46875], [-31.0625, 45.375], [-31.15625, 45.375]], [[-31.15625, 45.21875], [-31.03125, 45.3125], [-31.03125, 45.21875], [-31.15625, 45.21875]], [[-7.9375, 45.03125], [-7.71875, 45.21875], [-7.6875, 44.96875], [-7.9375, 45.03125]], [[-8.84375, 45.09375], [-8.75, 45.1875], [-8.75, 45.09375], [-8.84375, 45.09375]], [[-30.78125, 45.15625], [-30.65625, 45.125], [-30.65625, 45.0], [-30.8125, 45.0], [-30.78125, 45.15625]], [[-32.3125, 45.125], [-32.09375, 45.09375], [-32.09375, 44.875], [-32.3125, 44.90625], [-32.3125, 45.125]], [[-33.625, 45.03125], [-33.34375, 45.0], [-33.28125, 44.78125], [-33.625, 44.75], [-33.625, 45.03125]], [[-11.75, 45.03125], [-11.625, 45.03125], [-11.65625, 44.71875], [-11.78125, 44.8125], [-11.75, 45.03125]], [[-8.875, 45.03125], [-8.6875, 45.0], [-8.65625, 44.875], [-8.8125, 44.875], [-8.875, 45.03125]], [[-30.5625, 44.6875], [-30.46875, 44.78125], [-30.46875, 44.6875], [-30.5625, 44.6875]], [[-31.59375, 44.75], [-31.21875, 44.625], [-31.21875, 44.4375], [-31.71875, 44.46875], [-31.59375, 44.75]], [[-29.875, 44.03125], [-29.78125, 44.15625], [-29.71875, 44.0], [-29.875, 44.03125]], [[-32.25, 43.71875], [-32.15625, 43.8125], [-32.15625, 43.71875], [-32.25, 43.71875]], [[-11.71875, 43.625], [-11.59375, 43.71875], [-11.59375, 43.625], [-11.71875, 43.625]], [[-11.1875, 43.71875], [-10.875, 43.71875], [-10.78125, 43.5625], [-11.09375, 43.4375], [-11.1875, 43.71875]], [[-29.78125, 43.46875], [-29.625, 43.625], [-29.59375, 43.34375], [-29.78125, 43.46875]], [[-30.59375, 43.3125], [-30.40625, 43.28125], [-30.375, 43.15625], [-30.59375, 43.125], [-30.59375, 43.3125]], [[-12.25, 43.3125], [-12.125, 43.0], [-11.6875, 43.0625], [-11.625, 42.875], [-11.96875, 42.75], [-12.125, 42.5], [-11.8125, 42.09375], [-12.40625, 42.0], [-12.59375, 42.25], [-12.40625, 42.53125], [-12.78125, 42.53125], [-12.6875, 42.65625], [-13.0, 42.84375], [-13.0625, 43.09375], [-12.25, 43.3125]], [[-29.6875, 43.25], [-29.5625, 43.25], [-29.5625, 43.03125], [-29.65625, 43.03125], [-29.6875, 43.25]], [[-14.1875, 42.96875], [-14.09375, 43.09375], [-14.09375, 42.96875], [-14.1875, 42.96875]], [[-15.34375, 42.9375], [-15.1875, 43.03125], [-15.1875, 42.9375], [-15.34375, 42.9375]], [[-10.3125, 42.78125], [-10.21875, 42.90625], [-10.21875, 42.78125], [-10.3125, 42.78125]], [[-15.5625, 42.875], [-15.375, 42.875], [-15.375, 42.75], [-15.53125, 42.75], [-15.5625, 42.875]], [[-13.15625, 42.28125], [-13.0625, 42.375], [-13.0625, 42.28125], [-13.15625, 42.28125]], [[-9.78125, 42.125], [-9.65625, 42.21875], [-9.65625, 42.125], [-9.78125, 42.125]], [[-16.1875, 42.0], [-16.03125, 42.125], [-16.0625, 41.96875], [-16.1875, 42.0]], [[-20.03125, 42.09375], [-19.875, 42.09375], [-19.90625, 41.8125], [-20.125, 41.71875], [-20.03125, 42.09375]], [[-10.28125, 42.03125], [-10.125, 42.03125], [-10.125, 41.90625], [-10.25, 41.90625], [-10.28125, 42.03125]], [[-13.75, 41.8125], [-13.65625, 41.90625], [-13.65625, 41.8125], [-13.75, 41.8125]], [[-10.9375, 41.8125], [-10.78125, 41.90625], [-10.78125, 41.8125], [-10.9375, 41.8125]], [[-26.59375, 41.5], [-26.4375, 41.6875], [-26.5, 41.5], [-26.59375, 41.5]], [[-22.0625, 41.59375], [-21.96875, 41.6875], [-21.96875, 41.59375], [-22.0625, 41.59375]], [[-11.34375, 41.59375], [-11.15625, 41.65625], [-11.15625, 41.53125], [-11.34375, 41.59375]], [[-10.875, 41.375], [-10.75, 41.5], [-10.78125, 41.375], [-10.875, 41.375]], [[-11.25, 41.46875], [-11.03125, 41.28125], [-11.125, 41.0], [-11.34375, 41.25], [-11.25, 41.46875]], [[-13.59375, 41.25], [-13.46875, 41.375], [-13.4375, 41.25], [-13.59375, 41.25]], [[-25.625, 40.90625], [-25.53125, 41.0], [-25.53125, 40.90625], [-25.625, 40.90625]], [[-28.34375, 40.75], [-28.1875, 40.71875], [-28.1875, 40.625], [-28.3125, 40.625], [-28.34375, 40.75]], [[-22.25, 40.5], [-22.09375, 40.4375], [-22.03125, 39.96875], [-22.25, 40.125], [-22.25, 40.5]], [[-23.78125, 40.21875], [-23.59375, 40.15625], [-23.59375, 40.0], [-23.8125, 40.0], [-23.78125, 40.21875]], [[-23.0, 40.21875], [-22.8125, 40.125], [-22.875, 39.90625], [-23.21875, 40.0], [-23.0, 40.21875]], [[-21.9375, 39.9375], [-21.6875, 39.875], [-21.625, 39.625], [-22.125, 39.59375], [-21.9375, 39.9375]], [[-21.625, 39.53125], [-21.46875, 39.65625], [-21.46875, 39.53125], [-21.625, 39.53125]], [[-26.75, 39.53125], [-26.59375, 39.625], [-26.59375, 39.53125], [-26.75, 39.53125]], [[-24.28125, 39.28125], [-24.1875, 39.375], [-24.1875, 39.28125], [-24.28125, 39.28125]]]}}, {"type": "Feature", "properties": {"level_m": -4200, "area_km2": 13963004.8}, "geometry": {"type": "Polygon", "coordinates": [[[171.09375, 85.65625], [168.5, 85.59375], [169.75, 85.5625], [170.4375, 85.25], [168.0625, 85.15625], [154.15625, 85.34375], [155.59375, 85.15625], [152.6875, 85.0], [144.96875, 85.15625], [142.09375, 85.0], [146.78125, 84.9375], [147.03125, 84.8125], [140.03125, 84.46875], [133.03125, 84.625], [129.875, 84.84375], [129.25, 84.75], [135.46875, 84.40625], [135.75, 84.28125], [132.875, 84.21875], [128.59375, 84.40625], [127.84375, 84.21875], [130.9375, 84.0], [125.875, 83.84375], [120.53125, 83.90625], [119.9375, 83.75], [117.75, 83.6875], [111.4375, 83.75], [110.90625, 83.65625], [118.40625, 83.5], [108.8125, 83.28125], [111.65625, 83.0], [110.5, 82.8125], [102.25, 82.84375], [106.28125, 82.6875], [102.0, 82.40625], [105.59375, 82.40625], [104.90625, 82.28125], [104.875, 82.15625], [103.1875, 82.0], [90.03125, 81.78125], [90.90625, 81.59375], [82.53125, 81.3125], [79.0625, 81.59375], [76.4375, 81.5], [74.25, 81.8125], [74.6875, 82.15625], [73.25, 81.90625], [73.46875, 81.71875], [75.34375, 81.4375], [78.625, 81.4375], [80.25, 81.125], [79.5625, 80.96875], [74.78125, 81.34375], [72.875, 81.21875], [69.0625, 81.5625], [68.34375, 81.46875], [68.78125, 81.25], [66.46875, 81.21875], [67.09375, 81.125], [67.0625, 81.0], [65.09375, 81.21875], [64.0, 81.21875], [64.0625, 81.03125], [63.65625, 81.03125], [58.90625, 81.375], [59.21875, 81.21875], [63.375, 80.75], [63.34375, 80.625], [62.21875, 80.625], [56.625, 81.0], [58.6875, 81.09375], [58.15625, 81.21875], [49.75, 81.78125], [49.0, 81.78125], [49.71875, 81.5], [46.59375, 81.53125], [46.0, 81.4375], [46.0625, 81.21875], [43.4375, 81.1875], [38.3125, 81.4375], [37.96875, 81.28125], [45.34375, 80.875], [44.875, 80.65625], [41.96875, 80.65625], [38.5, 81.0625], [37.40625, 80.8125], [35.21875, 80.875], [34.21875, 80.75], [35.375, 80.5625], [31.21875, 80.625], [30.9375, 80.53125], [31.34375, 80.46875], [31.28125, 80.28125], [31.59375, 80.09375], [30.3125, 79.9375], [30.3125, 79.78125], [28.53125, 79.875], [27.0, 80.25], [25.21875, 80.28125], [24.9375, 80.15625], [26.65625, 79.90625], [26.625, 79.65625], [27.03125, 79.46875], [25.28125, 79.59375], [25.21875, 79.5], [25.78125, 79.34375], [25.875, 79.125], [23.5625, 79.28125], [22.46875, 79.125], [22.3125, 78.875], [18.15625, 79.25], [18.15625, 79.5], [16.5625, 79.84375], [15.0625, 79.84375], [15.625, 79.75], [16.0, 79.5], [15.03125, 79.46875], [14.125, 79.1875], [11.875, 79.09375], [11.25, 78.78125], [11.09375, 78.78125], [11.1875, 78.96875], [11.0625, 79.03125], [9.34375, 79.21875], [8.65625, 79.5], [7.59375, 79.625], [5.90625, 79.53125], [7.59375, 79.28125], [8.09375, 79.0625], [5.28125, 79.09375], [4.5625, 79.4375], [4.125, 79.4375], [3.90625, 79.28125], [0.5625, 79.28125], [1.0, 79.125], [2.1875, 79.09375], [1.21875, 79.0], [-3.6875, 79.4375], [-3.78125, 79.65625], [-5.0, 79.9375], [-7.1875, 80.125], [-4.78125, 79.6875], [-5.3125, 79.5], [-3.96875, 79.21875], [-3.78125, 79.03125], [-4.0625, 78.9375], [-8.875, 79.3125], [-9.03125, 79.5], [-10.5625, 79.5625], [-14.84375, 80.125], [-14.8125, 80.28125], [-14.1875, 80.21875], [-14.375, 80.34375], [-18.78125, 80.8125], [-16.65625, 80.46875], [-16.46875, 80.28125], [-16.9375, 80.21875], [-15.59375, 79.78125], [-16.15625, 79.625], [-17.8125, 79.59375], [-19.78125, 79.84375], [-20.78125, 80.21875], [-22.40625, 80.34375], [-22.6875, 80.59375], [-22.125, 80.65625], [-25.84375, 81.5625], [-25.9375, 81.5], [-24.8125, 81.03125], [-25.0625, 80.9375], [-24.6875, 80.78125], [-25.0625, 80.6875], [-24.84375, 80.375], [-30.34375, 81.0], [-32.375, 81.59375], [-32.9375, 81.9375], [-33.28125, 81.71875], [-33.25, 81.5625], [-33.84375, 81.65625], [-33.53125, 81.25], [-34.375, 81.15625], [-35.5625, 81.46875], [-36.625, 82.125], [-36.5625, 82.59375], [-35.90625, 82.78125], [-29.875, 83.28125], [-28.46875, 83.46875], [-28.40625, 83.65625], [-21.46875, 84.0625], [-17.8125, 83.96875], [-11.53125, 84.8125], [-4.53125, 84.78125], [-1.71875, 84.375], [1.46875, 84.21875], [4.71875, 84.3125], [3.84375, 84.4375], [3.96875, 84.6875], [3.84375, 84.84375], [0.875, 85.09375], [-3.46875, 85.0], [-4.5625, 85.125], [-15.5625, 85.1875], [-16.40625, 85.0625], [-33.78125, 85.0625], [-34.84375, 84.875], [-41.34375, 84.84375], [-48.5625, 84.5625], [-49.40625, 84.5], [-49.46875, 84.4375], [-42.375, 84.6875], [-37.125, 84.6875], [-37.875, 84.53125], [-51.4375, 83.75], [-52.90625, 83.5625], [-53.0625, 83.46875], [-52.875, 83.375], [-54.28125, 83.15625], [-56.3125, 83.21875], [-55.78125, 83.0625], [-57.9375, 82.78125], [-58.15625, 82.65625], [-58.0, 82.5625], [-58.03125, 82.375], [-59.46875, 82.09375], [-59.34375, 81.875], [-59.53125, 81.6875], [-60.375, 81.59375], [-60.46875, 81.34375], [-61.0, 81.15625], [-62.84375, 80.875], [-69.53125, 81.3125], [-71.125, 81.875], [-70.90625, 82.03125], [-71.0, 82.21875], [-72.1875, 82.5], [-69.28125, 82.5625], [-71.84375, 82.6875], [-73.03125, 83.03125], [-74.59375, 83.03125], [-74.8125, 82.96875], [-74.40625, 82.875], [-77.21875, 82.6875], [-77.75, 82.40625], [-80.0, 82.3125], [-83.96875, 81.6875], [-86.1875, 81.8125], [-93.71875, 81.75], [-94.25, 81.5625], [-96.6875, 81.53125], [-96.34375, 81.4375], [-96.375, 81.3125], [-99.71875, 81.28125], [-100.03125, 81.5], [-102.125, 81.875], [-102.3125, 81.8125], [-101.65625, 81.59375], [-101.65625, 81.46875], [-102.25, 81.40625], [-105.1875, 81.71875], [-105.59375, 81.90625], [-103.6875, 81.96875], [-105.34375, 82.125], [-107.8125, 82.625], [-107.59375, 82.75], [-107.6875, 82.8125], [-112.96875, 83.25], [-113.8125, 83.15625], [-109.34375, 82.71875], [-109.0625, 82.53125], [-108.0625, 82.375], [-108.0, 82.1875], [-109.40625, 82.09375], [-110.40625, 82.28125], [-112.59375, 82.34375], [-114.90625, 82.71875], [-118.09375, 82.6875], [-115.84375, 82.46875], [-115.40625, 82.28125], [-115.4375, 82.15625], [-116.90625, 82.1875], [-119.21875, 82.5625], [-122.1875, 82.8125], [-122.625, 83.03125], [-124.46875, 83.3125], [-123.65625, 83.40625], [-120.0625, 82.875], [-121.125, 83.0625], [-121.28125, 83.125], [-121.1875, 83.28125], [-122.0, 83.375], [-122.0625, 83.625], [-122.53125, 83.8125], [-123.625, 83.875], [-124.28125, 83.75], [-126.375, 84.125], [-131.25, 84.0], [-139.375, 84.5625], [-144.90625, 84.5625], [-150.71875, 84.9375], [-151.59375, 84.875], [-150.40625, 84.65625], [-146.46875, 84.46875], [-146.5, 84.34375], [-144.15625, 84.40625], [-142.59375, 84.09375], [-138.8125, 83.9375], [-138.4375, 83.78125], [-141.09375, 83.75], [-143.125, 84.0], [-144.0625, 83.90625], [-144.09375, 84.03125], [-146.4375, 84.03125], [-146.28125, 83.78125], [-147.65625, 83.65625], [-159.46875, 83.90625], [-165.21875, 84.1875], [-154.59375, 83.46875], [-154.15625, 83.28125], [-164.78125, 83.0], [-165.1875, 82.8125], [-166.25, 82.75], [-176.0, 82.8125], [-177.375, 82.6875], [-177.4375, 82.5], [-177.5625, 82.625], [-178.75, 82.4375], [-179.96875, 82.5], [-179.96875, 60.53125], [-179.6875, 60.5], [-179.71875, 60.3125], [-179.96875, 60.4375], [-179.96875, 52.46875], [-179.8125, 52.40625], [-179.375, 52.75], [-179.46875, 53.125], [-179.25, 53.28125], [-179.3125, 53.5625], [-179.03125, 53.9375], [-179.0625, 54.4375], [-178.90625, 54.5], [-179.09375, 54.78125], [-178.84375, 54.84375], [-178.71875, 54.6875], [-178.8125, 54.5], [-178.65625, 54.5], [-178.5625, 54.75], [-179.03125, 55.46875], [-178.84375, 55.6875], [-178.40625, 55.8125], [-178.4375, 56.0], [-177.96875, 56.0], [-178.0625, 55.8125], [-177.78125, 55.71875], [-177.25, 55.90625], [-177.21875, 55.625], [-176.90625, 55.5], [-176.65625, 55.65625], [-176.5625, 55.34375], [-176.1875, 55.3125], [-175.875, 55.5625], [-175.6875, 55.125], [-175.1875, 55.15625], [-175.1875, 55.46875], [-174.90625, 55.71875], [-174.96875, 55.90625], [-175.25, 55.9375], [-174.96875, 56.59375], [-175.1875, 56.78125], [-175.15625, 57.09375], [-174.875, 57.125], [-175.0625, 57.28125], [-174.625, 57.28125], [-174.28125, 57.75], [-174.46875, 58.375], [-174.21875, 58.375], [-174.1875, 58.6875], [-173.96875, 58.71875], [-173.78125, 59.1875], [-173.46875, 59.46875], [-173.40625, 60.15625], [-173.21875, 60.40625], [-172.3125, 60.5], [-172.21875, 60.15625], [-172.34375, 59.8125], [-172.09375, 59.90625], [-172.0625, 59.65625], [-171.90625, 59.65625], [-171.78125, 59.40625], [-171.46875, 59.6875], [-171.78125, 59.875], [-171.625, 60.3125], [-171.15625, 60.28125], [-171.21875, 60.5625], [-170.96875, 60.90625], [-169.90625, 61.03125], [-169.15625, 60.4375], [-169.25, 60.15625], [-168.8125, 60.125], [-168.75, 60.28125], [-168.9375, 60.46875], [-168.25, 60.875], [-167.8125, 61.53125], [-167.34375, 61.5625], [-167.125, 61.78125], [-166.6875, 61.875], [-166.71875, 62.0625], [-166.21875, 62.25], [-165.875, 62.6875], [-165.59375, 62.71875], [-165.75, 62.375], [-165.4375, 62.28125], [-165.46875, 62.125], [-164.5625, 61.96875], [-164.5625, 62.28125], [-164.15625, 62.53125], [-164.6875, 62.625], [-164.6875, 62.78125], [-164.09375, 62.875], [-164.0625, 63.125], [-163.8125, 63.125], [-163.65625, 62.78125], [-162.21875, 62.875], [-162.25, 63.0], [-161.9375, 63.03125], [-161.84375, 63.25], [-161.5, 63.21875], [-160.875, 63.5625], [-160.46875, 63.59375], [-160.4375, 63.78125], [-160.65625, 63.8125], [-160.53125, 64.125], [-159.8125, 64.5], [-159.4375, 64.375], [-159.5, 64.59375], [-159.71875, 64.5625], [-159.6875, 64.71875], [-158.875, 64.8125], [-158.84375, 65.1875], [-158.6875, 65.1875], [-158.75, 64.9375], [-158.5625, 64.875], [-157.90625, 64.9375], [-157.71875, 65.25], [-158.25, 65.3125], [-158.125, 65.5], [-157.0625, 65.21875], [-157.15625, 65.0], [-156.84375, 64.78125], [-156.6875, 65.0], [-156.34375, 65.0], [-156.59375, 65.21875], [-156.09375, 65.09375], [-156.125, 65.3125], [-155.96875, 65.3125], [-155.96875, 65.09375], [-155.5625, 65.1875], [-155.4375, 65.03125], [-154.59375, 64.9375], [-154.71875, 65.21875], [-153.1875, 65.4375], [-153.59375, 65.875], [-153.21875, 66.1875], [-152.90625, 66.21875], [-152.84375, 66.03125], [-152.4375, 66.1875], [-151.875, 66.125], [-151.71875, 65.6875], [-151.15625, 66.03125], [-151.84375, 66.375], [-152.15625, 66.28125], [-152.0, 66.5], [-150.53125, 66.21875], [-150.4375, 66.40625], [-149.875, 66.5625], [-149.28125, 66.375], [-148.71875, 66.4375], [-147.96875, 66.75], [-148.03125, 66.875], [-146.5625, 67.125], [-146.375, 67.4375], [-145.5, 67.5], [-145.5, 67.625], [-145.1875, 67.71875], [-144.0625, 67.53125], [-144.09375, 67.25], [-143.34375, 67.1875], [-142.375, 67.25], [-142.46875, 67.4375], [-142.34375, 67.53125], [-142.53125, 67.65625], [-141.75, 67.65625], [-142.28125, 67.75], [-141.75, 68.0], [-140.65625, 67.875], [-140.40625, 67.71875], [-140.25, 67.84375], [-138.78125, 67.65625], [-138.28125, 67.65625], [-138.1875, 67.875], [-137.6875, 67.90625], [-137.71875, 68.0625], [-136.9375, 68.0], [-136.96875, 68.1875], [-136.5625, 68.25], [-136.4375, 68.15625], [-136.71875, 67.96875], [-135.625, 67.96875], [-135.71875, 68.125], [-136.0, 68.125], [-136.03125, 68.3125], [-134.90625, 68.3125], [-134.28125, 68.15625], [-134.375, 68.34375], [-133.90625, 68.375], [-133.65625, 68.625], [-133.21875, 68.5], [-133.1875, 68.71875], [-132.96875, 68.6875], [-132.96875, 68.8125], [-131.09375, 68.8125], [-130.71875, 69.0], [-130.78125, 69.25], [-129.375, 69.1875], [-128.21875, 69.34375], [-128.1875, 69.53125], [-127.28125, 69.71875], [-126.25, 69.71875], [-126.5, 69.9375], [-126.4375, 70.0625], [-125.25, 69.53125], [-124.34375, 69.375], [-124.375, 69.5625], [-125.21875, 69.78125], [-124.84375, 69.9375], [-124.78125, 70.15625], [-125.8125, 70.3125], [-125.8125, 70.53125], [-125.15625, 70.53125], [-124.09375, 70.8125], [-123.75, 70.8125], [-123.6875, 70.5625], [-123.40625, 70.53125], [-123.34375, 70.6875], [-122.53125, 70.8125], [-122.15625, 71.15625], [-121.625, 70.96875], [-119.96875, 71.0], [-119.96875, 70.875], [-119.53125, 70.84375], [-119.375, 70.65625], [-118.78125, 70.75], [-119.0, 70.5], [-118.65625, 70.34375], [-119.09375, 70.21875], [-118.59375, 70.28125], [-118.53125, 70.09375], [-118.25, 70.03125], [-117.5, 70.09375], [-117.09375, 69.78125], [-116.75, 70.125], [-116.03125, 70.125], [-116.09375, 69.9375], [-115.46875, 70.03125], [-115.8125, 70.125], [-115.78125, 70.28125], [-115.5, 70.25], [-115.5625, 70.375], [-116.125, 70.4375], [-114.96875, 70.625], [-114.84375, 70.625], [-114.90625, 70.40625], [-115.375, 70.25], [-115.1875, 70.25], [-115.21875, 70.0625], [-114.75, 70.09375], [-114.625, 69.875], [-114.125, 70.0625], [-113.90625, 69.9375], [-113.15625, 70.0625], [-113.3125, 70.28125], [-113.5, 70.28125], [-113.3125, 70.40625], [-112.8125, 70.15625], [-112.5, 70.1875], [-112.5, 70.3125], [-111.71875, 70.25], [-111.75, 70.46875], [-111.46875, 70.5625], [-111.75, 70.71875], [-113.4375, 70.5], [-113.71875, 70.6875], [-112.5, 70.9375], [-112.59375, 71.09375], [-112.34375, 71.15625], [-111.71875, 70.875], [-111.34375, 71.03125], [-111.34375, 70.84375], [-110.90625, 70.84375], [-110.71875, 71.0625], [-110.21875, 71.15625], [-110.09375, 71.0], [-109.09375, 71.0], [-108.875, 70.8125], [-108.125, 70.90625], [-107.4375, 70.78125], [-107.09375, 70.90625], [-107.3125, 71.0], [-107.28125, 71.125], [-106.9375, 71.125], [-106.40625, 70.8125], [-106.34375, 71.0], [-105.75, 71.0625], [-106.03125, 71.0625], [-106.0625, 71.21875], [-105.21875, 71.25], [-104.875, 71.0], [-102.6875, 70.875], [-102.28125, 70.625], [-101.65625, 70.6875], [-102.03125, 70.84375], [-102.3125, 70.78125], [-102.28125, 70.96875], [-101.25, 70.96875], [-100.71875, 70.84375], [-100.6875, 70.59375], [-99.6875, 70.78125], [-99.65625, 71.0], [-98.9375, 71.0], [-98.25, 70.8125], [-98.21875, 70.4375], [-97.0625, 70.40625], [-96.65625, 70.09375], [-95.96875, 69.90625], [-94.21875, 70.0], [-94.71875, 70.3125], [-94.3125, 70.34375], [-94.125, 70.5625], [-93.1875, 70.5625], [-92.78125, 70.46875], [-92.65625, 70.1875], [-93.0, 70.0], [-93.875, 69.90625], [-93.25, 69.875], [-92.84375, 69.4375], [-92.28125, 69.53125], [-90.90625, 69.0], [-89.96875, 69.125], [-89.78125, 68.90625], [-88.0, 68.71875], [-86.90625, 68.125], [-85.4375, 67.875], [-84.6875, 67.5625], [-84.3125, 67.59375], [-82.75, 67.03125], [-82.375, 67.1875], [-82.34375, 66.875], [-81.84375, 66.9375], [-81.84375, 66.75], [-81.03125, 66.71875], [-80.90625, 66.53125], [-80.46875, 66.5], [-79.90625, 66.15625], [-79.375, 66.1875], [-79.375, 66.0], [-79.0625, 66.0], [-79.0, 65.78125], [-78.84375, 65.78125], [-79.03125, 65.46875], [-77.84375, 65.53125], [-77.53125, 65.34375], [-77.34375, 65.53125], [-77.0625, 65.46875], [-76.6875, 65.625], [-76.6875, 65.40625], [-76.09375, 65.3125], [-75.8125, 65.59375], [-75.78125, 65.3125], [-76.34375, 65.21875], [-76.3125, 64.9375], [-76.46875, 64.90625], [-76.125, 64.84375], [-76.15625, 64.65625], [-75.8125, 64.4375], [-75.8125, 64.1875], [-75.0625, 64.125], [-74.8125, 63.8125], [-74.625, 63.84375], [-74.53125, 63.6875], [-74.3125, 63.78125], [-73.9375, 63.5], [-73.46875, 63.40625], [-73.21875, 63.25], [-73.3125, 63.125], [-73.125, 63.09375], [-73.125, 62.9375], [-72.75, 62.90625], [-72.53125, 62.59375], [-71.5, 62.40625], [-71.5625, 62.1875], [-70.59375, 62.09375], [-70.03125, 61.75], [-69.71875, 61.84375], [-68.875, 61.34375], [-68.59375, 61.34375], [-68.59375, 61.21875], [-67.90625, 61.125], [-68.0, 60.96875], [-66.21875, 60.53125], [-66.25, 60.21875], [-65.875, 60.15625], [-65.96875, 59.90625], [-65.34375, 59.75], [-64.875, 59.40625], [-64.5625, 59.5625], [-64.40625, 59.3125], [-63.84375, 59.09375], [-63.625, 58.53125], [-63.34375, 58.375], [-63.0625, 58.53125], [-63.0, 58.21875], [-62.59375, 58.125], [-62.6875, 57.46875], [-62.5, 57.46875], [-62.46875, 57.28125], [-61.75, 57.25], [-61.59375, 57.09375], [-61.6875, 56.875], [-61.28125, 56.75], [-61.5, 56.4375], [-61.25, 56.21875], [-60.78125, 55.96875], [-60.0625, 55.9375], [-60.09375, 55.625], [-59.71875, 55.59375], [-59.6875, 55.4375], [-59.15625, 55.25], [-59.15625, 55.09375], [-58.65625, 55.15625], [-58.59375, 54.96875], [-58.09375, 54.96875], [-58.09375, 55.25], [-58.21875, 55.21875], [-58.3125, 55.4375], [-58.21875, 55.53125], [-57.90625, 55.28125], [-57.3125, 55.25], [-57.34375, 55.09375], [-56.90625, 55.0], [-56.78125, 54.90625], [-56.84375, 54.71875], [-56.59375, 54.6875], [-56.625, 54.46875], [-56.09375, 54.15625], [-55.15625, 54.25], [-54.875, 54.09375], [-54.40625, 54.28125], [-54.28125, 54.0625], [-54.03125, 54.15625], [-53.78125, 53.875], [-53.375, 53.9375], [-53.15625, 53.65625], [-51.59375, 53.65625], [-51.28125, 53.46875], [-51.34375, 53.21875], [-51.09375, 53.21875], [-51.125, 53.03125], [-50.5625, 53.15625], [-49.875, 52.90625], [-49.75, 52.65625], [-49.25, 52.40625], [-49.21875, 52.09375], [-48.875, 52.125], [-48.625, 51.90625], [-48.6875, 51.53125], [-48.375, 51.375], [-48.1875, 51.40625], [-48.21875, 51.5625], [-48.0, 51.71875], [-48.0, 51.90625], [-48.3125, 52.125], [-48.3125, 52.3125], [-48.15625, 52.3125], [-47.9375, 51.9375], [-47.46875, 51.78125], [-47.34375, 51.5625], [-47.4375, 51.34375], [-46.96875, 51.25], [-46.59375, 50.875], [-46.28125, 51.03125], [-46.34375, 51.3125], [-46.15625, 51.34375], [-46.0, 50.75], [-45.875, 50.75], [-45.59375, 50.1875], [-45.40625, 50.21875], [-45.4375, 49.96875], [-45.8125, 49.75], [-45.25, 49.3125], [-45.09375, 48.8125], [-44.0625, 48.3125], [-43.71875, 48.375], [-43.875, 48.65625], [-43.125, 48.40625], [-42.96875, 48.125], [-43.21875, 48.25], [-43.28125, 48.1875], [-42.84375, 47.875], [-43.0625, 47.71875], [-42.875, 47.375], [-43.0625, 47.25], [-43.3125, 47.71875], [-43.5625, 47.65625], [-43.84375, 48.03125], [-44.4375, 48.03125], [-44.5, 47.75], [-43.34375, 47.25], [-43.28125, 46.71875], [-42.9375, 46.53125], [-42.5625, 46.59375], [-42.375, 46.40625], [-42.09375, 46.4375], [-42.53125, 46.8125], [-42.4375, 47.03125], [-42.28125, 47.03125], [-42.21875, 46.71875], [-41.8125, 46.40625], [-41.21875, 46.34375], [-41.09375, 45.9375], [-40.9375, 45.96875], [-41.03125, 46.46875], [-40.65625, 46.34375], [-40.625, 45.3125], [-39.1875, 44.9375], [-39.375, 44.28125], [-39.21875, 43.90625], [-39.46875, 43.6875], [-39.28125, 43.1875], [-39.03125, 43.21875], [-39.0, 42.9375], [-38.6875, 42.875], [-38.46875, 42.4375], [-38.15625, 42.34375], [-38.09375, 42.0], [-37.6875, 41.78125], [-37.71875, 41.625], [-37.1875, 41.4375], [-37.3125, 41.28125], [-37.09375, 41.125], [-37.1875, 40.90625], [-36.90625, 41.125], [-36.6875, 41.0625], [-36.625, 41.5], [-36.15625, 41.125], [-36.125, 40.59375], [-36.65625, 40.21875], [-36.5625, 40.0], [-36.375, 39.90625], [-35.875, 40.09375], [-35.78125, 40.40625], [-35.5625, 40.46875], [-35.84375, 40.875], [-35.625, 40.875], [-35.5625, 41.09375], [-35.28125, 41.09375], [-34.90625, 40.25], [-34.875, 39.5], [-34.65625, 39.40625], [-34.375, 39.625], [-33.90625, 39.625], [-33.875, 39.09375], [-34.09375, 38.71875], [-33.90625, 38.71875], [-33.6875, 38.1875], [-33.1875, 37.96875], [-33.09375, 37.78125], [-33.3125, 36.875], [-32.96875, 36.78125], [-33.46875, 36.6875], [-33.46875, 36.5], [-33.25, 36.5], [-33.3125, 36.21875], [-32.78125, 36.4375], [-32.65625, 36.25], [-32.1875, 36.28125], [-32.1875, 36.125], [-31.90625, 36.21875], [-31.53125, 35.96875], [-31.625, 35.875], [-31.75, 36.0625], [-32.1875, 35.96875], [-32.28125, 36.09375], [-32.5625, 35.9375], [-32.625, 35.46875], [-32.28125, 35.53125], [-32.375, 35.375], [-32.125, 35.25], [-32.0, 34.875], [-31.6875, 35.0], [-31.46875, 35.625], [-31.0625, 35.9375], [-31.1875, 36.625], [-30.90625, 36.9375], [-29.9375, 36.8125], [-29.9375, 36.4375], [-30.09375, 36.34375], [-29.9375, 36.3125], [-29.78125, 35.65625], [-29.84375, 34.90625], [-29.40625, 34.40625], [-29.34375, 33.90625], [-29.09375, 33.71875], [-29.125, 33.46875], [-28.5, 33.65625], [-28.6875, 33.03125], [-28.09375, 32.5], [-27.53125, 32.65625], [-27.28125, 33.59375], [-26.90625, 33.625], [-27.0, 34.1875], [-26.6875, 34.15625], [-26.46875, 33.75], [-26.375, 34.09375], [-26.1875, 34.125], [-26.28125, 34.4375], [-26.03125, 34.125], [-25.4375, 34.03125], [-25.46875, 33.875], [-25.0625, 33.84375], [-25.03125, 34.03125], [-24.875, 34.03125], [-24.8125, 33.75], [-24.5625, 33.9375], [-24.5, 33.71875], [-24.0, 33.84375], [-23.875, 34.15625], [-23.75, 34.15625], [-23.84375, 33.71875], [-23.3125, 33.71875], [-23.125, 34.0], [-23.03125, 33.75], [-22.75, 33.75], [-22.40625, 34.03125], [-22.625, 34.21875], [-22.65625, 34.5], [-22.5625, 34.375], [-22.40625, 34.53125], [-21.625, 34.3125], [-21.5, 34.59375], [-21.21875, 34.65625], [-21.3125, 35.34375], [-21.0, 35.8125], [-20.71875, 35.84375], [-20.71875, 36.375], [-20.15625, 36.09375], [-20.0, 36.125], [-19.65625, 35.53125], [-19.0625, 35.1875], [-18.75, 35.34375], [-18.65625, 35.0625], [-18.84375, 34.8125], [-18.5625, 34.71875], [-18.53125, 34.53125], [-18.09375, 34.625], [-17.96875, 34.90625], [-18.25, 35.09375], [-18.25, 35.46875], [-17.9375, 35.5625], [-17.90625, 35.75], [-18.125, 36.21875], [-18.125, 36.5], [-17.875, 36.53125], [-18.03125, 36.8125], [-17.53125, 36.78125], [-17.53125, 36.625], [-17.03125, 36.40625], [-16.625, 36.40625], [-16.125, 36.65625], [-16.21875, 36.4375], [-15.71875, 36.15625], [-15.6875, 36.78125], [-15.34375, 36.5625], [-15.53125, 36.46875], [-15.46875, 36.3125], [-15.21875, 36.25], [-15.0, 36.5625], [-14.84375, 36.5625], [-15.0, 36.84375], [-14.8125, 36.96875], [-14.71875, 36.8125], [-14.5, 36.84375], [-14.65625, 36.71875], [-14.5, 36.4375], [-14.03125, 36.21875], [-13.625, 35.75], [-13.75, 36.78125], [-14.03125, 36.96875], [-14.375, 36.90625], [-14.28125, 37.4375], [-14.53125, 37.5625], [-14.5625, 37.8125], [-14.3125, 37.6875], [-14.3125, 37.53125], [-13.9375, 37.5], [-13.71875, 37.125], [-13.5, 37.15625], [-13.53125, 37.5], [-13.3125, 37.625], [-13.21875, 37.34375], [-13.34375, 37.15625], [-12.6875, 37.0625], [-12.53125, 36.875], [-12.09375, 37.09375], [-12.4375, 37.25], [-12.34375, 37.5], [-11.84375, 37.53125], [-11.625, 38.0], [-11.25, 38.0625], [-11.375, 38.34375], [-11.0, 38.6875], [-10.84375, 38.6875], [-10.6875, 38.375], [-10.75, 38.0625], [-10.21875, 38.125], [-10.15625, 37.9375], [-9.96875, 37.9375], [-9.96875, 38.09375], [-9.6875, 38.0625], [-9.53125, 38.53125], [-9.03125, 38.4375], [-8.84375, 38.75], [-9.5625, 38.6875], [-9.875, 39.125], [-9.90625, 39.46875], [-9.78125, 39.53125], [-10.3125, 39.625], [-10.46875, 40.15625], [-10.1875, 40.125], [-10.03125, 39.71875], [-9.625, 39.75], [-9.5625, 39.59375], [-9.375, 39.6875], [-9.15625, 39.5625], [-8.71875, 39.90625], [-8.875, 40.03125], [-8.84375, 40.46875], [-8.65625, 40.25], [-8.40625, 40.3125], [-8.15625, 40.125], [-8.15625, 40.3125], [-7.78125, 40.15625], [-7.40625, 40.28125], [-7.625, 40.4375], [-7.59375, 40.59375], [-7.75, 40.59375], [-7.6875, 40.84375], [-7.875, 41.09375], [-7.34375, 41.03125], [-6.90625, 41.3125], [-6.53125, 41.1875], [-5.90625, 41.4375], [-5.6875, 41.21875], [-5.40625, 41.28125], [-5.375, 41.875], [-4.34375, 42.21875], [-4.375, 42.5], [-4.6875, 42.59375], [-4.6875, 42.875], [-4.375, 42.65625], [-4.1875, 42.9375], [-4.25, 43.09375], [-2.46875, 43.4375], [-2.25, 43.875], [-2.5, 44.125], [-2.5625, 44.46875], [-2.125, 45.03125], [-2.1875, 45.46875], [-1.875, 45.59375], [-1.75, 45.59375], [-1.875, 45.4375], [-1.65625, 45.375], [-1.84375, 45.03125], [-1.40625, 45.1875], [-1.0, 44.9375], [-0.96875, 45.25], [-0.59375, 45.25], [-0.03125, 44.84375], [-0.0625, 45.03125], [0.15625, 44.9375], [1.28125, 45.15625], [1.34375, 45.34375], [1.03125, 45.5625], [0.34375, 45.5], [0.75, 45.90625], [1.28125, 45.53125], [1.96875, 45.84375], [1.5625, 45.40625], [1.59375, 45.125], [1.4375, 45.09375], [1.4375, 44.25], [2.0, 44.15625], [2.03125, 43.90625], [2.71875, 43.96875], [3.4375, 44.4375], [3.15625, 44.53125], [3.34375, 44.90625], [3.0625, 45.78125], [3.4375, 45.78125], [3.4375, 46.0], [3.59375, 46.0], [3.78125, 45.875], [3.625, 45.65625], [3.84375, 45.5], [4.125, 45.5], [4.3125, 45.71875], [4.40625, 45.59375], [4.75, 45.625], [4.78125, 45.46875], [5.59375, 45.9375], [5.5625, 46.25], [5.8125, 46.4375], [5.46875, 46.40625], [5.46875, 46.53125], [5.84375, 46.6875], [6.375, 46.59375], [6.4375, 46.78125], [6.71875, 46.75], [6.75, 46.9375], [7.03125, 46.9375], [6.25, 47.96875], [6.3125, 48.5], [5.4375, 48.53125], [5.5, 48.75], [5.78125, 48.84375], [5.75, 49.125], [6.3125, 48.84375], [6.59375, 48.9375], [6.65625, 49.125], [7.15625, 49.1875], [7.25, 49.78125], [7.5625, 49.75], [7.5, 49.9375], [7.75, 50.09375], [8.21875, 50.03125], [8.1875, 50.3125], [8.53125, 50.3125], [8.625, 50.5], [8.75, 50.375], [9.625, 50.34375], [9.84375, 50.09375], [10.03125, 50.375], [10.3125, 50.46875], [9.8125, 50.65625], [9.9375, 50.90625], [10.1875, 50.90625], [10.1875, 51.21875], [10.875, 51.3125], [11.0625, 51.0], [11.34375, 51.0625], [11.34375, 51.1875], [11.90625, 51.1875], [12.03125, 51.75], [11.0, 51.96875], [10.8125, 52.28125], [10.90625, 52.5625], [11.125, 52.59375], [11.28125, 52.25], [12.125, 52.09375], [12.28125, 52.1875], [12.1875, 51.9375], [12.78125, 52.375], [13.3125, 52.25], [13.375, 51.9375], [14.40625, 51.9375], [14.5625, 52.0625], [14.40625, 52.09375], [14.53125, 52.3125], [14.1875, 52.34375], [14.1875, 52.53125], [14.3125, 52.75], [14.5625, 52.75], [14.4375, 53.03125], [14.6875, 52.9375], [15.21875, 53.25], [14.9375, 53.28125], [14.90625, 53.5], [15.40625, 53.28125], [15.65625, 53.4375], [15.6875, 53.65625], [16.53125, 53.75], [16.6875, 53.34375], [16.34375, 53.28125], [16.46875, 53.09375], [16.84375, 53.1875], [17.40625, 52.90625], [17.46875, 53.09375], [17.625, 52.9375], [17.9375, 53.21875], [17.09375, 53.71875], [17.0, 54.0], [17.25, 54.09375], [17.25, 54.28125], [17.5625, 53.9375], [17.5, 53.75], [17.75, 53.8125], [18.0625, 53.5625], [18.65625, 53.5], [18.21875, 53.8125], [18.625, 54.0625], [18.28125, 54.34375], [18.40625, 54.65625], [18.0625, 54.6875], [17.84375, 54.9375], [18.40625, 55.3125], [18.625, 55.25], [18.6875, 55.0], [19.0, 55.0625], [19.125, 54.90625], [19.25, 55.125], [19.59375, 55.21875], [19.625, 55.84375], [19.46875, 56.15625], [19.71875, 56.4375], [19.53125, 56.6875], [19.09375, 56.75], [18.625, 57.8125], [19.21875, 57.65625], [19.375, 58.15625], [20.0625, 58.1875], [20.40625, 57.96875], [20.5, 58.25], [20.75, 58.25], [20.71875, 58.03125], [20.875, 58.0], [20.75, 57.59375], [20.9375, 57.65625], [20.9375, 57.8125], [21.21875, 57.8125], [21.0, 57.65625], [21.0, 57.40625], [19.59375, 57.4375], [19.53125, 57.28125], [19.96875, 57.25], [19.90625, 56.96875], [20.25, 56.65625], [20.53125, 56.90625], [20.75, 56.71875], [20.625, 56.53125], [20.78125, 56.46875], [20.9375, 56.625], [20.8125, 56.875], [21.0, 56.90625], [20.96875, 57.21875], [21.84375, 57.21875], [21.96875, 57.34375], [22.34375, 57.21875], [22.59375, 57.28125], [22.78125, 57.59375], [22.9375, 57.5625], [23.0, 57.875], [23.15625, 57.90625], [22.8125, 58.1875], [22.46875, 58.15625], [22.28125, 58.5], [23.125, 58.53125], [23.125, 58.875], [23.34375, 58.90625], [23.0, 59.125], [23.125, 59.34375], [23.59375, 59.1875], [24.25, 59.21875], [24.3125, 58.8125], [24.65625, 58.8125], [24.53125, 59.125], [24.6875, 59.09375], [24.84375, 59.40625], [25.125, 59.5], [24.71875, 59.71875], [24.75, 60.03125], [24.90625, 60.125], [25.65625, 59.59375], [25.84375, 59.71875], [25.8125, 59.875], [26.625, 59.71875], [26.5625, 59.875], [26.71875, 60.03125], [27.03125, 59.9375], [27.25, 60.21875], [27.6875, 60.15625], [27.96875, 60.375], [28.28125, 60.28125], [28.5, 60.53125], [28.46875, 60.84375], [28.8125, 60.78125], [28.78125, 61.0], [29.4375, 60.875], [29.65625, 61.375], [29.8125, 61.34375], [29.78125, 61.125], [30.34375, 61.0625], [31.15625, 61.0625], [31.53125, 61.25], [31.28125, 61.5], [30.4375, 61.53125], [30.34375, 61.78125], [31.28125, 61.65625], [31.40625, 61.90625], [31.6875, 61.96875], [31.90625, 61.78125], [31.625, 61.75], [31.625, 61.59375], [32.03125, 61.5], [32.25, 61.65625], [33.21875, 61.71875], [33.03125, 61.96875], [33.25, 62.09375], [33.375, 62.09375], [33.21875, 61.90625], [33.40625, 61.78125], [33.75, 61.8125], [34.0625, 62.34375], [34.46875, 62.40625], [34.625, 62.375], [34.59375, 62.21875], [35.3125, 62.0], [35.0625, 61.78125], [34.625, 61.9375], [34.625, 62.0625], [34.375, 61.9375], [34.65625, 61.25], [35.21875, 61.28125], [35.28125, 61.09375], [35.6875, 61.15625], [35.90625, 61.59375], [36.15625, 61.53125], [36.09375, 61.84375], [36.40625, 61.71875], [36.84375, 61.71875], [36.9375, 61.90625], [37.5625, 61.84375], [37.5, 62.1875], [37.71875, 62.40625], [37.9375, 62.1875], [38.28125, 62.1875], [38.21875, 62.0], [38.59375, 61.90625], [39.28125, 62.125], [39.78125, 61.90625], [39.96875, 61.96875], [40.125, 61.59375], [40.1875, 61.8125], [40.5625, 61.71875], [40.53125, 61.9375], [41.0625, 62.0], [41.125, 62.1875], [41.34375, 62.0625], [41.8125, 62.125], [41.84375, 61.625], [41.25, 61.4375], [41.6875, 60.71875], [41.84375, 60.75], [41.84375, 60.9375], [43.0, 61.25], [42.9375, 61.6875], [43.625, 61.625], [43.46875, 61.03125], [43.71875, 60.8125], [44.0, 61.03125], [44.96875, 60.875], [45.15625, 61.1875], [44.78125, 61.5], [45.46875, 61.59375], [45.46875, 61.375], [45.8125, 61.34375], [46.125, 60.96875], [46.78125, 60.9375], [46.96875, 61.1875], [47.21875, 61.1875], [47.28125, 61.4375], [47.625, 61.53125], [47.53125, 61.8125], [48.21875, 61.96875], [48.28125, 61.75], [48.53125, 61.875], [48.375, 62.09375], [48.90625, 62.125], [48.96875, 62.34375], [49.15625, 62.3125], [49.09375, 62.1875], [49.75, 61.78125], [49.8125, 61.59375], [50.40625, 61.46875], [50.5625, 61.5625], [50.625, 62.03125], [51.1875, 62.0], [51.75, 62.34375], [51.5, 62.4375], [51.25, 62.3125], [51.03125, 62.625], [51.625, 62.875], [52.1875, 62.90625], [52.40625, 63.1875], [53.03125, 63.0], [53.03125, 62.6875], [53.375, 62.5625], [53.40625, 62.75], [53.9375, 62.9375], [54.21875, 62.75], [54.5, 62.78125], [54.5, 62.9375], [54.09375, 62.9375], [54.0625, 63.15625], [54.65625, 63.21875], [54.375, 63.375], [54.34375, 63.59375], [54.40625, 63.71875], [54.9375, 63.71875], [55.0, 63.90625], [54.84375, 63.90625], [54.71875, 64.15625], [55.21875, 64.4375], [55.28125, 64.78125], [56.25, 64.875], [56.9375, 65.28125], [57.25, 65.21875], [57.21875, 64.9375], [56.125, 64.4375], [56.28125, 64.15625], [56.125, 63.6875], [56.40625, 63.625], [55.96875, 63.125], [56.1875, 62.96875], [56.84375, 63.125], [56.875, 63.28125], [57.21875, 63.21875], [57.25, 63.46875], [57.75, 63.1875], [58.34375, 63.34375], [58.21875, 63.65625], [57.21875, 63.59375], [57.15625, 63.84375], [58.09375, 63.90625], [57.90625, 64.0625], [58.4375, 63.9375], [58.46875, 64.125], [58.84375, 64.15625], [58.84375, 64.28125], [59.0, 64.15625], [59.34375, 64.625], [59.6875, 64.5625], [60.4375, 64.8125], [60.40625, 64.65625], [61.1875, 64.5], [61.53125, 64.96875], [63.125, 65.21875], [63.125, 65.5625], [63.4375, 65.5625], [63.8125, 65.3125], [64.8125, 65.40625], [65.0, 65.5625], [64.8125, 66.0625], [65.1875, 65.90625], [66.125, 66.03125], [66.4375, 65.78125], [66.9375, 65.9375], [67.0, 66.03125], [66.125, 66.25], [66.40625, 66.28125], [66.25, 66.4375], [66.90625, 66.5625], [67.09375, 66.71875], [65.84375, 66.53125], [65.71875, 66.75], [66.71875, 67.4375], [67.0, 67.3125], [66.9375, 67.15625], [67.375, 67.125], [68.375, 67.34375], [68.28125, 67.75], [67.9375, 67.96875], [68.78125, 67.96875], [68.28125, 68.4375], [68.65625, 68.75], [68.53125, 68.90625], [68.09375, 68.9375], [67.84375, 69.1875], [68.5625, 69.15625], [68.90625, 69.34375], [68.75, 69.125], [68.9375, 69.09375], [68.9375, 68.90625], [69.96875, 69.0625], [69.9375, 69.3125], [70.09375, 69.46875], [70.4375, 69.46875], [70.5, 69.625], [70.75, 69.65625], [70.71875, 69.78125], [71.28125, 69.90625], [71.375, 69.71875], [71.46875, 69.9375], [72.0, 69.96875], [71.71875, 70.375], [72.90625, 70.34375], [72.75, 70.03125], [72.9375, 70.0], [73.34375, 70.15625], [73.1875, 70.21875], [73.3125, 70.5], [74.15625, 70.5], [74.46875, 70.65625], [74.96875, 70.15625], [76.09375, 70.25], [76.375, 70.53125], [77.0, 70.5625], [76.84375, 70.78125], [77.09375, 70.875], [76.5625, 70.875], [76.46875, 71.0], [77.53125, 71.0625], [77.6875, 71.25], [78.0625, 71.125], [78.875, 71.4375], [79.375, 71.34375], [79.40625, 71.46875], [80.1875, 71.5], [80.90625, 71.8125], [81.34375, 71.71875], [81.53125, 71.8125], [81.25, 71.9375], [82.15625, 72.1875], [81.875, 72.34375], [82.8125, 72.46875], [82.34375, 72.53125], [82.25, 72.84375], [82.1875, 72.71875], [81.75, 72.75], [81.6875, 72.90625], [80.90625, 73.0], [80.875, 73.1875], [81.21875, 73.3125], [84.0625, 73.5], [86.15625, 72.96875], [86.28125, 73.09375], [87.15625, 73.09375], [87.125, 73.3125], [87.46875, 73.1875], [87.75, 73.375], [88.625, 73.375], [88.78125, 73.53125], [89.59375, 73.5], [89.75, 73.6875], [90.40625, 73.78125], [90.4375, 73.9375], [90.21875, 73.9375], [90.3125, 74.1875], [91.0625, 74.0625], [91.15625, 73.59375], [92.875, 73.53125], [93.3125, 73.75], [94.34375, 73.65625], [94.375, 73.875], [94.125, 74.03125], [95.46875, 74.3125], [96.375, 74.25], [97.375, 74.5], [98.4375, 74.53125], [99.0625, 74.375], [99.0625, 74.25], [98.125, 73.96875], [99.03125, 73.8125], [99.25, 73.90625], [99.125, 73.625], [99.96875, 73.625], [101.875, 73.9375], [102.4375, 74.21875], [104.53125, 74.375], [104.53125, 74.25], [104.3125, 74.21875], [104.40625, 74.125], [105.625, 74.46875], [105.78125, 74.34375], [105.28125, 74.21875], [105.1875, 74.0], [105.8125, 74.03125], [106.03125, 73.625], [106.59375, 73.625], [106.46875, 73.78125], [106.625, 73.78125], [106.75, 73.46875], [107.25, 73.5], [107.875, 73.15625], [108.3125, 73.125], [108.46875, 73.28125], [109.125, 73.09375], [109.4375, 73.40625], [110.5625, 73.375], [110.75, 73.125], [111.25, 72.96875], [113.15625, 72.75], [113.09375, 72.5], [113.3125, 72.5], [113.28125, 72.34375], [113.59375, 72.1875], [113.71875, 72.34375], [114.0, 72.34375], [113.8125, 72.4375], [113.96875, 72.625], [113.78125, 72.65625], [113.96875, 72.84375], [114.15625, 72.8125], [114.0625, 72.65625], [114.34375, 72.21875], [114.59375, 72.34375], [114.46875, 72.5625], [114.625, 72.71875], [115.6875, 72.84375], [116.21875, 72.6875], [115.8125, 72.34375], [116.5, 72.46875], [116.75, 72.3125], [117.6875, 72.3125], [118.25, 72.1875], [118.28125, 71.96875], [119.59375, 71.84375], [119.59375, 71.65625], [120.09375, 71.4375], [119.90625, 71.15625], [118.625, 71.28125], [118.4375, 71.53125], [118.53125, 71.6875], [118.25, 71.90625], [118.125, 71.71875], [117.875, 71.75], [118.125, 71.53125], [117.75, 71.65625], [117.28125, 71.5625], [117.21875, 71.875], [116.875, 71.8125], [116.90625, 71.5625], [116.59375, 71.5625], [116.53125, 71.21875], [118.03125, 71.15625], [118.46875, 70.96875], [118.90625, 71.0625], [119.125, 70.90625], [120.125, 70.78125], [120.46875, 70.5625], [121.0, 70.5], [121.125, 70.1875], [120.96875, 70.0], [120.75, 69.96875], [120.75, 70.15625], [120.3125, 70.40625], [119.53125, 70.46875], [118.75, 70.28125], [118.4375, 70.5625], [118.125, 70.53125], [118.15625, 70.3125], [117.375, 70.1875], [117.53125, 70.125], [117.5, 69.9375], [117.03125, 70.0], [117.25, 70.1875], [116.96875, 70.21875], [117.03125, 70.375], [116.71875, 70.40625], [116.625, 70.25], [116.9375, 69.90625], [117.59375, 69.78125], [117.65625, 69.625], [118.25, 69.78125], [118.59375, 69.6875], [119.0, 69.3125], [119.46875, 69.375], [119.375, 69.03125], [121.15625, 68.65625], [121.3125, 68.5625], [121.15625, 68.5], [121.28125, 68.3125], [119.59375, 68.40625], [119.15625, 68.28125], [119.09375, 68.03125], [118.59375, 68.03125], [118.59375, 67.84375], [118.84375, 67.78125], [119.15625, 67.21875], [118.71875, 67.3125], [118.09375, 67.125], [117.875, 67.1875], [117.75, 67.46875], [117.65625, 67.0625], [117.90625, 66.78125], [118.4375, 66.59375], [118.46875, 66.40625], [117.84375, 66.65625], [117.5625, 66.4375], [117.125, 66.4375], [117.03125, 66.65625], [117.375, 66.84375], [116.75, 67.25], [116.5, 67.21875], [116.5, 67.40625], [116.09375, 67.5], [115.96875, 67.34375], [115.96875, 67.625], [115.1875, 67.5], [115.53125, 67.3125], [115.15625, 67.3125], [115.0625, 67.46875], [114.4375, 67.4375], [114.8125, 67.28125], [114.75, 67.0625], [114.875, 66.9375], [114.625, 66.84375], [114.75, 66.625], [115.75, 66.46875], [116.71875, 66.09375], [118.0, 65.375], [118.125, 65.125], [117.53125, 65.1875], [117.21875, 65.5], [116.46875, 65.65625], [115.9375, 65.5625], [115.71875, 65.71875], [116.125, 65.03125], [116.28125, 65.0], [116.125, 64.875], [115.78125, 65.125], [115.78125, 65.3125], [115.34375, 65.375], [115.34375, 65.5], [114.03125, 65.6875], [114.5625, 65.71875], [114.53125, 65.875], [112.34375, 66.34375], [112.4375, 66.15625], [112.0, 66.0625], [111.90625, 65.625], [110.6875, 65.5625], [110.6875, 65.4375], [111.03125, 65.4375], [111.03125, 65.3125], [110.5625, 65.34375], [110.28125, 65.21875], [110.25, 64.96875], [109.84375, 64.8125], [110.03125, 64.46875], [109.625, 64.34375], [109.59375, 64.03125], [109.21875, 63.71875], [110.34375, 63.8125], [110.375, 63.625], [110.0625, 63.5], [109.34375, 63.5], [109.875, 62.8125], [108.875, 62.90625], [108.71875, 63.34375], [108.375, 63.40625], [108.375, 63.625], [108.0625, 63.65625], [108.03125, 63.84375], [108.375, 63.875], [108.53125, 64.09375], [108.0625, 64.375], [108.125, 64.53125], [107.5, 64.25], [106.28125, 64.40625], [106.1875, 64.09375], [106.5, 64.0], [106.5625, 63.8125], [105.875, 63.75], [105.5625, 63.875], [105.28125, 63.75], [105.28125, 63.875], [105.0625, 63.90625], [104.84375, 63.71875], [105.0, 63.4375], [104.46875, 63.25], [104.5625, 63.0625], [104.375, 62.96875], [104.5, 62.71875], [103.9375, 62.6875], [104.34375, 62.53125], [104.375, 62.28125], [103.46875, 62.0], [103.84375, 61.875], [103.78125, 61.65625], [103.625, 61.6875], [103.75, 61.15625], [103.53125, 61.03125], [103.75, 60.71875], [103.75, 60.40625], [103.625, 60.4375], [103.5, 60.40625], [103.71875, 60.1875], [103.46875, 60.1875], [103.5, 59.75], [103.03125, 59.28125], [102.96875, 58.78125], [102.8125, 59.0], [102.9375, 59.40625], [102.71875, 59.65625], [102.71875, 60.125], [102.5, 60.125], [102.8125, 60.5], [102.78125, 61.125], [102.28125, 61.9375], [102.03125, 62.03125], [102.1875, 62.25], [102.0625, 62.65625], [101.71875, 62.4375], [100.90625, 62.375], [100.75, 62.25], [100.90625, 62.03125], [100.5, 62.03125], [100.46875, 61.84375], [100.78125, 61.75], [100.90625, 61.375], [100.34375, 60.75], [100.03125, 60.78125], [99.875, 61.09375], [99.5625, 61.15625], [99.4375, 60.875], [99.15625, 61.125], [97.53125, 61.09375], [97.46875, 60.9375], [98.1875, 60.59375], [98.375, 60.25], [97.4375, 60.125], [97.71875, 59.9375], [98.15625, 59.15625], [98.6875, 58.875], [99.15625, 57.9375], [98.46875, 58.15625], [98.3125, 58.4375], [97.65625, 58.46875], [97.3125, 58.65625], [97.125, 59.0], [96.8125, 58.8125], [96.53125, 59.21875], [96.0625, 59.3125], [95.96875, 58.8125], [95.59375, 58.90625], [95.09375, 58.78125], [95.1875, 59.25], [94.8125, 59.25], [94.8125, 58.71875], [93.46875, 58.75], [93.3125, 58.4375], [92.8125, 58.125], [92.5, 58.15625], [92.625, 57.8125], [92.21875, 57.8125], [92.375, 57.625], [92.03125, 57.53125], [91.96875, 57.375], [91.28125, 57.375], [91.59375, 57.1875], [91.03125, 57.125], [91.21875, 57.03125], [91.28125, 56.65625], [90.46875, 56.5625], [89.75, 56.125], [89.53125, 56.21875], [89.34375, 55.96875], [89.34375, 55.59375], [88.75, 55.34375], [88.71875, 55.125], [89.0, 55.15625], [89.0625, 54.75], [89.25, 54.59375], [88.625, 54.71875], [88.5625, 54.5], [88.75, 54.5], [88.875, 54.1875], [88.4375, 54.03125], [88.65625, 53.6875], [88.6875, 53.15625], [88.96875, 52.84375], [88.9375, 52.625], [87.0625, 53.09375], [86.875, 53.5], [86.34375, 53.625], [85.90625, 53.25], [86.09375, 52.71875], [85.84375, 52.375], [86.09375, 52.25], [85.6875, 51.9375], [85.09375, 51.90625], [85.375, 51.75], [85.375, 51.625], [85.15625, 51.59375], [85.1875, 51.40625], [85.625, 51.46875], [85.53125, 51.1875], [85.90625, 50.8125], [85.8125, 50.59375], [85.96875, 50.3125], [86.3125, 50.09375], [86.3125, 49.8125], [86.53125, 49.84375], [86.6875, 49.625], [86.46875, 49.25], [85.90625, 49.375], [86.0625, 49.15625], [85.75, 48.96875], [85.625, 48.65625], [86.78125, 48.53125], [86.875, 48.28125], [87.0625, 48.25], [87.03125, 48.09375], [86.53125, 48.09375], [86.40625, 47.9375], [86.71875, 47.8125], [86.71875, 47.4375], [87.0625, 47.5], [87.40625, 47.1875], [87.46875, 46.90625], [87.21875, 46.46875], [87.40625, 46.28125], [87.34375, 45.90625], [87.875, 45.5], [88.0, 45.1875], [88.46875, 45.125], [88.5625, 44.96875], [88.40625, 44.8125], [88.59375, 44.6875], [88.5625, 44.25], [88.8125, 44.28125], [89.03125, 43.5625], [88.9375, 42.84375], [89.1875, 42.625], [89.4375, 41.96875], [89.4375, 41.8125], [89.21875, 41.78125], [89.28125, 41.40625], [89.5, 41.28125], [89.59375, 40.5625], [90.03125, 40.4375], [89.96875, 40.03125], [90.15625, 39.6875], [91.0, 39.375], [91.0, 39.09375], [91.15625, 39.09375], [91.0625, 38.90625], [91.28125, 38.875], [91.375, 38.53125], [91.65625, 38.5625], [91.875, 38.0625], [92.46875, 37.9375], [92.46875, 37.8125], [92.25, 37.8125], [92.46875, 37.5625], [92.4375, 37.34375], [92.65625, 37.59375], [92.75, 37.34375], [93.1875, 37.21875], [93.1875, 37.34375], [93.59375, 37.40625], [93.6875, 37.8125], [94.125, 37.9375], [94.0625, 37.625], [93.65625, 37.40625], [93.25, 36.71875], [93.21875, 36.4375], [93.4375, 36.15625], [93.1875, 36.0], [93.1875, 35.53125], [93.71875, 34.96875], [93.875, 34.4375], [94.28125, 34.28125], [94.21875, 34.03125], [94.625, 34.1875], [94.9375, 34.125], [95.09375, 33.875], [95.25, 33.9375], [95.28125, 33.78125], [94.9375, 33.65625], [94.71875, 33.28125], [95.09375, 32.75], [95.59375, 32.53125], [95.6875, 32.65625], [95.96875, 32.5625], [96.375, 31.90625], [96.375, 31.15625], [96.625, 31.28125], [96.5, 31.5625], [96.75, 31.75], [96.84375, 31.375], [97.1875, 31.34375], [97.21875, 30.84375], [97.53125, 30.90625], [97.53125, 30.78125], [97.9375, 30.75], [98.0, 30.5625], [98.1875, 30.5625], [98.3125, 30.125], [98.625, 30.15625], [98.625, 30.34375], [98.8125, 30.1875], [99.0625, 30.28125], [99.0, 30.09375], [99.15625, 29.875], [99.5625, 29.875], [99.6875, 29.59375], [100.4375, 29.4375], [100.4375, 29.3125], [100.625, 29.34375], [100.6875, 29.71875], [101.5625, 29.375], [101.4375, 28.875], [101.75, 28.3125], [102.375, 28.15625], [102.40625, 28.0], [103.15625, 28.09375], [103.34375, 28.375], [102.46875, 28.65625], [102.71875, 29.03125], [102.90625, 29.03125], [103.09375, 28.75], [103.34375, 28.78125], [103.46875, 28.625], [103.53125, 28.1875], [104.375, 28.1875], [104.3125, 27.90625], [104.6875, 27.625], [105.625, 27.65625], [105.9375, 27.3125], [106.34375, 27.34375], [106.40625, 27.09375], [106.6875, 27.21875], [106.75, 26.875], [106.59375, 26.9375], [106.5625, 26.8125], [107.34375, 26.625], [107.375, 26.21875], [107.96875, 26.25], [108.3125, 26.03125], [108.71875, 26.125], [108.78125, 25.90625], [109.21875, 25.65625], [109.5, 25.71875], [109.5625, 25.375], [109.75, 25.5], [110.3125, 25.21875], [110.40625, 25.78125], [110.6875, 26.09375], [110.90625, 25.96875], [110.90625, 25.53125], [111.09375, 25.5], [111.15625, 25.125], [112.125, 24.90625], [112.59375, 25.03125], [112.5625, 24.84375], [112.75, 24.78125], [113.90625, 25.0], [114.15625, 24.71875], [114.375, 24.71875], [114.3125, 24.5625], [115.09375, 24.46875], [115.28125, 24.59375], [115.34375, 25.1875], [115.59375, 25.09375], [115.53125, 24.84375], [115.71875, 24.5625], [115.90625, 24.59375], [116.1875, 25.21875], [116.875, 25.75], [116.90625, 25.5625], [116.53125, 25.28125], [116.84375, 24.875], [116.75, 24.6875], [117.53125, 24.6875], [117.5625, 24.875], [118.28125, 25.125], [118.53125, 24.84375], [118.71875, 24.875], [118.6875, 24.75], [119.125, 24.65625], [119.625, 24.78125], [119.625, 24.9375], [119.96875, 24.9375], [120.0, 25.28125], [120.15625, 25.28125], [120.09375, 25.5625], [120.375, 25.46875], [120.4375, 25.65625], [120.75, 25.46875], [120.71875, 25.25], [121.15625, 25.25], [121.5, 25.46875], [121.5, 25.28125], [122.375, 25.28125], [122.53125, 25.125], [123.3125, 25.53125], [123.34375, 25.6875], [123.5, 25.59375], [123.53125, 25.78125], [123.84375, 25.71875], [123.84375, 25.375], [124.40625, 25.5], [124.84375, 25.3125], [125.09375, 25.65625], [125.78125, 25.78125], [125.90625, 26.09375], [126.34375, 25.96875], [126.21875, 26.09375], [126.3125, 26.46875], [127.03125, 26.4375], [127.09375, 26.59375], [126.90625, 26.78125], [126.96875, 27.09375], [126.5, 27.1875], [126.75, 27.28125], [126.75, 27.53125], [126.34375, 27.5625], [125.9375, 28.0625], [126.65625, 28.0625], [126.96875, 28.21875], [126.96875, 28.375], [127.15625, 28.3125], [127.0625, 28.5625], [127.40625, 29.21875], [127.78125, 29.1875], [127.96875, 28.59375], [128.125, 29.125], [127.8125, 29.4375], [127.75, 29.90625], [128.09375, 29.84375], [128.125, 29.375], [128.5625, 29.0625], [128.65625, 29.125], [128.28125, 29.40625], [128.25, 29.8125], [129.34375, 28.9375], [129.71875, 29.0], [129.78125, 29.5625], [130.5, 29.5625], [130.53125, 30.03125], [130.8125, 29.9375], [130.96875, 30.1875], [130.75, 30.46875], [130.5, 30.375], [130.09375, 30.59375], [130.0, 30.90625], [130.28125, 30.90625], [130.1875, 31.09375], [130.40625, 30.90625], [130.40625, 31.15625], [130.96875, 31.0625], [131.5, 30.5625], [132.0, 30.53125], [132.0, 30.75], [131.53125, 31.375], [132.1875, 31.46875], [132.59375, 31.21875], [132.96875, 31.40625], [132.71875, 31.6875], [133.0625, 31.59375], [133.1875, 31.90625], [133.375, 31.75], [133.71875, 31.84375], [133.59375, 32.0625], [133.78125, 32.15625], [134.15625, 32.03125], [134.34375, 32.53125], [134.6875, 32.34375], [134.8125, 32.5625], [135.09375, 32.46875], [135.34375, 33.03125], [135.59375, 32.84375], [135.5625, 33.09375], [135.78125, 33.25], [135.75, 33.5], [135.46875, 33.59375], [135.40625, 33.84375], [135.8125, 33.84375], [135.90625, 34.0], [135.75, 34.21875], [135.90625, 34.21875], [135.9375, 34.46875], [136.125, 34.15625], [136.28125, 34.25], [136.3125, 34.0], [136.6875, 34.03125], [136.75, 33.75], [136.96875, 33.75], [137.03125, 33.5625], [137.375, 33.625], [137.5625, 34.0625], [138.125, 34.1875], [138.15625, 34.53125], [138.5, 34.4375], [138.5, 35.09375], [138.71875, 35.375], [138.625, 35.59375], [138.96875, 35.625], [138.875, 35.9375], [139.1875, 36.34375], [139.15625, 36.53125], [139.375, 36.65625], [139.28125, 36.90625], [138.78125, 36.875], [138.96875, 37.15625], [139.78125, 37.25], [139.625, 37.0], [139.6875, 36.71875], [139.96875, 36.71875], [139.96875, 36.34375], [140.90625, 35.5], [140.84375, 35.09375], [140.96875, 34.96875], [140.96875, 35.53125], [140.75, 35.90625], [140.53125, 35.9375], [140.5, 36.125], [140.09375, 36.40625], [140.125, 36.78125], [139.90625, 36.84375], [139.9375, 37.25], [140.65625, 37.21875], [140.90625, 37.40625], [140.46875, 37.5625], [139.90625, 37.375], [139.78125, 37.75], [139.3125, 37.71875], [139.34375, 37.96875], [139.75, 37.96875], [139.65625, 38.21875], [139.5, 38.1875], [139.625, 38.375], [139.53125, 38.78125], [140.0625, 38.71875], [140.28125, 39.15625], [140.59375, 39.28125], [140.53125, 39.75], [141.25, 39.9375], [140.875, 40.1875], [141.09375, 40.40625], [140.6875, 40.5625], [140.84375, 40.65625], [140.8125, 41.3125], [140.5625, 41.34375], [140.5625, 41.53125], [140.375, 41.625], [140.4375, 41.84375], [140.59375, 41.84375], [140.53125, 42.1875], [140.40625, 42.1875], [140.53125, 42.375], [140.40625, 42.53125], [140.53125, 42.53125], [140.625, 42.84375], [140.59375, 43.0625], [140.40625, 43.125], [140.625, 43.46875], [140.59375, 44.1875], [140.34375, 44.28125], [140.25, 44.03125], [139.96875, 44.0], [139.53125, 44.375], [139.25, 44.28125], [139.15625, 44.40625], [138.46875, 44.40625], [138.46875, 44.5625], [138.21875, 44.5], [138.125, 44.71875], [137.65625, 45.0], [137.6875, 45.1875], [138.28125, 45.3125], [138.3125, 45.03125], [138.6875, 44.75], [138.84375, 44.96875], [138.75, 45.21875], [138.90625, 45.28125], [139.90625, 44.84375], [139.875, 45.40625], [140.25, 45.4375], [140.09375, 45.90625], [140.0, 45.875], [139.78125, 45.875], [139.71875, 46.0625], [139.375, 46.03125], [139.34375, 46.4375], [138.9375, 46.34375], [138.90625, 46.53125], [138.71875, 46.5], [138.78125, 46.65625], [138.53125, 46.65625], [138.625, 47.03125], [138.15625, 46.9375], [138.21875, 47.34375], [137.75, 47.34375], [137.84375, 47.78125], [137.625, 47.90625], [137.5625, 48.4375], [137.875, 48.65625], [137.53125, 49.0], [137.65625, 49.125], [137.96875, 49.03125], [138.25, 49.3125], [138.59375, 49.34375], [138.59375, 49.5], [139.0625, 49.65625], [139.25, 50.0], [139.46875, 49.96875], [139.4375, 49.71875], [139.59375, 49.75], [139.5, 49.90625], [139.6875, 49.875], [139.875, 50.0625], [139.84375, 50.34375], [140.0625, 50.5], [140.25, 50.40625], [140.1875, 50.625], [140.5625, 50.71875], [140.28125, 50.96875], [140.125, 50.96875], [140.09375, 50.78125], [139.75, 50.90625], [139.71875, 51.375], [140.28125, 51.375], [140.25, 51.5625], [140.0, 51.53125], [139.96875, 52.0625], [139.6875, 52.21875], [139.90625, 52.28125], [139.96875, 52.59375], [140.53125, 52.375], [140.5625, 52.1875], [140.8125, 52.21875], [141.0625, 51.90625], [140.96875, 52.28125], [141.34375, 52.375], [141.34375, 52.25], [141.5625, 52.25], [141.59375, 52.46875], [141.8125, 52.375], [141.90625, 52.625], [141.78125, 52.75], [142.0, 52.75], [142.125, 52.96875], [141.59375, 52.9375], [141.375, 53.3125], [142.125, 53.09375], [142.15625, 53.40625], [141.875, 53.4375], [141.875, 53.3125], [141.71875, 53.40625], [141.9375, 53.59375], [142.15625, 53.53125], [142.1875, 53.84375], [142.78125, 53.875], [142.6875, 53.65625], [143.1875, 53.78125], [142.9375, 53.8125], [142.90625, 53.96875], [142.90625, 54.125], [143.1875, 54.25], [142.3125, 54.3125], [142.5625, 54.625], [142.84375, 54.5625], [142.75, 54.84375], [142.34375, 54.875], [142.53125, 55.1875], [142.28125, 55.25], [142.3125, 55.6875], [142.75, 55.625], [142.96875, 55.34375], [143.5625, 55.40625], [143.28125, 55.0625], [143.65625, 54.71875], [144.4375, 54.78125], [144.34375, 54.90625], [144.5, 55.03125], [144.125, 55.28125], [144.0625, 55.5], [143.78125, 55.53125], [143.8125, 55.8125], [143.4375, 56.28125], [143.46875, 56.5], [143.65625, 56.5625], [143.59375, 56.71875], [143.9375, 56.78125], [143.9375, 56.53125], [144.40625, 56.46875], [144.5, 56.75], [144.3125, 56.90625], [143.71875, 56.84375], [143.5, 57.59375], [144.03125, 57.46875], [143.90625, 57.1875], [144.75, 57.3125], [144.6875, 57.75], [144.90625, 58.03125], [145.0, 57.875], [145.5625, 57.875], [145.40625, 57.625], [145.78125, 57.5], [146.125, 57.84375], [145.875, 58.34375], [146.0, 58.625], [146.625, 58.34375], [147.03125, 58.4375], [146.90625, 58.65625], [146.71875, 58.65625], [146.71875, 58.84375], [146.4375, 58.875], [146.46875, 59.0], [146.875, 59.0625], [146.84375, 59.1875], [146.5, 59.15625], [146.5625, 59.40625], [146.40625, 59.46875], [146.53125, 59.6875], [146.84375, 59.78125], [146.375, 59.71875], [146.3125, 59.96875], [147.03125, 60.0], [146.6875, 60.5], [147.375, 60.875], [148.3125, 60.84375], [148.84375, 60.59375], [149.34375, 60.59375], [149.21875, 60.78125], [149.875, 60.84375], [150.03125, 61.09375], [149.375, 61.6875], [150.21875, 62.28125], [150.96875, 62.1875], [150.9375, 61.90625], [151.84375, 62.0], [151.8125, 61.84375], [152.125, 61.84375], [152.375, 62.25], [152.71875, 62.3125], [152.75, 62.1875], [153.5625, 62.0625], [153.46875, 61.84375], [153.65625, 61.75], [154.34375, 61.75], [154.34375, 61.96875], [154.71875, 61.96875], [154.6875, 62.4375], [155.1875, 62.375], [155.3125, 62.625], [155.59375, 62.625], [155.5, 62.9375], [155.15625, 62.9375], [155.15625, 63.0625], [155.90625, 63.25], [156.25, 64.0], [156.5, 64.0625], [156.65625, 63.78125], [157.125, 63.71875], [157.375, 63.84375], [157.40625, 64.03125], [157.6875, 64.0625], [157.53125, 64.375], [158.15625, 64.5], [158.375, 64.375], [158.28125, 64.03125], [158.4375, 63.71875], [158.3125, 63.59375], [158.78125, 63.75], [158.9375, 63.5], [159.0625, 63.65625], [158.9375, 63.96875], [159.3125, 63.875], [159.3125, 64.0], [159.90625, 64.1875], [159.65625, 63.6875], [159.9375, 63.6875], [159.96875, 63.3125], [160.28125, 63.09375], [160.40625, 63.09375], [160.375, 63.3125], [160.59375, 63.28125], [160.5625, 63.46875], [160.90625, 63.46875], [161.09375, 63.1875], [161.46875, 63.15625], [161.46875, 63.3125], [161.78125, 63.34375], [162.15625, 63.125], [162.375, 63.34375], [162.125, 63.25], [161.78125, 63.53125], [162.4375, 63.625], [162.75, 63.0625], [163.03125, 63.09375], [163.6875, 62.75], [163.8125, 61.9375], [164.3125, 62.34375], [164.59375, 62.34375], [164.21875, 62.71875], [164.5, 62.90625], [164.4375, 63.3125], [164.8125, 63.53125], [165.3125, 63.6875], [165.53125, 63.5625], [165.5625, 63.71875], [165.71875, 63.71875], [165.6875, 63.59375], [166.03125, 63.5625], [166.125, 63.375], [166.8125, 63.34375], [166.8125, 63.0625], [166.3125, 62.90625], [167.25, 62.65625], [167.4375, 62.375], [167.71875, 62.40625], [167.65625, 62.15625], [167.8125, 62.15625], [167.84375, 61.90625], [168.09375, 61.90625], [168.125, 61.75], [167.8125, 61.78125], [167.59375, 61.6875], [167.59375, 61.53125], [168.0625, 61.3125], [168.34375, 61.46875], [168.3125, 61.25], [168.96875, 61.0625], [168.96875, 60.90625], [168.71875, 60.9375], [168.4375, 60.8125], [168.9375, 60.84375], [168.9375, 60.65625], [169.375, 60.53125], [169.34375, 60.375], [169.71875, 60.5], [169.53125, 60.28125], [169.625, 60.09375], [169.84375, 60.09375], [169.84375, 59.875], [170.71875, 59.875], [170.53125, 60.71875], [171.09375, 60.4375], [171.5, 60.5], [171.375, 60.15625], [171.6875, 60.0], [172.375, 60.1875], [172.5, 60.53125], [172.84375, 60.625], [172.6875, 60.9375], [172.375, 60.90625], [172.375, 61.21875], [173.78125, 61.53125], [173.65625, 61.40625], [173.75, 61.0], [173.5625, 60.90625], [173.78125, 60.6875], [173.6875, 60.375], [173.9375, 60.15625], [173.375, 59.96875], [172.90625, 59.09375], [172.96875, 58.5625], [173.46875, 58.6875], [173.78125, 59.09375], [174.15625, 59.03125], [174.625, 59.3125], [175.15625, 59.34375], [175.09375, 59.09375], [175.5, 59.21875], [176.15625, 59.15625], [176.46875, 58.96875], [176.71875, 59.40625], [176.25, 59.59375], [175.8125, 59.40625], [175.78125, 59.84375], [175.5, 59.8125], [175.53125, 60.0625], [176.28125, 59.78125], [176.75, 59.9375], [176.75, 59.65625], [177.0, 59.625], [177.375, 59.21875], [177.46875, 58.65625], [178.25, 58.9375], [177.96875, 58.6875], [177.96875, 58.4375], [177.8125, 58.40625], [177.875, 58.1875], [177.25, 58.09375], [177.15625, 57.375], [176.75, 56.875], [176.5625, 56.84375], [176.46875, 56.53125], [174.78125, 56.65625], [174.59375, 56.8125], [174.625, 57.03125], [175.25, 57.53125], [174.40625, 57.5], [174.40625, 57.84375], [173.90625, 58.0], [173.75, 57.78125], [173.0625, 57.78125], [173.03125, 57.5625], [173.21875, 57.5625], [173.25, 57.375], [172.875, 57.09375], [172.84375, 56.875], [172.59375, 56.875], [172.5625, 56.28125], [173.25, 56.40625], [173.34375, 56.21875], [173.125, 55.6875], [172.96875, 55.65625], [173.09375, 55.46875], [173.0, 55.21875], [173.3125, 54.9375], [173.53125, 55.09375], [173.40625, 55.28125], [173.5, 55.53125], [173.875, 55.59375], [173.90625, 55.40625], [174.28125, 55.5], [174.25, 55.28125], [174.53125, 55.125], [174.53125, 55.3125], [174.96875, 55.625], [175.03125, 55.09375], [175.375, 55.0625], [175.375, 54.8125], [175.59375, 54.84375], [175.6875, 55.0625], [175.6875, 54.71875], [176.03125, 54.59375], [175.78125, 54.40625], [176.125, 54.34375], [176.3125, 54.0625], [176.15625, 53.9375], [176.15625, 53.625], [176.375, 53.59375], [176.34375, 53.8125], [176.78125, 53.6875], [177.0, 53.8125], [176.71875, 54.15625], [176.96875, 54.3125], [177.625, 54.21875], [177.5625, 53.96875], [177.75, 53.78125], [178.46875, 53.84375], [178.4375, 53.65625], [177.875, 53.5625], [178.0625, 53.5], [177.875, 53.28125], [178.0, 52.9375], [177.84375, 52.9375], [177.71875, 52.6875], [177.0625, 52.84375], [176.96875, 52.625], [176.71875, 52.71875], [176.40625, 52.28125], [175.96875, 52.21875], [175.90625, 52.40625], [175.375, 52.3125], [175.03125, 51.875], [175.21875, 51.78125], [175.25, 51.46875], [175.46875, 51.53125], [175.4375, 51.71875], [175.53125, 51.5625], [175.875, 51.59375], [175.96875, 51.96875], [176.1875, 51.90625], [176.3125, 52.1875], [176.53125, 52.1875], [176.5, 51.90625], [176.75, 51.71875], [176.59375, 51.3125], [176.78125, 51.03125], [177.78125, 51.125], [177.96875, 50.625], [178.25, 50.65625], [178.25, 51.1875], [178.375, 51.1875], [178.40625, 51.46875], [178.1875, 51.71875], [178.3125, 51.78125], [178.21875, 52.0625], [178.34375, 52.0625], [178.40625, 52.4375], [178.21875, 52.46875], [178.15625, 52.6875], [178.46875, 52.6875], [178.75, 53.0], [179.0, 52.96875], [179.46875, 53.34375], [179.46875, 53.0625], [179.3125, 53.03125], [179.4375, 52.625], [179.8125, 52.625], [179.96875, 52.40625], [179.96875, 53.375], [179.84375, 53.5], [179.96875, 53.625], [179.96875, 82.5], [176.71875, 82.6875], [176.71875, 82.8125], [177.71875, 82.875], [177.3125, 82.90625], [177.46875, 83.0625], [177.09375, 83.125], [174.1875, 83.21875], [172.0, 83.5625], [166.625, 83.90625], [166.625, 84.0625], [166.9375, 84.125], [170.71875, 84.1875], [170.9375, 84.25], [170.375, 84.46875], [172.71875, 84.625], [179.8125, 84.53125], [179.96875, 84.5625], [179.96875, 84.9375], [176.625, 85.0], [175.5625, 85.21875], [173.65625, 85.25], [171.09375, 85.65625]], [[154.28125, 84.9375], [155.84375, 85.03125], [156.09375, 84.90625], [154.28125, 84.9375]], [[157.9375, 85.0], [161.375, 84.875], [161.78125, 84.65625], [163.09375, 84.5], [160.78125, 84.375], [156.125, 84.875], [157.9375, 85.0]], [[167.90625, 84.90625], [168.71875, 85.0], [168.71875, 84.90625], [167.90625, 84.90625]], [[147.25, 84.78125], [147.4375, 84.875], [147.4375, 84.78125], [147.25, 84.78125]], [[-139.46875, 84.5], [-138.8125, 84.28125], [-140.5625, 84.3125], [-140.46875, 84.4375], [-139.46875, 84.5]], [[170.09375, 84.40625], [170.1875, 84.5], [170.1875, 84.40625], [170.09375, 84.40625]], [[170.21875, 84.40625], [170.3125, 84.5], [170.3125, 84.40625], [170.21875, 84.40625]], [[-52.8125, 83.5], [-50.9375, 83.53125], [-52.8125, 83.40625], [-52.8125, 83.5]], [[-125.28125, 83.28125], [-124.875, 83.375], [-124.875, 83.28125], [-125.28125, 83.28125]], [[177.1875, 82.90625], [177.28125, 83.0], [177.28125, 82.90625], [177.1875, 82.90625]], [[176.59375, 82.65625], [176.6875, 82.75], [176.6875, 82.65625], [176.59375, 82.65625]], [[-170.59375, 81.90625], [-170.1875, 81.90625], [-170.1875, 81.8125], [-170.65625, 81.78125], [-170.59375, 81.90625]], [[-74.84375, 81.875], [-74.40625, 81.84375], [-74.34375, 81.6875], [-74.78125, 81.71875], [-74.84375, 81.875]], [[91.09375, 81.59375], [96.71875, 81.71875], [96.71875, 81.625], [91.09375, 81.59375]], [[-168.8125, 81.53125], [-168.6875, 81.625], [-168.6875, 81.53125], [-168.8125, 81.53125]], [[52.28125, 81.375], [54.28125, 81.3125], [56.0, 81.0625], [54.84375, 80.875], [53.15625, 80.9375], [52.3125, 81.15625], [52.28125, 81.375]], [[71.1875, 81.1875], [73.8125, 81.15625], [74.5625, 80.96875], [74.5625, 80.8125], [71.53125, 80.875], [71.0625, 81.0], [71.1875, 81.1875]], [[56.1875, 81.03125], [56.46875, 81.125], [56.46875, 81.03125], [56.1875, 81.03125]], [[67.4375, 81.0], [67.625, 81.09375], [67.625, 81.0], [67.4375, 81.0]], [[35.625, 80.53125], [35.71875, 80.625], [35.71875, 80.53125], [35.625, 80.53125]], [[35.75, 80.53125], [36.34375, 80.625], [36.46875, 80.5], [35.75, 80.53125]], [[58.65625, 80.53125], [59.46875, 80.53125], [59.875, 80.3125], [59.3125, 80.125], [58.40625, 80.15625], [58.78125, 80.3125], [58.65625, 80.53125]], [[33.125, 80.4375], [36.46875, 80.34375], [36.5625, 80.21875], [33.25, 80.28125], [33.09375, 80.3125], [33.125, 80.4375]], [[-15.84375, 80.28125], [-15.71875, 80.375], [-15.71875, 80.28125], [-15.84375, 80.28125]], [[61.78125, 79.3125], [62.3125, 79.25], [62.375, 79.125], [61.9375, 79.0625], [61.78125, 79.3125]], [[5.6875, 78.90625], [7.21875, 79.03125], [7.21875, 78.9375], [6.125, 78.8125], [5.6875, 78.90625]], [[15.96875, 79.03125], [17.34375, 78.875], [17.5, 78.6875], [16.0, 78.78125], [15.96875, 79.03125]], [[87.84375, 77.28125], [90.03125, 77.4375], [90.5, 77.21875], [90.53125, 77.0625], [89.5625, 76.78125], [88.59375, 76.78125], [87.625, 77.03125], [87.84375, 77.28125]], [[-143.875, 77.375], [-143.5, 77.21875], [-144.0625, 76.90625], [-143.78125, 77.15625], [-143.875, 77.375]], [[91.8125, 77.15625], [91.90625, 77.25], [91.90625, 77.15625], [91.8125, 77.15625]], [[-136.84375, 76.9375], [-136.71875, 77.03125], [-136.71875, 76.9375], [-136.84375, 76.9375]], [[91.1875, 75.46875], [91.65625, 75.5625], [91.6875, 75.4375], [91.1875, 75.46875]], [[95.0625, 75.375], [95.4375, 75.5], [95.5625, 75.3125], [95.0625, 75.375]], [[95.6875, 75.375], [95.78125, 75.5], [95.78125, 75.375], [95.6875, 75.375]], [[96.125, 75.21875], [96.21875, 75.3125], [96.21875, 75.21875], [96.125, 75.21875]], [[101.15625, 75.0625], [101.375, 75.0625], [101.40625, 74.875], [101.84375, 74.75], [101.34375, 74.59375], [101.46875, 74.75], [101.0625, 74.875], [101.15625, 75.0625]], [[102.125, 75.03125], [102.28125, 75.0], [102.3125, 74.84375], [102.03125, 74.8125], [102.125, 75.03125]], [[98.9375, 74.96875], [99.46875, 74.96875], [99.46875, 74.84375], [99.03125, 74.78125], [98.9375, 74.96875]], [[108.34375, 74.90625], [108.65625, 74.90625], [108.65625, 74.8125], [108.375, 74.78125], [108.34375, 74.90625]], [[110.5, 74.84375], [110.71875, 74.84375], [110.71875, 74.71875], [110.5, 74.71875], [110.5, 74.84375]], [[106.65625, 74.8125], [107.53125, 74.8125], [107.71875, 74.65625], [106.65625, 74.59375], [106.53125, 74.65625], [106.65625, 74.8125]], [[99.28125, 74.59375], [99.59375, 74.53125], [99.59375, 74.4375], [99.375, 74.4375], [99.28125, 74.59375]], [[96.75, 74.5], [97.03125, 74.46875], [96.75, 74.40625], [96.75, 74.5]], [[113.09375, 74.34375], [113.40625, 74.46875], [113.40625, 74.375], [113.09375, 74.34375]], [[77.5625, 74.375], [79.03125, 74.375], [79.28125, 74.03125], [78.3125, 73.9375], [77.46875, 74.15625], [77.5625, 74.375]], [[85.09375, 74.25], [85.6875, 74.4375], [85.65625, 74.28125], [85.09375, 74.25]], [[105.8125, 74.3125], [106.21875, 74.40625], [106.21875, 74.3125], [105.8125, 74.3125]], [[88.53125, 74.28125], [88.625, 74.375], [88.625, 74.28125], [88.53125, 74.28125]], [[100.6875, 74.34375], [101.28125, 74.34375], [101.28125, 74.1875], [100.96875, 74.125], [100.96875, 73.96875], [100.5625, 73.9375], [100.4375, 74.125], [100.78125, 74.1875], [100.6875, 74.34375]], [[80.96875, 74.15625], [81.21875, 74.25], [81.21875, 74.15625], [80.96875, 74.15625]], [[88.8125, 74.125], [88.96875, 74.25], [88.96875, 74.125], [88.8125, 74.125]], [[105.84375, 74.125], [106.0, 74.21875], [106.0, 74.125], [105.84375, 74.125]], [[106.59375, 74.09375], [107.03125, 74.0625], [107.03125, 73.96875], [106.5, 73.9375], [106.59375, 74.09375]], [[91.96875, 74.0625], [92.84375, 74.0], [92.90625, 73.75], [91.84375, 73.84375], [91.96875, 74.0625]], [[99.28125, 73.875], [99.375, 73.96875], [99.375, 73.875], [99.28125, 73.875]], [[107.3125, 73.84375], [107.5, 73.9375], [107.5, 73.84375], [107.3125, 73.84375]], [[108.5625, 73.875], [108.8125, 73.875], [108.875, 73.75], [108.59375, 73.71875], [108.5625, 73.875]], [[121.15625, 73.75], [121.34375, 73.84375], [121.34375, 73.75], [121.15625, 73.75]], [[93.9375, 73.71875], [94.1875, 73.8125], [94.1875, 73.71875], [93.9375, 73.71875]], [[86.53125, 73.78125], [86.8125, 73.4375], [86.0625, 73.53125], [86.5, 73.65625], [86.53125, 73.78125]], [[164.6875, 73.65625], [167.21875, 73.21875], [167.0625, 73.09375], [167.375, 73.0], [167.375, 72.6875], [166.21875, 72.0625], [165.125, 71.90625], [164.84375, 72.0625], [166.4375, 72.34375], [166.65625, 72.5625], [166.65625, 72.875], [166.125, 73.21875], [164.96875, 73.40625], [163.5, 73.375], [162.3125, 73.125], [162.34375, 73.28125], [162.75, 73.4375], [164.6875, 73.65625]], [[85.84375, 73.53125], [85.96875, 73.625], [85.96875, 73.53125], [85.84375, 73.53125]], [[161.90625, 73.59375], [162.09375, 73.46875], [161.5625, 73.4375], [161.5625, 73.53125], [161.90625, 73.59375]], [[84.96875, 73.46875], [85.25, 73.5625], [85.25, 73.46875], [84.96875, 73.46875]], [[110.84375, 73.46875], [110.96875, 73.5625], [110.96875, 73.46875], [110.84375, 73.46875]], [[74.34375, 73.53125], [74.5625, 73.53125], [74.5625, 73.4375], [74.34375, 73.375], [74.34375, 73.53125]], [[85.28125, 73.34375], [85.40625, 73.5], [85.4375, 73.375], [85.28125, 73.34375]], [[109.21875, 73.40625], [109.375, 73.5], [109.375, 73.40625], [109.21875, 73.40625]], [[87.15625, 73.375], [87.25, 73.46875], [87.25, 73.375], [87.15625, 73.375]], [[85.5625, 73.34375], [85.71875, 73.34375], [85.75, 73.1875], [85.59375, 73.1875], [85.5625, 73.34375]], [[86.0625, 73.28125], [86.3125, 73.28125], [86.3125, 73.15625], [86.0625, 73.125], [86.0625, 73.28125]], [[167.8125, 73.28125], [168.25, 73.15625], [168.21875, 72.96875], [168.0625, 72.9375], [167.8125, 73.28125]], [[161.3125, 73.0], [161.46875, 73.09375], [161.46875, 73.0], [161.3125, 73.0]], [[77.0, 72.78125], [77.375, 72.90625], [77.34375, 72.75], [77.0, 72.78125]], [[162.15625, 72.71875], [162.28125, 72.84375], [162.28125, 72.71875], [162.15625, 72.71875]], [[121.34375, 72.75], [121.78125, 72.75], [122.0, 72.59375], [120.625, 72.40625], [120.625, 72.53125], [120.9375, 72.5], [121.34375, 72.75]], [[118.53125, 72.625], [118.625, 72.71875], [118.625, 72.625], [118.53125, 72.625]], [[72.25, 72.5625], [72.5, 72.6875], [72.5, 72.5625], [72.25, 72.5625]], [[80.5625, 72.6875], [81.09375, 72.65625], [81.09375, 72.5625], [80.6875, 72.40625], [80.53125, 72.5], [80.5625, 72.6875]], [[72.0625, 72.5625], [72.1875, 72.65625], [72.1875, 72.5625], [72.0625, 72.5625]], [[72.59375, 72.5625], [72.6875, 72.65625], [72.6875, 72.5625], [72.59375, 72.5625]], [[77.59375, 72.53125], [77.78125, 72.625], [77.78125, 72.53125], [77.59375, 72.53125]], [[78.4375, 72.5], [78.53125, 72.59375], [78.53125, 72.5], [78.4375, 72.5]], [[70.125, 72.46875], [70.3125, 72.5625], [70.3125, 72.46875], [70.125, 72.46875]], [[75.5, 72.5], [75.875, 72.5], [75.875, 72.375], [75.5625, 72.375], [75.5, 72.5]], [[79.78125, 72.34375], [79.9375, 72.4375], [79.9375, 72.34375], [79.78125, 72.34375]], [[162.375, 72.28125], [162.5, 72.375], [162.5, 72.28125], [162.375, 72.28125]], [[80.875, 72.25], [81.15625, 72.25], [81.25, 72.125], [80.875, 72.09375], [80.875, 72.25]], [[163.21875, 72.1875], [164.0, 72.09375], [164.03125, 71.96875], [163.40625, 72.03125], [163.21875, 72.1875]], [[119.96875, 71.9375], [120.6875, 72.15625], [120.65625, 71.96875], [119.96875, 71.9375]], [[68.375, 72.125], [68.53125, 72.09375], [68.5625, 71.875], [68.4375, 71.875], [68.375, 72.125]], [[81.0, 71.96875], [81.09375, 72.0625], [81.09375, 71.96875], [81.0, 71.96875]], [[70.25, 71.9375], [70.78125, 71.90625], [70.8125, 71.78125], [70.09375, 71.8125], [70.25, 71.9375]], [[166.0, 71.9375], [166.1875, 71.90625], [166.1875, 71.8125], [166.03125, 71.78125], [166.0, 71.9375]], [[122.15625, 71.625], [122.5, 71.59375], [122.65625, 71.40625], [121.90625, 71.40625], [122.15625, 71.625]], [[73.34375, 71.46875], [73.59375, 71.46875], [73.59375, 71.375], [73.3125, 71.3125], [73.34375, 71.46875]], [[76.625, 71.4375], [77.125, 71.375], [77.125, 71.28125], [76.5, 71.28125], [76.625, 71.4375]], [[120.125, 71.34375], [120.3125, 71.4375], [120.3125, 71.34375], [120.125, 71.34375]], [[-103.9375, 71.40625], [-103.65625, 71.34375], [-103.65625, 71.25], [-103.9375, 71.28125], [-103.9375, 71.40625]], [[-126.15625, 71.375], [-125.59375, 71.375], [-125.40625, 71.1875], [-125.65625, 71.03125], [-126.15625, 71.375]], [[117.9375, 71.34375], [118.25, 71.34375], [118.25, 71.21875], [117.90625, 71.21875], [117.9375, 71.34375]], [[125.28125, 71.34375], [125.59375, 71.34375], [125.59375, 71.25], [125.1875, 71.15625], [125.28125, 71.34375]], [[-112.9375, 71.15625], [-112.5625, 71.28125], [-112.5625, 71.1875], [-112.78125, 71.0625], [-112.9375, 71.15625]], [[-167.28125, 71.125], [-167.1875, 71.03125], [-167.28125, 70.96875], [-167.375, 70.96875], [-167.28125, 71.125]], [[73.75, 70.90625], [73.90625, 71.0], [73.90625, 70.90625], [73.75, 70.90625]], [[-167.46875, 70.8125], [-167.375, 70.96875], [-167.34375, 70.78125], [-167.46875, 70.8125]], [[-165.5, 70.9375], [-165.40625, 70.78125], [-165.65625, 70.65625], [-165.65625, 70.75], [-165.5, 70.9375]], [[-114.25, 70.71875], [-114.09375, 70.84375], [-114.09375, 70.75], [-114.25, 70.71875]], [[73.5, 70.84375], [73.8125, 70.84375], [73.90625, 70.6875], [73.4375, 70.625], [73.5, 70.84375]], [[72.1875, 70.8125], [72.6875, 70.78125], [72.78125, 70.65625], [72.4375, 70.5625], [72.375, 70.71875], [72.15625, 70.65625], [72.1875, 70.8125]], [[76.0625, 70.8125], [76.375, 70.8125], [76.375, 70.65625], [76.125, 70.6875], [76.0625, 70.8125]], [[75.1875, 70.65625], [75.84375, 70.59375], [76.0625, 70.40625], [75.0, 70.4375], [75.1875, 70.65625]], [[-114.3125, 70.46875], [-114.09375, 70.59375], [-114.0625, 70.46875], [-114.3125, 70.46875]], [[122.5625, 70.59375], [122.71875, 70.59375], [122.71875, 70.5], [122.53125, 70.4375], [122.5625, 70.59375]], [[119.65625, 70.25], [119.75, 70.34375], [119.75, 70.25], [119.65625, 70.25]], [[-127.5625, 70.09375], [-127.15625, 70.0625], [-127.15625, 69.96875], [-127.625, 69.9375], [-127.5625, 70.09375]], [[119.34375, 70.09375], [119.46875, 70.09375], [119.46875, 69.9375], [119.375, 69.9375], [119.34375, 70.09375]], [[120.15625, 70.0], [120.34375, 70.09375], [120.34375, 70.0], [120.15625, 70.0]], [[71.78125, 69.96875], [71.875, 70.0625], [71.875, 69.96875], [71.78125, 69.96875]], [[68.3125, 69.90625], [68.40625, 70.0], [68.40625, 69.90625], [68.3125, 69.90625]], [[120.0, 69.9375], [120.15625, 69.90625], [120.15625, 69.8125], [120.0, 69.8125], [120.0, 69.9375]], [[117.625, 69.8125], [117.71875, 69.90625], [117.71875, 69.8125], [117.625, 69.8125]], [[64.3125, 69.75], [64.4375, 69.875], [64.53125, 69.65625], [64.3125, 69.75]], [[65.21875, 69.875], [65.40625, 69.84375], [65.40625, 69.71875], [65.21875, 69.6875], [65.21875, 69.875]], [[69.28125, 69.78125], [69.4375, 69.71875], [69.40625, 69.59375], [69.28125, 69.59375], [69.28125, 69.78125]], [[65.71875, 69.75], [66.0, 69.6875], [66.0, 69.5625], [65.375, 69.375], [65.34375, 69.53125], [65.71875, 69.75]], [[68.90625, 69.5625], [69.03125, 69.6875], [69.03125, 69.59375], [68.90625, 69.5625]], [[118.90625, 69.59375], [119.03125, 69.6875], [119.03125, 69.59375], [118.90625, 69.59375]], [[66.15625, 69.53125], [66.46875, 69.4375], [66.21875, 69.3125], [66.15625, 69.53125]], [[70.03125, 69.5], [70.15625, 69.59375], [70.15625, 69.5], [70.03125, 69.5]], [[120.28125, 69.40625], [120.5625, 69.5], [120.5625, 69.40625], [120.28125, 69.40625]], [[40.96875, 69.3125], [41.0625, 69.40625], [41.0625, 69.3125], [40.96875, 69.3125]], [[41.96875, 69.28125], [42.0625, 69.40625], [42.0625, 69.28125], [41.96875, 69.28125]], [[122.875, 69.34375], [123.59375, 69.3125], [123.84375, 69.0625], [122.96875, 68.96875], [122.84375, 69.03125], [122.875, 69.34375]], [[123.9375, 69.3125], [124.4375, 69.21875], [124.46875, 69.0625], [124.21875, 69.0625], [123.9375, 69.3125]], [[-89.59375, 69.1875], [-89.46875, 69.28125], [-89.46875, 69.1875], [-89.59375, 69.1875]], [[-134.84375, 69.21875], [-134.46875, 69.15625], [-134.84375, 69.125], [-134.84375, 69.21875]], [[122.53125, 69.15625], [122.6875, 69.125], [122.53125, 69.0625], [122.53125, 69.15625]], [[-146.40625, 68.84375], [-146.21875, 68.9375], [-146.21875, 68.84375], [-146.40625, 68.84375]], [[-148.0, 68.65625], [-147.90625, 68.78125], [-147.90625, 68.65625], [-148.0, 68.65625]], [[-147.40625, 68.625], [-147.3125, 68.71875], [-147.3125, 68.625], [-147.40625, 68.625]], [[-139.15625, 68.65625], [-138.5625, 68.65625], [-138.15625, 68.40625], [-139.0625, 68.375], [-139.1875, 68.40625], [-139.15625, 68.65625]], [[-142.46875, 68.46875], [-141.46875, 68.5], [-141.15625, 68.34375], [-142.46875, 68.28125], [-142.46875, 68.46875]], [[-137.65625, 68.4375], [-137.28125, 68.40625], [-137.28125, 68.28125], [-137.65625, 68.3125], [-137.65625, 68.4375]], [[66.875, 68.40625], [67.28125, 68.40625], [67.28125, 68.09375], [66.9375, 68.0625], [66.875, 68.40625]], [[60.375, 68.34375], [61.0625, 68.3125], [61.03125, 68.09375], [60.3125, 67.84375], [60.375, 68.34375]], [[67.625, 68.21875], [67.71875, 68.3125], [67.71875, 68.21875], [67.625, 68.21875]], [[119.125, 68.09375], [119.5, 68.0625], [119.5, 67.96875], [119.15625, 67.96875], [119.125, 68.09375]], [[-145.1875, 67.90625], [-145.0625, 68.0], [-145.0625, 67.90625], [-145.1875, 67.90625]], [[66.59375, 67.96875], [66.8125, 67.96875], [66.8125, 67.8125], [66.59375, 67.84375], [66.59375, 67.96875]], [[59.125, 67.8125], [59.65625, 67.71875], [59.0625, 67.625], [59.125, 67.8125]], [[-143.3125, 67.75], [-143.0, 67.75], [-143.0, 67.65625], [-143.21875, 67.59375], [-143.3125, 67.75]], [[67.125, 67.65625], [67.21875, 67.75], [67.21875, 67.65625], [67.125, 67.65625]], [[119.34375, 67.71875], [119.59375, 67.71875], [119.59375, 67.625], [119.28125, 67.5625], [119.34375, 67.71875]], [[65.71875, 67.53125], [65.8125, 67.625], [65.8125, 67.53125], [65.71875, 67.53125]], [[119.9375, 67.625], [120.78125, 67.40625], [121.0, 67.125], [119.65625, 67.1875], [119.5, 67.4375], [119.90625, 67.5], [119.9375, 67.625]], [[65.0, 67.53125], [65.25, 67.46875], [65.25, 67.34375], [64.96875, 67.34375], [65.0, 67.53125]], [[-143.28125, 67.375], [-143.1875, 67.46875], [-143.1875, 67.375], [-143.28125, 67.375]], [[115.5625, 67.25], [115.6875, 67.375], [115.6875, 67.28125], [115.5625, 67.25]], [[-153.84375, 67.25], [-153.75, 67.34375], [-153.75, 67.25], [-153.84375, 67.25]], [[-148.75, 67.3125], [-148.53125, 67.1875], [-148.90625, 67.0625], [-148.78125, 67.15625], [-148.75, 67.3125]], [[-153.46875, 67.15625], [-153.25, 67.25], [-153.25, 67.15625], [-153.46875, 67.15625]], [[-149.125, 67.0625], [-149.0, 67.1875], [-148.96875, 67.0625], [-149.125, 67.0625]], [[37.9375, 67.0], [38.09375, 67.15625], [38.03125, 67.0], [37.9375, 67.0]], [[119.78125, 67.09375], [119.96875, 67.09375], [120.0, 66.9375], [119.625, 66.875], [119.78125, 67.09375]], [[63.09375, 67.0625], [63.21875, 67.0625], [63.21875, 66.90625], [63.125, 66.90625], [63.09375, 67.0625]], [[115.125, 66.84375], [115.375, 67.0], [115.4375, 66.84375], [115.125, 66.84375]], [[64.90625, 66.875], [65.0, 66.96875], [65.0, 66.875], [64.90625, 66.875]], [[39.375, 66.78125], [40.46875, 66.6875], [40.78125, 66.4375], [40.8125, 66.1875], [40.1875, 65.90625], [39.15625, 65.96875], [38.8125, 66.1875], [38.78125, 66.4375], [38.84375, 66.625], [39.375, 66.78125]], [[-150.53125, 66.71875], [-150.375, 66.71875], [-150.375, 66.625], [-150.53125, 66.5625], [-150.53125, 66.71875]], [[144.78125, 66.59375], [144.90625, 66.71875], [144.8125, 66.3125], [144.40625, 66.09375], [143.40625, 66.125], [143.03125, 66.34375], [143.09375, 66.5625], [143.78125, 66.6875], [144.78125, 66.59375]], [[162.875, 66.3125], [163.0, 66.4375], [163.0, 66.28125], [162.875, 66.3125]], [[163.90625, 66.25], [164.0, 66.4375], [164.0, 66.25], [163.90625, 66.25]], [[64.9375, 66.34375], [65.40625, 66.375], [65.28125, 66.0625], [64.9375, 66.1875], [64.9375, 66.34375]], [[142.6875, 66.3125], [142.875, 66.40625], [142.875, 66.3125], [142.6875, 66.3125]], [[117.125, 66.21875], [117.46875, 66.15625], [117.125, 66.125], [117.125, 66.21875]], [[-8.65625, 66.21875], [-7.78125, 66.15625], [-7.65625, 66.0], [-8.71875, 66.0625], [-8.65625, 66.21875]], [[-159.125, 66.0625], [-159.03125, 66.1875], [-159.0, 66.0625], [-159.125, 66.0625]], [[-156.65625, 65.96875], [-156.53125, 66.09375], [-156.53125, 65.96875], [-156.65625, 65.96875]], [[-151.71875, 66.0], [-151.625, 66.09375], [-151.625, 66.0], [-151.71875, 66.0]], [[57.0625, 66.03125], [57.5, 66.09375], [57.5625, 65.875], [57.0625, 65.875], [57.0625, 66.03125]], [[-7.65625, 65.90625], [-7.28125, 66.0], [-7.28125, 65.8125], [-7.65625, 65.90625]], [[-153.90625, 65.96875], [-153.65625, 65.90625], [-153.71875, 65.6875], [-154.03125, 65.71875], [-153.90625, 65.96875]], [[113.03125, 65.875], [113.3125, 65.9375], [113.34375, 65.8125], [113.03125, 65.875]], [[-7.25, 65.84375], [-6.9375, 65.78125], [-7.0, 65.53125], [-7.21875, 65.46875], [-7.25, 65.84375]], [[49.40625, 65.75], [49.5, 65.84375], [49.5, 65.75], [49.40625, 65.75]], [[128.625, 65.8125], [129.0625, 65.46875], [129.0625, 65.34375], [128.65625, 65.1875], [128.65625, 65.03125], [127.96875, 65.0625], [127.53125, 65.46875], [127.75, 65.71875], [128.625, 65.8125]], [[57.5625, 65.625], [57.6875, 65.71875], [57.6875, 65.625], [57.5625, 65.625]], [[127.1875, 65.625], [127.28125, 65.71875], [127.28125, 65.625], [127.1875, 65.625]], [[112.75, 65.46875], [112.96875, 65.59375], [113.0, 65.46875], [112.75, 65.46875]], [[177.5625, 65.59375], [178.6875, 65.5], [179.21875, 65.0], [179.0625, 64.8125], [178.125, 64.59375], [177.15625, 64.71875], [176.84375, 65.1875], [177.5625, 65.59375]], [[-154.84375, 65.40625], [-154.71875, 65.5625], [-154.71875, 65.40625], [-154.84375, 65.40625]], [[-164.125, 65.4375], [-163.9375, 65.53125], [-163.9375, 65.4375], [-164.125, 65.4375]], [[111.53125, 65.46875], [111.6875, 65.40625], [111.53125, 65.375], [111.53125, 65.46875]], [[-6.65625, 65.5], [-6.28125, 65.5], [-6.03125, 65.0], [-6.34375, 65.09375], [-6.25, 64.90625], [-6.4375, 64.75], [-6.65625, 64.8125], [-6.6875, 64.9375], [-6.4375, 65.09375], [-6.71875, 65.1875], [-6.65625, 65.5]], [[-155.125, 65.4375], [-154.875, 65.4375], [-154.875, 65.34375], [-155.125, 65.3125], [-155.125, 65.4375]], [[62.75, 65.4375], [62.96875, 65.4375], [62.96875, 65.34375], [62.75, 65.3125], [62.75, 65.4375]], [[-162.75, 65.3125], [-162.53125, 65.375], [-162.53125, 65.28125], [-162.75, 65.3125]], [[52.125, 65.28125], [52.375, 65.21875], [52.375, 65.125], [52.09375, 65.125], [52.125, 65.28125]], [[158.125, 65.1875], [158.34375, 65.28125], [158.34375, 65.1875], [158.125, 65.1875]], [[-162.5625, 65.125], [-162.4375, 65.21875], [-162.4375, 65.125], [-162.5625, 65.125]], [[60.84375, 65.125], [60.9375, 65.21875], [60.9375, 65.125], [60.84375, 65.125]], [[31.90625, 65.1875], [32.28125, 65.15625], [32.34375, 65.0], [31.9375, 65.0625], [31.90625, 65.1875]], [[115.3125, 65.09375], [115.5, 65.1875], [115.5, 65.09375], [115.3125, 65.09375]], [[31.40625, 65.125], [31.71875, 65.0625], [31.71875, 64.78125], [31.59375, 64.78125], [31.625, 64.96875], [31.40625, 65.125]], [[155.6875, 65.09375], [155.96875, 65.03125], [155.8125, 64.78125], [155.71875, 64.78125], [155.6875, 65.09375]], [[-158.5625, 64.96875], [-158.46875, 65.0625], [-158.46875, 64.96875], [-158.5625, 64.96875]], [[117.34375, 65.0625], [117.5625, 65.03125], [117.5625, 64.90625], [117.40625, 64.90625], [117.34375, 65.0625]], [[158.3125, 65.0625], [158.46875, 65.0], [158.875, 64.46875], [158.28125, 64.5], [158.4375, 64.6875], [158.3125, 65.0625]], [[-163.125, 64.875], [-162.96875, 65.0], [-162.96875, 64.875], [-163.125, 64.875]], [[30.6875, 64.84375], [30.84375, 65.0], [30.84375, 64.78125], [30.6875, 64.84375]], [[155.09375, 64.84375], [155.25, 65.0], [155.25, 64.84375], [155.09375, 64.84375]], [[117.59375, 64.84375], [117.78125, 64.90625], [117.78125, 64.8125], [117.59375, 64.84375]], [[-6.5, 64.6875], [-6.0625, 64.875], [-6.0625, 64.625], [-6.46875, 64.53125], [-6.5, 64.6875]], [[-162.53125, 64.71875], [-162.40625, 64.84375], [-162.40625, 64.59375], [-162.09375, 64.46875], [-162.25, 64.46875], [-162.28125, 64.25], [-163.21875, 64.1875], [-163.15625, 63.875], [-163.34375, 63.78125], [-163.15625, 63.6875], [-163.3125, 63.625], [-162.90625, 63.5625], [-162.5625, 63.84375], [-162.375, 63.8125], [-162.375, 63.96875], [-162.125, 63.96875], [-162.28125, 63.75], [-161.84375, 63.65625], [-162.15625, 63.46875], [-162.78125, 63.53125], [-162.96875, 63.46875], [-162.9375, 63.34375], [-163.875, 63.53125], [-163.59375, 63.8125], [-163.84375, 64.0625], [-163.28125, 64.34375], [-163.5, 64.46875], [-163.4375, 64.78125], [-162.53125, 64.71875]], [[60.9375, 64.71875], [61.03125, 64.8125], [61.03125, 64.71875], [60.9375, 64.71875]], [[116.625, 64.8125], [117.03125, 64.46875], [117.875, 64.3125], [117.90625, 64.1875], [117.34375, 64.125], [117.03125, 64.28125], [116.78125, 64.125], [116.71875, 63.84375], [116.0, 63.59375], [115.25, 63.75], [115.5625, 64.0625], [116.65625, 64.25], [116.28125, 64.375], [116.65625, 64.53125], [116.625, 64.8125]], [[-161.28125, 64.6875], [-160.90625, 64.75], [-160.90625, 64.59375], [-161.25, 64.5625], [-161.28125, 64.6875]], [[117.96875, 64.59375], [118.25, 64.75], [118.34375, 64.5625], [117.96875, 64.59375]], [[-160.03125, 64.71875], [-159.84375, 64.71875], [-159.84375, 64.625], [-160.03125, 64.59375], [-160.03125, 64.71875]], [[118.46875, 64.53125], [119.125, 64.5], [119.15625, 64.375], [118.46875, 64.53125]], [[-6.78125, 64.53125], [-6.5, 64.53125], [-6.46875, 64.375], [-6.90625, 64.25], [-6.78125, 64.53125]], [[-7.375, 64.40625], [-7.15625, 64.40625], [-7.375, 64.28125], [-7.375, 64.40625]], [[119.28125, 64.34375], [119.5625, 64.5], [119.46875, 64.3125], [119.28125, 64.34375]], [[58.46875, 64.375], [58.625, 64.46875], [58.625, 64.375], [58.46875, 64.375]], [[151.09375, 64.3125], [151.28125, 64.40625], [151.3125, 64.28125], [151.09375, 64.3125]], [[174.875, 64.40625], [175.0625, 64.40625], [175.0625, 64.21875], [174.90625, 64.21875], [174.875, 64.40625]], [[-161.625, 64.25], [-161.4375, 64.34375], [-161.40625, 64.21875], [-161.625, 64.25]], [[174.09375, 64.21875], [174.21875, 64.3125], [174.21875, 64.21875], [174.09375, 64.21875]], [[48.96875, 64.125], [49.4375, 64.28125], [49.46875, 64.15625], [48.96875, 64.125]], [[-161.34375, 64.25], [-160.96875, 64.1875], [-161.03125, 63.9375], [-161.375, 64.0], [-161.34375, 64.25]], [[-7.1875, 64.21875], [-7.0, 64.15625], [-7.1875, 64.125], [-7.1875, 64.21875]], [[50.90625, 64.15625], [51.46875, 64.25], [51.53125, 64.03125], [50.9375, 63.96875], [50.90625, 64.15625]], [[106.3125, 64.15625], [106.40625, 64.25], [106.40625, 64.15625], [106.3125, 64.15625]], [[118.0, 64.21875], [119.1875, 64.03125], [119.28125, 63.90625], [118.34375, 63.9375], [118.0, 64.21875]], [[148.9375, 64.21875], [149.1875, 64.1875], [149.25, 63.9375], [149.65625, 63.625], [149.84375, 63.34375], [149.6875, 63.0], [149.9375, 62.78125], [149.03125, 62.875], [149.09375, 63.75], [148.8125, 64.0625], [148.9375, 64.21875]], [[-7.75, 64.15625], [-7.65625, 63.9375], [-8.59375, 63.84375], [-8.53125, 63.96875], [-7.75, 64.15625]], [[10.84375, 64.15625], [11.1875, 64.125], [11.1875, 64.03125], [10.59375, 64.0], [10.84375, 64.15625]], [[110.375, 64.0625], [110.46875, 64.15625], [110.46875, 64.0625], [110.375, 64.0625]], [[57.25, 64.03125], [57.40625, 64.125], [57.40625, 64.03125], [57.25, 64.03125]], [[107.0, 63.90625], [107.375, 64.125], [107.40625, 63.96875], [107.84375, 63.96875], [107.84375, 63.875], [107.0, 63.90625]], [[110.5, 64.125], [110.78125, 64.125], [110.875, 63.96875], [110.5625, 63.9375], [110.5, 64.125]], [[107.875, 63.96875], [108.09375, 64.09375], [108.09375, 64.0], [107.875, 63.96875]], [[10.46875, 63.96875], [10.5625, 64.0625], [10.5625, 63.96875], [10.46875, 63.96875]], [[112.15625, 64.0625], [112.40625, 64.0625], [112.40625, 63.96875], [112.15625, 63.9375], [112.15625, 64.0625]], [[49.15625, 63.875], [49.25, 64.0], [49.25, 63.875], [49.15625, 63.875]], [[-162.90625, 63.875], [-162.6875, 63.9375], [-162.6875, 63.8125], [-162.90625, 63.875]], [[51.1875, 63.8125], [51.28125, 63.90625], [51.28125, 63.8125], [51.1875, 63.8125]], [[170.4375, 63.90625], [171.0, 63.71875], [171.0, 63.5625], [170.65625, 63.59375], [170.3125, 63.34375], [169.8125, 63.46875], [170.03125, 63.71875], [170.375, 63.71875], [170.4375, 63.90625]], [[11.78125, 63.875], [11.90625, 63.84375], [11.90625, 63.625], [11.8125, 63.625], [11.78125, 63.875]], [[173.5, 63.78125], [173.625, 63.875], [173.625, 63.78125], [173.5, 63.78125]], [[179.125, 63.84375], [179.4375, 63.71875], [179.125, 63.75], [179.125, 63.84375]], [[179.59375, 63.75], [179.71875, 63.875], [179.6875, 63.75], [179.59375, 63.75]], [[-174.53125, 63.78125], [-174.3125, 63.71875], [-174.53125, 63.6875], [-174.53125, 63.78125]], [[10.09375, 63.65625], [10.25, 63.84375], [10.28125, 63.5625], [10.09375, 63.65625]], [[56.71875, 63.84375], [57.03125, 63.78125], [57.03125, 63.6875], [56.53125, 63.6875], [56.71875, 63.84375]], [[50.78125, 63.8125], [51.0625, 63.8125], [51.0625, 63.71875], [50.78125, 63.6875], [50.78125, 63.8125]], [[-173.0625, 63.6875], [-172.40625, 63.71875], [-172.59375, 63.5], [-172.21875, 63.4375], [-172.21875, 63.1875], [-172.03125, 63.4375], [-171.71875, 63.4375], [-171.625, 63.15625], [-171.40625, 63.15625], [-171.6875, 62.9375], [-170.875, 62.625], [-170.875, 62.34375], [-171.125, 62.3125], [-171.40625, 62.3125], [-171.8125, 62.65625], [-172.1875, 62.53125], [-172.03125, 62.0625], [-171.4375, 62.03125], [-171.5, 61.53125], [-171.9375, 61.46875], [-172.15625, 61.125], [-172.59375, 61.03125], [-172.75, 61.3125], [-172.96875, 61.1875], [-173.3125, 61.40625], [-173.875, 61.34375], [-174.125, 61.53125], [-174.40625, 61.3125], [-175.09375, 61.1875], [-175.09375, 61.375], [-174.75, 61.6875], [-175.46875, 61.59375], [-175.375, 62.0], [-175.875, 62.09375], [-175.8125, 62.4375], [-175.96875, 62.53125], [-175.59375, 62.46875], [-175.46875, 62.59375], [-175.15625, 62.5], [-175.15625, 62.375], [-174.8125, 62.40625], [-174.96875, 62.1875], [-174.78125, 62.0625], [-174.0, 62.125], [-174.09375, 62.3125], [-173.875, 62.4375], [-174.375, 62.5], [-174.34375, 62.78125], [-175.0, 62.96875], [-174.28125, 63.1875], [-174.21875, 63.40625], [-173.125, 63.46875], [-173.0625, 63.6875]], [[-173.34375, 63.625], [-173.25, 63.71875], [-173.25, 63.625], [-173.34375, 63.625]], [[48.78125, 63.71875], [49.34375, 63.625], [49.15625, 63.4375], [48.84375, 63.46875], [49.15625, 63.1875], [48.65625, 62.9375], [48.625, 62.625], [48.25, 62.65625], [48.09375, 62.75], [48.15625, 62.90625], [47.75, 63.0], [48.03125, 63.28125], [47.78125, 63.53125], [48.0625, 63.4375], [48.78125, 63.71875]], [[160.53125, 63.59375], [160.65625, 63.71875], [160.65625, 63.59375], [160.53125, 63.59375]], [[160.8125, 63.625], [160.96875, 63.71875], [160.96875, 63.625], [160.8125, 63.625]], [[50.5625, 63.59375], [50.71875, 63.6875], [50.71875, 63.59375], [50.5625, 63.59375]], [[131.28125, 63.46875], [131.46875, 63.6875], [131.4375, 63.4375], [131.28125, 63.46875]], [[-175.09375, 63.625], [-174.625, 63.53125], [-174.8125, 63.375], [-175.25, 63.4375], [-175.09375, 63.625]], [[-173.5, 63.5625], [-173.375, 63.65625], [-173.375, 63.5625], [-173.5, 63.5625]], [[-165.8125, 63.375], [-164.90625, 63.65625], [-165.0, 63.34375], [-165.8125, 63.375]], [[-161.125, 63.53125], [-160.9375, 63.625], [-160.9375, 63.53125], [-161.125, 63.53125]], [[132.1875, 63.4375], [132.28125, 63.625], [132.28125, 63.4375], [132.1875, 63.4375]], [[47.40625, 63.46875], [47.5, 63.5625], [47.5, 63.46875], [47.40625, 63.46875]], [[-164.0, 63.4375], [-163.875, 63.53125], [-163.875, 63.4375], [-164.0, 63.4375]], [[-161.40625, 63.40625], [-161.25, 63.5], [-161.25, 63.40625], [-161.40625, 63.40625]], [[106.46875, 63.40625], [106.65625, 63.5], [106.65625, 63.40625], [106.46875, 63.40625]], [[108.0, 63.40625], [108.15625, 63.5], [108.15625, 63.40625], [108.0, 63.40625]], [[151.53125, 63.40625], [151.71875, 63.40625], [151.71875, 63.3125], [151.53125, 63.28125], [151.53125, 63.40625]], [[174.59375, 63.3125], [174.6875, 63.40625], [174.6875, 63.3125], [174.59375, 63.3125]], [[-175.4375, 63.375], [-175.28125, 63.34375], [-175.28125, 63.25], [-175.4375, 63.25], [-175.4375, 63.375]], [[-174.5625, 63.28125], [-174.4375, 63.375], [-174.4375, 63.28125], [-174.5625, 63.28125]], [[-162.46875, 63.34375], [-162.25, 63.34375], [-162.3125, 63.15625], [-162.46875, 63.21875], [-162.46875, 63.34375]], [[153.0625, 63.1875], [153.1875, 63.3125], [153.1875, 63.1875], [153.0625, 63.1875]], [[50.21875, 63.25], [50.59375, 63.125], [50.5625, 62.90625], [51.15625, 62.90625], [51.15625, 62.78125], [50.53125, 62.71875], [50.1875, 62.875], [50.0, 63.1875], [50.15625, 63.125], [50.21875, 63.25]], [[49.21875, 63.125], [49.34375, 63.21875], [49.34375, 63.125], [49.21875, 63.125]], [[50.90625, 63.21875], [51.09375, 63.1875], [51.125, 63.0625], [50.9375, 63.0625], [50.90625, 63.21875]], [[-176.375, 63.0625], [-176.125, 63.1875], [-176.125, 63.0625], [-176.375, 63.0625]], [[-165.3125, 63.09375], [-165.21875, 63.1875], [-165.21875, 63.09375], [-165.3125, 63.09375]], [[53.75, 63.0625], [53.84375, 63.1875], [53.84375, 63.0625], [53.75, 63.0625]], [[174.4375, 63.1875], [174.5625, 63.0625], [174.25, 62.90625], [174.25, 63.0625], [174.4375, 63.1875]], [[117.59375, 63.15625], [117.875, 63.15625], [117.875, 63.0625], [117.625, 63.03125], [117.59375, 63.15625]], [[-176.0625, 63.09375], [-175.84375, 63.09375], [-175.78125, 62.96875], [-176.0625, 62.96875], [-176.0625, 63.09375]], [[26.40625, 62.9375], [26.625, 63.0625], [26.625, 62.9375], [26.40625, 62.9375]], [[-176.875, 63.0], [-176.15625, 62.75], [-176.03125, 62.40625], [-176.75, 62.46875], [-176.6875, 62.65625], [-177.03125, 62.78125], [-176.875, 63.0]], [[38.53125, 62.875], [38.6875, 62.96875], [38.6875, 62.875], [38.53125, 62.875]], [[168.34375, 62.9375], [168.625, 62.9375], [168.5625, 62.6875], [168.28125, 62.65625], [168.34375, 62.9375]], [[109.34375, 62.84375], [109.53125, 62.84375], [109.53125, 62.75], [109.375, 62.71875], [109.34375, 62.84375]], [[104.625, 62.71875], [104.78125, 62.8125], [104.78125, 62.71875], [104.625, 62.71875]], [[151.40625, 62.625], [151.5, 62.8125], [151.5, 62.625], [151.40625, 62.625]], [[-174.8125, 62.78125], [-174.65625, 62.65625], [-174.9375, 62.53125], [-174.9375, 62.65625], [-174.8125, 62.78125]], [[151.1875, 62.65625], [151.28125, 62.75], [151.28125, 62.65625], [151.1875, 62.65625]], [[46.03125, 62.625], [46.15625, 62.71875], [46.15625, 62.625], [46.03125, 62.625]], [[151.0625, 62.5625], [151.1875, 62.65625], [151.1875, 62.5625], [151.0625, 62.5625]], [[34.375, 62.625], [34.5625, 62.59375], [34.5625, 62.5], [34.34375, 62.5], [34.375, 62.625]], [[-168.09375, 62.59375], [-167.96875, 62.5625], [-168.0, 62.375], [-168.15625, 62.40625], [-168.09375, 62.59375]], [[176.8125, 62.46875], [176.9375, 62.5625], [176.9375, 62.46875], [176.8125, 62.46875]], [[176.09375, 62.375], [176.40625, 62.53125], [176.40625, 62.4375], [176.09375, 62.375]], [[-164.59375, 62.34375], [-164.5, 62.46875], [-164.5, 62.34375], [-164.59375, 62.34375]], [[109.09375, 62.34375], [109.1875, 62.46875], [109.1875, 62.34375], [109.09375, 62.34375]], [[50.90625, 62.34375], [51.03125, 62.4375], [51.03125, 62.34375], [50.90625, 62.34375]], [[147.21875, 62.34375], [147.34375, 62.4375], [147.34375, 62.34375], [147.21875, 62.34375]], [[25.0625, 62.40625], [25.21875, 62.28125], [24.9375, 62.09375], [24.9375, 62.21875], [25.0625, 62.40625]], [[26.1875, 62.375], [26.5625, 62.375], [26.5625, 62.28125], [26.21875, 62.1875], [26.1875, 62.375]], [[43.90625, 62.34375], [44.1875, 62.3125], [44.28125, 61.9375], [43.53125, 61.6875], [43.46875, 62.0625], [43.875, 62.1875], [43.90625, 62.34375]], [[153.40625, 62.34375], [154.0, 62.3125], [154.0, 62.21875], [153.625, 62.09375], [153.40625, 62.1875], [153.40625, 62.34375]], [[36.21875, 62.3125], [36.4375, 62.21875], [36.3125, 62.0], [36.09375, 62.0], [36.21875, 62.3125]], [[-171.40625, 62.28125], [-171.25, 62.28125], [-171.21875, 62.15625], [-171.375, 62.15625], [-171.40625, 62.28125]], [[154.21875, 62.15625], [154.34375, 62.28125], [154.34375, 62.15625], [154.21875, 62.15625]], [[176.75, 62.125], [176.9375, 62.25], [176.9375, 62.09375], [176.75, 62.125]], [[28.5625, 62.125], [28.65625, 62.21875], [28.65625, 62.125], [28.5625, 62.125]], [[-171.0625, 62.125], [-170.53125, 62.09375], [-170.53125, 61.96875], [-170.71875, 61.96875], [-170.59375, 61.75], [-171.03125, 61.65625], [-171.3125, 61.8125], [-171.0625, 62.125]], [[177.59375, 62.09375], [177.75, 62.1875], [177.75, 62.09375], [177.59375, 62.09375]], [[171.0625, 62.15625], [171.625, 62.0], [172.0625, 62.0625], [172.375, 61.71875], [172.03125, 61.5625], [172.0625, 61.375], [171.59375, 61.375], [171.03125, 61.125], [170.46875, 61.25], [170.28125, 61.53125], [169.875, 61.46875], [169.53125, 61.6875], [169.78125, 61.78125], [169.65625, 62.0], [170.375, 61.90625], [171.0625, 62.15625]], [[173.625, 62.0625], [173.75, 62.15625], [173.75, 62.0625], [173.625, 62.0625]], [[-176.375, 62.125], [-176.0625, 62.03125], [-176.0625, 61.90625], [-176.34375, 61.90625], [-176.375, 62.125]], [[169.09375, 62.125], [169.28125, 62.125], [169.34375, 62.0], [169.125, 62.0], [169.09375, 62.125]], [[151.125, 62.0], [151.28125, 62.09375], [151.28125, 62.0], [151.125, 62.0]], [[27.15625, 62.0], [27.59375, 62.0], [27.59375, 61.90625], [27.09375, 61.84375], [27.15625, 62.0]], [[28.625, 61.90625], [29.15625, 61.5625], [28.375, 61.4375], [28.9375, 61.375], [29.0, 61.21875], [28.6875, 60.96875], [27.5625, 60.75], [27.375, 60.46875], [27.03125, 60.5625], [27.4375, 60.90625], [27.15625, 61.1875], [27.59375, 61.15625], [27.59375, 61.28125], [28.40625, 61.5625], [28.625, 61.90625]], [[-170.4375, 61.875], [-170.3125, 61.875], [-170.3125, 61.71875], [-170.40625, 61.71875], [-170.4375, 61.875]], [[-169.71875, 61.71875], [-169.40625, 61.875], [-169.40625, 61.75], [-169.71875, 61.71875]], [[176.78125, 61.875], [177.15625, 61.84375], [177.15625, 61.71875], [176.5, 61.625], [176.78125, 61.875]], [[-168.625, 61.6875], [-168.0625, 61.6875], [-168.0625, 61.53125], [-168.625, 61.46875], [-168.625, 61.6875]], [[24.1875, 61.65625], [24.28125, 61.75], [24.28125, 61.65625], [24.1875, 61.65625]], [[-178.59375, 61.6875], [-178.34375, 61.6875], [-178.3125, 61.5625], [-178.53125, 61.5], [-178.59375, 61.6875]], [[27.53125, 61.59375], [27.625, 61.6875], [27.625, 61.59375], [27.53125, 61.59375]], [[-170.59375, 61.59375], [-170.09375, 61.65625], [-170.0625, 61.5], [-170.21875, 61.375], [-170.59375, 61.4375], [-170.59375, 61.59375]], [[21.40625, 61.5625], [21.5, 61.65625], [21.5, 61.5625], [21.40625, 61.5625]], [[167.8125, 61.65625], [168.03125, 61.625], [168.03125, 61.53125], [167.78125, 61.53125], [167.8125, 61.65625]], [[22.0625, 61.59375], [22.21875, 61.59375], [22.21875, 61.46875], [22.0625, 61.4375], [22.0625, 61.59375]], [[23.6875, 61.59375], [23.84375, 61.375], [23.5, 61.34375], [23.4375, 61.5], [23.6875, 61.59375]], [[174.40625, 61.46875], [174.59375, 61.59375], [174.625, 61.4375], [174.40625, 61.46875]], [[30.1875, 61.375], [30.34375, 61.46875], [30.34375, 61.375], [30.1875, 61.375]], [[169.46875, 61.25], [169.5625, 61.34375], [169.5625, 61.25], [169.46875, 61.25]], [[178.78125, 61.25], [178.875, 61.34375], [178.875, 61.25], [178.78125, 61.25]], [[-169.71875, 61.28125], [-169.46875, 61.28125], [-169.5, 61.125], [-169.75, 61.125], [-169.71875, 61.28125]], [[23.75, 61.28125], [24.125, 61.28125], [24.125, 61.15625], [23.625, 61.03125], [23.75, 61.28125]], [[169.25, 61.1875], [169.34375, 61.28125], [169.34375, 61.1875], [169.25, 61.1875]], [[-173.5625, 61.15625], [-173.34375, 61.21875], [-173.3125, 61.09375], [-173.5625, 61.15625]], [[24.21875, 61.09375], [24.34375, 61.25], [24.34375, 61.09375], [24.21875, 61.09375]], [[168.8125, 61.15625], [168.90625, 61.25], [168.90625, 61.15625], [168.8125, 61.15625]], [[175.96875, 61.15625], [176.125, 61.25], [176.125, 61.15625], [175.96875, 61.15625]], [[-174.0, 61.21875], [-173.71875, 61.1875], [-173.78125, 60.875], [-173.96875, 60.90625], [-173.84375, 61.03125], [-174.03125, 61.0625], [-174.0, 61.21875]], [[176.59375, 61.125], [176.6875, 61.21875], [176.6875, 61.125], [176.59375, 61.125]], [[-178.875, 61.03125], [-178.53125, 61.15625], [-178.53125, 61.03125], [-178.875, 61.03125]], [[-174.375, 61.1875], [-174.1875, 60.9375], [-174.9375, 61.0], [-174.9375, 61.09375], [-174.375, 61.1875]], [[149.625, 61.1875], [149.8125, 61.125], [149.78125, 60.96875], [149.65625, 60.96875], [149.625, 61.1875]], [[25.53125, 61.0625], [25.625, 61.15625], [25.625, 61.0625], [25.53125, 61.0625]], [[169.3125, 61.0625], [169.4375, 61.15625], [169.4375, 61.0625], [169.3125, 61.0625]], [[24.59375, 61.09375], [24.6875, 60.90625], [24.53125, 60.84375], [24.53125, 60.9375], [24.59375, 61.09375]], [[-172.75, 60.90625], [-172.59375, 61.0], [-172.59375, 60.90625], [-172.75, 60.90625]], [[-175.3125, 60.9375], [-174.96875, 60.375], [-174.96875, 59.90625], [-175.53125, 59.6875], [-175.5, 59.9375], [-175.6875, 60.0], [-175.71875, 60.21875], [-175.3125, 60.40625], [-175.46875, 60.5625], [-175.3125, 60.9375]], [[170.59375, 60.90625], [170.78125, 60.8125], [170.59375, 60.8125], [170.59375, 60.90625]], [[175.65625, 60.90625], [176.09375, 60.78125], [176.09375, 60.53125], [175.65625, 60.65625], [175.65625, 60.90625]], [[-174.6875, 60.78125], [-174.5625, 60.875], [-174.5625, 60.78125], [-174.6875, 60.78125]], [[149.0625, 60.78125], [149.15625, 60.875], [149.15625, 60.78125], [149.0625, 60.78125]], [[175.34375, 60.78125], [175.4375, 60.875], [175.4375, 60.78125], [175.34375, 60.78125]], [[171.5, 60.8125], [171.78125, 60.75], [171.53125, 60.65625], [171.5, 60.8125]], [[146.4375, 60.71875], [146.625, 60.8125], [146.625, 60.71875], [146.4375, 60.71875]], [[178.5, 60.78125], [178.84375, 60.6875], [178.5, 60.6875], [178.5, 60.78125]], [[24.25, 60.71875], [24.5, 60.65625], [24.25, 60.59375], [24.25, 60.71875]], [[24.65625, 60.65625], [24.78125, 60.78125], [24.8125, 60.65625], [24.65625, 60.65625]], [[-169.25, 60.65625], [-169.125, 60.75], [-169.125, 60.65625], [-169.25, 60.65625]], [[-177.59375, 60.59375], [-177.46875, 60.6875], [-177.46875, 60.59375], [-177.59375, 60.59375]], [[-176.34375, 60.59375], [-176.21875, 60.6875], [-176.21875, 60.59375], [-176.34375, 60.59375]], [[26.8125, 60.625], [27.03125, 60.5625], [26.84375, 60.21875], [26.28125, 60.1875], [26.0625, 59.96875], [25.5625, 60.1875], [25.6875, 60.3125], [26.34375, 60.28125], [26.8125, 60.625]], [[98.90625, 60.46875], [99.0625, 60.59375], [99.0625, 60.46875], [98.90625, 60.46875]], [[-172.90625, 60.46875], [-172.8125, 60.5625], [-172.8125, 60.46875], [-172.90625, 60.46875]], [[179.09375, 60.34375], [179.25, 60.5], [179.21875, 60.34375], [179.09375, 60.34375]], [[176.40625, 60.34375], [176.59375, 60.4375], [176.59375, 60.34375], [176.40625, 60.34375]], [[103.90625, 60.3125], [104.125, 60.40625], [104.125, 60.3125], [103.90625, 60.3125]], [[25.25, 60.1875], [25.375, 60.28125], [25.375, 60.1875], [25.25, 60.1875]], [[24.25, 60.15625], [24.375, 60.25], [24.375, 60.15625], [24.25, 60.15625]], [[146.53125, 60.25], [146.75, 60.25], [146.75, 60.15625], [146.53125, 60.125], [146.53125, 60.25]], [[179.8125, 60.21875], [179.875, 59.9375], [179.625, 59.96875], [179.625, 60.0625], [179.8125, 60.21875]], [[24.125, 60.0625], [24.21875, 60.15625], [24.21875, 60.0625], [24.125, 60.0625]], [[135.8125, 60.0625], [135.90625, 60.15625], [135.90625, 60.0625], [135.8125, 60.0625]], [[146.0, 60.15625], [146.21875, 60.125], [146.21875, 59.96875], [145.96875, 59.96875], [146.0, 60.15625]], [[136.5, 60.09375], [136.59375, 59.90625], [136.84375, 59.9375], [136.8125, 59.75], [136.46875, 59.71875], [136.5, 60.09375]], [[176.59375, 60.0], [176.71875, 60.09375], [176.71875, 60.0], [176.59375, 60.0]], [[135.46875, 60.0625], [135.59375, 60.0625], [135.5, 59.8125], [135.71875, 59.5625], [135.40625, 59.6875], [135.46875, 60.0625]], [[24.34375, 59.9375], [24.53125, 59.90625], [24.5625, 59.75], [24.375, 59.75], [24.34375, 59.9375]], [[-173.71875, 59.78125], [-173.5625, 59.90625], [-173.5625, 59.78125], [-173.71875, 59.78125]], [[23.53125, 59.90625], [23.75, 59.65625], [23.3125, 59.65625], [23.03125, 59.375], [22.5625, 59.46875], [23.53125, 59.90625]], [[-171.90625, 59.8125], [-171.6875, 59.8125], [-171.6875, 59.71875], [-171.84375, 59.6875], [-171.90625, 59.8125]], [[174.46875, 59.6875], [174.90625, 59.6875], [174.46875, 59.59375], [174.46875, 59.6875]], [[175.09375, 59.6875], [175.53125, 59.625], [175.53125, 59.5], [175.3125, 59.5], [175.09375, 59.6875]], [[20.71875, 59.5625], [20.875, 59.65625], [20.875, 59.5625], [20.71875, 59.5625]], [[138.0625, 59.5], [138.15625, 59.59375], [138.15625, 59.5], [138.0625, 59.5]], [[178.96875, 59.5625], [179.5, 59.5], [179.6875, 59.3125], [179.65625, 58.875], [179.1875, 58.96875], [178.84375, 58.90625], [179.0, 58.84375], [178.96875, 58.6875], [178.59375, 58.6875], [178.65625, 59.0], [178.90625, 59.09375], [178.84375, 59.28125], [179.09375, 59.28125], [179.125, 59.125], [179.5, 59.15625], [179.34375, 59.34375], [179.15625, 59.25], [179.15625, 59.4375], [178.71875, 59.375], [178.96875, 59.5625]], [[-175.6875, 59.4375], [-175.59375, 59.53125], [-175.59375, 59.4375], [-175.6875, 59.4375]], [[-174.25, 59.3125], [-174.125, 59.4375], [-174.125, 59.34375], [-174.25, 59.3125]], [[-174.5625, 59.40625], [-174.40625, 59.40625], [-174.40625, 59.3125], [-174.53125, 59.28125], [-174.5625, 59.40625]], [[-178.875, 59.09375], [-178.625, 59.3125], [-178.40625, 59.03125], [-178.875, 59.09375]], [[178.15625, 59.15625], [178.40625, 59.25], [178.40625, 59.15625], [178.15625, 59.15625]], [[173.25, 59.09375], [173.40625, 59.09375], [173.4375, 58.9375], [173.25, 58.9375], [173.25, 59.09375]], [[-175.46875, 58.84375], [-175.3125, 58.9375], [-175.3125, 58.84375], [-175.46875, 58.84375]], [[21.375, 58.8125], [21.53125, 58.90625], [21.5625, 58.78125], [21.375, 58.8125]], [[-174.84375, 58.78125], [-174.75, 58.875], [-174.75, 58.78125], [-174.84375, 58.78125]], [[144.46875, 58.71875], [144.59375, 58.8125], [144.59375, 58.71875], [144.46875, 58.71875]], [[-63.03125, 58.65625], [-62.9375, 58.75], [-62.9375, 58.65625], [-63.03125, 58.65625]], [[-63.5, 58.59375], [-63.34375, 58.6875], [-63.34375, 58.59375], [-63.5, 58.59375]], [[144.15625, 58.59375], [144.40625, 58.5625], [144.1875, 58.46875], [144.15625, 58.59375]], [[-175.5, 58.46875], [-175.40625, 58.625], [-175.40625, 58.46875], [-175.5, 58.46875]], [[94.78125, 58.5], [94.875, 58.59375], [94.875, 58.5], [94.78125, 58.5]], [[102.78125, 58.5], [103.03125, 58.5], [103.0625, 58.375], [102.875, 58.34375], [102.78125, 58.5]], [[144.3125, 58.46875], [144.53125, 58.40625], [144.53125, 58.3125], [144.28125, 58.21875], [144.3125, 58.46875]], [[-175.5625, 58.25], [-175.4375, 58.40625], [-175.46875, 58.25], [-175.5625, 58.25]], [[20.125, 58.375], [20.28125, 58.34375], [20.3125, 58.21875], [20.125, 58.21875], [20.125, 58.375]], [[-176.03125, 58.15625], [-175.75, 58.25], [-175.75, 58.15625], [-176.03125, 58.15625]], [[21.0625, 58.1875], [21.25, 58.03125], [20.90625, 57.96875], [20.90625, 58.0625], [21.0625, 58.1875]], [[144.5625, 58.0], [144.65625, 58.15625], [144.65625, 58.0], [144.5625, 58.0]], [[-175.65625, 58.0], [-175.46875, 57.9375], [-175.65625, 57.84375], [-175.65625, 58.0]], [[18.5, 58.0625], [18.625, 58.0625], [18.625, 57.90625], [18.53125, 57.90625], [18.5, 58.0625]], [[92.65625, 57.96875], [92.75, 58.0625], [92.75, 57.96875], [92.65625, 57.96875]], [[-177.5, 58.03125], [-177.3125, 58.03125], [-177.3125, 57.90625], [-177.46875, 57.90625], [-177.5, 58.03125]], [[144.34375, 57.9375], [144.4375, 58.03125], [144.4375, 57.9375], [144.34375, 57.9375]], [[22.125, 58.0], [22.4375, 58.0], [22.46875, 57.875], [22.1875, 57.8125], [22.125, 58.0]], [[93.1875, 57.875], [93.5, 57.90625], [93.53125, 57.75], [93.1875, 57.875]], [[-174.84375, 57.9375], [-174.625, 57.90625], [-174.625, 57.8125], [-174.875, 57.8125], [-174.84375, 57.9375]], [[143.3125, 57.8125], [143.5, 57.8125], [143.40625, 57.59375], [143.3125, 57.59375], [143.3125, 57.8125]], [[-177.5625, 57.59375], [-177.375, 57.6875], [-177.375, 57.5625], [-177.5625, 57.59375]], [[-175.8125, 57.4375], [-175.71875, 57.53125], [-175.71875, 57.4375], [-175.8125, 57.4375]], [[173.5625, 57.4375], [173.65625, 57.53125], [173.65625, 57.4375], [173.5625, 57.4375]], [[178.71875, 57.25], [178.8125, 57.34375], [178.8125, 57.25], [178.71875, 57.25]], [[173.3125, 57.1875], [173.40625, 57.3125], [173.40625, 57.1875], [173.3125, 57.1875]], [[20.0, 57.28125], [20.46875, 57.28125], [20.46875, 57.1875], [20.15625, 57.09375], [20.0, 57.28125]], [[-10.5625, 57.21875], [-10.40625, 57.125], [-10.6875, 56.875], [-10.71875, 57.0], [-10.5625, 57.21875]], [[-61.375, 57.1875], [-61.21875, 57.15625], [-61.28125, 57.0], [-61.375, 57.0], [-61.375, 57.1875]], [[92.1875, 57.0625], [92.28125, 57.1875], [92.3125, 57.0625], [92.1875, 57.0625]], [[141.21875, 57.1875], [141.375, 56.875], [141.8125, 56.53125], [141.34375, 56.65625], [141.21875, 57.1875]], [[173.96875, 57.1875], [174.1875, 57.125], [174.1875, 57.03125], [173.9375, 57.03125], [173.96875, 57.1875]], [[177.84375, 57.03125], [178.0, 57.0], [178.0625, 56.75], [177.9375, 56.75], [177.84375, 57.03125]], [[91.34375, 56.90625], [91.46875, 57.0], [91.46875, 56.90625], [91.34375, 56.90625]], [[142.40625, 56.71875], [142.59375, 56.6875], [142.625, 56.5625], [142.375, 56.5625], [142.40625, 56.71875]], [[178.03125, 56.53125], [178.125, 56.65625], [178.125, 56.53125], [178.03125, 56.53125]], [[-177.0625, 56.625], [-176.90625, 56.59375], [-176.96875, 56.34375], [-177.09375, 56.34375], [-177.0625, 56.625]], [[-10.5625, 56.5], [-10.5, 56.625], [-10.46875, 56.5], [-10.5625, 56.5]], [[-8.78125, 56.5625], [-8.6875, 56.4375], [-8.90625, 56.375], [-8.90625, 56.46875], [-8.78125, 56.5625]], [[179.8125, 56.5625], [179.90625, 56.40625], [179.71875, 56.3125], [179.71875, 56.40625], [179.8125, 56.5625]], [[141.75, 56.5], [142.09375, 56.21875], [142.21875, 55.71875], [141.71875, 56.21875], [141.75, 56.5]], [[-9.875, 56.21875], [-9.6875, 56.3125], [-9.6875, 56.21875], [-9.875, 56.21875]], [[143.15625, 56.28125], [143.3125, 56.28125], [143.3125, 56.09375], [143.15625, 56.125], [143.15625, 56.28125]], [[92.8125, 56.15625], [92.90625, 56.25], [92.90625, 56.15625], [92.8125, 56.15625]], [[177.875, 56.125], [177.96875, 56.21875], [177.96875, 56.125], [177.875, 56.125]], [[139.34375, 56.0], [139.71875, 56.15625], [139.6875, 56.0], [139.34375, 56.0]], [[-176.03125, 56.03125], [-175.84375, 56.0], [-175.78125, 55.8125], [-176.125, 55.875], [-176.03125, 56.03125]], [[139.875, 56.03125], [139.90625, 55.84375], [140.1875, 55.84375], [140.3125, 55.625], [140.15625, 55.1875], [140.8125, 55.3125], [141.15625, 54.96875], [141.125, 54.65625], [140.9375, 54.6875], [141.03125, 54.9375], [140.6875, 54.875], [140.59375, 54.53125], [140.8125, 54.28125], [140.75, 54.0], [140.4375, 54.0], [140.09375, 53.59375], [139.34375, 53.71875], [139.375, 53.84375], [139.59375, 53.78125], [139.71875, 53.84375], [138.9375, 54.09375], [138.96875, 54.53125], [138.75, 54.59375], [139.59375, 54.96875], [138.9375, 55.28125], [139.03125, 55.71875], [139.21875, 55.71875], [139.21875, 55.90625], [139.5, 55.8125], [139.875, 56.03125]], [[175.375, 55.875], [175.46875, 55.96875], [175.46875, 55.875], [175.375, 55.875]], [[175.59375, 55.875], [175.8125, 55.84375], [175.8125, 55.71875], [175.59375, 55.6875], [175.59375, 55.875]], [[177.71875, 55.84375], [177.84375, 55.84375], [177.875, 55.375], [177.65625, 55.5], [177.71875, 55.84375]], [[140.8125, 55.5], [140.9375, 55.8125], [140.96875, 55.5], [140.8125, 55.5]], [[-176.25, 55.78125], [-176.03125, 55.75], [-176.03125, 55.59375], [-176.3125, 55.59375], [-176.25, 55.78125]], [[174.46875, 55.78125], [174.625, 55.75], [174.625, 55.59375], [174.5, 55.59375], [174.46875, 55.78125]], [[-59.65625, 55.59375], [-59.5625, 55.6875], [-59.5625, 55.59375], [-59.65625, 55.59375]], [[176.59375, 55.59375], [176.6875, 55.6875], [176.6875, 55.59375], [176.59375, 55.59375]], [[141.0, 55.5625], [141.09375, 55.65625], [141.09375, 55.5625], [141.0, 55.5625]], [[175.09375, 55.59375], [175.40625, 55.59375], [175.375, 55.4375], [175.6875, 55.46875], [175.6875, 55.34375], [175.1875, 55.28125], [175.09375, 55.59375]], [[140.5625, 55.46875], [140.71875, 55.46875], [140.71875, 55.3125], [140.5625, 55.3125], [140.5625, 55.46875]], [[141.4375, 55.4375], [141.59375, 55.4375], [141.59375, 55.34375], [141.4375, 55.28125], [141.4375, 55.4375]], [[142.0625, 55.34375], [142.1875, 55.4375], [142.1875, 55.34375], [142.0625, 55.34375]], [[141.6875, 55.21875], [141.78125, 55.3125], [141.78125, 55.21875], [141.6875, 55.21875]], [[15.59375, 55.28125], [15.71875, 55.28125], [15.71875, 54.9375], [16.09375, 54.9375], [16.0625, 55.09375], [16.21875, 55.09375], [16.59375, 54.59375], [16.90625, 54.625], [16.9375, 54.40625], [16.65625, 54.3125], [16.53125, 54.5625], [16.25, 54.375], [15.5625, 54.46875], [15.59375, 55.28125]], [[18.90625, 55.15625], [19.125, 55.28125], [19.125, 55.15625], [18.90625, 55.15625]], [[141.625, 54.875], [141.78125, 55.0], [141.78125, 54.90625], [141.625, 54.875]], [[177.59375, 54.75], [177.6875, 54.90625], [177.71875, 54.71875], [177.59375, 54.75]], [[141.5, 54.71875], [141.59375, 54.875], [141.59375, 54.71875], [141.5, 54.71875]], [[17.125, 54.71875], [17.28125, 54.84375], [17.28125, 54.71875], [17.125, 54.71875]], [[-10.15625, 54.78125], [-9.96875, 54.75], [-9.96875, 54.625], [-10.15625, 54.65625], [-10.15625, 54.78125]], [[-179.4375, 54.625], [-179.3125, 54.71875], [-179.3125, 54.625], [-179.4375, 54.625]], [[141.28125, 54.6875], [141.46875, 54.625], [141.4375, 54.375], [141.1875, 54.40625], [141.28125, 54.6875]], [[141.6875, 54.46875], [141.875, 54.59375], [141.9375, 54.4375], [141.6875, 54.46875]], [[140.875, 54.5625], [141.15625, 54.46875], [141.15625, 54.375], [140.96875, 54.3125], [140.875, 54.5625]], [[17.46875, 54.375], [17.625, 54.5], [17.625, 54.375], [17.46875, 54.375]], [[142.0, 54.28125], [142.125, 54.375], [142.125, 54.28125], [142.0, 54.28125]], [[16.84375, 54.3125], [16.96875, 54.125], [16.8125, 54.0], [16.46875, 54.0625], [16.4375, 54.28125], [16.84375, 54.3125]], [[142.625, 54.0625], [142.78125, 54.15625], [142.78125, 54.0625], [142.625, 54.0625]], [[142.28125, 54.0], [142.375, 54.09375], [142.375, 54.0], [142.28125, 54.0]], [[88.59375, 53.8125], [88.6875, 53.96875], [88.6875, 53.8125], [88.59375, 53.8125]], [[15.3125, 53.75], [15.4375, 53.84375], [15.4375, 53.71875], [15.3125, 53.75]], [[140.84375, 53.71875], [141.0, 53.8125], [141.0, 53.71875], [140.84375, 53.71875]], [[140.96875, 53.59375], [141.0625, 53.46875], [140.875, 53.34375], [140.875, 53.5], [140.96875, 53.59375]], [[86.4375, 53.34375], [86.59375, 53.4375], [86.59375, 53.34375], [86.4375, 53.34375]], [[-50.75, 53.25], [-50.5625, 53.375], [-50.5625, 53.25], [-50.75, 53.25]], [[9.65625, 53.15625], [9.8125, 53.25], [9.8125, 53.15625], [9.65625, 53.15625]], [[141.28125, 53.03125], [141.375, 53.125], [141.375, 53.03125], [141.28125, 53.03125]], [[140.1875, 52.75], [140.28125, 52.84375], [140.28125, 52.75], [140.1875, 52.75]], [[140.90625, 52.59375], [141.0625, 52.6875], [141.0625, 52.59375], [140.90625, 52.59375]], [[-21.125, 52.34375], [-21.0, 52.4375], [-21.0, 52.34375], [-21.125, 52.34375]], [[140.59375, 52.3125], [140.71875, 52.40625], [140.71875, 52.28125], [140.59375, 52.3125]], [[12.0, 52.3125], [12.125, 52.40625], [12.125, 52.3125], [12.0, 52.3125]], [[88.96875, 52.40625], [89.15625, 52.34375], [89.125, 52.1875], [88.96875, 52.21875], [88.96875, 52.40625]], [[14.0625, 52.03125], [14.21875, 52.15625], [14.21875, 52.03125], [14.0625, 52.03125]], [[177.96875, 51.65625], [178.125, 51.625], [178.125, 51.53125], [177.90625, 51.46875], [177.96875, 51.65625]], [[178.0, 51.40625], [178.1875, 51.40625], [178.21875, 51.25], [178.0, 51.28125], [178.0, 51.40625]], [[11.03125, 51.21875], [11.125, 51.3125], [11.125, 51.21875], [11.03125, 51.21875]], [[85.71875, 51.1875], [85.84375, 51.3125], [85.8125, 51.1875], [85.71875, 51.1875]], [[7.25, 50.375], [7.4375, 50.1875], [7.0, 50.25], [7.0, 50.34375], [7.25, 50.375]], [[139.59375, 50.28125], [139.6875, 50.375], [139.6875, 50.28125], [139.59375, 50.28125]], [[86.96875, 50.03125], [87.0625, 50.125], [87.0625, 50.03125], [86.96875, 50.03125]], [[4.21875, 49.875], [4.5, 49.65625], [4.5625, 49.34375], [4.15625, 49.03125], [3.875, 49.0], [3.9375, 49.25], [3.5625, 49.25], [3.46875, 49.5], [3.21875, 49.46875], [3.34375, 49.75], [3.875, 49.625], [4.21875, 49.75], [4.21875, 49.875]], [[4.8125, 49.34375], [4.90625, 49.5625], [4.90625, 49.34375], [4.8125, 49.34375]], [[4.65625, 49.1875], [4.78125, 49.28125], [4.78125, 49.1875], [4.65625, 49.1875]], [[86.75, 49.25], [87.0, 49.21875], [87.03125, 49.09375], [86.8125, 49.09375], [86.75, 49.25]], [[-42.71875, 48.6875], [-42.40625, 48.46875], [-42.25, 48.125], [-42.6875, 48.15625], [-42.59375, 48.4375], [-42.71875, 48.6875]], [[-41.90625, 47.9375], [-41.8125, 48.03125], [-41.8125, 47.9375], [-41.90625, 47.9375]], [[-42.21875, 47.90625], [-42.0625, 47.875], [-42.21875, 47.8125], [-42.21875, 47.90625]], [[2.84375, 47.71875], [3.03125, 47.875], [2.96875, 47.71875], [2.84375, 47.71875]], [[5.96875, 47.625], [6.125, 47.71875], [6.125, 47.625], [5.96875, 47.625]], [[0.15625, 47.53125], [0.4375, 47.5], [0.4375, 47.40625], [0.25, 47.34375], [0.15625, 47.53125]], [[4.46875, 47.5], [5.4375, 47.28125], [5.4375, 47.09375], [4.65625, 46.78125], [4.3125, 46.8125], [4.25, 47.03125], [4.03125, 47.09375], [4.03125, 47.46875], [4.4375, 47.34375], [4.46875, 47.5]], [[-41.53125, 47.4375], [-41.375, 47.40625], [-41.28125, 46.8125], [-41.59375, 47.09375], [-41.53125, 47.4375]], [[5.5625, 47.15625], [5.65625, 47.25], [5.65625, 47.15625], [5.5625, 47.15625]], [[6.53125, 47.1875], [6.6875, 47.15625], [6.6875, 47.03125], [6.5625, 47.03125], [6.53125, 47.1875]], [[6.40625, 47.03125], [6.5, 47.125], [6.5, 47.03125], [6.40625, 47.03125]], [[5.25, 46.96875], [5.46875, 46.9375], [5.5, 46.78125], [5.3125, 46.78125], [5.25, 46.96875]], [[-24.625, 46.8125], [-23.96875, 46.6875], [-23.96875, 46.53125], [-24.15625, 46.53125], [-24.34375, 46.15625], [-24.875, 46.09375], [-24.90625, 46.5], [-24.625, 46.8125]], [[1.90625, 46.6875], [2.0, 46.78125], [2.0, 46.6875], [1.90625, 46.6875]], [[4.90625, 46.65625], [5.125, 46.625], [4.96875, 46.34375], [4.8125, 46.46875], [4.90625, 46.65625]], [[0.0625, 46.5625], [0.6875, 46.4375], [0.8125, 46.09375], [0.65625, 46.03125], [0.375, 46.34375], [-0.15625, 46.34375], [-0.46875, 45.9375], [-0.3125, 45.6875], [0.21875, 45.46875], [-0.625, 45.5], [-0.625, 45.71875], [-0.84375, 45.75], [-0.8125, 46.25], [0.0625, 46.5625]], [[1.8125, 46.5], [2.0625, 46.4375], [1.96875, 46.1875], [1.8125, 46.1875], [1.8125, 46.5]], [[2.53125, 46.25], [2.625, 46.375], [2.65625, 46.25], [2.53125, 46.25]], [[4.25, 46.375], [4.8125, 46.28125], [4.96875, 45.9375], [4.53125, 45.6875], [4.4375, 46.25], [4.25, 46.25], [4.25, 46.375]], [[138.78125, 46.28125], [138.875, 46.375], [138.875, 46.28125], [138.78125, 46.28125]], [[-2.15625, 46.0], [-2.03125, 46.15625], [-2.0, 46.03125], [-2.15625, 46.0]], [[5.0, 45.96875], [5.25, 46.125], [5.25, 46.0], [5.0, 45.96875]], [[-2.375, 45.78125], [-2.1875, 46.03125], [-2.1875, 45.75], [-2.375, 45.78125]], [[4.03125, 45.90625], [4.125, 46.0], [4.125, 45.90625], [4.03125, 45.90625]], [[139.6875, 45.875], [139.75, 45.5625], [139.5625, 45.53125], [139.53125, 45.75], [139.6875, 45.875]], [[140.0, 45.5625], [140.09375, 45.65625], [140.09375, 45.5625], [140.0, 45.5625]], [[139.625, 45.1875], [139.71875, 45.3125], [139.75, 45.1875], [139.625, 45.1875]], [[0.15625, 45.1875], [0.40625, 45.28125], [0.40625, 45.15625], [0.15625, 45.1875]], [[2.8125, 45.28125], [3.09375, 45.25], [3.15625, 45.125], [2.84375, 45.0625], [2.8125, 45.28125]], [[137.25, 45.21875], [137.4375, 45.15625], [137.40625, 44.90625], [137.09375, 44.96875], [137.25, 45.21875]], [[-7.4375, 44.59375], [-7.3125, 44.71875], [-7.3125, 44.59375], [-7.4375, 44.59375]], [[2.0625, 44.5625], [2.1875, 44.6875], [2.1875, 44.5625], [2.0625, 44.5625]], [[89.125, 43.6875], [89.21875, 43.8125], [89.21875, 43.6875], [89.125, 43.6875]], [[-5.625, 43.125], [-4.96875, 43.25], [-4.875, 43.0], [-5.03125, 43.0], [-4.96875, 42.625], [-5.4375, 42.46875], [-5.625, 43.125]], [[-4.84375, 42.96875], [-4.75, 43.0625], [-4.75, 42.96875], [-4.84375, 42.96875]], [[138.71875, 42.90625], [138.8125, 43.0], [138.8125, 42.90625], [138.71875, 42.90625]], [[-4.84375, 42.84375], [-4.75, 42.9375], [-4.75, 42.84375], [-4.84375, 42.84375]], [[89.875, 42.6875], [89.96875, 42.8125], [89.96875, 42.6875], [89.875, 42.6875]], [[-36.9375, 42.6875], [-36.84375, 42.78125], [-36.84375, 42.6875], [-36.9375, 42.6875]], [[89.96875, 42.59375], [90.1875, 42.71875], [90.1875, 42.59375], [89.96875, 42.59375]], [[-31.1875, 42.3125], [-31.0625, 42.4375], [-31.09375, 42.3125], [-31.1875, 42.3125]], [[-37.40625, 42.125], [-37.125, 42.21875], [-37.0625, 41.6875], [-36.75, 41.625], [-36.71875, 41.4375], [-37.3125, 41.625], [-37.40625, 42.125]], [[89.90625, 42.15625], [90.03125, 42.25], [90.03125, 42.15625], [89.90625, 42.15625]], [[140.1875, 42.0625], [140.34375, 42.15625], [140.34375, 42.0625], [140.1875, 42.0625]], [[-6.75, 42.0], [-6.65625, 42.09375], [-6.65625, 42.0], [-6.75, 42.0]], [[-6.0, 41.71875], [-5.78125, 41.96875], [-5.6875, 41.5625], [-6.0, 41.71875]], [[-8.0625, 41.9375], [-7.40625, 41.84375], [-7.40625, 41.75], [-8.09375, 41.53125], [-8.0625, 41.9375]], [[-6.90625, 41.53125], [-6.53125, 41.6875], [-6.5, 41.5], [-6.90625, 41.53125]], [[89.71875, 40.6875], [89.875, 40.78125], [89.875, 40.6875], [89.71875, 40.6875]], [[-10.03125, 40.40625], [-9.9375, 40.5], [-9.9375, 40.40625], [-10.03125, 40.40625]], [[-9.8125, 40.46875], [-9.5, 40.4375], [-9.5, 40.34375], [-9.78125, 40.3125], [-9.8125, 40.46875]], [[139.5625, 40.46875], [140.4375, 40.25], [140.28125, 40.0], [140.46875, 39.65625], [140.3125, 39.625], [140.34375, 39.46875], [140.0625, 39.4375], [140.0625, 39.1875], [140.1875, 39.1875], [140.0625, 38.96875], [139.875, 39.0625], [139.8125, 39.59375], [139.46875, 39.59375], [139.3125, 40.0], [139.5625, 40.46875]], [[-10.78125, 40.34375], [-10.5625, 40.34375], [-10.53125, 40.21875], [-10.75, 40.15625], [-10.78125, 40.34375]], [[-9.21875, 40.09375], [-8.9375, 40.03125], [-9.0625, 39.71875], [-9.28125, 39.75], [-9.21875, 40.09375]], [[90.28125, 39.875], [90.4375, 40.09375], [90.46875, 39.84375], [90.28125, 39.875]], [[-9.71875, 39.84375], [-9.59375, 39.96875], [-9.5625, 39.84375], [-9.71875, 39.84375]], [[140.46875, 39.96875], [140.65625, 39.96875], [140.65625, 39.875], [140.46875, 39.84375], [140.46875, 39.96875]], [[139.125, 39.5], [139.21875, 39.59375], [139.21875, 39.5], [139.125, 39.5]], [[139.375, 39.4375], [139.40625, 39.59375], [139.46875, 39.4375], [139.375, 39.4375]], [[91.09375, 39.28125], [91.1875, 39.4375], [91.25, 39.28125], [91.09375, 39.28125]], [[91.1875, 39.09375], [91.3125, 39.25], [91.3125, 39.09375], [91.1875, 39.09375]], [[-10.75, 39.0], [-10.65625, 39.09375], [-10.65625, 39.0], [-10.75, 39.0]], [[137.125, 39.03125], [137.4375, 39.03125], [137.46875, 38.78125], [137.875, 38.71875], [137.5625, 38.25], [137.09375, 38.21875], [136.6875, 38.4375], [136.6875, 38.71875], [137.125, 39.03125]], [[139.65625, 38.90625], [139.78125, 39.0], [139.78125, 38.90625], [139.65625, 38.90625]], [[-14.5625, 38.75], [-14.46875, 38.90625], [-14.46875, 38.75], [-14.5625, 38.75]], [[91.34375, 38.78125], [91.4375, 38.875], [91.4375, 38.78125], [91.34375, 38.78125]], [[-12.25, 38.75], [-12.125, 38.84375], [-12.125, 38.75], [-12.25, 38.75]], [[-32.4375, 38.71875], [-32.3125, 38.71875], [-32.28125, 38.40625], [-32.5625, 38.1875], [-32.4375, 38.71875]], [[139.34375, 38.59375], [139.4375, 38.6875], [139.4375, 38.59375], [139.34375, 38.59375]], [[-11.9375, 38.5625], [-11.84375, 38.65625], [-11.84375, 38.5625], [-11.9375, 38.5625]], [[-18.6875, 38.40625], [-18.5, 38.46875], [-18.5, 38.375], [-18.6875, 38.40625]], [[-11.625, 38.28125], [-11.53125, 38.40625], [-11.53125, 38.28125], [-11.625, 38.28125]], [[-32.625, 38.125], [-32.34375, 37.90625], [-32.375, 37.59375], [-32.21875, 37.375], [-32.0, 37.34375], [-32.03125, 37.09375], [-32.375, 37.09375], [-32.65625, 37.4375], [-32.625, 38.125]], [[-14.46875, 37.84375], [-14.34375, 37.96875], [-14.34375, 37.84375], [-14.46875, 37.84375]], [[-15.59375, 37.78125], [-15.40625, 37.75], [-15.4375, 37.5625], [-15.625, 37.625], [-15.59375, 37.78125]], [[-15.5, 36.75], [-15.40625, 36.84375], [-15.40625, 36.75], [-15.5, 36.75]], [[138.21875, 36.78125], [138.5, 36.625], [138.34375, 36.28125], [138.0, 36.375], [138.21875, 36.78125]], [[-32.9375, 36.625], [-32.84375, 36.71875], [-32.84375, 36.625], [-32.9375, 36.625]], [[-32.71875, 36.53125], [-32.59375, 36.625], [-32.59375, 36.53125], [-32.71875, 36.53125]], [[-20.1875, 36.40625], [-20.0625, 36.375], [-20.03125, 36.15625], [-20.1875, 36.25], [-20.1875, 36.40625]], [[-13.90625, 36.25], [-13.78125, 36.34375], [-13.78125, 36.25], [-13.90625, 36.25]], [[137.84375, 35.28125], [137.9375, 35.375], [137.9375, 35.28125], [137.84375, 35.28125]], [[-27.78125, 34.5625], [-27.65625, 34.6875], [-27.65625, 34.59375], [-27.78125, 34.5625]], [[-27.1875, 34.25], [-27.0625, 34.375], [-27.0625, 34.25], [-27.1875, 34.25]], [[-28.03125, 33.71875], [-27.53125, 33.8125], [-27.6875, 33.375], [-27.875, 33.40625], [-28.03125, 33.71875]], [[-28.34375, 33.625], [-28.125, 33.625], [-28.28125, 33.34375], [-28.40625, 33.34375], [-28.34375, 33.625]], [[128.40625, 33.375], [128.5, 33.46875], [128.5, 33.375], [128.40625, 33.375]], [[128.71875, 33.25], [128.8125, 33.34375], [128.8125, 33.25], [128.71875, 33.25]], [[-27.875, 32.71875], [-27.6875, 32.875], [-27.6875, 32.6875], [-27.875, 32.71875]], [[127.25, 29.65625], [127.625, 29.53125], [127.625, 29.4375], [127.375, 29.375], [127.1875, 29.5], [127.25, 29.65625]], [[123.71875, 25.9375], [123.90625, 25.9375], [123.9375, 25.78125], [123.75, 25.8125], [123.71875, 25.9375]], [[124.0625, 25.8125], [124.21875, 25.78125], [124.1875, 25.59375], [124.0625, 25.59375], [124.0625, 25.8125]], [[124.78125, 25.65625], [124.875, 25.75], [124.875, 25.65625], [124.78125, 25.65625]], [[119.15625, 25.15625], [119.375, 25.09375], [119.375, 25.0], [119.09375, 24.9375], [119.15625, 25.15625]]]}}, {"type": "Feature", "properties": {"level_m": -3900, "area_km2": 21473327.0}, "geometry": {"type": "Polygon", "coordinates": [[[179.96875, 85.96875], [172.75, 86.21875], [177.40625, 85.875], [177.59375, 85.84375], [177.375, 85.6875], [177.5625, 85.5], [174.28125, 85.25], [171.5, 85.6875], [165.125, 85.71875], [167.90625, 85.5625], [168.09375, 85.4375], [167.15625, 85.40625], [167.28125, 85.21875], [160.46875, 85.28125], [154.59375, 85.40625], [154.0, 85.5625], [149.3125, 85.78125], [153.25, 85.1875], [152.34375, 85.03125], [148.0, 85.3125], [142.65625, 85.09375], [140.71875, 85.3125], [130.75, 85.375], [139.125, 85.09375], [141.125, 84.75], [133.5, 84.65625], [128.71875, 84.90625], [128.375, 84.875], [128.53125, 84.71875], [128.21875, 84.65625], [125.96875, 84.78125], [121.0625, 84.5625], [115.84375, 84.8125], [115.71875, 84.65625], [115.96875, 84.5625], [118.4375, 84.375], [125.53125, 84.5625], [126.96875, 84.375], [124.34375, 84.3125], [119.625, 83.78125], [110.0625, 83.875], [107.0625, 84.0625], [110.3125, 83.6875], [106.71875, 83.4375], [107.875, 83.25], [107.5, 83.125], [103.4375, 82.90625], [97.8125, 82.90625], [97.375, 82.84375], [100.9375, 82.6875], [94.1875, 82.5], [97.9375, 82.4375], [97.625, 82.3125], [92.71875, 82.1875], [90.28125, 82.3125], [90.65625, 82.15625], [89.53125, 82.0625], [85.71875, 82.25], [85.0625, 82.1875], [85.65625, 82.03125], [84.53125, 82.03125], [86.90625, 81.71875], [79.53125, 81.875], [79.46875, 81.71875], [79.125, 81.65625], [76.5, 81.53125], [74.5625, 81.8125], [74.875, 82.09375], [75.71875, 82.21875], [75.53125, 82.34375], [72.78125, 82.09375], [69.09375, 82.34375], [71.25, 81.875], [65.625, 81.9375], [63.96875, 82.03125], [63.28125, 82.28125], [61.78125, 82.4375], [59.5625, 82.40625], [53.75, 82.8125], [57.0625, 82.40625], [61.125, 82.1875], [65.34375, 81.65625], [65.46875, 81.53125], [63.3125, 81.4375], [60.53125, 81.65625], [60.21875, 81.59375], [60.375, 81.34375], [57.625, 81.53125], [58.125, 81.4375], [58.15625, 81.28125], [57.4375, 81.25], [47.1875, 81.875], [49.03125, 81.6875], [49.25, 81.53125], [46.3125, 81.5625], [45.8125, 81.4375], [45.84375, 81.28125], [43.3125, 81.21875], [40.15625, 81.34375], [41.09375, 81.5], [39.875, 81.59375], [37.03125, 81.625], [36.4375, 81.53125], [36.6875, 81.375], [36.40625, 81.3125], [38.09375, 81.0625], [37.40625, 81.03125], [37.34375, 80.875], [35.09375, 80.90625], [32.46875, 80.625], [32.40625, 80.78125], [31.59375, 80.9375], [28.78125, 81.09375], [30.53125, 80.8125], [30.5625, 80.6875], [30.15625, 80.53125], [31.0625, 80.3125], [30.9375, 80.03125], [30.59375, 79.96875], [30.40625, 79.96875], [30.40625, 80.125], [30.59375, 80.1875], [30.53125, 80.3125], [29.46875, 80.75], [28.875, 80.78125], [29.40625, 80.4375], [29.96875, 80.3125], [29.875, 79.96875], [27.9375, 80.0625], [27.8125, 80.1875], [28.0, 80.25], [27.6875, 80.375], [24.8125, 80.59375], [23.8125, 80.875], [23.15625, 80.59375], [23.5625, 80.40625], [24.78125, 80.3125], [24.78125, 80.125], [25.3125, 79.78125], [24.34375, 79.78125], [23.71875, 79.875], [23.59375, 80.03125], [22.6875, 80.09375], [20.0, 79.84375], [22.09375, 79.78125], [23.21875, 79.5625], [23.125, 79.25], [21.5625, 79.0625], [18.3125, 79.25], [18.53125, 79.4375], [19.59375, 79.46875], [19.5, 79.5625], [17.8125, 79.53125], [17.34375, 79.59375], [17.0625, 79.8125], [16.09375, 79.90625], [14.1875, 79.78125], [14.125, 79.9375], [13.40625, 80.1875], [10.8125, 80.375], [13.1875, 79.9375], [13.1875, 79.8125], [12.625, 79.59375], [13.90625, 79.3125], [12.59375, 79.09375], [12.6875, 79.28125], [12.53125, 79.3125], [12.5625, 79.4375], [12.1875, 79.53125], [12.625, 79.75], [12.375, 79.875], [10.15625, 79.875], [11.21875, 79.8125], [11.15625, 79.4375], [10.75, 79.46875], [10.65625, 79.34375], [9.78125, 79.53125], [6.375, 79.65625], [6.34375, 79.875], [5.75, 79.96875], [6.21875, 80.125], [3.5, 80.375], [2.1875, 80.75], [2.03125, 80.5625], [2.28125, 80.375], [4.5, 80.0625], [5.59375, 79.625], [4.8125, 79.65625], [3.875, 80.0], [3.21875, 80.0625], [4.25, 79.625], [4.25, 79.5], [3.3125, 79.28125], [-1.46875, 79.21875], [-3.375, 79.46875], [-3.40625, 79.71875], [-4.3125, 79.84375], [-3.28125, 79.9375], [-8.09375, 80.4375], [-8.8125, 80.75], [-10.09375, 80.9375], [-8.53125, 80.28125], [-8.125, 80.25], [-8.09375, 80.125], [-6.875, 79.96875], [-6.3125, 79.65625], [-7.71875, 80.0], [-9.15625, 79.6875], [-11.6875, 79.75], [-13.21875, 79.90625], [-14.25, 80.375], [-17.53125, 80.71875], [-18.0625, 80.9375], [-19.46875, 81.125], [-20.90625, 81.5], [-21.53125, 81.84375], [-21.5625, 81.71875], [-21.03125, 81.40625], [-21.15625, 81.25], [-20.75, 81.15625], [-21.0, 81.03125], [-20.3125, 80.8125], [-23.40625, 81.0625], [-26.8125, 81.96875], [-27.09375, 81.90625], [-26.90625, 81.59375], [-27.6875, 81.65625], [-28.625, 82.28125], [-28.34375, 82.71875], [-27.78125, 82.78125], [-26.8125, 83.1875], [-23.0625, 83.59375], [-17.40625, 83.6875], [-16.625, 83.875], [-13.0625, 84.15625], [-12.125, 84.0625], [-9.90625, 84.375], [3.8125, 84.09375], [5.875, 84.21875], [5.15625, 84.53125], [8.0625, 84.46875], [4.03125, 84.71875], [3.375, 84.9375], [1.125, 85.09375], [-13.21875, 85.125], [-14.0625, 85.3125], [-25.1875, 85.75], [-33.40625, 85.90625], [-33.75, 85.84375], [-26.0, 85.625], [-19.71875, 85.1875], [-32.5625, 85.09375], [-36.375, 85.21875], [-36.5, 85.09375], [-35.15625, 85.09375], [-35.15625, 84.96875], [-38.65625, 84.96875], [-49.46875, 84.53125], [-51.78125, 84.25], [-43.53125, 84.59375], [-43.03125, 84.59375], [-42.9375, 84.4375], [-52.78125, 83.625], [-53.03125, 83.71875], [-50.8125, 84.15625], [-54.1875, 83.71875], [-56.03125, 83.6875], [-57.28125, 83.53125], [-56.25, 83.53125], [-56.25, 83.34375], [-57.96875, 83.125], [-59.25, 82.5625], [-59.28125, 82.78125], [-59.5625, 82.875], [-62.4375, 82.875], [-62.4375, 82.75], [-60.75, 82.6875], [-60.6875, 82.5625], [-60.96875, 82.25], [-64.09375, 82.21875], [-65.125, 82.03125], [-65.90625, 82.125], [-65.65625, 82.3125], [-66.1875, 82.40625], [-68.375, 82.25], [-68.78125, 82.40625], [-66.53125, 82.65625], [-66.75, 82.90625], [-62.5625, 82.9375], [-67.5625, 83.1875], [-69.375, 83.53125], [-71.09375, 83.5625], [-72.65625, 83.375], [-78.03125, 83.21875], [-78.1875, 83.1875], [-77.96875, 83.125], [-78.09375, 82.90625], [-79.09375, 82.78125], [-85.34375, 82.59375], [-92.5, 82.5625], [-96.5, 82.84375], [-99.15625, 82.84375], [-95.4375, 82.5], [-95.875, 82.40625], [-101.90625, 82.875], [-104.09375, 83.46875], [-104.90625, 83.375], [-104.875, 83.0], [-102.65625, 82.5625], [-102.75, 82.4375], [-103.78125, 82.40625], [-106.40625, 82.90625], [-107.53125, 82.96875], [-107.53125, 82.84375], [-107.9375, 82.84375], [-113.875, 83.4375], [-114.5625, 83.5625], [-114.0625, 83.96875], [-114.65625, 84.0625], [-116.90625, 83.8125], [-116.9375, 83.59375], [-117.4375, 83.53125], [-117.03125, 83.3125], [-115.65625, 83.125], [-115.53125, 82.9375], [-116.3125, 82.78125], [-118.25, 82.75], [-121.625, 83.375], [-121.625, 83.59375], [-122.71875, 83.875], [-124.34375, 83.78125], [-126.65625, 84.15625], [-130.6875, 84.03125], [-136.8125, 84.375], [-138.0625, 84.59375], [-146.375, 84.65625], [-149.5, 84.84375], [-151.53125, 85.15625], [-155.03125, 85.3125], [-156.0625, 85.25], [-153.21875, 85.0625], [-153.125, 84.90625], [-151.625, 84.625], [-159.03125, 84.75], [-163.96875, 85.09375], [-166.71875, 85.0], [-169.03125, 85.34375], [-176.6875, 85.5], [-179.96875, 85.9375], [-179.96875, 32.5625], [-179.90625, 32.96875], [-179.59375, 32.9375], [-179.75, 32.0], [-179.5, 32.0], [-179.28125, 31.34375], [-179.03125, 31.40625], [-178.875, 31.84375], [-178.75, 31.84375], [-178.65625, 31.25], [-178.46875, 31.09375], [-178.21875, 31.40625], [-178.34375, 31.8125], [-178.1875, 32.28125], [-177.875, 32.4375], [-177.90625, 32.75], [-177.59375, 32.78125], [-177.875, 33.125], [-177.75, 33.3125], [-177.90625, 33.53125], [-177.8125, 33.90625], [-177.21875, 34.28125], [-177.5, 34.0], [-177.4375, 33.90625], [-176.90625, 33.875], [-176.65625, 34.125], [-176.4375, 33.96875], [-176.40625, 34.21875], [-176.25, 34.21875], [-176.28125, 34.0], [-176.0, 34.0625], [-176.0, 33.84375], [-175.78125, 33.78125], [-175.8125, 34.03125], [-175.46875, 34.15625], [-175.5, 33.65625], [-175.21875, 33.71875], [-175.28125, 33.53125], [-175.03125, 33.34375], [-175.1875, 33.21875], [-175.15625, 32.9375], [-174.75, 32.53125], [-174.8125, 32.03125], [-174.96875, 31.90625], [-175.1875, 32.0], [-175.28125, 31.59375], [-175.46875, 31.46875], [-175.34375, 31.375], [-175.40625, 31.03125], [-175.1875, 31.09375], [-175.03125, 31.6875], [-174.125, 31.78125], [-173.90625, 31.46875], [-172.96875, 31.34375], [-172.90625, 31.0], [-172.375, 31.21875], [-171.9375, 31.125], [-172.03125, 30.84375], [-171.84375, 30.71875], [-171.3125, 31.0625], [-170.96875, 31.0], [-170.84375, 31.3125], [-170.625, 31.03125], [-170.4375, 31.40625], [-170.09375, 31.28125], [-169.84375, 31.4375], [-169.625, 31.21875], [-169.59375, 31.53125], [-169.25, 31.59375], [-169.1875, 31.78125], [-168.84375, 31.75], [-168.75, 31.59375], [-168.5, 31.8125], [-168.5, 31.5], [-168.125, 31.28125], [-168.15625, 30.875], [-167.5, 31.09375], [-167.46875, 30.84375], [-167.125, 30.6875], [-167.5, 29.96875], [-167.3125, 29.84375], [-167.28125, 29.5625], [-167.125, 29.9375], [-166.6875, 29.96875], [-166.71875, 29.59375], [-166.53125, 29.40625], [-166.6875, 28.75], [-166.375, 28.65625], [-166.375, 28.4375], [-166.28125, 28.65625], [-165.9375, 28.4375], [-165.71875, 28.625], [-164.96875, 28.5], [-164.40625, 28.96875], [-164.34375, 27.9375], [-164.15625, 27.90625], [-163.84375, 28.03125], [-163.65625, 28.46875], [-163.4375, 28.21875], [-163.21875, 28.3125], [-163.03125, 28.125], [-162.9375, 28.28125], [-162.59375, 28.25], [-162.46875, 28.34375], [-162.53125, 28.6875], [-162.3125, 28.78125], [-162.28125, 29.53125], [-162.03125, 29.875], [-161.71875, 30.0], [-161.625, 29.78125], [-160.8125, 29.75], [-160.59375, 30.0], [-160.4375, 29.90625], [-160.25, 30.4375], [-160.125, 30.4375], [-160.15625, 30.15625], [-160.03125, 30.125], [-159.96875, 30.5625], [-159.78125, 30.65625], [-159.21875, 30.75], [-159.09375, 30.5625], [-158.875, 30.8125], [-158.8125, 30.3125], [-158.53125, 30.0], [-158.6875, 29.5], [-158.46875, 28.84375], [-158.125, 28.8125], [-158.1875, 28.59375], [-158.03125, 28.5], [-157.78125, 28.65625], [-157.71875, 28.90625], [-157.40625, 28.96875], [-157.21875, 28.84375], [-156.9375, 29.09375], [-156.75, 28.96875], [-156.40625, 29.1875], [-156.1875, 29.09375], [-156.125, 29.53125], [-155.71875, 29.5], [-155.53125, 29.6875], [-155.34375, 29.59375], [-155.0625, 29.90625], [-154.3125, 30.125], [-154.0625, 30.34375], [-153.6875, 30.3125], [-153.5625, 30.59375], [-153.65625, 31.25], [-152.78125, 31.15625], [-152.25, 30.6875], [-152.28125, 31.34375], [-152.5, 31.59375], [-152.25, 32.0625], [-152.84375, 32.0], [-152.875, 32.46875], [-152.4375, 32.3125], [-152.3125, 32.53125], [-152.0, 32.5625], [-152.0, 32.40625], [-151.75, 32.5], [-151.5, 32.21875], [-151.46875, 32.5], [-151.875, 32.59375], [-151.5625, 32.875], [-151.03125, 32.78125], [-150.625, 32.46875], [-150.34375, 32.625], [-150.28125, 32.34375], [-150.09375, 32.5], [-150.03125, 32.3125], [-150.03125, 32.46875], [-148.9375, 32.5625], [-149.0625, 32.0625], [-148.96875, 31.84375], [-148.65625, 32.46875], [-148.8125, 32.53125], [-148.6875, 32.75], [-148.40625, 32.6875], [-148.4375, 32.40625], [-148.09375, 32.21875], [-146.84375, 32.40625], [-146.65625, 32.75], [-146.3125, 32.71875], [-146.34375, 32.90625], [-146.0, 33.125], [-146.125, 33.1875], [-146.0625, 33.375], [-145.65625, 33.28125], [-146.09375, 32.65625], [-145.53125, 33.03125], [-145.5, 33.46875], [-145.375, 33.28125], [-144.375, 33.46875], [-144.75, 34.0], [-144.65625, 34.34375], [-144.40625, 34.25], [-144.34375, 33.71875], [-144.09375, 33.59375], [-143.96875, 33.90625], [-144.09375, 34.0], [-144.0625, 34.4375], [-143.71875, 34.28125], [-143.40625, 34.53125], [-143.15625, 34.3125], [-143.28125, 34.75], [-143.21875, 35.5], [-143.4375, 34.78125], [-143.78125, 34.71875], [-144.0625, 35.28125], [-144.375, 35.40625], [-144.34375, 35.65625], [-144.71875, 35.84375], [-145.3125, 35.8125], [-145.125, 35.53125], [-145.40625, 35.46875], [-145.78125, 35.65625], [-145.9375, 35.96875], [-146.5, 35.84375], [-146.3125, 36.0], [-146.46875, 36.15625], [-147.0, 36.09375], [-146.96875, 36.28125], [-147.59375, 36.1875], [-147.75, 36.5], [-147.0625, 36.875], [-147.5625, 37.0], [-147.75, 37.28125], [-148.1875, 37.28125], [-147.90625, 37.4375], [-148.09375, 37.71875], [-148.625, 37.75], [-148.5, 37.1875], [-148.90625, 37.3125], [-149.0, 37.03125], [-148.78125, 36.78125], [-148.40625, 36.90625], [-148.375, 36.75], [-148.625, 36.75], [-148.8125, 36.46875], [-149.0, 36.46875], [-149.21875, 36.03125], [-149.71875, 36.375], [-149.6875, 36.53125], [-149.34375, 36.53125], [-149.5625, 36.5625], [-149.59375, 36.9375], [-150.5625, 36.96875], [-150.78125, 36.78125], [-150.6875, 37.1875], [-150.96875, 37.25], [-150.9375, 37.40625], [-151.1875, 37.25], [-151.5625, 37.34375], [-151.65625, 37.125], [-152.5625, 37.3125], [-152.5625, 37.4375], [-152.375, 37.375], [-152.21875, 37.78125], [-152.875, 38.34375], [-152.6875, 38.5], [-152.875, 38.78125], [-153.375, 39.03125], [-153.6875, 39.125], [-153.8125, 38.6875], [-153.9375, 38.6875], [-153.96875, 39.1875], [-155.0625, 39.125], [-155.1875, 38.9375], [-155.53125, 38.9375], [-155.53125, 39.25], [-155.25, 39.40625], [-155.3125, 39.6875], [-155.15625, 40.0625], [-155.34375, 40.3125], [-155.09375, 40.375], [-155.0625, 40.5625], [-155.09375, 40.75], [-155.40625, 40.5625], [-155.4375, 40.96875], [-154.90625, 41.15625], [-155.0625, 40.75], [-154.65625, 40.78125], [-154.6875, 41.78125], [-154.96875, 41.78125], [-155.125, 41.96875], [-155.46875, 41.875], [-155.34375, 42.03125], [-155.46875, 42.34375], [-155.6875, 41.9375], [-155.875, 42.0], [-155.75, 42.21875], [-156.09375, 42.1875], [-155.4375, 42.90625], [-155.25, 42.78125], [-154.78125, 42.90625], [-154.34375, 42.375], [-154.03125, 42.34375], [-154.15625, 42.15625], [-154.15625, 42.0], [-153.96875, 41.9375], [-154.0625, 41.71875], [-153.5625, 41.1875], [-153.625, 40.71875], [-153.375, 40.625], [-153.8125, 40.3125], [-153.46875, 40.03125], [-153.0, 40.25], [-152.8125, 40.09375], [-152.46875, 40.25], [-152.46875, 40.90625], [-152.71875, 41.1875], [-152.28125, 41.6875], [-151.46875, 41.53125], [-151.5, 41.6875], [-151.34375, 41.75], [-151.34375, 41.46875], [-150.9375, 41.46875], [-150.84375, 41.28125], [-150.6875, 41.53125], [-150.90625, 41.78125], [-150.84375, 41.96875], [-151.125, 42.1875], [-151.09375, 42.5625], [-151.59375, 42.53125], [-151.71875, 43.21875], [-152.09375, 43.125], [-152.53125, 43.40625], [-152.65625, 43.8125], [-153.5, 43.8125], [-153.71875, 44.0], [-153.8125, 44.53125], [-154.09375, 44.59375], [-154.0625, 44.78125], [-153.8125, 44.6875], [-153.78125, 44.875], [-153.4375, 44.96875], [-153.125, 45.28125], [-153.34375, 45.34375], [-153.4375, 45.78125], [-154.09375, 45.65625], [-154.625, 45.75], [-154.34375, 46.09375], [-153.78125, 46.3125], [-153.90625, 46.5625], [-153.78125, 46.53125], [-153.625, 46.78125], [-153.8125, 46.78125], [-153.78125, 47.09375], [-154.03125, 46.9375], [-153.90625, 47.6875], [-154.03125, 47.8125], [-154.1875, 47.625], [-154.53125, 47.6875], [-154.53125, 48.125], [-155.0, 48.3125], [-154.96875, 48.59375], [-154.5, 48.65625], [-154.6875, 49.0625], [-154.375, 49.21875], [-154.34375, 49.40625], [-154.53125, 49.53125], [-154.5625, 49.875], [-154.84375, 49.75], [-154.96875, 50.21875], [-155.0625, 49.9375], [-155.65625, 50.125], [-155.6875, 49.90625], [-155.46875, 49.96875], [-155.53125, 49.78125], [-155.21875, 49.75], [-155.1875, 49.625], [-155.40625, 49.40625], [-155.65625, 49.40625], [-155.59375, 49.21875], [-155.71875, 49.21875], [-155.90625, 49.3125], [-155.78125, 49.90625], [-156.125, 49.96875], [-156.5, 49.75], [-156.40625, 50.28125], [-156.65625, 50.4375], [-157.25, 50.4375], [-157.1875, 50.03125], [-157.8125, 49.96875], [-157.78125, 50.3125], [-157.53125, 50.375], [-157.5625, 50.8125], [-157.1875, 51.0], [-157.09375, 51.28125], [-156.34375, 51.59375], [-157.1875, 51.71875], [-157.03125, 52.03125], [-157.3125, 52.3125], [-157.3125, 52.625], [-157.625, 52.375], [-157.875, 52.90625], [-158.4375, 52.71875], [-158.46875, 52.96875], [-158.28125, 53.125], [-157.15625, 53.1875], [-157.03125, 53.34375], [-157.40625, 53.34375], [-157.4375, 53.59375], [-157.6875, 53.8125], [-158.25, 53.78125], [-158.34375, 54.125], [-158.53125, 54.15625], [-158.53125, 54.875], [-158.1875, 55.6875], [-158.4375, 55.8125], [-158.71875, 55.65625], [-159.21875, 55.75], [-159.25, 56.0625], [-158.75, 56.1875], [-158.5, 56.0], [-158.34375, 56.4375], [-158.625, 56.53125], [-159.1875, 56.40625], [-159.25, 56.78125], [-158.84375, 56.84375], [-158.46875, 56.625], [-158.0625, 57.0], [-158.125, 57.25], [-157.9375, 57.34375], [-158.03125, 57.53125], [-157.59375, 57.5625], [-157.21875, 58.0625], [-156.90625, 58.1875], [-156.96875, 58.5625], [-156.09375, 58.8125], [-155.96875, 59.03125], [-155.625, 58.9375], [-155.625, 59.125], [-155.40625, 59.125], [-155.34375, 59.28125], [-155.03125, 59.21875], [-155.1875, 59.375], [-154.875, 59.34375], [-154.875, 59.78125], [-154.6875, 59.9375], [-154.34375, 59.9375], [-154.28125, 59.625], [-154.125, 59.75], [-154.1875, 60.125], [-153.96875, 60.21875], [-154.03125, 60.5], [-153.71875, 60.5], [-153.34375, 60.96875], [-153.0, 60.875], [-152.75, 61.0], [-152.875, 61.1875], [-152.53125, 61.25], [-152.5625, 61.65625], [-152.3125, 61.84375], [-151.625, 61.78125], [-151.46875, 62.0625], [-151.15625, 62.15625], [-151.25, 61.78125], [-150.625, 61.65625], [-150.5, 62.0625], [-149.90625, 61.96875], [-149.71875, 62.1875], [-149.21875, 62.125], [-149.0, 62.5], [-148.28125, 62.71875], [-148.21875, 62.90625], [-147.21875, 63.09375], [-147.46875, 63.4375], [-147.21875, 63.65625], [-146.4375, 63.46875], [-146.5, 63.25], [-146.90625, 63.1875], [-146.875, 63.03125], [-146.59375, 62.9375], [-147.28125, 63.0], [-147.5, 62.875], [-147.40625, 62.6875], [-146.5625, 62.8125], [-146.53125, 63.09375], [-146.3125, 63.0625], [-146.28125, 63.25], [-145.90625, 63.3125], [-146.0625, 63.4375], [-145.9375, 63.65625], [-145.34375, 63.625], [-144.96875, 64.09375], [-144.5, 64.28125], [-145.1875, 64.28125], [-145.15625, 64.5625], [-144.5625, 64.46875], [-144.375, 64.53125], [-144.375, 64.78125], [-144.21875, 64.875], [-143.71875, 64.71875], [-142.71875, 65.0625], [-142.25, 64.8125], [-140.84375, 64.875], [-140.8125, 64.59375], [-139.28125, 64.6875], [-139.25, 64.875], [-138.71875, 64.6875], [-138.5625, 64.78125], [-138.65625, 65.0], [-138.28125, 64.96875], [-138.1875, 65.28125], [-136.78125, 65.375], [-136.375, 65.625], [-135.625, 65.75], [-135.28125, 65.65625], [-134.96875, 65.84375], [-133.46875, 65.78125], [-133.40625, 65.90625], [-133.625, 65.9375], [-133.625, 66.0625], [-133.21875, 66.15625], [-132.875, 66.15625], [-132.75, 66.0], [-132.5, 66.09375], [-132.3125, 65.875], [-131.71875, 65.90625], [-131.5625, 66.28125], [-131.21875, 66.21875], [-131.21875, 66.09375], [-130.78125, 66.28125], [-129.0, 66.0], [-128.78125, 66.21875], [-129.09375, 66.46875], [-127.78125, 66.59375], [-127.84375, 66.78125], [-127.28125, 66.75], [-126.75, 67.09375], [-126.5625, 67.03125], [-126.65625, 66.8125], [-125.96875, 66.78125], [-125.75, 67.0], [-125.4375, 66.75], [-124.875, 66.625], [-124.90625, 66.90625], [-125.125, 67.0], [-125.125, 67.28125], [-124.8125, 67.1875], [-124.0, 67.34375], [-123.96875, 67.5625], [-123.78125, 67.5625], [-123.84375, 67.34375], [-123.40625, 67.4375], [-123.65625, 67.25], [-123.59375, 67.09375], [-123.125, 67.09375], [-123.0, 67.34375], [-122.0, 67.03125], [-121.53125, 67.28125], [-120.84375, 67.1875], [-120.625, 67.3125], [-120.1875, 67.125], [-119.90625, 67.4375], [-119.96875, 67.6875], [-119.46875, 67.78125], [-119.40625, 68.0625], [-118.75, 68.21875], [-118.53125, 68.09375], [-118.25, 68.09375], [-118.21875, 68.25], [-117.8125, 68.125], [-117.15625, 68.1875], [-117.0625, 68.375], [-116.96875, 68.125], [-116.5625, 68.125], [-116.65625, 67.90625], [-116.375, 67.84375], [-115.84375, 68.125], [-115.5625, 68.09375], [-115.5625, 68.375], [-114.96875, 68.40625], [-114.9375, 68.5625], [-114.4375, 68.71875], [-114.3125, 68.59375], [-114.5625, 68.5625], [-114.625, 68.3125], [-113.0625, 68.5], [-112.75, 68.65625], [-112.59375, 68.96875], [-112.375, 69.0], [-112.40625, 69.15625], [-112.03125, 69.125], [-111.90625, 68.875], [-112.5, 68.875], [-112.46875, 68.65625], [-111.59375, 68.6875], [-111.375, 68.78125], [-111.46875, 68.96875], [-110.90625, 69.0], [-110.78125, 69.1875], [-110.4375, 69.125], [-110.375, 68.875], [-109.9375, 68.78125], [-109.9375, 68.9375], [-109.5, 68.875], [-109.5, 69.03125], [-109.09375, 69.03125], [-109.125, 69.3125], [-107.125, 69.09375], [-106.65625, 69.25], [-106.625, 69.0625], [-106.0625, 69.15625], [-105.1875, 68.9375], [-105.03125, 69.0625], [-105.5625, 69.125], [-105.5, 69.25], [-105.75, 69.40625], [-105.125, 69.46875], [-104.71875, 69.25], [-103.34375, 69.125], [-102.78125, 68.90625], [-101.59375, 69.03125], [-101.65625, 68.875], [-101.4375, 68.8125], [-99.1875, 68.6875], [-98.21875, 68.3125], [-97.09375, 68.1875], [-97.0, 68.0], [-95.78125, 67.96875], [-95.46875, 67.8125], [-95.21875, 67.875], [-95.09375, 67.6875], [-94.46875, 67.71875], [-94.53125, 67.5625], [-94.0, 67.65625], [-93.375, 67.40625], [-92.90625, 67.40625], [-92.875, 67.28125], [-91.4375, 67.15625], [-91.46875, 67.0], [-90.71875, 66.9375], [-90.09375, 66.75], [-89.78125, 66.46875], [-89.15625, 66.34375], [-88.59375, 65.90625], [-86.21875, 65.5], [-85.03125, 65.03125], [-83.84375, 64.84375], [-83.71875, 64.6875], [-82.46875, 64.53125], [-82.28125, 64.21875], [-82.0, 64.3125], [-81.75, 64.09375], [-80.65625, 63.90625], [-80.4375, 63.75], [-80.4375, 63.5625], [-80.21875, 63.5625], [-79.84375, 63.21875], [-79.84375, 63.0625], [-78.9375, 62.71875], [-78.875, 62.53125], [-78.34375, 62.375], [-77.75, 62.46875], [-77.1875, 62.0625], [-76.53125, 62.03125], [-76.21875, 61.84375], [-76.3125, 61.5625], [-75.90625, 61.46875], [-75.71875, 61.15625], [-75.25, 61.0625], [-75.21875, 60.84375], [-74.84375, 60.875], [-74.40625, 60.53125], [-73.46875, 60.625], [-73.375, 60.5], [-72.875, 60.5], [-72.6875, 60.0625], [-72.375, 60.09375], [-72.1875, 59.875], [-71.9375, 59.875], [-71.9375, 59.59375], [-71.625, 59.65625], [-71.59375, 59.46875], [-70.53125, 59.125], [-70.21875, 58.8125], [-69.34375, 58.65625], [-68.84375, 58.09375], [-68.125, 58.03125], [-68.0, 57.46875], [-67.75, 57.375], [-67.84375, 57.125], [-67.46875, 56.9375], [-67.3125, 56.53125], [-67.0625, 56.59375], [-67.0, 56.34375], [-66.25, 56.375], [-66.0625, 56.34375], [-66.09375, 56.15625], [-65.59375, 56.125], [-65.75, 55.875], [-65.4375, 55.96875], [-65.40625, 55.4375], [-64.65625, 55.34375], [-64.5625, 55.0625], [-64.28125, 55.0], [-64.3125, 54.6875], [-64.09375, 54.65625], [-64.0, 54.25], [-63.5625, 54.09375], [-63.75, 53.84375], [-63.40625, 53.71875], [-63.40625, 53.59375], [-63.0625, 53.625], [-62.8125, 54.0], [-62.65625, 53.875], [-61.96875, 53.9375], [-61.96875, 54.09375], [-61.28125, 54.21875], [-60.96875, 54.0625], [-60.96875, 53.78125], [-60.53125, 53.90625], [-59.59375, 53.5625], [-59.0625, 53.65625], [-58.625, 53.28125], [-58.46875, 52.96875], [-58.59375, 52.78125], [-56.78125, 52.53125], [-56.9375, 52.375], [-56.75, 52.1875], [-56.8125, 51.9375], [-56.25, 51.90625], [-55.53125, 52.21875], [-55.625, 51.71875], [-54.6875, 51.9375], [-54.34375, 51.625], [-54.0, 51.59375], [-54.4375, 51.1875], [-53.46875, 50.65625], [-53.46875, 50.53125], [-53.09375, 50.5625], [-53.25, 49.90625], [-52.53125, 49.71875], [-52.3125, 49.9375], [-52.40625, 50.25], [-52.28125, 50.25], [-52.25, 50.0], [-52.0, 49.8125], [-52.09375, 49.53125], [-51.65625, 49.375], [-51.5625, 49.03125], [-50.90625, 48.96875], [-50.78125, 49.21875], [-51.0, 49.53125], [-50.8125, 49.625], [-50.625, 49.1875], [-50.21875, 49.15625], [-50.28125, 48.65625], [-49.71875, 48.375], [-49.75, 48.03125], [-49.5, 47.71875], [-49.5, 47.4375], [-48.6875, 47.15625], [-48.59375, 46.71875], [-49.125, 46.65625], [-49.1875, 46.40625], [-48.78125, 46.5625], [-48.59375, 46.3125], [-48.4375, 46.53125], [-48.34375, 46.09375], [-48.15625, 45.9375], [-48.125, 46.09375], [-47.875, 46.125], [-47.90625, 45.875], [-47.53125, 45.375], [-47.59375, 45.78125], [-47.4375, 46.15625], [-47.1875, 46.09375], [-47.125, 45.78125], [-46.5, 45.34375], [-45.9375, 44.53125], [-45.78125, 43.65625], [-45.5, 43.46875], [-45.40625, 42.96875], [-45.125, 42.625], [-44.5, 42.59375], [-44.46875, 43.03125], [-43.65625, 42.15625], [-43.25, 42.75], [-43.21875, 42.53125], [-42.90625, 42.28125], [-43.15625, 42.15625], [-43.125, 41.78125], [-42.84375, 41.59375], [-42.875, 41.25], [-42.6875, 41.0625], [-42.5, 41.21875], [-42.78125, 41.59375], [-42.59375, 42.125], [-42.09375, 41.875], [-41.875, 41.1875], [-42.0625, 40.9375], [-42.34375, 41.1875], [-42.5625, 40.9375], [-42.4375, 40.6875], [-42.8125, 40.40625], [-42.6875, 40.21875], [-42.09375, 40.125], [-41.875, 40.53125], [-41.5625, 40.4375], [-41.625, 40.0], [-41.40625, 39.59375], [-41.40625, 39.1875], [-40.59375, 38.46875], [-40.53125, 38.15625], [-40.84375, 38.40625], [-41.21875, 38.3125], [-41.15625, 37.90625], [-41.4375, 38.09375], [-41.5625, 37.65625], [-41.5625, 37.3125], [-41.34375, 37.28125], [-41.09375, 36.65625], [-40.21875, 36.40625], [-40.0625, 36.0], [-40.03125, 35.625], [-40.65625, 35.25], [-40.8125, 34.8125], [-40.59375, 34.8125], [-40.40625, 35.1875], [-40.09375, 35.03125], [-40.0, 34.78125], [-39.71875, 34.84375], [-39.59375, 35.0], [-39.65625, 35.375], [-39.09375, 35.6875], [-39.21875, 35.40625], [-39.5, 35.3125], [-39.0625, 34.90625], [-39.09375, 34.65625], [-38.8125, 34.625], [-38.90625, 34.125], [-39.09375, 33.6875], [-39.40625, 33.9375], [-39.40625, 33.78125], [-39.8125, 33.53125], [-39.75, 33.125], [-40.125, 32.875], [-40.53125, 32.15625], [-40.46875, 31.84375], [-40.6875, 31.5], [-40.46875, 31.59375], [-40.4375, 31.4375], [-40.96875, 31.34375], [-40.5, 31.15625], [-40.625, 30.75], [-41.125, 30.90625], [-41.125, 31.0625], [-41.90625, 30.8125], [-42.0625, 30.3125], [-42.3125, 30.125], [-42.4375, 29.28125], [-42.8125, 28.84375], [-42.59375, 28.5], [-42.90625, 28.5625], [-43.09375, 28.375], [-43.375, 27.03125], [-43.1875, 26.46875], [-42.9375, 26.5], [-42.75, 27.1875], [-42.15625, 27.71875], [-42.375, 27.25], [-42.3125, 27.0], [-42.53125, 27.0625], [-42.6875, 26.375], [-42.875, 26.21875], [-43.15625, 26.25], [-43.125, 25.78125], [-42.6875, 25.34375], [-42.625, 24.65625], [-42.40625, 24.6875], [-42.6875, 24.125], [-42.4375, 24.21875], [-42.34375, 24.03125], [-42.0, 24.0], [-42.0, 24.28125], [-41.8125, 24.34375], [-41.75, 24.59375], [-41.40625, 24.6875], [-41.3125, 23.78125], [-41.4375, 23.65625], [-41.15625, 23.03125], [-39.96875, 23.625], [-39.96875, 24.28125], [-39.8125, 24.34375], [-39.96875, 24.4375], [-39.96875, 24.84375], [-39.65625, 24.71875], [-39.65625, 24.21875], [-39.375, 24.21875], [-39.375, 24.0625], [-39.1875, 24.15625], [-38.8125, 23.90625], [-38.25, 25.59375], [-38.6875, 25.78125], [-38.75, 25.28125], [-39.125, 25.09375], [-39.15625, 25.65625], [-39.53125, 25.71875], [-39.53125, 25.90625], [-39.28125, 26.03125], [-39.28125, 26.59375], [-39.125, 26.625], [-39.21875, 26.875], [-38.96875, 26.84375], [-39.0625, 27.125], [-38.84375, 27.53125], [-38.84375, 27.96875], [-38.5, 28.375], [-38.15625, 28.34375], [-38.03125, 28.5], [-38.3125, 28.59375], [-38.21875, 28.9375], [-38.375, 28.96875], [-38.34375, 29.28125], [-38.125, 29.28125], [-38.0, 29.5625], [-38.09375, 29.9375], [-37.71875, 30.15625], [-37.59375, 30.5], [-36.84375, 31.0], [-36.84375, 30.6875], [-37.25, 30.28125], [-37.25, 30.03125], [-37.40625, 30.03125], [-37.34375, 29.5], [-37.53125, 29.0625], [-37.59375, 27.6875], [-38.1875, 27.6875], [-37.96875, 27.28125], [-37.5625, 27.34375], [-37.875, 26.84375], [-37.4375, 26.625], [-37.25, 26.6875], [-37.625, 26.03125], [-37.53125, 25.75], [-37.25, 25.5], [-37.125, 25.59375], [-37.09375, 25.375], [-36.8125, 25.375], [-36.71875, 25.90625], [-36.25, 26.6875], [-35.9375, 26.75], [-35.96875, 26.96875], [-35.59375, 27.40625], [-34.96875, 27.6875], [-35.46875, 26.4375], [-36.4375, 25.8125], [-36.4375, 25.59375], [-36.90625, 25.15625], [-37.03125, 24.375], [-37.4375, 23.96875], [-37.375, 23.4375], [-37.59375, 23.25], [-37.625, 22.78125], [-37.375, 21.5625], [-37.5625, 21.34375], [-37.28125, 21.375], [-37.25, 21.03125], [-36.8125, 20.78125], [-37.15625, 21.75], [-36.9375, 23.09375], [-36.5625, 23.4375], [-36.4375, 23.78125], [-35.34375, 24.65625], [-35.34375, 24.9375], [-35.09375, 24.96875], [-35.15625, 25.15625], [-34.75, 25.46875], [-34.3125, 26.34375], [-33.6875, 26.15625], [-33.875, 26.625], [-33.65625, 27.03125], [-33.4375, 26.6875], [-33.5625, 25.90625], [-32.6875, 25.0625], [-32.6875, 24.4375], [-32.21875, 23.4375], [-32.34375, 23.21875], [-32.28125, 22.8125], [-32.15625, 22.65625], [-31.78125, 22.78125], [-31.75, 23.0625], [-31.875, 23.0], [-31.90625, 23.46875], [-32.375, 24.46875], [-32.46875, 25.8125], [-32.625, 26.03125], [-33.03125, 26.1875], [-33.0, 26.0], [-32.65625, 25.96875], [-32.53125, 25.71875], [-32.5, 25.34375], [-32.625, 25.28125], [-33.40625, 26.125], [-33.15625, 26.40625], [-33.28125, 27.125], [-32.84375, 27.6875], [-32.625, 27.5625], [-32.15625, 27.9375], [-31.46875, 28.0], [-31.0625, 28.3125], [-31.46875, 28.25], [-31.3125, 28.625], [-30.84375, 28.6875], [-30.84375, 28.5], [-30.6875, 28.53125], [-30.375, 28.875], [-30.3125, 28.75], [-29.75, 28.71875], [-29.71875, 28.5625], [-29.34375, 28.40625], [-29.34375, 28.0], [-29.625, 27.46875], [-29.5625, 27.0], [-29.78125, 26.3125], [-29.96875, 26.21875], [-30.03125, 25.5625], [-30.5, 24.8125], [-29.75, 25.15625], [-29.59375, 25.6875], [-29.21875, 25.65625], [-28.90625, 25.84375], [-28.0, 29.4375], [-27.78125, 29.46875], [-27.6875, 29.15625], [-27.28125, 28.96875], [-27.25, 29.53125], [-26.96875, 29.75], [-26.96875, 30.15625], [-27.28125, 30.84375], [-27.21875, 31.375], [-27.0625, 31.375], [-27.1875, 30.84375], [-27.0, 30.84375], [-27.0625, 30.625], [-26.84375, 30.3125], [-26.375, 30.40625], [-26.375, 30.1875], [-25.84375, 29.84375], [-25.78125, 29.15625], [-25.5625, 29.0625], [-25.375, 29.21875], [-24.90625, 28.96875], [-23.875, 29.03125], [-23.96875, 28.84375], [-23.6875, 28.5], [-23.75, 28.09375], [-23.53125, 27.15625], [-23.28125, 26.78125], [-23.125, 26.78125], [-23.125, 26.53125], [-22.90625, 26.6875], [-22.78125, 26.59375], [-23.03125, 26.1875], [-22.71875, 26.15625], [-22.53125, 26.4375], [-22.46875, 25.625], [-22.0, 25.5625], [-21.875, 25.9375], [-22.34375, 26.125], [-22.34375, 26.25], [-22.21875, 26.625], [-21.9375, 26.8125], [-21.96875, 27.59375], [-21.6875, 27.46875], [-21.6875, 27.65625], [-21.8125, 27.84375], [-22.0625, 27.71875], [-22.15625, 28.0], [-21.875, 27.9375], [-21.71875, 28.21875], [-21.625, 28.03125], [-21.15625, 28.0625], [-21.1875, 27.375], [-21.40625, 27.3125], [-21.375, 27.125], [-20.78125, 26.71875], [-20.5, 27.03125], [-20.125, 27.03125], [-20.21875, 27.53125], [-19.84375, 27.40625], [-19.6875, 27.5], [-19.71875, 28.1875], [-19.1875, 28.15625], [-18.75, 28.8125], [-18.375, 28.71875], [-18.375, 29.25], [-18.59375, 29.125], [-18.65625, 29.3125], [-18.15625, 29.6875], [-18.4375, 29.90625], [-18.5, 30.4375], [-18.34375, 30.625], [-18.65625, 30.96875], [-19.125, 31.0625], [-19.03125, 31.40625], [-18.875, 31.375], [-18.84375, 31.15625], [-18.5, 31.28125], [-18.53125, 30.96875], [-17.9375, 30.71875], [-18.03125, 30.0625], [-17.15625, 30.40625], [-16.875, 30.375], [-16.875, 30.625], [-16.46875, 30.6875], [-16.40625, 30.90625], [-16.53125, 31.03125], [-16.3125, 31.40625], [-16.09375, 31.375], [-16.3125, 30.9375], [-16.125, 30.5625], [-15.59375, 30.625], [-15.34375, 30.9375], [-15.53125, 31.21875], [-15.5, 31.46875], [-14.8125, 31.65625], [-14.8125, 31.90625], [-15.21875, 32.15625], [-15.46875, 32.03125], [-15.4375, 32.3125], [-14.75, 32.15625], [-14.625, 32.25], [-14.75, 32.75], [-14.65625, 33.0], [-14.375, 32.75], [-13.9375, 33.1875], [-13.71875, 33.1875], [-13.71875, 33.71875], [-13.46875, 33.4375], [-13.125, 33.625], [-13.1875, 33.875], [-13.0, 33.9375], [-12.90625, 34.21875], [-13.34375, 34.0625], [-13.46875, 34.40625], [-13.4375, 34.90625], [-13.28125, 35.0625], [-13.375, 35.28125], [-13.125, 35.28125], [-13.34375, 35.625], [-13.03125, 35.6875], [-12.90625, 34.90625], [-12.8125, 35.25], [-12.375, 35.34375], [-12.4375, 35.59375], [-12.78125, 35.71875], [-12.40625, 36.1875], [-12.46875, 36.6875], [-12.34375, 36.90625], [-12.21875, 36.90625], [-12.3125, 36.59375], [-11.78125, 36.4375], [-11.65625, 36.09375], [-11.46875, 36.21875], [-11.28125, 36.125], [-11.3125, 35.9375], [-11.5625, 35.84375], [-11.65625, 35.375], [-11.46875, 35.34375], [-10.90625, 35.6875], [-10.53125, 35.625], [-10.40625, 36.0625], [-10.9375, 36.6875], [-10.6875, 36.46875], [-10.0, 36.625], [-9.625, 37.28125], [-9.3125, 37.40625], [-9.34375, 37.8125], [-8.84375, 37.875], [-8.59375, 38.34375], [-7.90625, 38.25], [-7.84375, 37.84375], [-7.40625, 37.78125], [-7.5625, 38.375], [-6.28125, 38.71875], [-6.03125, 39.0625], [-5.875, 39.0625], [-5.8125, 39.375], [-5.40625, 39.4375], [-5.3125, 39.625], [-4.71875, 39.53125], [-4.4375, 39.21875], [-4.15625, 39.59375], [-4.4375, 39.75], [-4.46875, 40.03125], [-4.0, 40.1875], [-4.1875, 40.28125], [-4.15625, 40.46875], [-3.8125, 40.46875], [-3.875, 40.65625], [-3.21875, 40.5625], [-3.125, 40.84375], [-2.90625, 40.6875], [-2.71875, 40.9375], [-2.875, 41.0625], [-2.75, 41.28125], [-1.9375, 41.34375], [-1.125, 41.1875], [-1.28125, 40.78125], [-1.21875, 40.4375], [-1.03125, 40.21875], [-0.46875, 40.09375], [0.0, 40.34375], [0.09375, 40.84375], [0.34375, 40.78125], [0.53125, 40.96875], [0.46875, 41.28125], [0.0, 41.25], [-0.0625, 41.03125], [-0.3125, 41.125], [-0.1875, 41.4375], [0.71875, 41.8125], [0.5, 42.1875], [0.9375, 42.09375], [0.96875, 42.25], [1.125, 42.25], [1.40625, 42.0], [2.1875, 42.0], [2.34375, 42.125], [2.3125, 42.59375], [2.46875, 42.8125], [3.0625, 42.59375], [3.40625, 42.84375], [3.375, 42.21875], [3.59375, 42.34375], [3.8125, 42.21875], [3.65625, 42.53125], [3.96875, 42.71875], [4.75, 42.5625], [5.1875, 42.8125], [5.3125, 42.5], [6.6875, 42.65625], [6.625, 43.0], [6.875, 43.0625], [7.09375, 43.84375], [8.78125, 43.90625], [8.25, 44.0625], [8.25, 44.21875], [7.9375, 44.03125], [7.625, 44.03125], [7.53125, 44.3125], [6.90625, 44.15625], [6.90625, 44.53125], [7.65625, 44.65625], [8.25, 44.5], [8.375, 44.6875], [8.90625, 44.6875], [8.8125, 44.9375], [8.96875, 45.0], [10.1875, 45.0], [11.8125, 44.6875], [10.625, 45.0625], [10.625, 45.28125], [10.78125, 45.3125], [11.875, 45.15625], [11.6875, 45.5], [11.34375, 45.59375], [11.34375, 45.78125], [10.96875, 45.78125], [11.0, 46.0], [11.28125, 46.0625], [11.75, 45.96875], [12.0, 45.75], [12.625, 45.75], [12.65625, 45.9375], [12.40625, 45.96875], [12.5, 46.3125], [12.03125, 46.1875], [11.90625, 46.40625], [12.53125, 46.8125], [13.0625, 46.875], [13.09375, 47.125], [13.46875, 47.34375], [14.0625, 46.96875], [14.15625, 45.75], [14.3125, 45.875], [14.3125, 46.3125], [14.5625, 46.15625], [14.65625, 45.875], [14.78125, 45.9375], [14.71875, 46.28125], [14.84375, 46.28125], [15.21875, 46.15625], [15.59375, 45.75], [15.71875, 46.03125], [15.5, 46.0], [15.5625, 47.0], [16.0, 46.9375], [16.34375, 46.375], [15.90625, 46.03125], [16.28125, 45.9375], [16.6875, 46.375], [17.09375, 46.40625], [17.28125, 45.84375], [17.5625, 45.84375], [17.8125, 46.125], [17.3125, 46.03125], [17.34375, 46.40625], [17.6875, 46.34375], [17.625, 46.625], [17.8125, 46.875], [17.5, 46.8125], [17.5, 47.03125], [17.375, 47.03125], [17.34375, 46.65625], [17.09375, 46.625], [16.09375, 47.03125], [16.1875, 47.5], [16.375, 47.5625], [16.0625, 47.71875], [16.3125, 48.5], [15.96875, 48.5], [15.90625, 48.65625], [16.40625, 48.6875], [16.78125, 48.46875], [17.5625, 48.53125], [17.8125, 48.125], [17.9375, 48.28125], [18.53125, 48.25], [18.5625, 47.90625], [18.375, 47.78125], [18.625, 47.59375], [18.53125, 47.25], [18.78125, 47.40625], [18.9375, 48.0], [19.96875, 47.0], [20.0, 47.3125], [19.4375, 47.59375], [19.34375, 48.0625], [19.5625, 48.125], [20.5, 47.6875], [20.21875, 48.15625], [20.65625, 48.15625], [20.96875, 48.0], [20.9375, 47.6875], [20.71875, 47.625], [20.71875, 47.53125], [21.0625, 47.65625], [21.15625, 47.96875], [21.53125, 47.9375], [21.28125, 48.28125], [20.8125, 48.25], [20.84375, 48.375], [21.15625, 48.3125], [21.15625, 48.5], [20.65625, 48.5625], [20.59375, 48.34375], [20.28125, 48.46875], [20.5625, 48.65625], [19.9375, 49.09375], [20.125, 49.28125], [20.375, 49.15625], [20.625, 49.1875], [20.15625, 49.75], [20.6875, 49.71875], [21.25, 49.28125], [21.53125, 49.28125], [21.4375, 49.4375], [21.625, 49.40625], [21.6875, 49.75], [22.1875, 49.71875], [22.59375, 49.46875], [22.625, 49.15625], [23.25, 49.1875], [23.3125, 48.625], [23.53125, 48.53125], [23.5, 48.375], [23.90625, 48.28125], [23.84375, 48.625], [24.21875, 48.71875], [24.25, 48.9375], [23.625, 49.09375], [23.40625, 49.34375], [23.0625, 49.34375], [23.03125, 49.5], [23.40625, 49.53125], [23.4375, 49.65625], [23.03125, 49.875], [23.4375, 50.0], [23.96875, 49.84375], [23.9375, 50.21875], [24.25, 50.25], [24.25, 50.40625], [24.4375, 50.46875], [24.09375, 50.5625], [24.0, 50.78125], [23.71875, 50.78125], [23.96875, 51.09375], [23.9375, 51.3125], [24.21875, 51.4375], [23.96875, 51.53125], [23.875, 51.84375], [24.78125, 51.84375], [24.59375, 52.0625], [24.90625, 52.1875], [24.875, 52.34375], [25.46875, 52.40625], [25.3125, 52.5], [25.3125, 52.75], [24.75, 52.71875], [25.03125, 53.03125], [25.25, 52.90625], [25.65625, 53.0], [26.1875, 52.78125], [26.4375, 53.15625], [26.9375, 53.28125], [26.96875, 53.53125], [27.65625, 53.5625], [27.65625, 53.40625], [27.96875, 53.5], [28.0, 54.03125], [27.78125, 54.15625], [27.875, 54.375], [28.5, 54.15625], [28.53125, 53.90625], [28.875, 53.6875], [29.25, 53.84375], [29.40625, 54.1875], [30.65625, 54.0], [31.0625, 54.1875], [31.09375, 54.375], [31.5, 53.78125], [32.90625, 54.0], [33.28125, 53.90625], [33.40625, 54.3125], [33.75, 54.40625], [34.0625, 54.28125], [33.875, 54.1875], [33.9375, 54.0625], [34.53125, 54.0625], [34.46875, 54.3125], [34.78125, 54.375], [34.78125, 54.78125], [34.21875, 54.71875], [34.15625, 54.875], [34.125, 54.59375], [33.75, 54.65625], [33.75, 54.53125], [33.03125, 54.3125], [32.875, 54.59375], [32.28125, 54.8125], [32.21875, 55.125], [32.40625, 55.3125], [32.09375, 55.25], [32.0625, 55.375], [31.0, 55.25], [30.6875, 54.75], [30.1875, 54.59375], [29.5625, 54.65625], [29.75, 55.34375], [30.03125, 55.15625], [29.96875, 55.3125], [30.15625, 55.53125], [31.0625, 55.75], [31.125, 56.125], [30.78125, 56.125], [30.75, 56.25], [31.875, 56.65625], [32.1875, 56.5625], [32.65625, 56.75], [33.46875, 56.71875], [33.78125, 56.96875], [34.03125, 57.78125], [34.34375, 57.8125], [34.28125, 57.53125], [34.625, 57.5625], [34.5625, 57.34375], [35.03125, 57.125], [35.625, 57.15625], [35.65625, 56.96875], [35.96875, 56.90625], [36.34375, 56.46875], [37.03125, 56.15625], [37.375, 56.1875], [37.34375, 56.0], [37.78125, 56.0625], [37.875, 55.78125], [38.71875, 55.84375], [38.71875, 56.0], [37.96875, 56.0625], [38.15625, 56.40625], [38.46875, 56.53125], [38.78125, 56.4375], [38.6875, 56.25], [38.875, 56.28125], [38.71875, 56.0625], [39.1875, 56.09375], [39.4375, 56.34375], [39.84375, 56.40625], [40.125, 56.40625], [40.15625, 56.28125], [40.625, 56.53125], [41.125, 56.375], [41.25, 56.5625], [40.4375, 57.03125], [40.59375, 57.25], [41.0625, 57.40625], [41.3125, 57.40625], [41.3125, 57.1875], [41.65625, 57.0625], [41.78125, 56.5625], [41.90625, 56.78125], [42.3125, 56.6875], [42.3125, 56.875], [42.5625, 56.8125], [42.625, 57.0625], [43.0, 57.21875], [43.1875, 57.0625], [43.0, 56.8125], [43.46875, 56.5625], [43.71875, 56.1875], [44.0, 56.1875], [44.0625, 56.0], [44.4375, 56.0625], [44.125, 56.5], [44.375, 56.375], [45.1875, 56.6875], [46.78125, 55.8125], [47.46875, 55.8125], [47.71875, 56.0], [48.25, 55.9375], [48.1875, 56.34375], [48.34375, 56.375], [48.59375, 56.1875], [48.53125, 56.03125], [49.0625, 56.21875], [49.28125, 56.09375], [49.28125, 55.875], [49.53125, 56.0], [49.375, 55.8125], [49.5625, 55.75], [49.65625, 55.9375], [49.4375, 56.125], [49.53125, 56.34375], [49.84375, 56.34375], [49.90625, 56.5], [50.0625, 56.375], [50.5625, 56.46875], [50.6875, 56.25], [50.96875, 56.25], [50.8125, 56.0], [50.9375, 55.8125], [51.15625, 55.78125], [51.34375, 56.09375], [51.65625, 55.90625], [51.78125, 55.96875], [51.84375, 56.1875], [52.15625, 56.09375], [52.125, 55.25], [52.59375, 55.125], [52.8125, 55.125], [52.71875, 55.28125], [53.15625, 55.4375], [54.03125, 55.375], [54.0, 55.625], [54.34375, 55.59375], [54.53125, 55.3125], [54.59375, 55.5], [54.9375, 55.5], [54.8125, 55.71875], [55.28125, 55.75], [55.40625, 55.90625], [55.21875, 55.9375], [55.25, 56.15625], [55.5, 56.1875], [55.65625, 56.40625], [55.84375, 56.40625], [55.875, 56.25], [56.15625, 56.3125], [56.25, 56.09375], [56.9375, 55.96875], [56.71875, 56.21875], [57.0, 56.34375], [56.65625, 56.40625], [56.5625, 56.65625], [56.25, 56.78125], [56.28125, 56.96875], [56.46875, 56.96875], [56.4375, 56.8125], [57.125, 56.71875], [57.21875, 56.4375], [57.09375, 56.34375], [57.625, 55.78125], [57.875, 56.125], [57.625, 56.53125], [57.34375, 56.59375], [57.375, 56.8125], [57.8125, 56.75], [58.0, 56.90625], [57.59375, 57.09375], [57.25, 57.0625], [57.21875, 57.25], [56.8125, 57.25], [56.75, 57.4375], [57.75, 58.25], [57.5625, 58.34375], [57.625, 58.5625], [58.03125, 58.53125], [58.0625, 58.8125], [58.28125, 58.71875], [58.4375, 58.9375], [59.15625, 58.8125], [59.59375, 58.96875], [59.5625, 58.59375], [60.25, 58.65625], [60.3125, 58.5], [60.125, 58.40625], [60.28125, 58.28125], [61.09375, 58.625], [61.03125, 59.25], [61.28125, 59.40625], [61.0625, 59.5], [61.09375, 59.625], [61.53125, 59.59375], [61.53125, 59.40625], [61.8125, 59.3125], [61.78125, 59.125], [63.28125, 59.09375], [63.40625, 59.46875], [63.65625, 59.65625], [64.25, 59.71875], [64.90625, 60.25], [64.875, 60.375], [64.59375, 60.1875], [64.21875, 60.1875], [64.40625, 60.4375], [65.0, 60.59375], [64.8125, 60.75], [64.84375, 60.9375], [64.46875, 61.09375], [64.75, 61.46875], [65.15625, 61.59375], [65.625, 61.40625], [65.78125, 61.09375], [66.34375, 61.125], [66.28125, 60.96875], [66.46875, 60.90625], [66.6875, 61.0], [66.53125, 61.3125], [66.8125, 61.40625], [67.0, 61.71875], [67.75, 61.6875], [68.125, 61.84375], [68.15625, 62.03125], [67.90625, 62.03125], [67.9375, 62.21875], [68.90625, 62.1875], [69.0, 61.96875], [69.84375, 62.0625], [69.90625, 62.28125], [69.59375, 62.25], [69.625, 62.40625], [69.4375, 62.4375], [69.59375, 62.59375], [69.4375, 62.75], [69.5625, 63.0], [70.28125, 62.71875], [70.25, 62.5625], [70.78125, 62.5625], [71.5, 62.78125], [71.53125, 63.03125], [71.25, 63.21875], [72.5, 63.5], [73.15625, 63.4375], [72.96875, 63.71875], [73.4375, 63.75], [74.0625, 64.09375], [74.75, 64.125], [74.9375, 64.4375], [75.0625, 64.3125], [75.6875, 64.53125], [76.28125, 64.40625], [76.125, 64.21875], [75.875, 64.34375], [75.65625, 64.15625], [76.0, 63.78125], [77.28125, 63.9375], [77.46875, 63.84375], [77.75, 64.1875], [78.125, 64.25], [77.875, 64.34375], [77.84375, 64.53125], [78.21875, 64.5], [78.28125, 64.78125], [78.84375, 64.90625], [78.78125, 65.09375], [79.3125, 65.125], [79.0, 65.21875], [78.96875, 65.40625], [79.28125, 65.375], [79.4375, 65.1875], [80.375, 65.46875], [80.78125, 65.28125], [80.96875, 65.375], [81.15625, 65.0625], [81.75, 64.96875], [82.0, 65.21875], [81.9375, 65.40625], [81.625, 65.5625], [81.375, 65.5], [81.46875, 65.71875], [80.65625, 65.75], [80.46875, 66.375], [81.125, 66.625], [82.09375, 66.53125], [82.65625, 66.6875], [83.25, 66.96875], [83.0625, 67.15625], [83.625, 67.28125], [84.0625, 67.59375], [84.90625, 67.75], [85.0, 67.5625], [84.25, 67.40625], [84.65625, 67.21875], [84.96875, 67.28125], [84.84375, 67.0], [84.5, 66.875], [84.5625, 66.59375], [84.25, 66.5625], [84.25, 66.8125], [83.625, 67.0], [83.5, 66.90625], [83.5625, 66.71875], [83.40625, 66.71875], [83.4375, 66.46875], [83.1875, 66.34375], [83.3125, 66.09375], [83.0625, 65.90625], [83.09375, 65.75], [82.8125, 65.75], [83.03125, 66.1875], [82.875, 66.3125], [82.75, 66.25], [82.71875, 65.8125], [82.375, 65.6875], [84.125, 65.5], [84.15625, 65.21875], [83.5, 65.15625], [83.21875, 64.96875], [83.46875, 64.6875], [83.4375, 64.5], [84.0, 64.3125], [84.0, 64.1875], [83.5625, 64.15625], [83.28125, 63.9375], [83.53125, 63.9375], [83.625, 63.71875], [84.21875, 63.75], [84.125, 63.375], [84.34375, 63.375], [84.28125, 63.125], [83.96875, 63.28125], [83.8125, 63.1875], [84.09375, 62.90625], [83.4375, 63.03125], [83.46875, 62.8125], [83.9375, 62.625], [84.1875, 63.03125], [84.5, 63.0], [84.46875, 62.75], [84.1875, 62.625], [85.0, 62.65625], [84.875, 62.5], [85.03125, 62.21875], [84.875, 62.0625], [84.5, 62.21875], [84.25, 61.90625], [83.46875, 61.46875], [84.0625, 61.375], [83.625, 61.15625], [83.71875, 60.875], [83.96875, 60.75], [84.28125, 60.78125], [84.34375, 60.96875], [84.78125, 60.9375], [84.375, 60.3125], [83.46875, 60.0625], [83.28125, 60.25], [83.4375, 60.59375], [82.65625, 60.65625], [82.65625, 60.46875], [82.21875, 60.21875], [82.40625, 60.03125], [82.1875, 60.0], [82.125, 59.78125], [81.84375, 59.8125], [82.0, 59.6875], [81.90625, 59.5], [82.15625, 59.46875], [82.21875, 59.25], [82.5625, 59.3125], [82.90625, 59.03125], [83.625, 59.84375], [83.875, 59.84375], [84.0625, 59.6875], [83.90625, 59.25], [83.46875, 59.21875], [83.53125, 58.96875], [83.28125, 58.875], [83.25, 58.6875], [83.0625, 58.6875], [83.09375, 58.875], [82.90625, 58.84375], [82.84375, 58.65625], [83.0, 58.625], [83.0, 58.46875], [82.65625, 58.09375], [82.34375, 58.0625], [82.4375, 58.375], [81.96875, 58.3125], [81.6875, 58.5], [80.90625, 58.21875], [80.875, 57.84375], [80.65625, 57.625], [80.8125, 57.53125], [80.65625, 57.28125], [80.6875, 56.6875], [81.46875, 56.625], [81.53125, 56.46875], [81.3125, 56.53125], [81.375, 56.25], [80.875, 56.1875], [80.96875, 55.84375], [80.46875, 55.9375], [80.25, 55.6875], [80.21875, 55.53125], [80.53125, 55.40625], [80.96875, 55.5], [81.25, 55.34375], [81.21875, 55.15625], [80.46875, 55.1875], [80.28125, 55.03125], [80.5625, 54.71875], [80.25, 54.5], [80.1875, 54.21875], [80.3125, 54.0625], [80.125, 54.0625], [80.09375, 53.84375], [80.625, 53.15625], [81.1875, 53.0], [81.125, 52.84375], [80.65625, 52.84375], [80.53125, 52.65625], [81.3125, 52.375], [81.28125, 52.1875], [81.53125, 52.21875], [81.53125, 52.0625], [81.46875, 51.875], [81.09375, 51.875], [80.78125, 52.125], [80.125, 52.21875], [79.96875, 51.78125], [80.375, 51.8125], [80.40625, 51.65625], [81.21875, 51.375], [81.4375, 51.15625], [81.4375, 50.78125], [81.8125, 50.65625], [82.03125, 50.21875], [81.53125, 50.375], [81.03125, 50.875], [80.28125, 50.9375], [80.3125, 50.59375], [80.65625, 50.5625], [80.53125, 50.0], [80.8125, 49.625], [80.5625, 49.4375], [80.59375, 49.03125], [80.40625, 48.8125], [80.65625, 48.5], [80.90625, 48.5625], [81.03125, 48.375], [82.75, 47.96875], [82.65625, 47.75], [82.09375, 47.5625], [81.9375, 47.15625], [82.03125, 46.96875], [81.1875, 47.03125], [81.21875, 46.84375], [81.65625, 46.6875], [82.09375, 46.75], [82.59375, 46.5], [82.8125, 46.5], [82.6875, 46.78125], [82.90625, 46.78125], [83.03125, 46.46875], [82.71875, 46.375], [82.875, 46.125], [82.21875, 46.25], [82.1875, 45.96875], [82.375, 45.8125], [82.65625, 45.875], [82.8125, 45.6875], [83.3125, 45.6875], [83.4375, 45.84375], [83.875, 45.78125], [83.96875, 45.1875], [84.25, 45.09375], [84.1875, 44.8125], [84.6875, 44.78125], [84.9375, 44.4375], [84.71875, 44.03125], [85.09375, 44.03125], [85.28125, 44.34375], [85.46875, 44.3125], [85.59375, 44.71875], [85.9375, 44.8125], [85.78125, 44.3125], [85.90625, 44.1875], [86.09375, 44.28125], [86.1875, 44.03125], [86.1875, 43.3125], [86.0625, 43.25], [86.1875, 43.25], [86.125, 43.125], [86.40625, 42.84375], [86.40625, 42.625], [86.03125, 42.5], [86.0625, 42.28125], [85.875, 42.21875], [86.25, 42.21875], [86.25, 41.71875], [86.5625, 41.59375], [86.6875, 41.15625], [86.59375, 41.0], [86.71875, 40.90625], [86.5625, 40.3125], [87.21875, 40.34375], [87.34375, 40.1875], [86.96875, 39.8125], [86.96875, 39.625], [86.59375, 39.71875], [86.53125, 39.90625], [86.3125, 39.75], [86.375, 39.1875], [86.75, 39.15625], [87.0625, 38.75], [87.3125, 38.90625], [87.65625, 38.8125], [87.5625, 38.53125], [87.25, 38.53125], [87.40625, 38.21875], [87.6875, 38.0], [87.84375, 38.09375], [87.8125, 37.96875], [88.1875, 38.0], [88.25, 37.84375], [88.53125, 37.8125], [87.90625, 37.1875], [88.09375, 37.15625], [88.09375, 36.6875], [88.28125, 36.5], [88.46875, 36.53125], [88.5625, 36.1875], [89.8125, 36.1875], [89.71875, 36.0], [89.25, 35.875], [89.40625, 35.5], [89.875, 35.375], [90.0625, 34.6875], [90.4375, 34.6875], [90.59375, 34.59375], [90.59375, 34.34375], [91.0, 34.28125], [90.84375, 33.78125], [90.59375, 33.9375], [90.25, 33.78125], [90.4375, 33.5], [91.78125, 33.03125], [92.8125, 32.4375], [92.8125, 31.84375], [92.4375, 31.6875], [92.5625, 31.25], [92.9375, 31.15625], [93.125, 31.34375], [93.4375, 31.03125], [93.625, 31.3125], [93.875, 31.28125], [93.8125, 31.0], [93.59375, 31.03125], [93.5625, 30.90625], [93.75, 30.875], [93.71875, 30.6875], [94.1875, 30.71875], [94.125, 30.25], [94.59375, 29.375], [95.0, 29.53125], [95.09375, 29.34375], [95.125, 29.5], [95.40625, 29.5625], [95.75, 29.34375], [95.78125, 29.0625], [96.0625, 29.0625], [96.0, 28.8125], [96.3125, 28.5625], [96.375, 28.6875], [96.71875, 28.53125], [97.3125, 28.5625], [97.59375, 28.25], [97.9375, 28.15625], [97.90625, 27.875], [98.34375, 27.5], [99.03125, 27.5], [99.15625, 27.3125], [99.0, 27.15625], [99.09375, 26.90625], [99.40625, 26.78125], [99.875, 26.9375], [100.15625, 26.75], [100.5, 27.0], [100.59375, 26.625], [100.90625, 26.59375], [100.9375, 26.0], [101.3125, 25.875], [101.3125, 25.75], [100.90625, 25.875], [101.15625, 25.625], [101.9375, 25.4375], [102.21875, 25.5625], [102.65625, 25.46875], [103.09375, 25.78125], [103.5, 25.71875], [103.625, 25.40625], [103.53125, 24.9375], [105.0625, 24.9375], [105.21875, 24.4375], [105.8125, 24.53125], [105.6875, 24.3125], [105.84375, 24.1875], [106.3125, 24.53125], [106.9375, 24.4375], [107.0625, 24.25], [107.5625, 24.375], [107.75, 24.125], [108.4375, 24.0625], [108.28125, 23.875], [108.34375, 23.5625], [109.09375, 23.625], [109.53125, 23.0625], [109.875, 23.53125], [110.15625, 23.25], [110.875, 23.28125], [110.625, 23.0], [111.3125, 22.96875], [111.3125, 22.71875], [111.78125, 22.75], [112.09375, 23.0625], [112.53125, 23.125], [112.625, 22.90625], [113.4375, 22.625], [113.75, 22.25], [113.9375, 22.28125], [113.96875, 22.625], [114.4375, 22.625], [114.5, 22.75], [114.625, 22.75], [114.71875, 22.3125], [115.21875, 22.53125], [115.40625, 22.3125], [116.0, 22.15625], [116.09375, 22.40625], [116.3125, 22.375], [116.40625, 22.5625], [116.5625, 22.375], [116.65625, 22.5], [116.875, 22.4375], [116.875, 22.1875], [117.3125, 22.3125], [117.96875, 22.09375], [118.71875, 22.25], [118.90625, 22.65625], [119.53125, 22.21875], [120.34375, 22.25], [120.65625, 22.53125], [120.78125, 22.34375], [121.3125, 22.28125], [121.4375, 21.78125], [121.4375, 22.03125], [121.84375, 21.90625], [122.03125, 21.53125], [122.34375, 21.875], [121.75, 21.96875], [121.71875, 22.25], [122.0625, 22.1875], [122.09375, 22.375], [122.375, 22.3125], [122.34375, 22.46875], [122.96875, 22.34375], [123.71875, 22.5625], [124.3125, 22.125], [124.5, 22.71875], [124.78125, 22.75], [125.03125, 22.4375], [125.84375, 22.59375], [125.9375, 22.25], [126.90625, 22.46875], [127.6875, 23.0], [127.875, 22.9375], [127.6875, 22.3125], [128.03125, 22.09375], [128.75, 21.9375], [128.9375, 22.03125], [129.0625, 21.65625], [129.78125, 22.46875], [130.71875, 22.65625], [131.0, 22.84375], [131.0, 23.03125], [132.25, 22.09375], [132.46875, 22.3125], [132.21875, 22.375], [132.25, 22.53125], [131.875, 22.71875], [131.8125, 22.96875], [132.1875, 22.96875], [132.1875, 22.78125], [132.71875, 22.90625], [132.8125, 22.65625], [133.03125, 22.8125], [132.71875, 23.25], [132.71875, 23.4375], [132.90625, 23.53125], [132.375, 23.9375], [132.46875, 24.53125], [132.34375, 24.71875], [132.5625, 24.625], [132.96875, 24.90625], [133.625, 24.75], [134.25, 24.8125], [134.34375, 24.6875], [134.78125, 24.84375], [134.625, 25.15625], [134.6875, 25.4375], [134.9375, 25.4375], [134.8125, 25.625], [134.53125, 25.65625], [134.46875, 25.84375], [133.90625, 25.78125], [133.84375, 25.96875], [134.09375, 25.96875], [134.09375, 26.125], [133.46875, 26.28125], [133.59375, 26.53125], [133.78125, 26.5], [133.8125, 26.25], [134.03125, 26.5], [134.40625, 26.46875], [134.40625, 26.96875], [134.53125, 27.03125], [135.125, 26.9375], [134.75, 27.28125], [134.28125, 27.125], [133.96875, 27.25], [134.1875, 27.375], [134.21875, 27.59375], [134.46875, 27.65625], [134.4375, 28.0], [135.0, 27.84375], [135.125, 27.625], [135.5625, 27.46875], [135.90625, 26.9375], [135.75, 27.40625], [136.09375, 27.21875], [135.875, 27.4375], [135.9375, 27.875], [135.71875, 28.09375], [135.875, 28.25], [135.53125, 28.375], [135.53125, 28.5], [135.84375, 28.46875], [135.53125, 28.75], [135.53125, 28.875], [135.78125, 28.8125], [135.78125, 29.03125], [135.5625, 29.34375], [135.25, 29.40625], [135.21875, 29.65625], [135.6875, 29.5], [135.53125, 30.0], [135.84375, 30.03125], [136.125, 30.28125], [136.375, 30.6875], [136.1875, 31.0], [136.375, 31.0], [136.4375, 31.34375], [136.90625, 31.25], [136.96875, 31.5625], [137.125, 31.34375], [137.40625, 31.34375], [137.65625, 30.96875], [138.5625, 31.0625], [138.8125, 31.4375], [138.6875, 31.625], [138.8125, 32.0], [138.59375, 32.09375], [138.5625, 32.28125], [138.875, 32.21875], [138.96875, 31.9375], [139.1875, 31.96875], [139.5625, 32.46875], [139.4375, 32.625], [139.53125, 33.03125], [139.96875, 32.90625], [140.46875, 33.125], [140.71875, 33.03125], [141.1875, 33.375], [140.875, 34.375], [141.5, 34.1875], [141.6875, 33.65625], [142.15625, 33.5], [141.78125, 34.0625], [141.84375, 34.53125], [142.1875, 34.46875], [142.125, 34.28125], [142.375, 33.96875], [143.78125, 34.15625], [144.125, 33.625], [143.96875, 34.0], [144.34375, 33.90625], [144.59375, 34.0625], [144.09375, 34.21875], [144.25, 34.40625], [144.09375, 34.96875], [144.3125, 34.78125], [144.8125, 34.90625], [145.3125, 34.625], [145.78125, 34.75], [145.71875, 35.0], [146.0, 34.96875], [146.15625, 34.59375], [146.46875, 34.4375], [146.09375, 34.3125], [146.40625, 34.1875], [146.15625, 33.875], [146.375, 33.90625], [146.40625, 34.0625], [147.0, 33.90625], [147.09375, 34.21875], [146.875, 34.28125], [146.90625, 34.4375], [147.15625, 34.3125], [147.25, 34.6875], [147.5, 34.78125], [147.34375, 35.0], [147.4375, 35.1875], [147.09375, 35.15625], [147.0, 35.28125], [146.6875, 34.9375], [146.1875, 35.0], [146.15625, 35.25], [146.53125, 35.21875], [146.75, 35.4375], [146.09375, 35.65625], [146.125, 36.1875], [146.28125, 36.1875], [146.3125, 36.4375], [146.0, 36.5], [145.9375, 36.71875], [145.75, 36.59375], [145.625, 36.78125], [145.3125, 36.6875], [145.21875, 36.90625], [144.6875, 36.8125], [144.6875, 37.125], [145.0, 37.1875], [145.15625, 37.46875], [145.03125, 37.6875], [145.40625, 38.09375], [145.3125, 38.4375], [145.625, 39.15625], [145.28125, 39.1875], [145.375, 39.65625], [145.6875, 39.71875], [146.03125, 39.40625], [146.09375, 39.625], [145.875, 40.03125], [146.0625, 40.46875], [146.46875, 40.5625], [146.46875, 40.71875], [146.3125, 40.84375], [145.59375, 40.75], [145.3125, 41.03125], [145.3125, 41.15625], [145.6875, 41.21875], [145.75, 41.625], [144.96875, 41.90625], [145.0, 42.34375], [144.90625, 42.21875], [144.75, 42.3125], [144.8125, 42.5], [144.65625, 42.5625], [144.625, 42.84375], [144.875, 43.0625], [145.0625, 43.0], [145.21875, 43.25], [145.125, 43.59375], [144.78125, 43.53125], [144.9375, 43.65625], [144.90625, 43.875], [144.65625, 43.9375], [144.625, 44.09375], [144.28125, 44.0], [143.28125, 44.1875], [143.0, 44.6875], [143.21875, 44.71875], [143.46875, 44.5625], [143.4375, 44.40625], [143.59375, 44.40625], [144.15625, 44.75], [144.5, 44.71875], [144.5, 44.9375], [145.09375, 44.9375], [145.21875, 45.1875], [144.9375, 45.1875], [144.84375, 45.84375], [145.46875, 45.84375], [145.4375, 45.5625], [145.65625, 45.5625], [145.84375, 45.84375], [145.5, 45.90625], [145.4375, 46.25], [145.625, 46.1875], [146.1875, 47.15625], [146.40625, 47.125], [146.375, 46.59375], [146.125, 46.46875], [146.25, 45.90625], [146.5, 46.03125], [146.28125, 46.25], [146.9375, 46.46875], [146.9375, 46.78125], [147.3125, 46.65625], [147.625, 46.78125], [148.0, 47.28125], [148.46875, 47.21875], [148.3125, 47.34375], [148.21875, 47.875], [148.875, 47.6875], [149.5, 47.75], [149.625, 47.625], [149.8125, 47.75], [149.78125, 48.0], [150.0625, 48.125], [150.0, 47.84375], [150.1875, 47.625], [150.90625, 47.6875], [150.84375, 47.9375], [151.03125, 47.9375], [151.0, 48.15625], [150.40625, 48.59375], [150.40625, 48.96875], [150.65625, 48.90625], [150.59375, 48.71875], [150.875, 48.78125], [150.90625, 48.625], [151.15625, 48.65625], [151.5, 48.375], [151.8125, 48.46875], [151.625, 48.0], [152.125, 48.0], [152.15625, 47.84375], [152.3125, 47.84375], [152.34375, 48.0], [152.75, 48.0], [153.09375, 48.4375], [153.28125, 48.21875], [153.4375, 48.25], [153.78125, 48.6875], [153.65625, 49.125], [154.0625, 49.21875], [154.1875, 49.4375], [154.21875, 49.71875], [153.90625, 49.875], [153.84375, 50.21875], [154.125, 50.1875], [154.09375, 49.96875], [154.4375, 49.625], [154.375, 49.34375], [154.5625, 49.15625], [154.40625, 49.21875], [154.34375, 49.0625], [154.65625, 48.75], [154.71875, 48.9375], [155.0, 48.875], [154.96875, 49.09375], [155.21875, 49.15625], [155.59375, 48.90625], [155.96875, 48.9375], [155.96875, 48.6875], [156.21875, 48.90625], [156.4375, 48.8125], [156.5625, 49.3125], [156.46875, 49.5], [156.71875, 49.53125], [156.71875, 49.75], [156.125, 49.65625], [156.4375, 49.8125], [156.5625, 50.21875], [156.1875, 50.21875], [156.125, 50.5], [156.375, 50.625], [156.65625, 50.53125], [156.71875, 50.0], [156.59375, 49.84375], [156.90625, 50.09375], [157.1875, 50.0], [157.125, 50.25], [157.34375, 50.25], [157.34375, 50.46875], [157.65625, 50.5], [157.5625, 50.78125], [157.40625, 50.75], [157.375, 50.96875], [157.09375, 51.0625], [157.125, 51.1875], [157.375, 51.1875], [157.9375, 50.6875], [158.3125, 50.78125], [158.15625, 50.65625], [158.21875, 50.5], [157.8125, 50.5], [157.8125, 50.375], [158.1875, 49.75], [158.65625, 49.8125], [158.625, 50.40625], [159.0, 50.625], [159.0, 50.8125], [159.6875, 51.0625], [159.625, 51.25], [159.75, 51.3125], [159.625, 51.625], [159.1875, 51.5625], [159.34375, 51.8125], [159.25, 52.15625], [159.6875, 52.40625], [159.28125, 52.5625], [159.125, 52.875], [159.8125, 52.9375], [160.25, 53.28125], [160.15625, 53.4375], [160.65625, 53.3125], [160.8125, 53.0625], [160.90625, 53.21875], [161.65625, 53.21875], [161.65625, 52.625], [162.21875, 52.875], [162.21875, 52.34375], [162.375, 52.1875], [162.0625, 52.28125], [162.03125, 52.0], [161.8125, 51.9375], [161.875, 51.65625], [161.6875, 52.0], [161.53125, 52.0], [161.53125, 51.78125], [161.21875, 51.71875], [161.4375, 51.625], [161.5, 51.28125], [162.65625, 51.28125], [162.71875, 50.90625], [163.0625, 51.0], [163.0, 51.25], [163.28125, 51.09375], [163.75, 51.25], [163.96875, 51.0625], [164.28125, 51.1875], [164.5, 51.5625], [164.625, 51.4375], [164.84375, 51.5], [164.53125, 51.90625], [164.15625, 51.9375], [164.15625, 51.78125], [163.9375, 51.6875], [163.65625, 51.8125], [163.21875, 51.75], [163.125, 52.125], [163.34375, 52.25], [163.28125, 52.5], [164.34375, 52.3125], [164.4375, 52.03125], [164.71875, 51.96875], [164.90625, 52.0], [164.90625, 52.625], [165.40625, 52.28125], [165.71875, 52.40625], [165.84375, 51.75], [165.5625, 51.8125], [165.4375, 52.125], [165.34375, 51.8125], [165.0625, 51.8125], [165.0625, 51.65625], [165.46875, 51.53125], [165.96875, 51.53125], [165.96875, 51.71875], [166.3125, 51.875], [166.1875, 51.96875], [166.3125, 52.21875], [166.625, 52.0625], [166.78125, 51.90625], [166.71875, 51.0625], [166.28125, 50.4375], [166.75, 49.96875], [166.8125, 49.53125], [167.0, 49.53125], [166.9375, 48.46875], [167.625, 48.4375], [167.40625, 48.1875], [167.59375, 47.59375], [167.3125, 47.09375], [167.78125, 47.125], [167.6875, 47.375], [168.25, 47.15625], [168.53125, 47.25], [168.78125, 47.6875], [169.125, 47.59375], [169.1875, 47.75], [169.59375, 47.84375], [169.8125, 47.84375], [169.8125, 47.71875], [170.3125, 47.78125], [170.375, 47.625], [170.875, 47.875], [170.96875, 47.75], [171.15625, 47.75], [171.1875, 47.9375], [171.375, 47.84375], [171.28125, 47.625], [170.71875, 47.3125], [171.1875, 47.0], [170.96875, 46.6875], [171.0, 46.34375], [171.59375, 46.28125], [171.34375, 45.9375], [171.65625, 45.625], [171.375, 45.53125], [171.5, 45.25], [171.1875, 45.125], [171.375, 44.03125], [171.25, 43.6875], [171.4375, 43.71875], [171.125, 43.125], [171.28125, 42.5625], [171.65625, 42.90625], [171.8125, 43.5625], [172.40625, 43.9375], [171.90625, 44.0625], [171.84375, 44.375], [172.28125, 44.40625], [172.1875, 44.5625], [172.4375, 44.59375], [172.3125, 44.90625], [172.5, 44.96875], [172.5, 45.125], [172.9375, 44.9375], [173.15625, 45.1875], [173.34375, 44.96875], [173.1875, 44.78125], [172.8125, 44.8125], [172.4375, 44.4375], [172.78125, 44.46875], [173.0, 43.59375], [172.09375, 42.375], [172.125, 41.40625], [172.28125, 41.09375], [172.03125, 40.9375], [172.125, 40.59375], [171.90625, 40.625], [171.84375, 40.84375], [171.875, 42.0], [171.3125, 41.5625], [171.40625, 41.125], [170.90625, 41.125], [170.8125, 40.84375], [171.46875, 40.28125], [171.1875, 40.15625], [171.4375, 39.78125], [171.375, 39.625], [171.59375, 39.5625], [171.3125, 39.34375], [171.21875, 38.6875], [171.6875, 38.53125], [171.875, 38.0], [171.875, 37.8125], [171.6875, 37.8125], [171.5, 37.09375], [171.71875, 37.09375], [171.625, 36.84375], [171.875, 36.625], [171.75, 36.28125], [171.90625, 35.875], [172.0625, 35.8125], [172.09375, 35.5625], [172.3125, 35.65625], [172.21875, 35.9375], [172.8125, 35.5625], [173.09375, 35.625], [173.21875, 34.875], [174.0625, 34.90625], [174.25, 34.5], [174.84375, 34.21875], [174.875, 34.0], [175.0625, 34.0625], [175.1875, 33.78125], [175.0625, 33.84375], [174.9375, 33.625], [175.40625, 33.5625], [175.53125, 33.09375], [175.875, 33.34375], [176.4375, 33.1875], [176.5625, 33.625], [176.71875, 33.625], [176.6875, 33.09375], [176.9375, 32.71875], [177.09375, 32.90625], [177.5, 32.5], [178.15625, 32.65625], [178.0625, 32.3125], [178.46875, 32.28125], [178.65625, 31.96875], [178.875, 32.1875], [179.15625, 32.1875], [179.53125, 32.71875], [179.46875, 32.0], [179.75, 31.90625], [179.96875, 32.375], [179.96875, 85.96875]], [[167.75, 85.375], [168.375, 85.3125], [168.5, 85.1875], [167.5625, 85.21875], [167.75, 85.375]], [[177.53125, 85.34375], [178.15625, 85.3125], [178.15625, 85.21875], [177.6875, 85.21875], [177.53125, 85.34375]], [[128.90625, 84.59375], [130.5, 84.53125], [131.4375, 84.34375], [128.8125, 84.46875], [128.90625, 84.59375]], [[110.96875, 83.625], [113.15625, 83.59375], [113.34375, 83.46875], [109.03125, 83.40625], [110.96875, 83.625]], [[-54.6875, 83.4375], [-54.21875, 83.40625], [-54.6875, 83.34375], [-54.6875, 83.4375]], [[-70.25, 83.0625], [-68.90625, 83.0], [-68.90625, 82.90625], [-71.5625, 82.78125], [-70.25, 83.0625]], [[-106.8125, 82.8125], [-106.4375, 82.75], [-106.4375, 82.625], [-106.78125, 82.65625], [-106.8125, 82.8125]], [[-29.78125, 82.65625], [-29.5625, 82.65625], [-29.40625, 82.03125], [-30.25, 82.09375], [-30.28125, 82.25], [-29.78125, 82.65625]], [[-91.5, 82.34375], [-90.125, 82.4375], [-90.125, 82.34375], [-91.5, 82.34375]], [[71.46875, 81.9375], [72.40625, 81.90625], [72.46875, 81.75], [71.9375, 81.71875], [72.4375, 81.65625], [72.53125, 81.40625], [70.59375, 81.4375], [69.125, 81.65625], [69.53125, 81.8125], [71.65625, 81.8125], [71.46875, 81.9375]], [[-64.84375, 81.71875], [-64.1875, 81.59375], [-64.875, 81.40625], [-65.875, 81.5], [-65.875, 81.625], [-64.84375, 81.71875]], [[79.96875, 81.65625], [81.84375, 81.53125], [81.96875, 81.40625], [79.9375, 81.53125], [79.96875, 81.65625]], [[53.34375, 81.0625], [54.8125, 81.0], [53.34375, 80.96875], [53.34375, 81.0625]], [[13.90625, 79.75], [14.78125, 79.71875], [15.0, 79.59375], [13.96875, 79.59375], [13.90625, 79.75]], [[87.90625, 77.09375], [88.0, 77.1875], [88.0, 77.09375], [87.90625, 77.09375]], [[164.0, 73.53125], [164.40625, 73.5], [164.40625, 73.40625], [163.90625, 73.40625], [164.0, 73.53125]], [[164.4375, 73.4375], [164.78125, 73.53125], [164.8125, 73.40625], [164.4375, 73.4375]], [[163.1875, 73.34375], [163.3125, 73.4375], [163.3125, 73.34375], [163.1875, 73.34375]], [[165.71875, 73.40625], [166.90625, 73.0625], [167.1875, 72.78125], [166.90625, 72.46875], [166.65625, 72.4375], [166.71875, 72.875], [165.71875, 73.40625]], [[166.09375, 72.28125], [166.25, 72.1875], [165.28125, 72.03125], [165.28125, 72.125], [166.09375, 72.28125]], [[102.09375, 70.75], [102.25, 70.84375], [102.25, 70.75], [102.09375, 70.75]], [[103.09375, 70.84375], [103.4375, 70.8125], [103.4375, 70.71875], [103.15625, 70.71875], [103.09375, 70.84375]], [[103.625, 70.75], [104.3125, 70.5], [104.71875, 70.625], [104.875, 70.21875], [104.46875, 70.1875], [104.875, 70.03125], [103.59375, 69.71875], [102.625, 69.6875], [102.5, 69.84375], [101.9375, 69.8125], [102.0, 70.0625], [101.53125, 69.9375], [101.28125, 70.09375], [101.53125, 70.4375], [102.15625, 70.34375], [102.6875, 70.65625], [103.53125, 70.65625], [103.625, 70.75]], [[-123.65625, 70.15625], [-123.53125, 70.25], [-123.53125, 70.15625], [-123.65625, 70.15625]], [[94.46875, 70.15625], [94.90625, 70.1875], [94.875, 70.0], [94.40625, 69.90625], [94.46875, 70.15625]], [[90.625, 69.65625], [92.875, 69.875], [92.9375, 69.65625], [92.3125, 69.625], [92.125, 69.40625], [91.65625, 69.375], [91.09375, 69.0625], [90.75, 69.09375], [90.65625, 68.90625], [90.375, 69.125], [90.65625, 69.28125], [90.25, 69.46875], [90.625, 69.65625]], [[-124.03125, 69.75], [-123.9375, 69.84375], [-123.9375, 69.75], [-124.03125, 69.75]], [[90.09375, 69.40625], [90.21875, 69.53125], [90.1875, 69.40625], [90.09375, 69.40625]], [[-111.96875, 69.40625], [-111.875, 69.5], [-111.875, 69.40625], [-111.96875, 69.40625]], [[-126.8125, 69.4375], [-125.625, 69.3125], [-125.59375, 69.1875], [-126.25, 69.0], [-127.0, 69.09375], [-126.90625, 69.28125], [-126.65625, 69.28125], [-126.8125, 69.4375]], [[-126.96875, 69.3125], [-126.875, 69.40625], [-126.875, 69.3125], [-126.96875, 69.3125]], [[-111.0, 69.3125], [-110.8125, 69.40625], [-110.8125, 69.3125], [-111.0, 69.3125]], [[-109.84375, 69.40625], [-109.625, 69.34375], [-109.78125, 69.25], [-109.71875, 69.0625], [-109.9375, 69.15625], [-109.84375, 69.40625]], [[89.875, 69.34375], [89.96875, 69.21875], [89.25, 68.96875], [89.1875, 68.8125], [88.84375, 68.875], [88.96875, 69.0625], [89.3125, 69.0625], [89.875, 69.34375]], [[-119.84375, 69.15625], [-119.65625, 69.28125], [-119.59375, 69.125], [-119.84375, 69.15625]], [[-111.75, 69.0], [-111.5625, 69.28125], [-111.5, 68.96875], [-111.75, 69.0]], [[-109.46875, 69.15625], [-109.375, 69.28125], [-109.375, 69.15625], [-109.46875, 69.15625]], [[-127.5625, 69.09375], [-127.40625, 69.1875], [-127.40625, 69.09375], [-127.5625, 69.09375]], [[90.3125, 68.96875], [90.40625, 69.0625], [90.40625, 68.96875], [90.3125, 68.96875]], [[-120.59375, 68.90625], [-120.5, 69.0], [-120.5, 68.90625], [-120.59375, 68.90625]], [[-116.28125, 69.0], [-115.90625, 68.875], [-115.9375, 68.71875], [-115.6875, 68.625], [-116.03125, 68.5], [-116.03125, 68.71875], [-116.40625, 68.6875], [-116.28125, 69.0]], [[88.25, 68.90625], [88.34375, 69.0], [88.34375, 68.90625], [88.25, 68.90625]], [[91.0625, 69.0], [91.40625, 68.96875], [91.46875, 68.84375], [91.0625, 68.84375], [91.0625, 69.0]], [[91.96875, 68.90625], [92.0625, 69.0], [92.0625, 68.90625], [91.96875, 68.90625]], [[-116.6875, 68.71875], [-116.5, 68.9375], [-116.4375, 68.6875], [-116.6875, 68.71875]], [[88.5625, 68.90625], [88.75, 68.84375], [88.5625, 68.8125], [88.5625, 68.90625]], [[88.40625, 68.78125], [88.53125, 68.875], [88.53125, 68.78125], [88.40625, 68.78125]], [[-113.9375, 68.6875], [-113.78125, 68.8125], [-113.78125, 68.6875], [-113.9375, 68.6875]], [[-114.0625, 68.625], [-113.96875, 68.71875], [-113.96875, 68.625], [-114.0625, 68.625]], [[88.96875, 68.5625], [89.125, 68.6875], [89.125, 68.59375], [88.96875, 68.5625]], [[-124.125, 68.375], [-123.84375, 68.375], [-123.84375, 68.25], [-124.125, 68.25], [-124.125, 68.375]], [[87.75, 68.28125], [87.84375, 68.375], [87.84375, 68.28125], [87.75, 68.28125]], [[88.1875, 68.375], [88.65625, 68.3125], [88.6875, 68.1875], [88.28125, 68.03125], [88.1875, 68.375]], [[-116.21875, 68.34375], [-116.0625, 68.34375], [-116.0, 68.125], [-116.25, 68.09375], [-116.21875, 68.34375]], [[85.78125, 68.25], [85.9375, 68.34375], [85.9375, 68.25], [85.78125, 68.25]], [[87.15625, 68.34375], [87.65625, 68.28125], [87.75, 68.0625], [87.21875, 68.09375], [87.15625, 68.34375]], [[93.4375, 68.3125], [93.90625, 68.0625], [94.625, 68.0], [94.625, 67.78125], [94.09375, 67.78125], [93.4375, 68.3125]], [[-123.1875, 68.28125], [-122.84375, 68.21875], [-122.5625, 67.8125], [-123.09375, 68.0], [-123.1875, 68.28125]], [[-122.15625, 68.28125], [-122.03125, 68.25], [-122.03125, 68.125], [-122.1875, 68.09375], [-122.15625, 68.28125]], [[-116.5625, 68.1875], [-116.4375, 68.28125], [-116.4375, 68.1875], [-116.5625, 68.1875]], [[-124.78125, 68.21875], [-124.5625, 68.21875], [-124.5625, 68.125], [-124.78125, 68.09375], [-124.78125, 68.21875]], [[92.65625, 68.21875], [93.40625, 68.125], [93.65625, 67.875], [93.09375, 67.5625], [92.59375, 67.5625], [92.09375, 67.78125], [92.0625, 68.0], [92.65625, 68.21875]], [[87.8125, 68.09375], [87.90625, 68.1875], [87.90625, 68.09375], [87.8125, 68.09375]], [[85.71875, 68.125], [86.03125, 68.09375], [86.03125, 67.96875], [85.625, 67.9375], [85.65625, 67.71875], [85.0, 67.78125], [85.09375, 67.9375], [85.625, 67.96875], [85.71875, 68.125]], [[-120.40625, 67.84375], [-120.28125, 67.9375], [-120.28125, 67.84375], [-120.40625, 67.84375]], [[91.15625, 67.9375], [91.3125, 67.9375], [91.40625, 67.65625], [91.15625, 67.6875], [91.15625, 67.9375]], [[86.6875, 67.875], [87.125, 67.875], [87.125, 67.78125], [86.6875, 67.75], [86.6875, 67.875]], [[-120.53125, 67.6875], [-120.34375, 67.78125], [-120.34375, 67.6875], [-120.53125, 67.6875]], [[-122.125, 67.46875], [-120.6875, 67.71875], [-120.59375, 67.4375], [-121.5, 67.53125], [-121.875, 67.34375], [-122.125, 67.46875]], [[81.90625, 67.59375], [82.15625, 67.40625], [82.6875, 67.46875], [82.875, 67.28125], [82.75, 67.125], [81.875, 67.25], [81.90625, 67.59375]], [[-92.28125, 67.375], [-92.15625, 67.46875], [-92.15625, 67.375], [-92.28125, 67.375]], [[92.03125, 67.375], [92.125, 67.46875], [92.125, 67.375], [92.03125, 67.375]], [[92.1875, 67.375], [92.46875, 67.46875], [92.5, 67.3125], [92.1875, 67.375]], [[80.0, 67.3125], [80.1875, 67.4375], [80.1875, 67.3125], [80.0, 67.3125]], [[81.4375, 67.34375], [81.5625, 67.4375], [81.5625, 67.34375], [81.4375, 67.34375]], [[96.875, 67.375], [97.84375, 67.3125], [98.0625, 67.0625], [97.28125, 66.90625], [96.96875, 67.0625], [96.875, 67.375]], [[-124.84375, 67.25], [-124.71875, 67.34375], [-124.71875, 67.25], [-124.84375, 67.25]], [[-128.71875, 67.1875], [-128.5625, 67.28125], [-128.5625, 67.1875], [-128.71875, 67.1875]], [[88.71875, 67.28125], [89.28125, 67.21875], [89.125, 67.15625], [89.25, 66.5625], [88.65625, 66.5], [88.65625, 66.75], [87.875, 66.9375], [87.125, 66.6875], [87.09375, 66.53125], [87.53125, 66.53125], [87.53125, 66.28125], [86.125, 66.1875], [86.125, 66.34375], [86.6875, 66.40625], [86.71875, 66.625], [87.125, 66.71875], [86.84375, 66.8125], [86.9375, 67.1875], [88.0625, 67.09375], [88.71875, 67.28125]], [[86.75, 67.09375], [86.84375, 67.1875], [86.84375, 67.09375], [86.75, 67.09375]], [[-127.09375, 67.03125], [-126.96875, 67.15625], [-126.96875, 67.03125], [-127.09375, 67.03125]], [[-138.6875, 66.9375], [-138.46875, 66.84375], [-138.6875, 66.84375], [-138.6875, 66.9375]], [[-129.5625, 66.96875], [-129.4375, 66.84375], [-129.8125, 66.6875], [-129.8125, 66.8125], [-129.5625, 66.96875]], [[-128.96875, 66.84375], [-128.875, 66.96875], [-128.84375, 66.84375], [-128.96875, 66.84375]], [[81.34375, 66.9375], [81.71875, 66.9375], [81.75, 66.8125], [81.40625, 66.8125], [81.34375, 66.9375]], [[85.03125, 66.9375], [85.25, 66.9375], [85.3125, 66.78125], [84.96875, 66.78125], [85.03125, 66.9375]], [[-128.40625, 66.90625], [-128.0625, 66.8125], [-128.0625, 66.71875], [-128.3125, 66.71875], [-128.40625, 66.90625]], [[-127.875, 66.8125], [-127.78125, 66.90625], [-127.78125, 66.8125], [-127.875, 66.8125]], [[85.875, 66.90625], [86.15625, 66.90625], [86.15625, 66.78125], [85.84375, 66.78125], [85.875, 66.90625]], [[-138.84375, 66.78125], [-138.71875, 66.875], [-138.71875, 66.78125], [-138.84375, 66.78125]], [[-131.34375, 66.84375], [-131.1875, 66.8125], [-131.15625, 66.59375], [-131.34375, 66.6875], [-131.34375, 66.84375]], [[80.59375, 66.75], [80.6875, 66.84375], [80.6875, 66.75], [80.59375, 66.75]], [[-131.15625, 66.8125], [-130.96875, 66.8125], [-130.96875, 66.6875], [-131.125, 66.6875], [-131.15625, 66.8125]], [[-129.0, 66.71875], [-128.90625, 66.8125], [-128.90625, 66.71875], [-129.0, 66.71875]], [[-89.84375, 66.71875], [-89.6875, 66.8125], [-89.6875, 66.71875], [-89.84375, 66.71875]], [[80.28125, 66.78125], [80.5625, 66.71875], [80.5625, 66.625], [80.34375, 66.625], [80.28125, 66.78125]], [[97.375, 66.6875], [97.59375, 66.78125], [97.59375, 66.6875], [97.375, 66.6875]], [[83.96875, 66.75], [84.0625, 66.5625], [83.8125, 66.53125], [83.78125, 66.65625], [83.96875, 66.75]], [[84.65625, 66.65625], [84.75, 66.75], [84.75, 66.65625], [84.65625, 66.65625]], [[97.21875, 66.65625], [97.3125, 66.75], [97.3125, 66.65625], [97.21875, 66.65625]], [[80.90625, 66.59375], [81.03125, 66.6875], [81.03125, 66.59375], [80.90625, 66.59375]], [[39.1875, 66.5], [39.28125, 66.59375], [39.28125, 66.5], [39.1875, 66.5]], [[86.28125, 66.46875], [86.40625, 66.5625], [86.40625, 66.46875], [86.28125, 66.46875]], [[-137.21875, 66.53125], [-136.90625, 66.46875], [-136.875, 66.34375], [-137.28125, 66.3125], [-137.21875, 66.53125]], [[40.53125, 66.34375], [40.5625, 66.5], [40.625, 66.34375], [40.53125, 66.34375]], [[79.15625, 66.5], [79.90625, 66.46875], [79.90625, 66.375], [79.28125, 66.28125], [79.15625, 66.5]], [[-129.34375, 66.375], [-129.25, 66.46875], [-129.25, 66.375], [-129.34375, 66.375]], [[38.96875, 66.25], [39.09375, 66.46875], [39.0625, 66.25], [38.96875, 66.25]], [[-136.84375, 66.40625], [-136.5625, 66.34375], [-136.84375, 66.3125], [-136.84375, 66.40625]], [[-131.09375, 66.28125], [-131.0, 66.40625], [-131.0, 66.28125], [-131.09375, 66.28125]], [[85.125, 66.28125], [85.59375, 66.28125], [85.0625, 65.90625], [84.21875, 65.96875], [84.34375, 66.125], [85.09375, 66.0625], [85.125, 66.28125]], [[-129.375, 66.25], [-129.28125, 66.34375], [-129.28125, 66.25], [-129.375, 66.25]], [[79.71875, 66.21875], [79.875, 66.3125], [79.875, 66.21875], [79.71875, 66.21875]], [[85.625, 66.09375], [85.71875, 66.3125], [85.78125, 66.09375], [85.625, 66.09375]], [[78.15625, 66.0], [79.03125, 66.25], [79.0, 66.0], [78.78125, 66.0625], [78.875, 65.71875], [78.21875, 65.625], [78.5, 65.4375], [76.40625, 65.3125], [76.125, 65.0], [76.1875, 64.84375], [75.65625, 64.8125], [75.53125, 64.65625], [75.0, 64.78125], [75.03125, 65.0], [75.375, 64.96875], [75.625, 65.1875], [76.3125, 65.34375], [76.53125, 65.75], [78.15625, 66.0]], [[80.125, 66.25], [80.3125, 66.0625], [80.0, 65.84375], [79.59375, 65.84375], [80.125, 66.25]], [[-129.5, 66.125], [-129.375, 66.21875], [-129.375, 66.125], [-129.5, 66.125]], [[79.0625, 66.0625], [79.375, 66.0], [79.0625, 65.96875], [79.0625, 66.0625]], [[90.9375, 65.9375], [91.09375, 66.0625], [91.09375, 65.9375], [90.9375, 65.9375]], [[-137.625, 65.875], [-137.5, 65.84375], [-137.5, 65.71875], [-137.625, 65.71875], [-137.625, 65.875]], [[73.3125, 65.84375], [73.875, 65.78125], [73.3125, 65.75], [73.3125, 65.84375]], [[80.1875, 65.84375], [80.46875, 65.84375], [80.46875, 65.6875], [81.03125, 65.5], [80.25, 65.625], [80.1875, 65.84375]], [[88.09375, 65.65625], [88.4375, 65.78125], [88.46875, 65.65625], [88.09375, 65.65625]], [[83.84375, 65.625], [84.0, 65.71875], [84.0, 65.625], [83.84375, 65.625]], [[79.875, 65.65625], [80.15625, 65.5625], [79.78125, 65.375], [79.53125, 65.4375], [79.875, 65.65625]], [[84.9375, 65.65625], [85.4375, 65.625], [85.4375, 65.53125], [85.0625, 65.4375], [84.90625, 65.5], [84.9375, 65.65625]], [[74.21875, 65.5], [74.375, 65.625], [74.375, 65.53125], [74.21875, 65.5]], [[84.65625, 65.59375], [85.0625, 65.40625], [85.0625, 65.3125], [84.71875, 65.375], [84.65625, 65.59375]], [[85.46875, 65.59375], [85.65625, 65.5625], [85.625, 65.40625], [85.21875, 65.21875], [85.21875, 65.375], [85.40625, 65.40625], [85.46875, 65.59375]], [[86.28125, 65.5625], [86.46875, 65.5625], [86.46875, 65.40625], [86.3125, 65.375], [86.28125, 65.5625]], [[74.5, 65.40625], [74.5625, 65.53125], [74.59375, 65.40625], [74.5, 65.40625]], [[86.90625, 65.40625], [87.4375, 65.4375], [87.53125, 65.09375], [87.34375, 64.9375], [87.03125, 64.90625], [87.0, 65.125], [87.28125, 65.15625], [86.90625, 65.25], [86.90625, 65.40625]], [[86.6875, 65.34375], [86.78125, 65.46875], [86.78125, 65.34375], [86.6875, 65.34375]], [[74.21875, 65.34375], [74.40625, 65.4375], [74.40625, 65.34375], [74.21875, 65.34375]], [[81.125, 65.34375], [81.21875, 65.4375], [81.21875, 65.34375], [81.125, 65.34375]], [[84.40625, 65.3125], [84.53125, 65.4375], [84.53125, 65.34375], [84.40625, 65.3125]], [[-138.9375, 65.28125], [-138.8125, 65.40625], [-138.8125, 65.28125], [-138.9375, 65.28125]], [[78.75, 65.375], [78.875, 65.25], [78.5, 65.15625], [78.5, 65.28125], [78.75, 65.375]], [[-139.96875, 65.0625], [-139.71875, 65.25], [-139.625, 64.875], [-139.96875, 65.0625]], [[77.40625, 65.25], [77.5, 65.125], [77.28125, 65.0625], [77.28125, 65.15625], [77.40625, 65.25]], [[84.21875, 65.15625], [84.53125, 65.21875], [84.5625, 65.09375], [84.21875, 65.15625]], [[-140.71875, 65.09375], [-140.25, 65.0625], [-140.21875, 64.90625], [-140.5, 64.8125], [-140.71875, 65.09375]], [[84.59375, 65.09375], [85.0625, 64.90625], [84.96875, 64.625], [85.125, 64.625], [85.15625, 64.46875], [85.96875, 64.46875], [85.65625, 64.0], [86.125, 63.875], [86.1875, 63.625], [86.03125, 63.5], [85.59375, 63.5], [85.0, 63.75], [85.0, 63.59375], [84.75, 63.625], [84.71875, 63.75], [84.9375, 63.75], [85.15625, 64.125], [84.625, 64.5625], [84.21875, 64.53125], [84.59375, 64.8125], [84.59375, 65.09375]], [[-140.09375, 64.96875], [-140.0, 65.0625], [-140.0, 64.96875], [-140.09375, 64.96875]], [[78.3125, 64.9375], [78.5, 65.0625], [78.5, 64.96875], [78.3125, 64.9375]], [[-139.0, 64.875], [-138.71875, 65.0], [-138.71875, 64.90625], [-139.0, 64.875]], [[87.34375, 64.84375], [87.4375, 64.9375], [87.4375, 64.84375], [87.34375, 64.84375]], [[91.1875, 64.8125], [91.28125, 64.90625], [91.28125, 64.8125], [91.1875, 64.8125]], [[-150.21875, 64.6875], [-150.0625, 64.875], [-150.125, 64.6875], [-150.21875, 64.6875]], [[77.75, 64.6875], [77.875, 64.8125], [77.875, 64.71875], [77.75, 64.6875]], [[85.46875, 64.78125], [85.65625, 64.78125], [85.625, 64.625], [85.53125, 64.625], [85.46875, 64.78125]], [[96.4375, 64.75], [96.625, 64.71875], [96.5625, 64.53125], [96.46875, 64.53125], [96.4375, 64.75]], [[67.03125, 64.625], [67.96875, 64.625], [67.96875, 64.34375], [67.78125, 64.1875], [66.84375, 64.40625], [67.03125, 64.625]], [[74.78125, 64.65625], [74.9375, 64.625], [74.9375, 64.5], [74.75, 64.5], [74.78125, 64.65625]], [[97.5625, 64.5625], [97.78125, 64.65625], [97.78125, 64.5625], [97.5625, 64.5625]], [[76.71875, 64.53125], [76.8125, 64.625], [76.8125, 64.53125], [76.71875, 64.53125]], [[83.9375, 64.46875], [84.0625, 64.59375], [84.0625, 64.4375], [83.9375, 64.46875]], [[90.0625, 64.40625], [90.25, 64.5], [90.25, 64.40625], [90.0625, 64.40625]], [[74.34375, 64.40625], [74.59375, 64.40625], [74.65625, 64.28125], [74.3125, 64.28125], [74.34375, 64.40625]], [[77.5625, 64.28125], [77.65625, 64.375], [77.65625, 64.28125], [77.5625, 64.28125]], [[-146.3125, 64.15625], [-146.21875, 64.25], [-146.21875, 64.15625], [-146.3125, 64.15625]], [[72.40625, 64.125], [72.5, 64.21875], [72.5, 64.125], [72.40625, 64.125]], [[72.71875, 64.0], [72.8125, 64.21875], [72.875, 64.0], [72.71875, 64.0]], [[86.125, 64.21875], [86.40625, 64.21875], [86.4375, 63.96875], [86.03125, 64.0625], [86.125, 64.21875]], [[67.4375, 64.15625], [67.625, 64.09375], [67.4375, 64.0625], [67.4375, 64.15625]], [[77.4375, 64.0625], [77.5625, 64.15625], [77.5625, 64.0625], [77.4375, 64.0625]], [[67.1875, 64.0], [67.40625, 64.125], [67.40625, 64.03125], [67.1875, 64.0]], [[89.46875, 63.96875], [89.71875, 64.125], [89.71875, 63.9375], [89.46875, 63.96875]], [[83.65625, 63.96875], [84.4375, 64.0625], [84.46875, 63.9375], [84.09375, 63.78125], [83.65625, 63.84375], [83.65625, 63.96875]], [[76.15625, 63.9375], [76.34375, 64.03125], [76.34375, 63.9375], [76.15625, 63.9375]], [[72.90625, 63.8125], [73.0, 63.9375], [73.0, 63.8125], [72.90625, 63.8125]], [[88.125, 63.5625], [89.21875, 63.90625], [89.21875, 63.65625], [88.71875, 63.46875], [88.46875, 63.5625], [88.1875, 63.25], [88.125, 63.5625]], [[72.40625, 63.71875], [72.59375, 63.71875], [72.625, 63.59375], [72.40625, 63.59375], [72.40625, 63.71875]], [[69.96875, 63.40625], [70.0625, 63.5], [70.0625, 63.40625], [69.96875, 63.40625]], [[87.40625, 63.1875], [88.15625, 63.28125], [88.21875, 62.9375], [87.53125, 62.78125], [87.40625, 62.4375], [87.65625, 62.28125], [87.3125, 62.09375], [87.21875, 61.78125], [86.78125, 61.875], [86.71875, 62.15625], [86.875, 62.1875], [87.03125, 62.71875], [87.46875, 62.875], [87.40625, 63.1875]], [[-150.09375, 63.09375], [-149.96875, 63.1875], [-149.96875, 63.09375], [-150.09375, 63.09375]], [[85.8125, 62.84375], [85.90625, 62.9375], [85.90625, 62.84375], [85.8125, 62.84375]], [[-148.84375, 62.625], [-148.75, 62.71875], [-148.75, 62.625], [-148.84375, 62.625]], [[67.8125, 62.625], [67.90625, 62.71875], [67.90625, 62.625], [67.8125, 62.625]], [[68.25, 62.71875], [68.53125, 62.71875], [68.59375, 62.53125], [68.125, 62.53125], [68.25, 62.71875]], [[-151.75, 62.59375], [-151.65625, 62.6875], [-151.65625, 62.59375], [-151.75, 62.59375]], [[61.75, 62.59375], [61.90625, 62.6875], [61.90625, 62.59375], [61.75, 62.59375]], [[-149.90625, 62.46875], [-149.8125, 62.5625], [-149.8125, 62.46875], [-149.90625, 62.46875]], [[86.0625, 62.15625], [86.1875, 62.28125], [86.21875, 62.15625], [86.0625, 62.15625]], [[85.03125, 62.125], [85.1875, 62.25], [85.15625, 62.125], [85.03125, 62.125]], [[-152.4375, 62.09375], [-152.34375, 62.21875], [-152.3125, 62.09375], [-152.4375, 62.09375]], [[-152.21875, 61.875], [-152.09375, 61.96875], [-152.09375, 61.875], [-152.21875, 61.875]], [[-153.09375, 61.9375], [-153.03125, 61.78125], [-153.375, 61.78125], [-153.375, 61.90625], [-153.09375, 61.9375]], [[86.40625, 61.5], [86.5625, 61.59375], [86.5625, 61.5], [86.40625, 61.5]], [[84.53125, 61.46875], [84.625, 61.5625], [84.625, 61.46875], [84.53125, 61.46875]], [[86.65625, 61.5625], [86.84375, 61.53125], [86.84375, 61.4375], [86.625, 61.4375], [86.65625, 61.5625]], [[-153.34375, 61.4375], [-153.15625, 61.53125], [-153.15625, 61.4375], [-153.34375, 61.4375]], [[-153.09375, 61.5], [-152.84375, 61.5], [-152.71875, 61.34375], [-153.125, 61.3125], [-153.09375, 61.5]], [[87.4375, 61.40625], [88.875, 61.125], [89.25, 60.8125], [89.125, 60.375], [88.6875, 60.15625], [87.96875, 60.125], [87.96875, 60.3125], [87.15625, 60.40625], [87.5625, 60.1875], [87.5, 60.0625], [86.53125, 60.34375], [86.3125, 60.59375], [86.34375, 60.90625], [85.9375, 60.96875], [86.09375, 60.71875], [85.8125, 60.71875], [85.625, 60.78125], [85.625, 60.96875], [85.4375, 60.9375], [85.59375, 61.15625], [86.1875, 61.125], [86.1875, 61.3125], [87.4375, 61.40625]], [[-153.625, 61.03125], [-153.53125, 61.125], [-153.53125, 61.03125], [-153.625, 61.03125]], [[85.25, 60.625], [85.4375, 60.71875], [85.4375, 60.625], [85.25, 60.625]], [[-154.25, 60.53125], [-154.125, 60.625], [-154.125, 60.53125], [-154.25, 60.53125]], [[-161.03125, 60.46875], [-160.9375, 60.5625], [-160.9375, 60.46875], [-161.03125, 60.46875]], [[-71.5625, 60.5625], [-71.40625, 60.40625], [-71.625, 60.34375], [-71.625, 60.46875], [-71.5625, 60.5625]], [[58.71875, 60.46875], [58.8125, 60.5625], [58.8125, 60.46875], [58.71875, 60.46875]], [[-71.9375, 60.375], [-71.8125, 60.46875], [-71.8125, 60.375], [-71.9375, 60.375]], [[-154.53125, 60.375], [-154.21875, 60.375], [-154.21875, 60.28125], [-154.53125, 60.21875], [-154.53125, 60.375]], [[58.8125, 60.15625], [59.40625, 60.125], [59.75, 59.84375], [60.4375, 59.8125], [60.8125, 59.6875], [60.8125, 59.5], [59.75, 59.53125], [59.4375, 59.71875], [59.40625, 59.96875], [59.0, 59.90625], [58.8125, 60.15625]], [[152.5625, 60.0], [152.65625, 60.125], [152.65625, 60.0], [152.5625, 60.0]], [[82.46875, 59.90625], [82.75, 60.09375], [82.9375, 59.8125], [82.46875, 59.90625]], [[82.25, 59.84375], [82.4375, 59.96875], [82.4375, 59.8125], [82.25, 59.84375]], [[58.40625, 59.8125], [58.5, 59.65625], [58.21875, 59.46875], [58.21875, 59.625], [58.40625, 59.8125]], [[-71.625, 59.65625], [-71.5, 59.78125], [-71.5, 59.65625], [-71.625, 59.65625]], [[-156.1875, 59.75], [-155.90625, 59.375], [-156.375, 59.15625], [-156.21875, 59.53125], [-156.1875, 59.75]], [[57.53125, 59.65625], [58.15625, 59.625], [58.1875, 59.5], [57.71875, 59.46875], [57.53125, 59.28125], [56.9375, 59.3125], [56.875, 59.59375], [57.125, 59.4375], [57.53125, 59.65625]], [[82.1875, 59.53125], [82.28125, 59.65625], [82.28125, 59.53125], [82.1875, 59.53125]], [[61.90625, 59.5625], [62.09375, 59.5625], [62.21875, 59.40625], [61.875, 59.375], [61.90625, 59.5625]], [[33.15625, 59.15625], [33.625, 59.1875], [33.625, 59.03125], [33.1875, 59.0], [33.15625, 59.15625]], [[56.59375, 59.09375], [56.78125, 59.21875], [56.78125, 59.125], [56.59375, 59.09375]], [[60.5, 59.09375], [60.65625, 59.21875], [60.65625, 59.125], [60.5, 59.09375]], [[56.46875, 59.0625], [56.5625, 59.15625], [56.5625, 59.0625], [56.46875, 59.0625]], [[-156.40625, 59.0], [-156.3125, 59.09375], [-156.3125, 59.0], [-156.40625, 59.0]], [[60.6875, 58.875], [60.78125, 58.96875], [60.78125, 58.875], [60.6875, 58.875]], [[60.15625, 58.875], [60.375, 58.84375], [60.15625, 58.78125], [60.15625, 58.875]], [[89.3125, 58.59375], [89.46875, 58.75], [89.4375, 58.59375], [89.3125, 58.59375]], [[37.90625, 58.53125], [38.125, 58.53125], [38.125, 58.4375], [37.90625, 58.40625], [37.90625, 58.53125]], [[56.5, 58.21875], [56.75, 58.03125], [56.53125, 58.0625], [56.46875, 57.84375], [55.78125, 57.875], [55.9375, 58.0625], [56.3125, 57.96875], [56.5, 58.21875]], [[82.3125, 57.96875], [82.46875, 57.9375], [82.5, 57.78125], [82.3125, 57.84375], [82.3125, 57.96875]], [[41.53125, 57.8125], [41.71875, 57.75], [41.59375, 57.34375], [41.28125, 57.53125], [41.53125, 57.8125]], [[41.125, 57.5], [41.21875, 57.59375], [41.21875, 57.5], [41.125, 57.5]], [[81.84375, 57.40625], [82.15625, 57.53125], [82.09375, 57.375], [82.28125, 57.15625], [82.78125, 56.875], [82.34375, 56.875], [81.875, 57.25], [81.84375, 57.40625]], [[43.0, 57.4375], [43.1875, 57.4375], [43.1875, 57.34375], [42.96875, 57.28125], [43.0, 57.4375]], [[168.625, 57.34375], [168.78125, 57.34375], [168.8125, 57.21875], [168.65625, 57.21875], [168.625, 57.34375]], [[-159.75, 57.21875], [-159.625, 57.3125], [-159.625, 57.21875], [-159.75, 57.21875]], [[-159.9375, 57.21875], [-159.84375, 57.09375], [-159.96875, 56.9375], [-160.28125, 56.84375], [-159.9375, 57.21875]], [[28.71875, 57.125], [28.8125, 57.21875], [28.8125, 57.125], [28.71875, 57.125]], [[30.5, 57.03125], [30.59375, 57.125], [30.59375, 57.03125], [30.5, 57.03125]], [[29.53125, 57.0625], [29.6875, 57.03125], [29.6875, 56.9375], [29.53125, 56.9375], [29.53125, 57.0625]], [[33.375, 56.9375], [33.53125, 57.0625], [33.53125, 56.9375], [33.375, 56.9375]], [[28.28125, 56.9375], [28.40625, 57.03125], [28.40625, 56.9375], [28.28125, 56.9375]], [[-164.21875, 56.875], [-164.09375, 57.0], [-164.0625, 56.84375], [-164.21875, 56.875]], [[39.125, 57.0], [39.375, 57.0], [39.40625, 56.625], [38.96875, 56.75], [39.125, 57.0]], [[30.71875, 56.9375], [30.9375, 56.9375], [31.0, 56.53125], [30.5, 56.6875], [30.71875, 56.9375]], [[39.90625, 56.90625], [40.03125, 56.875], [40.03125, 56.71875], [39.9375, 56.71875], [39.90625, 56.90625]], [[-164.625, 56.6875], [-164.53125, 56.84375], [-164.53125, 56.6875], [-164.625, 56.6875]], [[169.75, 56.75], [169.84375, 56.84375], [169.84375, 56.75], [169.75, 56.75]], [[39.8125, 56.5], [39.90625, 56.59375], [39.90625, 56.5], [39.8125, 56.5]], [[50.8125, 56.59375], [51.0625, 56.5625], [51.0625, 56.46875], [50.875, 56.4375], [50.8125, 56.59375]], [[43.75, 56.375], [43.90625, 56.5], [43.875, 56.34375], [43.75, 56.375]], [[167.34375, 56.3125], [167.625, 56.28125], [167.625, 56.125], [167.34375, 56.1875], [167.34375, 56.3125]], [[46.3125, 56.1875], [46.5, 56.28125], [46.5, 56.1875], [46.3125, 56.1875]], [[170.125, 56.28125], [171.6875, 56.1875], [171.6875, 56.0625], [170.96875, 56.09375], [170.59375, 55.9375], [170.46875, 55.46875], [170.65625, 55.25], [171.1875, 55.09375], [171.78125, 55.15625], [172.21875, 55.65625], [172.46875, 55.4375], [172.15625, 55.25], [172.15625, 55.0625], [171.90625, 55.125], [171.375, 54.875], [169.78125, 55.1875], [169.71875, 55.375], [170.0, 55.53125], [169.65625, 55.53125], [169.6875, 55.875], [170.03125, 56.0], [169.9375, 56.15625], [170.125, 56.15625], [170.125, 56.28125]], [[51.6875, 56.09375], [51.78125, 56.21875], [51.78125, 56.09375], [51.6875, 56.09375]], [[-65.1875, 56.15625], [-64.875, 56.0625], [-64.84375, 55.875], [-64.53125, 56.0], [-64.5, 55.6875], [-64.6875, 55.5625], [-65.0, 55.625], [-65.1875, 56.15625]], [[54.09375, 56.125], [54.4375, 56.125], [54.46875, 55.96875], [53.90625, 55.875], [54.09375, 56.125]], [[171.71875, 56.125], [172.0625, 56.0625], [172.09375, 55.9375], [171.96875, 55.90625], [171.71875, 56.125]], [[-64.84375, 56.0], [-64.75, 56.09375], [-64.75, 56.0], [-64.84375, 56.0]], [[163.8125, 55.875], [164.0625, 56.0625], [164.125, 55.71875], [163.8125, 55.875]], [[156.0, 55.84375], [156.09375, 55.9375], [156.09375, 55.84375], [156.0, 55.84375]], [[172.15625, 55.90625], [172.28125, 55.875], [172.28125, 55.75], [172.15625, 55.75], [172.15625, 55.90625]], [[28.4375, 55.875], [28.8125, 55.75], [28.6875, 55.4375], [28.4375, 55.6875], [28.4375, 55.875]], [[166.375, 55.875], [166.59375, 55.71875], [166.625, 55.34375], [167.3125, 54.0625], [166.875, 53.90625], [166.8125, 53.4375], [166.65625, 53.46875], [166.5625, 53.78125], [166.6875, 54.21875], [166.5, 54.4375], [166.53125, 54.875], [166.28125, 55.125], [166.375, 55.875]], [[166.8125, 55.65625], [167.03125, 55.65625], [166.8125, 55.5625], [166.8125, 55.65625]], [[52.84375, 55.71875], [53.125, 55.6875], [53.09375, 55.5], [52.96875, 55.5], [52.84375, 55.71875]], [[163.0625, 55.5], [163.40625, 55.5], [163.90625, 55.09375], [163.9375, 54.6875], [163.40625, 54.34375], [163.90625, 54.25], [163.625, 54.09375], [163.8125, 54.03125], [163.71875, 53.65625], [163.5625, 53.65625], [163.59375, 53.9375], [163.34375, 53.90625], [163.0, 53.25], [162.8125, 53.28125], [162.875, 53.4375], [162.1875, 53.375], [161.65625, 53.625], [161.6875, 54.0], [162.0, 53.84375], [162.25, 53.9375], [162.28125, 54.25], [162.65625, 54.78125], [162.9375, 54.84375], [163.25, 54.6875], [163.5, 54.8125], [163.4375, 55.25], [162.78125, 55.125], [163.0625, 55.5]], [[29.4375, 55.40625], [29.59375, 55.40625], [29.59375, 55.21875], [29.375, 55.21875], [29.4375, 55.40625]], [[163.96875, 55.25], [164.0625, 55.34375], [164.0625, 55.25], [163.96875, 55.25]], [[31.21875, 55.125], [31.3125, 55.21875], [31.3125, 55.125], [31.21875, 55.125]], [[31.4375, 55.21875], [31.625, 55.0625], [31.34375, 54.9375], [31.34375, 55.0625], [31.4375, 55.21875]], [[31.96875, 55.0625], [32.0625, 55.1875], [32.0625, 55.0625], [31.96875, 55.0625]], [[27.09375, 55.125], [27.375, 55.09375], [27.375, 54.9375], [27.1875, 54.9375], [27.09375, 55.125]], [[165.125, 54.90625], [165.25, 55.03125], [165.25, 54.90625], [165.125, 54.90625]], [[31.84375, 54.78125], [31.9375, 54.875], [31.9375, 54.78125], [31.84375, 54.78125]], [[165.0, 54.875], [165.25, 54.8125], [165.3125, 54.5], [164.9375, 54.53125], [164.59375, 54.34375], [164.4375, 54.03125], [164.25, 54.03125], [164.3125, 54.59375], [164.625, 54.5], [165.0, 54.875]], [[171.5, 54.65625], [171.59375, 54.78125], [171.625, 54.65625], [171.5, 54.65625]], [[25.375, 54.71875], [25.875, 54.65625], [25.96875, 54.46875], [25.625, 54.34375], [25.625, 54.53125], [25.40625, 54.53125], [25.375, 54.71875]], [[27.0, 54.5], [27.25, 54.625], [27.25, 54.46875], [27.0, 54.5]], [[171.3125, 54.5], [171.46875, 54.625], [171.5, 54.5], [171.3125, 54.5]], [[34.15625, 54.4375], [34.25, 54.53125], [34.25, 54.4375], [34.15625, 54.4375]], [[171.03125, 54.53125], [171.15625, 54.3125], [170.96875, 54.21875], [170.9375, 54.4375], [171.03125, 54.53125]], [[26.3125, 54.34375], [26.84375, 54.25], [26.9375, 53.875], [26.34375, 53.875], [26.3125, 54.34375]], [[139.03125, 54.25], [139.125, 54.34375], [139.125, 54.25], [139.03125, 54.25]], [[162.0, 54.28125], [162.1875, 54.25], [162.0, 54.15625], [162.0, 54.28125]], [[168.1875, 54.21875], [168.5, 54.125], [168.5, 53.9375], [168.3125, 53.875], [168.75, 52.78125], [168.5, 52.96875], [168.09375, 52.90625], [168.34375, 53.0625], [168.34375, 53.34375], [167.96875, 53.84375], [168.1875, 54.21875]], [[164.3125, 53.90625], [164.625, 53.84375], [164.65625, 53.4375], [164.21875, 53.5625], [164.3125, 53.90625]], [[26.0625, 53.78125], [26.15625, 53.875], [26.15625, 53.78125], [26.0625, 53.78125]], [[173.25, 53.78125], [173.375, 53.875], [173.375, 53.78125], [173.25, 53.78125]], [[-162.59375, 53.75], [-161.90625, 53.8125], [-161.90625, 53.5], [-162.25, 53.375], [-162.65625, 53.53125], [-162.59375, 53.75]], [[-170.34375, 53.65625], [-170.1875, 53.78125], [-170.1875, 53.65625], [-170.34375, 53.65625]], [[-159.59375, 53.78125], [-159.4375, 53.78125], [-159.4375, 53.6875], [-159.59375, 53.625], [-159.59375, 53.78125]], [[164.96875, 53.78125], [165.3125, 53.5], [165.21875, 53.28125], [164.96875, 53.28125], [165.15625, 53.5], [164.96875, 53.78125]], [[-158.5, 53.625], [-158.34375, 53.75], [-158.34375, 53.65625], [-158.5, 53.625]], [[25.15625, 53.75], [25.28125, 53.75], [25.25, 53.5625], [25.15625, 53.5625], [25.15625, 53.75]], [[25.84375, 53.65625], [25.96875, 53.75], [25.96875, 53.65625], [25.84375, 53.65625]], [[159.84375, 53.53125], [160.0, 53.71875], [159.96875, 53.53125], [159.84375, 53.53125]], [[26.15625, 53.625], [26.375, 53.5625], [26.375, 53.375], [26.09375, 53.3125], [26.15625, 53.625]], [[25.15625, 53.4375], [25.25, 53.53125], [25.25, 53.4375], [25.15625, 53.4375]], [[25.96875, 53.375], [26.0625, 53.46875], [26.0625, 53.375], [25.96875, 53.375]], [[25.8125, 53.3125], [25.9375, 53.40625], [25.9375, 53.3125], [25.8125, 53.3125]], [[156.84375, 53.125], [157.96875, 53.40625], [157.9375, 53.25], [158.5625, 53.34375], [158.5625, 53.09375], [158.1875, 53.0625], [158.28125, 52.8125], [157.71875, 52.5], [157.0625, 52.53125], [157.40625, 52.6875], [156.75, 52.875], [156.84375, 53.125]], [[25.0, 53.0625], [25.125, 53.1875], [25.15625, 53.0625], [25.0, 53.0625]], [[158.78125, 53.09375], [158.9375, 53.09375], [158.9375, 52.9375], [158.8125, 52.9375], [158.78125, 53.09375]], [[-160.15625, 53.0625], [-159.875, 52.9375], [-159.875, 52.71875], [-160.34375, 52.84375], [-160.15625, 53.0625]], [[167.5, 52.9375], [167.75, 53.0625], [167.6875, 52.875], [167.5, 52.9375]], [[-160.90625, 52.875], [-160.375, 52.71875], [-160.4375, 52.5625], [-160.1875, 52.53125], [-160.0, 52.125], [-160.1875, 52.09375], [-160.34375, 52.34375], [-160.53125, 52.125], [-160.84375, 52.09375], [-160.90625, 51.9375], [-160.8125, 51.71875], [-161.0625, 51.96875], [-161.40625, 51.9375], [-161.40625, 52.53125], [-160.96875, 52.6875], [-160.90625, 52.875]], [[169.8125, 52.53125], [170.03125, 52.65625], [170.03125, 52.5625], [169.8125, 52.53125]], [[158.8125, 52.625], [158.90625, 52.5], [158.5625, 52.375], [158.5625, 52.53125], [158.8125, 52.625]], [[168.0625, 52.59375], [168.5625, 52.46875], [168.46875, 51.65625], [168.15625, 51.8125], [168.25, 52.0625], [168.0, 52.25], [168.0625, 52.59375]], [[-159.65625, 52.40625], [-159.5625, 52.53125], [-159.53125, 52.40625], [-159.65625, 52.40625]], [[-158.46875, 52.4375], [-158.375, 52.53125], [-158.375, 52.4375], [-158.46875, 52.4375]], [[24.75, 52.34375], [24.84375, 52.46875], [24.84375, 52.34375], [24.75, 52.34375]], [[171.4375, 52.3125], [171.59375, 52.4375], [171.59375, 52.3125], [171.4375, 52.3125]], [[-157.46875, 52.28125], [-157.34375, 52.375], [-157.34375, 52.28125], [-157.46875, 52.28125]], [[170.96875, 52.375], [171.125, 52.375], [171.125, 52.25], [171.0, 52.25], [170.96875, 52.375]], [[157.9375, 52.21875], [158.84375, 52.28125], [158.8125, 52.0], [158.46875, 51.96875], [158.40625, 52.1875], [157.9375, 52.21875]], [[171.75, 52.28125], [171.96875, 52.25], [172.0, 52.0625], [171.75, 52.0625], [171.75, 52.28125]], [[24.5625, 52.15625], [24.65625, 52.25], [24.65625, 52.15625], [24.5625, 52.15625]], [[166.96875, 52.1875], [167.21875, 52.1875], [167.21875, 52.0], [166.96875, 51.96875], [166.96875, 52.1875]], [[-159.5625, 52.0625], [-159.46875, 52.15625], [-159.46875, 52.0625], [-159.5625, 52.0625]], [[-160.84375, 51.90625], [-160.6875, 52.0], [-160.6875, 51.90625], [-160.84375, 51.90625]], [[169.5, 51.96875], [169.6875, 51.96875], [169.5625, 51.6875], [169.46875, 51.6875], [169.5, 51.96875]], [[172.0625, 51.9375], [172.34375, 51.78125], [172.1875, 51.71875], [172.3125, 51.25], [171.96875, 51.46875], [172.0, 51.6875], [172.15625, 51.71875], [172.0625, 51.9375]], [[158.71875, 51.875], [158.9375, 51.84375], [158.96875, 51.71875], [158.71875, 51.71875], [158.71875, 51.875]], [[-158.34375, 51.71875], [-158.03125, 51.8125], [-158.03125, 51.53125], [-158.34375, 51.71875]], [[23.5, 51.84375], [23.6875, 51.84375], [23.75, 51.625], [23.53125, 51.6875], [23.5, 51.84375]], [[-160.21875, 51.6875], [-160.125, 51.78125], [-160.125, 51.6875], [-160.21875, 51.6875]], [[169.75, 51.6875], [169.875, 51.78125], [169.875, 51.6875], [169.75, 51.6875]], [[21.59375, 51.71875], [22.0625, 51.71875], [22.09375, 51.59375], [21.53125, 51.5], [21.59375, 51.71875]], [[162.5, 51.59375], [162.65625, 51.71875], [162.65625, 51.5625], [162.5, 51.59375]], [[168.4375, 51.46875], [168.75, 51.6875], [168.8125, 51.34375], [168.4375, 51.46875]], [[170.75, 51.5625], [170.875, 51.65625], [170.875, 51.5625], [170.75, 51.5625]], [[153.875, 51.5], [154.09375, 51.375], [154.09375, 51.1875], [153.625, 51.03125], [153.5, 51.3125], [153.875, 51.5]], [[170.21875, 51.46875], [170.9375, 51.25], [171.625, 51.34375], [171.625, 51.21875], [171.9375, 51.125], [171.9375, 50.96875], [171.6875, 50.78125], [171.25, 50.875], [171.15625, 51.0625], [170.78125, 50.78125], [170.1875, 50.84375], [169.90625, 51.34375], [170.21875, 51.46875]], [[167.875, 51.25], [168.0, 51.375], [168.03125, 51.25], [167.875, 51.25]], [[171.6875, 51.25], [172.0, 51.34375], [172.09375, 51.125], [171.6875, 51.25]], [[163.9375, 51.3125], [164.09375, 51.3125], [164.125, 51.1875], [163.96875, 51.1875], [163.9375, 51.3125]], [[172.875, 51.3125], [173.1875, 51.21875], [173.1875, 51.0625], [172.9375, 51.09375], [172.875, 51.3125]], [[154.1875, 51.1875], [154.28125, 51.28125], [154.28125, 51.1875], [154.1875, 51.1875]], [[156.5, 51.1875], [156.59375, 51.28125], [156.59375, 51.1875], [156.5, 51.1875]], [[16.71875, 51.1875], [17.15625, 51.09375], [17.15625, 50.8125], [16.875, 50.78125], [16.71875, 51.1875]], [[15.65625, 51.03125], [16.4375, 51.0], [15.78125, 50.75], [15.75, 50.34375], [16.28125, 50.125], [16.65625, 50.1875], [16.9375, 50.375], [16.96875, 50.75], [17.09375, 50.75], [17.15625, 50.46875], [17.40625, 50.59375], [17.625, 50.0625], [17.09375, 50.25], [17.0, 50.125], [17.15625, 50.0], [16.75, 49.90625], [15.78125, 50.125], [15.5, 50.46875], [15.65625, 51.03125]], [[168.0625, 50.90625], [168.1875, 51.03125], [168.21875, 50.90625], [168.0625, 50.90625]], [[158.59375, 50.875], [158.6875, 50.96875], [158.6875, 50.875], [158.59375, 50.875]], [[168.25, 50.8125], [168.375, 50.90625], [168.375, 50.8125], [168.25, 50.8125]], [[158.71875, 50.75], [158.84375, 50.84375], [158.84375, 50.75], [158.71875, 50.75]], [[-53.15625, 50.6875], [-52.9375, 50.8125], [-53.03125, 50.59375], [-53.15625, 50.6875]], [[22.90625, 50.53125], [22.96875, 50.65625], [23.0, 50.53125], [22.90625, 50.53125]], [[168.15625, 50.53125], [168.28125, 50.625], [168.28125, 50.53125], [168.15625, 50.53125]], [[170.90625, 50.625], [171.1875, 50.5625], [170.96875, 50.375], [171.6875, 50.3125], [171.71875, 50.09375], [171.84375, 50.125], [171.8125, 50.34375], [172.15625, 50.125], [172.40625, 50.1875], [172.4375, 50.03125], [173.03125, 50.28125], [173.125, 49.84375], [173.5, 49.84375], [173.5, 49.65625], [172.84375, 49.53125], [172.78125, 49.28125], [172.3125, 49.40625], [171.875, 49.28125], [171.78125, 49.8125], [171.96875, 49.90625], [171.59375, 49.90625], [171.40625, 50.09375], [170.90625, 50.0625], [170.71875, 50.375], [170.90625, 50.625]], [[152.90625, 50.5], [153.65625, 50.5625], [153.65625, 50.375], [153.4375, 50.375], [153.21875, 50.125], [152.90625, 50.15625], [152.90625, 50.5]], [[157.0625, 50.40625], [157.15625, 50.5], [157.15625, 50.40625], [157.0625, 50.40625]], [[18.90625, 50.3125], [19.03125, 50.40625], [19.03125, 50.3125], [18.90625, 50.3125]], [[-160.96875, 50.1875], [-160.875, 50.3125], [-160.875, 50.1875], [-160.96875, 50.1875]], [[82.0625, 50.28125], [82.4375, 50.21875], [83.03125, 49.65625], [82.4375, 49.84375], [82.0625, 50.28125]], [[168.59375, 50.15625], [168.75, 50.15625], [168.59375, 50.0625], [168.59375, 50.15625]], [[23.40625, 50.0625], [23.5, 50.15625], [23.5, 50.0625], [23.40625, 50.0625]], [[170.59375, 50.0], [170.875, 49.96875], [170.875, 49.875], [170.6875, 49.84375], [170.59375, 50.0]], [[18.875, 49.96875], [19.0625, 49.78125], [19.625, 49.71875], [19.46875, 49.4375], [19.84375, 49.25], [19.375, 49.34375], [19.34375, 49.5625], [19.0, 49.65625], [18.875, 49.96875]], [[171.65625, 49.6875], [171.75, 49.78125], [171.75, 49.6875], [171.65625, 49.6875]], [[21.03125, 49.71875], [21.28125, 49.71875], [21.4375, 49.46875], [21.03125, 49.53125], [21.03125, 49.71875]], [[18.09375, 49.59375], [18.5625, 49.625], [18.625, 49.4375], [18.09375, 49.59375]], [[140.0625, 49.59375], [140.6875, 49.53125], [140.90625, 49.3125], [141.15625, 49.375], [141.09375, 49.125], [141.53125, 49.0625], [141.5625, 49.1875], [141.8125, 49.1875], [141.75, 48.84375], [142.0, 48.8125], [142.03125, 48.4375], [141.71875, 48.53125], [141.75, 48.78125], [141.1875, 48.875], [141.5, 48.65625], [141.375, 48.4375], [141.6875, 48.3125], [141.6875, 47.96875], [141.53125, 47.9375], [141.5, 47.84375], [141.75, 47.90625], [141.75, 47.65625], [141.25, 47.40625], [141.40625, 47.1875], [141.875, 47.375], [141.6875, 46.96875], [141.15625, 47.21875], [141.15625, 47.0625], [140.9375, 47.0], [141.0625, 46.84375], [140.4375, 46.6875], [140.25, 46.9375], [139.46875, 46.6875], [138.3125, 47.46875], [138.21875, 47.9375], [137.84375, 48.03125], [138.21875, 48.40625], [138.0, 48.71875], [138.34375, 48.59375], [138.75, 49.40625], [139.625, 49.34375], [140.0625, 49.59375]], [[170.78125, 49.59375], [171.0, 49.59375], [171.03125, 49.46875], [170.75, 49.40625], [170.78125, 49.59375]], [[173.8125, 49.5], [174.0, 49.5], [173.96875, 49.28125], [173.75, 49.3125], [173.8125, 49.5]], [[81.53125, 49.46875], [81.8125, 49.4375], [81.84375, 49.25], [81.625, 49.21875], [81.53125, 49.46875]], [[154.90625, 49.34375], [155.0625, 49.46875], [155.0625, 49.375], [154.90625, 49.34375]], [[145.125, 49.34375], [145.21875, 49.4375], [145.21875, 49.34375], [145.125, 49.34375]], [[14.25, 49.21875], [14.40625, 49.3125], [14.40625, 49.21875], [14.25, 49.21875]], [[-156.8125, 49.28125], [-156.71875, 49.1875], [-156.90625, 49.0625], [-156.90625, 49.15625], [-156.8125, 49.28125]], [[145.8125, 49.28125], [146.34375, 49.1875], [146.53125, 48.96875], [146.0, 48.625], [145.625, 48.65625], [145.4375, 48.96875], [145.8125, 49.28125]], [[171.46875, 49.1875], [171.6875, 49.125], [171.5, 49.0625], [171.46875, 49.1875]], [[-155.1875, 49.21875], [-154.9375, 49.09375], [-154.9375, 49.0], [-155.15625, 48.96875], [-155.1875, 49.21875]], [[152.21875, 49.125], [152.34375, 49.21875], [152.34375, 49.125], [152.21875, 49.125]], [[171.09375, 49.21875], [171.28125, 49.21875], [171.34375, 48.875], [171.21875, 48.875], [171.09375, 49.21875]], [[-50.125, 49.1875], [-49.9375, 49.1875], [-49.9375, 49.0625], [-50.125, 49.0625], [-50.125, 49.1875]], [[18.6875, 49.15625], [19.03125, 49.15625], [19.09375, 49.03125], [18.5625, 48.90625], [18.6875, 49.15625]], [[-155.8125, 49.09375], [-155.6875, 48.71875], [-155.90625, 48.78125], [-155.875, 48.53125], [-156.0625, 48.40625], [-155.875, 48.0], [-156.3125, 47.90625], [-156.125, 48.78125], [-156.03125, 48.9375], [-155.8125, 48.90625], [-155.8125, 49.09375]], [[15.5, 49.0625], [15.875, 49.0625], [15.875, 48.9375], [15.53125, 48.9375], [15.5, 49.0625]], [[145.03125, 48.90625], [145.1875, 49.0625], [145.15625, 48.875], [145.03125, 48.90625]], [[23.375, 49.03125], [23.75, 49.0], [23.8125, 48.875], [23.53125, 48.78125], [23.375, 49.03125]], [[14.78125, 48.875], [15.03125, 48.96875], [15.03125, 48.875], [14.78125, 48.875]], [[19.375, 48.96875], [19.96875, 48.75], [19.96875, 48.53125], [19.4375, 48.65625], [19.375, 48.96875]], [[172.0625, 48.9375], [172.15625, 48.78125], [171.96875, 48.65625], [171.9375, 48.78125], [172.0625, 48.9375]], [[152.125, 48.90625], [152.3125, 48.90625], [152.34375, 48.78125], [152.15625, 48.75], [152.125, 48.90625]], [[146.4375, 48.78125], [146.53125, 48.875], [146.53125, 48.78125], [146.4375, 48.78125]], [[80.59375, 48.75], [80.6875, 48.84375], [80.6875, 48.75], [80.59375, 48.75]], [[18.59375, 48.71875], [18.75, 48.71875], [18.78125, 48.53125], [18.65625, 48.53125], [18.59375, 48.71875]], [[152.03125, 48.65625], [152.21875, 48.59375], [152.1875, 48.40625], [152.03125, 48.4375], [152.03125, 48.65625]], [[152.3125, 48.5625], [152.4375, 48.65625], [152.4375, 48.5625], [152.3125, 48.5625]], [[19.0625, 48.5625], [19.5625, 48.40625], [19.59375, 48.28125], [19.03125, 48.34375], [19.0625, 48.5625]], [[171.53125, 48.5625], [171.75, 48.5625], [171.75, 48.21875], [171.375, 48.25], [171.53125, 48.5625]], [[15.875, 48.375], [16.0, 48.46875], [16.0, 48.375], [15.875, 48.375]], [[147.3125, 48.40625], [147.65625, 48.28125], [147.3125, 48.28125], [147.3125, 48.40625]], [[15.0, 48.1875], [15.125, 48.375], [15.125, 48.1875], [15.0, 48.1875]], [[152.09375, 48.15625], [152.28125, 48.375], [152.28125, 48.15625], [152.09375, 48.15625]], [[178.90625, 48.21875], [179.09375, 48.34375], [179.09375, 48.25], [178.90625, 48.21875]], [[-155.875, 48.21875], [-155.75, 48.3125], [-155.75, 48.21875], [-155.875, 48.21875]], [[15.4375, 48.21875], [15.53125, 48.3125], [15.53125, 48.21875], [15.4375, 48.21875]], [[171.125, 48.15625], [171.21875, 48.28125], [171.21875, 48.15625], [171.125, 48.15625]], [[172.53125, 48.28125], [172.75, 48.15625], [172.34375, 48.03125], [172.34375, 48.15625], [172.53125, 48.28125]], [[146.65625, 48.1875], [146.875, 48.1875], [146.875, 48.09375], [146.65625, 48.0625], [146.65625, 48.1875]], [[149.25, 48.125], [149.65625, 48.0625], [149.25, 48.03125], [149.25, 48.125]], [[147.25, 47.9375], [147.34375, 48.09375], [147.375, 47.9375], [147.25, 47.9375]], [[83.375, 47.90625], [83.625, 47.8125], [83.625, 47.71875], [83.34375, 47.65625], [83.375, 47.90625]], [[147.15625, 47.78125], [147.53125, 47.875], [147.5, 47.6875], [147.15625, 47.78125]], [[168.125, 47.875], [168.28125, 47.875], [168.3125, 47.75], [168.125, 47.71875], [168.125, 47.875]], [[15.5625, 47.75], [15.75, 47.5625], [15.46875, 47.40625], [15.4375, 47.625], [15.5625, 47.75]], [[147.0, 47.625], [147.15625, 47.75], [147.15625, 47.59375], [147.0, 47.625]], [[15.0, 47.5625], [15.15625, 47.71875], [15.125, 47.5625], [15.0, 47.5625]], [[167.625, 47.59375], [167.71875, 47.6875], [167.71875, 47.59375], [167.625, 47.59375]], [[147.875, 47.53125], [147.96875, 47.625], [147.96875, 47.53125], [147.875, 47.53125]], [[146.25, 47.46875], [146.375, 47.59375], [146.375, 47.4375], [146.25, 47.46875]], [[14.0, 47.5625], [14.8125, 47.46875], [15.375, 47.21875], [15.3125, 46.625], [15.0625, 46.625], [15.03125, 46.40625], [14.625, 46.46875], [14.59375, 46.65625], [14.34375, 46.625], [14.34375, 46.8125], [14.53125, 46.875], [14.0, 47.25], [14.0, 47.5625]], [[-157.5, 47.375], [-157.375, 47.5], [-157.40625, 47.375], [-157.5, 47.375]], [[147.40625, 47.5], [147.5, 47.3125], [147.3125, 47.21875], [147.3125, 47.3125], [147.40625, 47.5]], [[82.375, 47.4375], [82.65625, 47.40625], [82.75, 47.125], [82.15625, 47.125], [82.375, 47.4375]], [[12.6875, 47.28125], [12.78125, 47.375], [12.78125, 47.28125], [12.6875, 47.28125]], [[-157.625, 47.15625], [-157.5, 47.28125], [-157.53125, 47.15625], [-157.625, 47.15625]], [[11.96875, 47.28125], [12.125, 47.25], [12.09375, 47.09375], [11.9375, 47.125], [11.96875, 47.28125]], [[172.75, 47.03125], [172.96875, 47.1875], [173.0, 47.0], [172.75, 47.03125]], [[172.59375, 46.96875], [172.6875, 47.09375], [172.6875, 46.96875], [172.59375, 46.96875]], [[11.90625, 47.0], [12.125, 46.8125], [11.65625, 46.53125], [11.625, 46.78125], [11.90625, 47.0]], [[9.4375, 46.8125], [9.59375, 46.78125], [9.59375, 46.6875], [9.46875, 46.6875], [9.4375, 46.8125]], [[16.28125, 46.78125], [16.8125, 46.65625], [16.8125, 46.5625], [16.40625, 46.46875], [16.28125, 46.78125]], [[172.375, 46.65625], [172.46875, 46.75], [172.46875, 46.65625], [172.375, 46.65625]], [[9.59375, 46.5625], [9.8125, 46.5625], [9.90625, 46.40625], [9.71875, 46.375], [9.59375, 46.5625]], [[174.03125, 46.40625], [174.125, 46.5], [174.125, 46.40625], [174.03125, 46.40625]], [[173.875, 46.40625], [174.03125, 46.40625], [173.96875, 46.21875], [173.84375, 46.21875], [173.875, 46.40625]], [[173.03125, 46.3125], [173.125, 45.84375], [172.59375, 45.46875], [172.59375, 45.8125], [172.96875, 46.0], [172.84375, 46.21875], [173.03125, 46.3125]], [[174.375, 46.3125], [174.46875, 46.15625], [174.21875, 46.125], [174.21875, 46.25], [174.375, 46.3125]], [[174.625, 46.125], [174.71875, 46.25], [174.71875, 46.125], [174.625, 46.125]], [[0.625, 46.125], [0.75, 46.21875], [0.75, 46.125], [0.625, 46.125]], [[-154.78125, 46.0], [-154.5625, 45.9375], [-154.78125, 45.90625], [-154.78125, 46.0]], [[144.71875, 45.84375], [144.875, 45.96875], [144.875, 45.875], [144.71875, 45.84375]], [[-165.125, 45.8125], [-165.03125, 45.90625], [-165.03125, 45.8125], [-165.125, 45.8125]], [[8.25, 45.8125], [8.9375, 45.78125], [9.15625, 45.40625], [8.375, 45.03125], [7.71875, 45.25], [7.6875, 45.40625], [8.09375, 45.40625], [8.03125, 45.6875], [8.25, 45.8125]], [[9.625, 45.78125], [9.8125, 45.78125], [9.8125, 45.6875], [9.59375, 45.59375], [9.625, 45.78125]], [[-154.25, 45.625], [-154.0625, 45.4375], [-154.125, 45.28125], [-154.34375, 45.3125], [-154.25, 45.625]], [[-0.28125, 45.5], [-0.15625, 45.625], [-0.15625, 45.5], [-0.28125, 45.5]], [[-153.53125, 45.4375], [-153.4375, 45.53125], [-153.4375, 45.4375], [-153.53125, 45.4375]], [[-155.28125, 45.5], [-155.09375, 45.4375], [-155.1875, 44.96875], [-155.46875, 45.03125], [-155.28125, 45.5]], [[7.4375, 45.375], [7.53125, 45.46875], [7.53125, 45.375], [7.4375, 45.375]], [[10.125, 45.4375], [10.34375, 45.375], [10.34375, 45.1875], [10.1875, 45.21875], [10.125, 45.4375]], [[7.03125, 45.125], [7.34375, 45.40625], [7.28125, 45.1875], [7.03125, 45.125]], [[144.125, 45.28125], [144.21875, 45.375], [144.21875, 45.28125], [144.125, 45.28125]], [[172.90625, 45.25], [173.0, 45.34375], [173.0, 45.25], [172.90625, 45.25]], [[144.25, 45.3125], [144.5, 45.3125], [144.5, 45.1875], [144.25, 45.15625], [144.25, 45.3125]], [[-174.96875, 45.125], [-174.8125, 45.21875], [-174.78125, 45.09375], [-174.96875, 45.125]], [[6.46875, 45.125], [6.5625, 45.21875], [6.5625, 45.125], [6.46875, 45.125]], [[5.90625, 45.1875], [6.09375, 45.1875], [6.09375, 45.09375], [5.9375, 45.0625], [5.90625, 45.1875]], [[-157.34375, 45.0625], [-157.25, 45.15625], [-157.25, 45.0625], [-157.34375, 45.0625]], [[-157.0625, 45.0625], [-156.96875, 45.15625], [-156.96875, 45.0625], [-157.0625, 45.0625]], [[144.6875, 45.0625], [144.8125, 45.15625], [144.8125, 45.0625], [144.6875, 45.0625]], [[-156.8125, 45.09375], [-156.5, 45.0], [-156.5, 44.875], [-156.71875, 44.90625], [-156.8125, 45.09375]], [[-156.34375, 45.0], [-155.875, 44.75], [-155.8125, 44.40625], [-156.09375, 44.71875], [-156.375, 44.78125], [-156.34375, 45.0]], [[143.0625, 44.90625], [143.21875, 45.0], [143.21875, 44.90625], [143.0625, 44.90625]], [[-155.75, 44.9375], [-155.53125, 44.9375], [-155.53125, 44.78125], [-155.75, 44.8125], [-155.75, 44.9375]], [[-157.21875, 44.90625], [-156.6875, 44.8125], [-156.34375, 44.40625], [-156.625, 44.46875], [-156.6875, 44.28125], [-157.15625, 44.25], [-157.3125, 44.375], [-157.25, 44.6875], [-157.46875, 44.6875], [-157.21875, 44.90625]], [[-162.9375, 44.6875], [-162.84375, 44.78125], [-162.84375, 44.6875], [-162.9375, 44.6875]], [[171.78125, 44.625], [171.875, 44.71875], [171.875, 44.625], [171.78125, 44.625]], [[-154.75, 44.5625], [-154.625, 44.65625], [-154.625, 44.5625], [-154.75, 44.5625]], [[6.21875, 44.46875], [6.3125, 44.5625], [6.3125, 44.46875], [6.21875, 44.46875]], [[6.625, 44.53125], [6.84375, 44.15625], [6.71875, 43.9375], [5.71875, 44.09375], [6.625, 44.53125]], [[-156.25, 44.28125], [-156.15625, 44.40625], [-156.15625, 44.28125], [-156.25, 44.28125]], [[142.9375, 44.25], [143.03125, 44.34375], [143.03125, 44.25], [142.9375, 44.25]], [[-156.125, 44.21875], [-156.03125, 44.1875], [-156.21875, 44.09375], [-156.21875, 44.21875], [-156.125, 44.21875]], [[171.65625, 43.90625], [171.78125, 44.03125], [171.78125, 43.9375], [171.65625, 43.90625]], [[5.0625, 44.0], [5.28125, 43.8125], [5.0, 43.59375], [5.03125, 43.4375], [4.875, 43.4375], [4.71875, 43.875], [5.0625, 44.0]], [[-44.96875, 43.84375], [-44.875, 43.9375], [-44.875, 43.84375], [-44.96875, 43.84375]], [[171.4375, 43.75], [171.53125, 43.84375], [171.53125, 43.75], [171.4375, 43.75]], [[6.4375, 43.75], [6.6875, 43.65625], [6.40625, 43.53125], [6.4375, 43.75]], [[-44.71875, 43.59375], [-44.375, 43.46875], [-44.4375, 43.1875], [-44.84375, 43.21875], [-44.71875, 43.59375]], [[4.5625, 43.46875], [4.84375, 43.46875], [4.84375, 43.34375], [4.59375, 43.3125], [4.5625, 43.46875]], [[4.25, 43.34375], [4.59375, 43.28125], [4.5, 42.9375], [4.125, 43.0], [4.25, 43.34375]], [[3.96875, 43.25], [4.125, 43.25], [4.0625, 43.0], [3.78125, 42.90625], [3.96875, 43.25]], [[-160.71875, 43.125], [-160.40625, 43.0625], [-160.34375, 42.84375], [-160.46875, 42.8125], [-160.46875, 42.96875], [-160.78125, 42.875], [-160.71875, 43.125]], [[-152.6875, 42.90625], [-152.5625, 43.0], [-152.5625, 42.90625], [-152.6875, 42.90625]], [[3.40625, 42.84375], [3.53125, 42.96875], [3.53125, 42.84375], [3.40625, 42.84375]], [[-163.75, 42.875], [-163.3125, 42.5], [-163.5625, 42.125], [-163.90625, 42.25], [-163.6875, 42.53125], [-164.0625, 42.40625], [-164.03125, 42.78125], [-163.75, 42.875]], [[-158.4375, 42.75], [-158.34375, 42.84375], [-158.34375, 42.75], [-158.4375, 42.75]], [[-44.09375, 42.71875], [-44.0, 42.8125], [-44.0, 42.71875], [-44.09375, 42.71875]], [[-159.78125, 42.4375], [-159.65625, 42.59375], [-159.625, 42.40625], [-159.78125, 42.4375]], [[2.09375, 42.4375], [2.1875, 42.53125], [2.1875, 42.4375], [2.09375, 42.4375]], [[-158.84375, 42.3125], [-158.75, 42.40625], [-158.75, 42.3125], [-158.84375, 42.3125]], [[-153.875, 42.3125], [-153.78125, 42.40625], [-153.78125, 42.3125], [-153.875, 42.3125]], [[-0.09375, 42.3125], [0.0, 42.40625], [0.0, 42.3125], [-0.09375, 42.3125]], [[-159.625, 42.1875], [-158.9375, 42.21875], [-159.125, 42.09375], [-158.84375, 41.84375], [-158.90625, 41.5], [-159.40625, 41.4375], [-159.34375, 41.0], [-159.90625, 40.53125], [-160.0, 40.96875], [-159.65625, 41.5], [-159.625, 42.1875]], [[-157.25, 42.0625], [-157.15625, 42.15625], [-157.15625, 42.0625], [-157.25, 42.0625]], [[-157.5, 42.03125], [-157.3125, 42.09375], [-157.3125, 42.0], [-157.5, 42.03125]], [[-151.25, 41.9375], [-151.125, 42.03125], [-151.125, 41.9375], [-151.25, 41.9375]], [[-156.03125, 41.71875], [-155.875, 41.875], [-155.875, 41.75], [-156.03125, 41.71875]], [[-153.09375, 41.59375], [-152.90625, 41.625], [-152.90625, 41.53125], [-153.09375, 41.59375]], [[87.46875, 41.5625], [87.90625, 41.65625], [87.9375, 41.4375], [87.5625, 41.375], [87.46875, 41.5625]], [[-3.84375, 41.53125], [-3.71875, 41.65625], [-3.75, 41.53125], [-3.84375, 41.53125]], [[-157.96875, 41.53125], [-157.75, 41.40625], [-158.09375, 41.28125], [-158.09375, 41.40625], [-157.96875, 41.53125]], [[-153.34375, 41.53125], [-153.1875, 41.53125], [-153.25, 41.28125], [-153.34375, 41.28125], [-153.34375, 41.53125]], [[-174.4375, 41.375], [-174.3125, 41.5], [-174.3125, 41.375], [-174.4375, 41.375]], [[-169.53125, 41.5], [-169.25, 41.34375], [-169.4375, 41.03125], [-169.71875, 41.125], [-169.53125, 41.5]], [[-4.03125, 41.1875], [-3.9375, 41.34375], [-3.875, 41.1875], [-4.03125, 41.1875]], [[-3.75, 41.25], [-3.625, 41.34375], [-3.625, 41.25], [-3.75, 41.25]], [[-168.875, 41.0625], [-168.75, 41.1875], [-168.71875, 41.03125], [-168.875, 41.0625]], [[-170.4375, 40.96875], [-169.875, 40.96875], [-169.90625, 40.65625], [-170.4375, 40.8125], [-170.4375, 40.96875]], [[172.625, 40.875], [172.71875, 41.0625], [172.75, 40.84375], [172.625, 40.875]], [[173.125, 40.96875], [173.21875, 41.0625], [173.21875, 40.96875], [173.125, 40.96875]], [[172.96875, 40.84375], [173.25, 40.9375], [173.25, 40.21875], [173.53125, 39.8125], [173.71875, 39.78125], [173.875, 39.21875], [173.59375, 38.34375], [173.625, 39.3125], [173.0, 40.4375], [172.96875, 40.84375]], [[-168.25, 40.875], [-168.09375, 40.875], [-168.09375, 40.75], [-168.21875, 40.75], [-168.25, 40.875]], [[-152.96875, 40.6875], [-152.875, 40.8125], [-152.875, 40.6875], [-152.96875, 40.6875]], [[172.625, 40.71875], [172.8125, 40.65625], [172.59375, 40.46875], [172.625, 40.71875]], [[-153.25, 40.6875], [-153.125, 40.5625], [-152.9375, 40.65625], [-152.9375, 40.5], [-153.34375, 40.34375], [-153.25, 40.6875]], [[145.625, 40.6875], [145.84375, 40.65625], [145.84375, 40.5625], [145.65625, 40.53125], [145.625, 40.6875]], [[-156.9375, 40.40625], [-156.84375, 40.5625], [-156.84375, 40.40625], [-156.9375, 40.40625]], [[-170.3125, 40.46875], [-170.0, 40.46875], [-170.0625, 40.125], [-169.875, 39.8125], [-169.34375, 40.09375], [-168.625, 39.875], [-168.21875, 39.96875], [-168.09375, 39.5625], [-168.40625, 39.40625], [-168.625, 39.71875], [-168.96875, 39.71875], [-169.125, 39.53125], [-169.15625, 39.75], [-169.28125, 39.75], [-169.96875, 39.1875], [-170.125, 39.1875], [-170.1875, 39.5], [-170.5, 39.4375], [-170.34375, 39.0625], [-170.53125, 38.75], [-170.46875, 38.28125], [-170.875, 38.125], [-170.84375, 37.8125], [-171.0, 37.78125], [-171.21875, 37.25], [-171.5625, 37.3125], [-171.71875, 37.15625], [-171.53125, 37.03125], [-171.28125, 37.125], [-171.4375, 36.3125], [-171.28125, 35.96875], [-171.34375, 35.8125], [-171.71875, 35.71875], [-171.625, 36.28125], [-171.84375, 36.8125], [-172.21875, 36.875], [-172.375, 36.40625], [-172.71875, 36.25], [-172.65625, 36.5625], [-172.4375, 36.65625], [-172.46875, 36.84375], [-172.90625, 36.875], [-172.96875, 36.65625], [-173.1875, 36.71875], [-173.09375, 36.96875], [-172.8125, 37.03125], [-172.875, 37.375], [-173.65625, 37.1875], [-173.78125, 37.28125], [-173.4375, 37.46875], [-173.28125, 38.03125], [-172.34375, 39.0625], [-171.84375, 39.3125], [-171.59375, 39.3125], [-171.53125, 39.0625], [-171.09375, 39.09375], [-171.21875, 39.40625], [-170.96875, 39.59375], [-170.5, 39.59375], [-170.21875, 40.25], [-170.3125, 40.46875]], [[-167.6875, 40.28125], [-167.375, 40.40625], [-167.40625, 40.21875], [-167.6875, 40.28125]], [[-159.875, 40.28125], [-159.75, 40.40625], [-159.75, 40.28125], [-159.875, 40.28125]], [[-41.1875, 40.40625], [-41.0, 40.3125], [-41.09375, 40.125], [-41.375, 40.21875], [-41.1875, 40.40625]], [[-172.65625, 40.1875], [-172.5625, 40.3125], [-172.53125, 40.1875], [-172.65625, 40.1875]], [[-169.5625, 40.21875], [-169.46875, 40.3125], [-169.46875, 40.21875], [-169.5625, 40.21875]], [[-153.5625, 40.3125], [-153.375, 40.28125], [-153.375, 40.1875], [-153.53125, 40.1875], [-153.5625, 40.3125]], [[-157.1875, 40.28125], [-157.0625, 40.25], [-157.09375, 40.09375], [-157.21875, 40.125], [-157.1875, 40.28125]], [[-166.53125, 40.125], [-166.4375, 40.21875], [-166.4375, 40.125], [-166.53125, 40.125]], [[-156.84375, 40.0625], [-156.625, 40.15625], [-156.625, 40.0625], [-156.84375, 40.0625]], [[-170.59375, 40.125], [-170.53125, 39.96875], [-170.75, 39.96875], [-170.75, 40.0625], [-170.59375, 40.125]], [[-167.96875, 39.875], [-167.78125, 40.0], [-167.75, 39.875], [-167.96875, 39.875]], [[-165.71875, 40.0], [-165.34375, 39.90625], [-165.15625, 39.5], [-165.71875, 39.25], [-166.34375, 39.34375], [-166.3125, 39.6875], [-165.96875, 39.75], [-165.71875, 40.0]], [[-9.15625, 39.8125], [-9.0625, 39.90625], [-9.0625, 39.8125], [-9.15625, 39.8125]], [[145.46875, 39.78125], [145.59375, 39.90625], [145.5625, 39.78125], [145.46875, 39.78125]], [[-6.0, 39.5625], [-5.59375, 39.75], [-5.625, 39.59375], [-6.0, 39.5625]], [[-164.625, 39.6875], [-164.375, 39.625], [-164.59375, 39.5625], [-164.625, 39.6875]], [[-10.28125, 39.625], [-10.15625, 39.71875], [-10.15625, 39.625], [-10.28125, 39.625]], [[-9.8125, 39.625], [-9.6875, 39.71875], [-9.6875, 39.625], [-9.8125, 39.625]], [[-41.09375, 39.4375], [-41.0, 39.65625], [-40.96875, 39.40625], [-41.09375, 39.4375]], [[-6.15625, 39.5625], [-6.03125, 39.65625], [-6.03125, 39.5625], [-6.15625, 39.5625]], [[-172.1875, 39.46875], [-172.03125, 39.59375], [-172.03125, 39.5], [-172.1875, 39.46875]], [[-155.65625, 39.53125], [-155.4375, 39.53125], [-155.46875, 39.34375], [-155.625, 39.34375], [-155.65625, 39.53125]], [[-165.03125, 39.4375], [-164.71875, 39.5], [-164.625, 39.09375], [-164.96875, 39.125], [-165.03125, 39.4375]], [[-9.40625, 39.40625], [-9.3125, 39.5], [-9.3125, 39.40625], [-9.40625, 39.40625]], [[87.3125, 39.40625], [87.46875, 39.40625], [87.46875, 39.28125], [87.3125, 39.25], [87.3125, 39.40625]], [[179.40625, 39.40625], [179.53125, 39.28125], [179.34375, 39.1875], [179.34375, 39.28125], [179.40625, 39.40625]], [[-157.78125, 39.375], [-157.625, 39.375], [-157.5625, 39.09375], [-157.84375, 39.1875], [-157.78125, 39.375]], [[-9.59375, 39.34375], [-9.21875, 39.3125], [-9.09375, 38.78125], [-9.28125, 38.65625], [-9.59375, 38.75], [-9.8125, 39.09375], [-9.59375, 39.34375]], [[-172.9375, 39.15625], [-172.78125, 39.3125], [-172.8125, 39.15625], [-172.9375, 39.15625]], [[172.90625, 39.09375], [173.03125, 39.1875], [173.03125, 39.09375], [172.90625, 39.09375]], [[-163.375, 39.0625], [-163.28125, 39.15625], [-163.28125, 39.0625], [-163.375, 39.0625]], [[-164.5625, 38.96875], [-164.46875, 39.09375], [-164.46875, 38.96875], [-164.5625, 38.96875]], [[-157.75, 38.875], [-157.65625, 39.0], [-157.65625, 38.875], [-157.75, 38.875]], [[-159.3125, 38.9375], [-159.125, 38.9375], [-159.125, 38.75], [-159.21875, 38.75], [-159.3125, 38.9375]], [[-157.875, 38.46875], [-157.78125, 38.71875], [-157.78125, 38.46875], [-157.875, 38.46875]], [[-155.8125, 38.6875], [-155.6875, 38.53125], [-155.9375, 38.28125], [-155.9375, 38.46875], [-155.8125, 38.6875]], [[-9.5, 38.46875], [-9.34375, 38.4375], [-9.34375, 38.34375], [-9.53125, 38.3125], [-9.5, 38.46875]], [[172.1875, 38.4375], [172.34375, 38.4375], [172.21875, 38.3125], [172.28125, 38.09375], [172.09375, 38.15625], [172.1875, 38.4375]], [[87.8125, 38.21875], [87.90625, 38.3125], [87.90625, 38.21875], [87.8125, 38.21875]], [[-162.34375, 38.09375], [-162.1875, 38.28125], [-162.1875, 38.0625], [-162.34375, 38.09375]], [[-9.4375, 38.15625], [-9.28125, 38.28125], [-9.3125, 38.15625], [-9.4375, 38.15625]], [[172.5625, 38.1875], [172.65625, 38.28125], [172.65625, 38.1875], [172.5625, 38.1875]], [[144.25, 38.125], [144.34375, 38.21875], [144.34375, 38.125], [144.25, 38.125]], [[-158.03125, 38.1875], [-157.90625, 38.0625], [-158.09375, 37.9375], [-158.09375, 38.0625], [-158.03125, 38.1875]], [[172.46875, 38.09375], [172.5625, 38.1875], [172.5625, 38.09375], [172.46875, 38.09375]], [[88.59375, 37.78125], [88.78125, 37.875], [88.78125, 37.75], [88.59375, 37.78125]], [[173.71875, 37.46875], [173.78125, 37.65625], [173.875, 37.46875], [173.71875, 37.46875]], [[-169.0625, 37.5], [-168.96875, 37.625], [-168.96875, 37.5], [-169.0625, 37.5]], [[-41.4375, 37.625], [-41.28125, 37.625], [-41.15625, 37.28125], [-41.40625, 37.375], [-41.4375, 37.625]], [[-40.96875, 37.375], [-40.75, 37.34375], [-40.78125, 37.1875], [-40.90625, 37.1875], [-40.96875, 37.375]], [[-39.90625, 37.375], [-39.71875, 37.34375], [-39.71875, 37.09375], [-39.4375, 37.15625], [-39.6875, 36.96875], [-39.71875, 36.71875], [-39.90625, 36.84375], [-39.90625, 37.375]], [[-173.96875, 37.125], [-173.8125, 37.03125], [-173.96875, 36.96875], [-173.96875, 37.125]], [[-174.09375, 36.875], [-173.9375, 36.875], [-173.8125, 36.59375], [-173.34375, 36.46875], [-173.0625, 36.59375], [-173.28125, 36.15625], [-173.28125, 35.78125], [-172.96875, 35.46875], [-173.09375, 35.125], [-174.03125, 35.59375], [-174.03125, 35.90625], [-174.28125, 36.0625], [-174.28125, 36.5625], [-174.09375, 36.875]], [[-148.34375, 36.75], [-148.25, 36.875], [-148.25, 36.75], [-148.34375, 36.75]], [[171.96875, 36.5625], [172.0625, 36.65625], [172.0625, 36.5625], [171.96875, 36.5625]], [[-149.9375, 36.28125], [-149.8125, 36.375], [-149.8125, 36.28125], [-149.9375, 36.28125]], [[-12.8125, 36.34375], [-12.6875, 36.34375], [-12.6875, 36.03125], [-12.84375, 36.0625], [-12.8125, 36.34375]], [[145.84375, 36.125], [146.0, 36.28125], [145.96875, 36.125], [145.84375, 36.125]], [[-11.0625, 35.875], [-10.96875, 35.96875], [-10.96875, 35.875], [-11.0625, 35.875]], [[-161.78125, 35.90625], [-161.625, 35.71875], [-161.78125, 35.53125], [-161.78125, 35.90625]], [[144.25, 35.6875], [144.46875, 35.65625], [144.4375, 35.46875], [144.21875, 35.5625], [144.25, 35.6875]], [[145.21875, 35.40625], [145.34375, 35.5625], [145.3125, 35.40625], [145.21875, 35.40625]], [[-152.375, 35.46875], [-152.03125, 35.40625], [-152.03125, 35.28125], [-152.46875, 35.1875], [-152.375, 35.46875]], [[-172.59375, 35.28125], [-172.375, 35.4375], [-172.34375, 35.3125], [-172.59375, 35.28125]], [[-40.15625, 35.34375], [-40.0625, 35.4375], [-40.0625, 35.34375], [-40.15625, 35.34375]], [[-178.21875, 35.15625], [-177.6875, 35.40625], [-177.71875, 34.90625], [-178.15625, 34.96875], [-178.21875, 35.15625]], [[-152.78125, 35.34375], [-152.625, 35.0], [-152.9375, 34.90625], [-152.75, 35.125], [-152.78125, 35.34375]], [[-39.09375, 35.21875], [-38.96875, 35.34375], [-38.9375, 35.21875], [-39.09375, 35.21875]], [[-176.65625, 35.25], [-176.5625, 35.0], [-176.84375, 35.03125], [-176.78125, 35.21875], [-176.65625, 35.25]], [[-172.15625, 35.15625], [-172.0625, 35.25], [-172.0625, 35.15625], [-172.15625, 35.15625]], [[-176.25, 35.21875], [-176.09375, 35.09375], [-176.3125, 35.0], [-176.34375, 34.8125], [-176.0625, 34.9375], [-176.0, 34.71875], [-176.125, 34.5], [-176.5625, 34.5], [-176.65625, 34.375], [-176.71875, 34.65625], [-176.5, 34.75], [-176.4375, 35.09375], [-176.25, 35.21875]], [[-144.375, 35.09375], [-143.96875, 34.8125], [-144.03125, 34.46875], [-144.15625, 34.46875], [-144.125, 34.75], [-144.375, 35.09375]], [[173.90625, 34.96875], [174.0625, 35.0625], [174.0625, 34.96875], [173.90625, 34.96875]], [[-14.28125, 34.875], [-14.1875, 35.0], [-14.1875, 34.875], [-14.28125, 34.875]], [[145.125, 34.8125], [145.25, 34.9375], [145.25, 34.84375], [145.125, 34.8125]], [[146.5625, 34.875], [146.71875, 34.84375], [146.71875, 34.75], [146.5625, 34.75], [146.5625, 34.875]], [[-162.3125, 34.8125], [-162.25, 34.5], [-162.8125, 33.40625], [-162.96875, 33.40625], [-162.71875, 34.46875], [-162.3125, 34.8125]], [[-153.1875, 34.71875], [-153.09375, 34.8125], [-153.09375, 34.71875], [-153.1875, 34.71875]], [[142.25, 34.71875], [142.4375, 34.8125], [142.4375, 34.65625], [142.25, 34.71875]], [[175.625, 34.59375], [175.75, 34.46875], [175.46875, 34.34375], [175.46875, 34.4375], [175.625, 34.59375]], [[-179.21875, 34.46875], [-179.09375, 34.5625], [-179.09375, 34.46875], [-179.21875, 34.46875]], [[-144.3125, 34.5], [-144.15625, 34.46875], [-144.125, 34.3125], [-144.25, 34.3125], [-144.3125, 34.5]], [[-147.0, 34.28125], [-146.53125, 34.375], [-146.5625, 34.09375], [-146.65625, 34.25], [-147.0, 34.28125]], [[-179.09375, 34.28125], [-179.0, 34.375], [-179.0, 34.28125], [-179.09375, 34.28125]], [[-146.40625, 34.375], [-146.125, 34.28125], [-146.21875, 34.0625], [-146.5, 34.15625], [-146.40625, 34.375]], [[177.4375, 34.21875], [177.53125, 34.34375], [177.53125, 34.21875], [177.4375, 34.21875]], [[-177.09375, 34.1875], [-177.0, 34.28125], [-177.0, 34.1875], [-177.09375, 34.1875]], [[-144.90625, 34.09375], [-144.8125, 34.1875], [-144.8125, 34.09375], [-144.90625, 34.09375]], [[146.625, 34.09375], [146.71875, 34.1875], [146.71875, 34.09375], [146.625, 34.09375]], [[-145.5625, 34.09375], [-145.3125, 34.0], [-145.40625, 33.5], [-145.65625, 33.6875], [-145.5625, 34.09375]], [[146.78125, 34.0], [146.90625, 34.09375], [146.90625, 34.0], [146.78125, 34.0]], [[-166.6875, 33.84375], [-166.59375, 34.0625], [-166.59375, 33.84375], [-166.6875, 33.84375]], [[177.03125, 34.0625], [177.15625, 34.0625], [177.125, 33.875], [177.03125, 33.875], [177.03125, 34.0625]], [[-153.03125, 33.9375], [-152.84375, 33.875], [-153.03125, 33.84375], [-153.03125, 33.9375]], [[-14.75, 33.96875], [-14.53125, 33.9375], [-14.53125, 33.8125], [-14.75, 33.84375], [-14.75, 33.96875]], [[177.125, 33.84375], [177.25, 33.53125], [177.03125, 33.375], [177.15625, 33.625], [177.125, 33.84375]], [[-145.9375, 33.8125], [-145.78125, 33.78125], [-145.78125, 33.6875], [-145.90625, 33.6875], [-145.9375, 33.8125]], [[179.34375, 33.34375], [179.3125, 33.78125], [179.5, 33.3125], [179.34375, 33.34375]], [[-14.65625, 33.75], [-14.53125, 33.75], [-14.53125, 33.5625], [-14.65625, 33.5625], [-14.65625, 33.75]], [[-179.59375, 33.71875], [-179.4375, 33.71875], [-179.375, 33.4375], [-179.625, 33.5625], [-179.59375, 33.71875]], [[-166.6875, 33.625], [-166.625, 33.40625], [-166.78125, 33.28125], [-166.78125, 33.375], [-166.6875, 33.625]], [[-153.25, 33.625], [-153.0625, 33.59375], [-153.0625, 33.5], [-153.21875, 33.5], [-153.25, 33.625]], [[-15.25, 33.4375], [-15.09375, 33.625], [-15.125, 33.4375], [-15.25, 33.4375]], [[-38.09375, 33.40625], [-38.03125, 33.53125], [-38.0, 33.40625], [-38.09375, 33.40625]], [[-146.34375, 33.125], [-146.1875, 33.28125], [-146.21875, 33.125], [-146.34375, 33.125]], [[177.0, 33.125], [177.125, 33.21875], [177.125, 33.125], [177.0, 33.125]], [[-146.6875, 33.0], [-146.5625, 33.1875], [-146.5625, 33.0], [-146.6875, 33.0]], [[-153.375, 33.03125], [-153.125, 33.03125], [-153.21875, 32.8125], [-153.40625, 32.90625], [-153.375, 33.03125]], [[-146.625, 32.8125], [-146.53125, 32.96875], [-146.53125, 32.8125], [-146.625, 32.8125]], [[-20.625, 32.9375], [-20.4375, 32.8125], [-20.53125, 32.53125], [-20.625, 32.53125], [-20.625, 32.9375]], [[-163.09375, 32.75], [-163.0, 32.84375], [-163.0, 32.75], [-163.09375, 32.75]], [[-171.03125, 32.6875], [-170.9375, 32.78125], [-170.9375, 32.6875], [-171.03125, 32.6875]], [[-15.5625, 32.6875], [-15.4375, 32.78125], [-15.4375, 32.6875], [-15.5625, 32.6875]], [[-153.5, 32.71875], [-153.09375, 32.6875], [-153.09375, 32.5], [-153.3125, 32.40625], [-153.15625, 32.375], [-153.1875, 32.1875], [-153.46875, 32.25], [-153.625, 32.125], [-153.71875, 32.25], [-153.75, 32.4375], [-153.5, 32.71875]], [[-15.34375, 32.625], [-15.21875, 32.71875], [-15.21875, 32.625], [-15.34375, 32.625]], [[-14.96875, 32.625], [-14.84375, 32.71875], [-14.84375, 32.625], [-14.96875, 32.625]], [[-174.46875, 32.65625], [-174.34375, 32.53125], [-174.5625, 32.46875], [-174.5625, 32.5625], [-174.46875, 32.65625]], [[-174.25, 32.5625], [-174.15625, 32.65625], [-174.15625, 32.5625], [-174.25, 32.5625]], [[-37.6875, 32.65625], [-37.59375, 32.5625], [-37.71875, 32.46875], [-38.46875, 32.09375], [-38.8125, 32.09375], [-38.53125, 32.5625], [-37.90625, 32.53125], [-37.6875, 32.65625]], [[178.65625, 32.21875], [178.78125, 32.46875], [178.8125, 32.21875], [178.65625, 32.21875]], [[-16.625, 32.09375], [-16.5, 32.21875], [-16.5, 32.09375], [-16.625, 32.09375]], [[-15.78125, 32.1875], [-15.625, 32.15625], [-15.625, 32.03125], [-15.78125, 32.03125], [-15.78125, 32.1875]], [[-172.28125, 32.03125], [-172.1875, 32.15625], [-172.1875, 32.03125], [-172.28125, 32.03125]], [[-171.625, 32.03125], [-171.53125, 32.15625], [-171.53125, 32.03125], [-171.625, 32.03125]], [[-15.96875, 31.78125], [-15.875, 32.0625], [-15.8125, 31.71875], [-15.96875, 31.78125]], [[-172.84375, 31.875], [-172.71875, 32.0], [-172.71875, 31.875], [-172.84375, 31.875]], [[-17.4375, 31.75], [-17.34375, 31.84375], [-17.34375, 31.75], [-17.4375, 31.75]], [[-16.875, 31.625], [-16.75, 31.75], [-16.75, 31.625], [-16.875, 31.625]], [[-16.03125, 31.34375], [-15.9375, 31.4375], [-15.9375, 31.34375], [-16.03125, 31.34375]], [[-19.5, 31.0625], [-19.375, 31.1875], [-19.375, 31.0625], [-19.5, 31.0625]], [[-39.4375, 31.0], [-39.3125, 31.15625], [-39.34375, 31.0], [-39.4375, 31.0]], [[-17.6875, 31.15625], [-17.4375, 31.15625], [-17.40625, 30.8125], [-17.0, 30.78125], [-16.96875, 30.65625], [-17.28125, 30.5], [-17.53125, 30.84375], [-17.5, 30.5], [-17.6875, 30.4375], [-17.6875, 31.15625]], [[-17.28125, 31.09375], [-17.15625, 31.09375], [-17.125, 30.96875], [-17.25, 30.9375], [-17.28125, 31.09375]], [[-39.625, 30.96875], [-39.46875, 30.90625], [-39.625, 30.875], [-39.625, 30.96875]], [[-15.90625, 30.90625], [-15.8125, 31.0], [-15.8125, 30.90625], [-15.90625, 30.90625]], [[-33.71875, 30.8125], [-33.625, 30.9375], [-33.625, 30.8125], [-33.71875, 30.8125]], [[-41.6875, 30.8125], [-41.375, 30.75], [-41.40625, 30.59375], [-41.65625, 30.6875], [-41.6875, 30.8125]], [[-39.3125, 30.71875], [-39.0625, 30.8125], [-39.0625, 30.71875], [-39.3125, 30.71875]], [[-39.96875, 30.65625], [-39.875, 30.75], [-39.875, 30.65625], [-39.96875, 30.65625]], [[-19.78125, 30.59375], [-19.59375, 30.59375], [-19.3125, 30.125], [-19.375, 29.4375], [-19.53125, 29.4375], [-19.71875, 29.75], [-19.78125, 30.59375]], [[-40.25, 30.53125], [-40.125, 30.4375], [-40.375, 30.3125], [-40.625, 29.875], [-41.21875, 29.75], [-41.09375, 30.21875], [-40.25, 30.53125]], [[-35.78125, 30.53125], [-35.65625, 30.4375], [-35.875, 30.3125], [-35.875, 30.40625], [-35.78125, 30.53125]], [[-32.40625, 30.28125], [-32.25, 30.40625], [-32.25, 30.25], [-32.40625, 30.28125]], [[-39.09375, 30.34375], [-38.96875, 30.25], [-39.21875, 29.6875], [-39.0, 29.4375], [-39.375, 27.4375], [-39.8125, 26.71875], [-40.40625, 26.75], [-40.4375, 27.0], [-40.25, 27.0], [-40.375, 27.4375], [-40.15625, 27.75], [-40.4375, 27.9375], [-40.5, 28.21875], [-40.78125, 28.3125], [-40.8125, 28.5625], [-40.5, 28.71875], [-40.1875, 29.25], [-39.6875, 29.46875], [-39.625, 30.0], [-39.375, 30.03125], [-39.09375, 30.34375]], [[-22.125, 30.34375], [-21.96875, 30.3125], [-21.96875, 30.0], [-21.78125, 29.875], [-22.125, 29.90625], [-22.125, 30.34375]], [[-25.46875, 30.125], [-25.1875, 30.125], [-25.25, 29.78125], [-25.4375, 29.75], [-25.46875, 30.125]], [[-18.625, 29.6875], [-18.5, 29.9375], [-18.53125, 29.6875], [-18.625, 29.6875]], [[-21.71875, 29.75], [-21.34375, 29.59375], [-21.5, 29.34375], [-21.3125, 29.25], [-21.28125, 29.0], [-21.5625, 29.03125], [-21.53125, 28.75], [-21.71875, 28.875], [-21.59375, 29.15625], [-21.90625, 29.53125], [-21.71875, 29.75]], [[-34.84375, 29.6875], [-34.8125, 29.4375], [-35.0, 29.4375], [-35.0, 29.59375], [-34.84375, 29.6875]], [[-34.34375, 29.6875], [-33.96875, 29.6875], [-34.0625, 29.34375], [-34.375, 29.4375], [-34.34375, 29.6875]], [[-41.0, 29.375], [-40.84375, 29.3125], [-40.90625, 29.15625], [-41.03125, 29.21875], [-41.0, 29.375]], [[-29.0625, 29.375], [-28.84375, 29.375], [-28.71875, 29.15625], [-28.75, 28.8125], [-29.0625, 29.375]], [[-32.0625, 29.21875], [-31.875, 29.34375], [-31.875, 29.25], [-32.0625, 29.21875]], [[-29.5, 29.125], [-29.3125, 29.03125], [-29.25, 28.84375], [-29.5, 28.9375], [-29.5, 29.125]], [[-31.28125, 28.90625], [-31.1875, 29.0], [-31.1875, 28.90625], [-31.28125, 28.90625]], [[134.46875, 29.0], [134.6875, 28.9375], [134.8125, 28.71875], [134.5625, 28.875], [134.3125, 28.78125], [134.46875, 29.0]], [[-163.96875, 28.90625], [-163.75, 28.84375], [-163.625, 28.5], [-163.875, 28.59375], [-163.96875, 28.90625]], [[-34.78125, 28.71875], [-34.6875, 28.625], [-35.0, 28.46875], [-35.0, 28.59375], [-34.78125, 28.71875]], [[-21.71875, 28.71875], [-21.53125, 28.59375], [-21.59375, 28.3125], [-21.8125, 28.34375], [-21.71875, 28.71875]], [[-29.28125, 28.59375], [-29.1875, 28.6875], [-29.1875, 28.59375], [-29.28125, 28.59375]], [[-22.84375, 28.125], [-22.25, 28.03125], [-22.34375, 27.5], [-22.75, 27.53125], [-22.84375, 28.125]], [[135.03125, 27.96875], [135.15625, 28.0625], [135.15625, 27.96875], [135.03125, 27.96875]], [[135.28125, 28.0625], [135.71875, 27.9375], [135.6875, 27.5625], [135.46875, 27.625], [135.28125, 28.0625]], [[-20.21875, 27.875], [-19.96875, 27.84375], [-19.96875, 27.6875], [-20.21875, 27.75], [-20.21875, 27.875]], [[135.3125, 27.5625], [135.375, 27.6875], [135.40625, 27.5625], [135.3125, 27.5625]], [[133.59375, 27.5625], [133.75, 27.5625], [133.875, 27.1875], [133.5625, 27.3125], [133.59375, 27.5625]], [[-37.28125, 27.3125], [-37.1875, 27.09375], [-37.3125, 26.78125], [-37.625, 26.875], [-37.28125, 27.3125]], [[-29.21875, 27.25], [-29.09375, 27.25], [-29.125, 26.875], [-29.3125, 26.9375], [-29.21875, 27.25]], [[133.125, 27.03125], [133.25, 27.1875], [133.25, 27.03125], [133.125, 27.03125]], [[134.59375, 27.0625], [134.75, 27.15625], [134.75, 27.0625], [134.59375, 27.0625]], [[-36.84375, 26.53125], [-36.75, 26.84375], [-36.75, 26.53125], [-36.84375, 26.53125]], [[133.71875, 26.75], [133.96875, 26.6875], [134.03125, 26.53125], [133.75, 26.59375], [133.71875, 26.75]], [[134.0625, 26.5625], [134.15625, 26.6875], [134.1875, 26.5625], [134.0625, 26.5625]], [[-39.96875, 25.90625], [-39.875, 26.03125], [-39.875, 25.90625], [-39.96875, 25.90625]], [[-29.625, 26.03125], [-29.5625, 25.84375], [-29.75, 25.71875], [-29.75, 25.84375], [-29.625, 26.03125]], [[-40.09375, 25.84375], [-39.71875, 25.65625], [-39.71875, 25.46875], [-40.1875, 25.40625], [-40.09375, 25.84375]], [[-40.28125, 25.25], [-40.1875, 25.34375], [-40.1875, 25.25], [-40.28125, 25.25]], [[-40.8125, 25.25], [-40.71875, 25.125], [-41.125, 24.96875], [-41.125, 24.84375], [-41.875, 24.9375], [-42.0, 24.59375], [-42.1875, 24.53125], [-42.125, 25.125], [-41.8125, 25.1875], [-41.78125, 25.03125], [-41.375, 25.03125], [-40.8125, 25.25]], [[-40.1875, 24.6875], [-40.0625, 24.8125], [-40.0625, 24.71875], [-40.1875, 24.6875]], [[-36.53125, 24.65625], [-36.4375, 24.75], [-36.4375, 24.65625], [-36.53125, 24.65625]], [[-38.96875, 24.5], [-38.84375, 24.625], [-38.84375, 24.53125], [-38.96875, 24.5]], [[132.53125, 23.125], [132.65625, 23.3125], [132.625, 23.125], [132.53125, 23.125]], [[-41.0, 23.1875], [-40.90625, 23.28125], [-40.90625, 23.1875], [-41.0, 23.1875]], [[114.53125, 23.09375], [114.71875, 23.1875], [114.71875, 23.0625], [114.53125, 23.09375]], [[120.84375, 22.40625], [120.9375, 22.5], [120.9375, 22.40625], [120.84375, 22.40625]], [[121.5625, 22.03125], [121.65625, 22.15625], [121.65625, 22.03125], [121.5625, 22.03125]]]}}, {"type": "Feature", "properties": {"level_m": -3600, "area_km2": 29322551.1}, "geometry": {"type": "Polygon", "coordinates": [[[168.125, 86.4375], [175.71875, 85.84375], [176.4375, 85.4375], [174.78125, 85.28125], [171.625, 85.71875], [165.46875, 85.75], [164.8125, 85.65625], [167.1875, 85.4375], [166.96875, 85.4375], [167.0, 85.25], [162.09375, 85.28125], [155.59375, 85.40625], [151.0625, 85.8125], [149.0, 85.8125], [148.8125, 85.78125], [148.96875, 85.53125], [148.34375, 85.4375], [149.75, 85.34375], [149.875, 85.21875], [146.90625, 85.34375], [143.03125, 85.15625], [140.8125, 85.34375], [131.125, 85.625], [124.625, 85.40625], [123.71875, 85.3125], [123.75, 85.125], [123.53125, 85.09375], [114.3125, 85.3125], [114.1875, 85.25], [115.3125, 85.03125], [108.84375, 84.96875], [105.6875, 84.71875], [104.71875, 84.375], [102.96875, 84.28125], [105.6875, 84.125], [108.375, 83.78125], [108.46875, 83.65625], [104.40625, 83.5], [101.40625, 83.1875], [91.8125, 83.03125], [89.5, 83.21875], [82.21875, 83.375], [89.25, 83.125], [90.96875, 82.9375], [90.6875, 82.8125], [87.875, 82.8125], [77.59375, 83.375], [81.96875, 82.96875], [85.40625, 82.84375], [86.8125, 82.625], [85.6875, 82.53125], [80.8125, 82.71875], [82.84375, 82.53125], [83.5625, 82.3125], [80.8125, 82.5], [79.09375, 82.40625], [77.96875, 82.5], [78.40625, 82.59375], [78.1875, 82.6875], [72.96875, 82.90625], [69.5625, 83.28125], [68.625, 83.25], [71.25, 82.90625], [64.4375, 83.34375], [75.0625, 82.5], [73.34375, 82.34375], [70.0, 82.6875], [62.90625, 82.9375], [62.90625, 82.8125], [63.21875, 82.78125], [67.375, 82.5], [67.9375, 82.21875], [67.78125, 82.03125], [66.5, 81.96875], [64.59375, 82.03125], [63.5, 82.34375], [60.90625, 82.59375], [60.125, 82.46875], [58.28125, 82.59375], [57.4375, 82.84375], [47.53125, 83.0625], [53.53125, 82.4375], [49.875, 82.5625], [49.65625, 82.53125], [49.625, 82.375], [49.1875, 82.375], [49.125, 82.5625], [47.5625, 82.8125], [43.25, 82.90625], [42.46875, 82.75], [46.625, 82.5], [49.15625, 82.125], [47.125, 82.125], [42.1875, 81.78125], [45.84375, 81.59375], [45.71875, 81.3125], [43.96875, 81.21875], [41.25, 81.3125], [42.09375, 81.5625], [41.59375, 81.65625], [34.3125, 81.65625], [34.03125, 81.53125], [36.125, 81.40625], [36.78125, 81.25], [37.25, 80.90625], [34.84375, 80.90625], [33.21875, 80.65625], [32.75, 80.6875], [32.75, 80.8125], [32.46875, 80.875], [27.34375, 81.21875], [26.21875, 81.5], [25.28125, 81.5625], [26.875, 81.15625], [29.3125, 80.8125], [26.8125, 80.75], [26.53125, 80.90625], [25.375, 81.0], [25.28125, 81.21875], [24.84375, 81.34375], [22.96875, 81.34375], [22.71875, 81.21875], [24.28125, 81.03125], [23.1875, 80.90625], [23.0625, 80.65625], [23.15625, 80.4375], [22.59375, 80.34375], [22.96875, 80.0625], [22.4375, 80.1875], [22.0625, 80.53125], [20.875, 80.875], [20.1875, 80.84375], [20.875, 80.59375], [20.875, 80.40625], [16.21875, 80.4375], [14.25, 80.6875], [14.875, 80.4375], [14.5, 80.34375], [13.5625, 80.71875], [13.0, 80.6875], [11.78125, 81.125], [11.46875, 81.0625], [11.6875, 80.75], [12.9375, 80.40625], [12.9375, 80.28125], [12.6875, 80.28125], [11.8125, 80.34375], [11.09375, 80.65625], [9.84375, 80.8125], [9.6875, 81.03125], [8.34375, 81.25], [8.6875, 80.84375], [10.46875, 80.34375], [10.6875, 80.03125], [7.625, 79.90625], [7.0625, 80.09375], [3.40625, 80.4375], [3.0, 80.65625], [3.78125, 80.6875], [1.1875, 81.21875], [0.9375, 81.15625], [1.84375, 80.875], [1.65625, 80.75], [1.8125, 80.21875], [1.125, 80.40625], [0.8125, 80.40625], [1.0625, 80.28125], [0.96875, 80.1875], [-0.125, 80.4375], [-3.46875, 80.59375], [-3.875, 80.75], [-4.34375, 80.75], [-3.84375, 80.5625], [-4.0, 80.40625], [-6.875, 80.375], [-10.25, 81.0], [-13.5, 81.25], [-13.6875, 81.25], [-13.65625, 81.09375], [-14.25, 81.09375], [-15.09375, 81.53125], [-15.5, 82.0], [-15.375, 82.21875], [-14.25, 82.71875], [-16.09375, 82.375], [-16.3125, 82.1875], [-16.3125, 81.9375], [-16.65625, 81.90625], [-16.34375, 81.75], [-16.3125, 81.4375], [-16.71875, 81.46875], [-16.84375, 81.8125], [-17.875, 81.6875], [-19.125, 82.03125], [-19.59375, 81.875], [-20.0625, 82.21875], [-19.1875, 82.59375], [-17.0, 83.03125], [-8.5, 83.90625], [4.34375, 83.75], [7.65625, 83.875], [9.0, 84.03125], [9.71875, 84.3125], [10.46875, 84.125], [11.28125, 84.1875], [11.125, 84.34375], [10.0, 84.5], [5.90625, 84.6875], [3.25, 85.03125], [14.71875, 84.5625], [15.4375, 84.59375], [1.1875, 85.25], [-4.1875, 85.34375], [-10.5, 85.75], [-11.125, 85.71875], [-0.125, 85.09375], [-12.34375, 85.15625], [-12.625, 85.3125], [-16.28125, 85.53125], [-26.125, 85.875], [-42.75, 85.96875], [-43.375, 85.84375], [-49.71875, 85.8125], [-52.53125, 85.5625], [-34.0, 85.78125], [-26.8125, 85.59375], [-24.9375, 85.40625], [-24.8125, 85.28125], [-37.28125, 85.3125], [-37.96875, 85.25], [-37.9375, 85.0625], [-38.125, 85.03125], [-47.8125, 84.78125], [-51.71875, 84.3125], [-52.5, 84.4375], [-56.4375, 84.3125], [-60.59375, 84.46875], [-57.78125, 84.75], [-57.25, 84.9375], [-59.46875, 84.78125], [-62.90625, 84.9375], [-70.3125, 84.875], [-71.59375, 84.75], [-63.40625, 84.84375], [-61.40625, 84.6875], [-61.25, 84.5625], [-69.3125, 84.28125], [-76.375, 83.6875], [-87.5, 83.8125], [-80.6875, 83.40625], [-81.1875, 83.25], [-86.59375, 83.21875], [-88.8125, 83.3125], [-88.84375, 83.4375], [-85.40625, 83.3125], [-84.90625, 83.375], [-94.25, 83.84375], [-98.09375, 83.875], [-102.71875, 84.3125], [-106.96875, 84.34375], [-107.125, 84.5], [-110.40625, 84.65625], [-114.09375, 85.09375], [-114.59375, 85.03125], [-113.03125, 84.4375], [-115.375, 84.4375], [-118.65625, 84.875], [-120.40625, 84.90625], [-120.46875, 85.0625], [-121.125, 85.15625], [-124.21875, 85.125], [-127.8125, 85.375], [-128.9375, 85.34375], [-127.625, 85.21875], [-127.625, 85.0625], [-127.9375, 84.96875], [-137.59375, 85.375], [-133.8125, 84.75], [-133.09375, 84.5], [-133.09375, 84.375], [-133.5, 84.34375], [-138.3125, 84.625], [-144.8125, 84.625], [-147.84375, 84.75], [-153.09375, 85.375], [-168.5625, 86.03125], [-154.28125, 85.0], [-153.71875, 84.9375], [-153.5, 84.71875], [-159.59375, 84.8125], [-163.6875, 85.09375], [-166.5, 85.03125], [-168.875, 85.34375], [-176.5625, 85.53125], [-178.5625, 85.71875], [-178.90625, 85.90625], [-179.96875, 86.03125], [-179.96875, 27.0], [-179.21875, 27.625], [-179.25, 27.25], [-179.53125, 27.21875], [-179.4375, 26.90625], [-178.78125, 26.875], [-178.59375, 26.5625], [-178.25, 26.4375], [-178.3125, 26.09375], [-178.09375, 26.53125], [-177.4375, 26.90625], [-177.625, 26.46875], [-177.5625, 25.6875], [-177.25, 25.78125], [-177.03125, 26.1875], [-176.90625, 26.5], [-177.09375, 26.65625], [-176.6875, 26.84375], [-176.71875, 26.5625], [-176.46875, 26.4375], [-176.46875, 26.25], [-176.84375, 26.21875], [-176.90625, 25.5], [-176.59375, 25.5625], [-176.46875, 25.4375], [-175.875, 25.65625], [-175.6875, 26.25], [-175.40625, 25.90625], [-175.1875, 26.375], [-175.0, 26.375], [-174.71875, 25.40625], [-174.3125, 25.3125], [-174.25, 24.96875], [-174.40625, 24.5625], [-174.9375, 24.625], [-175.0625, 24.34375], [-174.4375, 24.21875], [-174.53125, 23.875], [-174.28125, 23.9375], [-174.28125, 23.75], [-174.09375, 23.875], [-174.09375, 24.09375], [-173.71875, 24.0], [-174.03125, 23.625], [-174.40625, 23.59375], [-174.21875, 23.3125], [-174.03125, 23.53125], [-174.1875, 22.875], [-173.9375, 22.875], [-173.75, 23.15625], [-173.59375, 23.03125], [-173.125, 23.125], [-172.625, 22.875], [-172.46875, 22.5], [-172.0625, 22.625], [-172.0, 22.40625], [-172.1875, 22.28125], [-172.03125, 22.15625], [-172.1875, 21.8125], [-171.75, 21.90625], [-171.84375, 21.65625], [-171.65625, 21.53125], [-171.75, 20.90625], [-171.625, 20.625], [-171.15625, 20.6875], [-171.34375, 19.75], [-171.09375, 19.90625], [-170.875, 19.78125], [-170.625, 20.28125], [-170.4375, 20.09375], [-170.15625, 20.625], [-169.75, 20.78125], [-169.625, 20.375], [-169.4375, 20.40625], [-169.1875, 20.15625], [-168.65625, 21.25], [-168.96875, 21.625], [-168.65625, 21.75], [-168.5, 21.75], [-168.59375, 21.4375], [-168.46875, 21.40625], [-168.46875, 20.9375], [-168.34375, 20.875], [-168.53125, 20.84375], [-168.46875, 20.4375], [-168.28125, 20.4375], [-168.25, 20.59375], [-167.8125, 20.59375], [-167.25, 21.09375], [-167.03125, 20.53125], [-166.5625, 20.625], [-166.5625, 20.90625], [-166.21875, 20.96875], [-166.0625, 20.71875], [-166.09375, 20.1875], [-165.84375, 20.25], [-165.90625, 20.46875], [-165.75, 20.46875], [-165.6875, 20.6875], [-165.46875, 20.625], [-165.34375, 20.15625], [-164.8125, 20.0], [-164.6875, 19.65625], [-164.46875, 19.78125], [-164.21875, 19.4375], [-163.84375, 19.40625], [-163.9375, 19.03125], [-164.3125, 19.09375], [-164.15625, 18.4375], [-163.9375, 18.65625], [-163.46875, 18.5], [-163.5, 17.78125], [-163.78125, 17.1875], [-163.625, 17.09375], [-163.65625, 16.8125], [-163.90625, 16.28125], [-163.71875, 14.8125], [-163.5625, 14.875], [-163.40625, 15.8125], [-163.125, 15.96875], [-163.25, 15.4375], [-162.71875, 15.0], [-161.90625, 14.71875], [-161.65625, 14.3125], [-160.40625, 14.46875], [-160.1875, 14.03125], [-159.46875, 13.9375], [-159.28125, 13.5625], [-158.25, 13.59375], [-158.1875, 12.90625], [-157.34375, 12.28125], [-157.0625, 12.46875], [-156.84375, 12.40625], [-156.78125, 12.0625], [-156.5, 11.8125], [-155.875, 12.21875], [-155.9375, 13.0], [-155.78125, 13.21875], [-155.15625, 13.0625], [-154.71875, 12.625], [-153.71875, 12.71875], [-153.84375, 12.9375], [-154.1875, 12.96875], [-154.34375, 13.28125], [-154.0625, 13.3125], [-153.40625, 13.9375], [-153.1875, 13.90625], [-153.1875, 14.09375], [-152.59375, 14.1875], [-152.21875, 13.875], [-152.21875, 14.15625], [-151.78125, 14.125], [-151.5, 14.34375], [-151.25, 14.3125], [-151.25, 14.5], [-151.0, 14.5], [-150.96875, 14.65625], [-150.53125, 14.4375], [-150.3125, 14.65625], [-149.875, 14.65625], [-149.65625, 15.4375], [-149.125, 15.8125], [-149.46875, 16.5625], [-149.34375, 18.375], [-149.5625, 18.4375], [-149.65625, 19.0], [-149.90625, 19.25], [-149.96875, 20.40625], [-150.09375, 20.5625], [-149.96875, 20.84375], [-150.09375, 21.21875], [-149.96875, 21.25], [-150.15625, 21.3125], [-150.0625, 21.4375], [-150.34375, 21.59375], [-150.34375, 21.96875], [-150.5, 22.03125], [-150.40625, 22.4375], [-150.5625, 22.8125], [-150.59375, 23.875], [-150.34375, 24.96875], [-150.03125, 25.65625], [-149.71875, 25.65625], [-149.71875, 25.875], [-149.375, 26.1875], [-149.4375, 26.53125], [-149.34375, 27.03125], [-149.15625, 27.21875], [-149.1875, 27.53125], [-148.8125, 27.46875], [-148.78125, 28.125], [-148.46875, 28.34375], [-148.5, 28.5625], [-148.125, 29.03125], [-148.0, 29.5], [-147.84375, 29.5], [-147.8125, 29.78125], [-147.65625, 29.75], [-147.6875, 30.0], [-147.40625, 30.125], [-147.5625, 30.25], [-147.25, 30.34375], [-147.34375, 30.59375], [-147.1875, 30.90625], [-146.9375, 30.9375], [-147.0, 31.125], [-146.5625, 31.375], [-146.625, 31.53125], [-146.40625, 31.71875], [-146.34375, 32.15625], [-144.90625, 33.0625], [-143.0, 33.84375], [-142.9375, 34.90625], [-142.46875, 35.59375], [-142.28125, 36.3125], [-142.375, 36.59375], [-142.1875, 36.625], [-142.15625, 37.03125], [-141.90625, 37.28125], [-142.03125, 37.5], [-141.9375, 37.90625], [-141.59375, 38.15625], [-141.625, 38.40625], [-141.3125, 38.5], [-141.25, 38.8125], [-141.6875, 39.375], [-141.96875, 39.40625], [-142.125, 39.90625], [-142.78125, 40.375], [-142.75, 40.65625], [-143.21875, 40.96875], [-143.46875, 41.5], [-143.875, 41.09375], [-144.46875, 41.3125], [-144.46875, 41.53125], [-144.65625, 41.625], [-144.53125, 42.4375], [-144.875, 42.375], [-144.8125, 42.59375], [-144.5625, 42.71875], [-144.78125, 43.03125], [-144.625, 43.6875], [-144.90625, 43.6875], [-144.8125, 44.03125], [-145.125, 44.0625], [-145.53125, 43.90625], [-145.5, 43.6875], [-145.6875, 43.59375], [-145.59375, 44.0], [-145.8125, 44.03125], [-145.8125, 44.21875], [-145.65625, 44.4375], [-145.9375, 44.65625], [-146.4375, 44.53125], [-146.40625, 45.3125], [-146.90625, 45.1875], [-146.96875, 46.40625], [-147.46875, 46.375], [-147.40625, 47.53125], [-147.6875, 47.625], [-148.25, 47.3125], [-148.0, 48.21875], [-148.21875, 48.5], [-148.375, 48.46875], [-148.25, 48.78125], [-148.5625, 48.78125], [-148.625, 49.0], [-148.9375, 49.15625], [-148.75, 49.84375], [-149.5, 49.875], [-149.21875, 50.09375], [-149.4375, 51.53125], [-149.875, 51.40625], [-149.875, 51.6875], [-150.0625, 51.71875], [-149.90625, 52.09375], [-150.09375, 52.1875], [-149.8125, 52.625], [-150.1875, 52.5625], [-150.0625, 52.96875], [-149.9375, 52.96875], [-150.1875, 53.28125], [-149.84375, 53.15625], [-149.875, 53.34375], [-149.6875, 53.375], [-149.4375, 53.8125], [-150.0625, 54.03125], [-150.03125, 54.15625], [-150.28125, 54.28125], [-149.625, 54.375], [-149.90625, 54.625], [-149.875, 55.09375], [-149.03125, 55.21875], [-149.125, 55.40625], [-148.90625, 55.5625], [-149.3125, 55.4375], [-149.3125, 55.59375], [-149.09375, 55.6875], [-149.21875, 55.875], [-149.0625, 55.96875], [-149.25, 55.96875], [-149.34375, 56.15625], [-149.0625, 56.09375], [-149.21875, 56.28125], [-149.03125, 56.5], [-148.5625, 56.4375], [-148.53125, 56.875], [-148.09375, 57.09375], [-148.03125, 57.4375], [-147.5625, 57.625], [-147.46875, 58.0], [-147.0, 58.28125], [-146.5625, 58.21875], [-146.40625, 58.59375], [-146.0625, 58.75], [-145.90625, 59.0625], [-145.4375, 59.21875], [-144.75, 60.0], [-144.28125, 60.09375], [-144.25, 60.21875], [-143.5625, 60.125], [-143.375, 60.28125], [-143.40625, 60.5], [-142.9375, 60.03125], [-142.65625, 60.1875], [-142.59375, 60.65625], [-142.84375, 60.5], [-142.96875, 60.6875], [-142.46875, 60.90625], [-142.25, 60.84375], [-141.875, 61.03125], [-141.75, 61.28125], [-141.125, 61.25], [-140.71875, 61.5], [-140.4375, 61.40625], [-140.34375, 61.53125], [-140.46875, 61.6875], [-139.96875, 61.6875], [-138.90625, 62.125], [-138.28125, 62.1875], [-138.84375, 62.34375], [-138.84375, 62.1875], [-139.09375, 62.21875], [-139.1875, 62.0625], [-139.1875, 62.3125], [-139.75, 62.09375], [-139.59375, 62.65625], [-139.125, 62.90625], [-137.9375, 62.875], [-137.625, 62.59375], [-136.28125, 62.78125], [-136.28125, 62.96875], [-136.03125, 63.125], [-135.84375, 63.125], [-135.75, 62.875], [-135.3125, 62.84375], [-134.9375, 63.0625], [-134.40625, 63.03125], [-133.78125, 63.25], [-133.09375, 63.1875], [-132.21875, 63.65625], [-131.03125, 63.78125], [-130.90625, 63.9375], [-128.96875, 64.28125], [-128.84375, 64.28125], [-128.8125, 63.9375], [-128.375, 63.90625], [-128.15625, 63.71875], [-127.875, 63.75], [-128.0625, 63.84375], [-127.96875, 64.03125], [-127.46875, 64.125], [-127.4375, 64.0], [-126.84375, 63.90625], [-126.34375, 64.03125], [-126.375, 64.21875], [-126.15625, 64.21875], [-126.25, 63.9375], [-122.78125, 64.21875], [-121.6875, 64.0625], [-118.5625, 64.4375], [-118.21875, 64.53125], [-118.21875, 64.65625], [-117.3125, 64.5625], [-116.96875, 64.71875], [-117.0, 64.96875], [-116.4375, 64.96875], [-116.59375, 65.15625], [-116.21875, 65.3125], [-115.90625, 65.28125], [-115.78125, 65.09375], [-115.875, 64.9375], [-116.40625, 64.84375], [-116.28125, 64.6875], [-114.3125, 65.09375], [-114.0625, 65.03125], [-113.0, 65.34375], [-112.9375, 65.5], [-112.40625, 65.375], [-112.1875, 65.59375], [-111.15625, 65.5625], [-110.46875, 65.78125], [-109.875, 65.78125], [-109.78125, 65.5], [-109.5, 65.40625], [-109.375, 65.75], [-108.78125, 65.84375], [-108.5625, 66.03125], [-108.15625, 65.90625], [-106.09375, 66.09375], [-104.34375, 65.65625], [-104.0625, 65.84375], [-104.125, 66.0625], [-102.40625, 66.34375], [-101.0625, 66.125], [-100.6875, 66.28125], [-98.96875, 66.15625], [-98.46875, 65.875], [-96.78125, 65.5625], [-96.875, 64.9375], [-96.6875, 65.4375], [-96.125, 65.5], [-95.59375, 65.1875], [-92.40625, 64.625], [-91.875, 64.3125], [-91.28125, 64.21875], [-91.25, 63.96875], [-90.75, 64.03125], [-90.34375, 63.8125], [-90.09375, 63.875], [-89.71875, 63.59375], [-89.375, 63.8125], [-88.625, 63.8125], [-88.09375, 63.59375], [-87.125, 63.53125], [-87.40625, 63.46875], [-87.4375, 63.3125], [-86.71875, 63.28125], [-86.625, 63.09375], [-86.78125, 62.875], [-86.28125, 63.125], [-85.625, 63.0], [-85.40625, 62.8125], [-84.5625, 62.84375], [-84.46875, 62.65625], [-83.8125, 62.53125], [-83.65625, 62.25], [-83.25, 62.15625], [-83.3125, 61.90625], [-83.0, 61.9375], [-82.96875, 61.65625], [-82.6875, 61.6875], [-82.6875, 61.5625], [-82.15625, 61.375], [-81.8125, 61.0625], [-82.09375, 60.96875], [-81.8125, 60.84375], [-81.15625, 61.09375], [-80.46875, 60.65625], [-80.21875, 60.84375], [-79.6875, 60.6875], [-79.46875, 60.84375], [-78.9375, 60.84375], [-78.59375, 60.6875], [-78.5625, 60.5625], [-78.71875, 60.5625], [-78.46875, 60.25], [-78.59375, 59.4375], [-78.03125, 59.28125], [-77.46875, 59.53125], [-77.65625, 59.125], [-77.25, 58.90625], [-77.28125, 58.71875], [-76.84375, 58.875], [-76.21875, 58.5625], [-75.9375, 58.59375], [-75.96875, 58.46875], [-75.40625, 58.3125], [-75.46875, 58.125], [-75.1875, 58.0625], [-75.21875, 57.78125], [-75.03125, 57.84375], [-74.75, 57.5625], [-74.25, 57.5], [-73.5, 57.1875], [-73.4375, 57.0], [-73.09375, 56.9375], [-73.03125, 56.78125], [-72.8125, 56.8125], [-72.78125, 56.46875], [-73.0, 56.4375], [-73.0, 56.375], [-72.53125, 56.40625], [-72.0625, 55.9375], [-71.84375, 56.0], [-71.75, 55.53125], [-71.59375, 55.59375], [-71.5, 55.375], [-71.21875, 55.28125], [-71.21875, 55.03125], [-71.03125, 55.09375], [-70.875, 54.875], [-71.0, 54.65625], [-70.75, 54.53125], [-70.65625, 54.25], [-69.90625, 53.90625], [-70.25, 53.625], [-70.375, 53.8125], [-70.6875, 53.8125], [-70.65625, 53.59375], [-69.6875, 53.625], [-69.5625, 53.46875], [-69.5, 53.65625], [-69.1875, 53.625], [-69.375, 53.25], [-69.1875, 52.59375], [-69.03125, 52.625], [-69.1875, 52.3125], [-68.75, 51.75], [-68.71875, 52.03125], [-68.53125, 52.0], [-68.6875, 52.25], [-68.3125, 52.40625], [-68.09375, 52.6875], [-68.1875, 52.875], [-67.5, 53.28125], [-67.53125, 53.53125], [-67.125, 53.90625], [-66.75, 54.03125], [-66.4375, 54.0], [-66.46875, 53.875], [-66.1875, 53.8125], [-66.1875, 53.6875], [-65.125, 53.625], [-65.09375, 53.78125], [-64.46875, 53.78125], [-64.28125, 53.46875], [-64.03125, 53.46875], [-63.875, 53.28125], [-62.9375, 53.375], [-62.5, 53.6875], [-61.46875, 53.625], [-61.3125, 53.34375], [-60.34375, 52.75], [-60.34375, 52.4375], [-60.59375, 52.21875], [-60.40625, 51.875], [-59.625, 52.0], [-58.96875, 52.40625], [-58.40625, 52.4375], [-58.375, 52.3125], [-58.65625, 52.25], [-58.53125, 52.125], [-57.34375, 52.25], [-57.34375, 52.0625], [-57.65625, 51.9375], [-57.46875, 51.625], [-57.1875, 51.59375], [-57.25, 51.40625], [-56.96875, 51.375], [-56.96875, 51.1875], [-57.21875, 51.03125], [-55.9375, 51.03125], [-55.875, 51.28125], [-55.28125, 51.125], [-55.40625, 50.84375], [-54.96875, 50.53125], [-54.53125, 50.46875], [-54.5625, 50.3125], [-54.9375, 50.21875], [-54.4375, 50.28125], [-54.34375, 50.09375], [-54.34375, 49.96875], [-54.78125, 49.78125], [-54.34375, 49.84375], [-53.9375, 49.40625], [-53.875, 49.0], [-53.3125, 49.03125], [-53.4375, 48.78125], [-52.90625, 48.875], [-52.84375, 48.65625], [-53.125, 48.5], [-53.0, 48.28125], [-52.375, 48.25], [-52.40625, 48.09375], [-52.6875, 48.0], [-52.53125, 47.65625], [-52.6875, 47.375], [-52.4375, 47.15625], [-52.03125, 47.09375], [-51.75, 46.5625], [-51.1875, 46.1875], [-51.1875, 46.0], [-50.875, 45.96875], [-50.71875, 45.40625], [-49.84375, 45.21875], [-49.90625, 44.9375], [-50.03125, 44.9375], [-49.84375, 44.4375], [-50.0, 44.34375], [-50.0625, 43.96875], [-50.21875, 44.0625], [-50.375, 43.9375], [-50.34375, 43.5], [-50.5625, 43.5], [-50.59375, 43.25], [-50.40625, 43.21875], [-50.53125, 42.5], [-50.375, 42.4375], [-50.40625, 42.1875], [-50.125, 42.15625], [-50.5, 42.03125], [-50.34375, 41.25], [-50.625, 40.5625], [-50.40625, 40.59375], [-50.34375, 40.4375], [-50.71875, 40.09375], [-50.8125, 39.53125], [-50.65625, 39.5], [-50.625, 39.90625], [-50.375, 40.0], [-50.4375, 39.75], [-50.1875, 39.25], [-50.5, 39.5], [-50.6875, 39.125], [-50.90625, 39.0625], [-50.375, 39.0], [-50.03125, 39.125], [-49.8125, 38.5625], [-49.65625, 39.09375], [-49.40625, 39.0], [-49.25, 38.6875], [-49.40625, 38.09375], [-49.1875, 38.125], [-49.3125, 37.8125], [-49.0, 37.71875], [-48.71875, 37.375], [-48.9375, 37.15625], [-48.875, 36.90625], [-48.6875, 36.90625], [-48.71875, 36.53125], [-48.375, 36.65625], [-48.3125, 37.40625], [-47.96875, 37.125], [-48.09375, 36.65625], [-48.46875, 36.53125], [-48.65625, 36.09375], [-48.96875, 36.0], [-48.84375, 35.71875], [-48.59375, 35.65625], [-48.5, 35.28125], [-48.90625, 35.125], [-49.46875, 35.71875], [-49.4375, 35.40625], [-49.6875, 34.9375], [-49.15625, 34.65625], [-49.0, 34.15625], [-48.71875, 34.1875], [-48.4375, 34.78125], [-48.28125, 34.625], [-48.34375, 33.3125], [-48.53125, 32.8125], [-48.25, 32.25], [-48.125, 31.4375], [-48.25, 31.25], [-48.0625, 30.6875], [-48.1875, 30.4375], [-49.03125, 30.0625], [-49.21875, 30.125], [-49.25, 29.90625], [-48.5625, 29.6875], [-48.46875, 29.15625], [-48.0, 28.78125], [-47.84375, 28.34375], [-48.4375, 28.375], [-48.65625, 28.78125], [-49.03125, 29.03125], [-49.28125, 28.96875], [-49.5625, 29.21875], [-49.4375, 29.5], [-49.125, 29.53125], [-49.4375, 30.25], [-51.34375, 30.3125], [-52.3125, 29.5625], [-52.0, 29.59375], [-51.09375, 30.125], [-50.0, 29.875], [-49.65625, 29.5625], [-49.84375, 29.09375], [-49.28125, 28.0625], [-49.3125, 27.84375], [-49.59375, 27.625], [-50.28125, 27.34375], [-51.65625, 27.875], [-53.34375, 28.125], [-53.40625, 27.84375], [-53.25, 27.65625], [-52.75, 27.46875], [-52.9375, 27.21875], [-55.28125, 26.8125], [-55.46875, 26.90625], [-56.40625, 26.1875], [-56.84375, 26.21875], [-58.03125, 25.71875], [-58.34375, 25.40625], [-58.21875, 25.3125], [-56.34375, 26.0], [-55.5, 25.875], [-55.53125, 26.125], [-55.75, 26.21875], [-55.53125, 26.5625], [-54.78125, 26.59375], [-54.59375, 26.75], [-54.25, 26.625], [-53.34375, 26.6875], [-53.125, 26.53125], [-54.15625, 26.28125], [-54.28125, 25.90625], [-54.65625, 25.9375], [-54.71875, 25.78125], [-54.03125, 25.75], [-52.46875, 26.3125], [-51.53125, 25.96875], [-50.8125, 26.0], [-50.25, 25.59375], [-50.28125, 25.4375], [-50.90625, 25.28125], [-51.90625, 25.4375], [-52.03125, 25.1875], [-51.09375, 25.09375], [-51.28125, 24.9375], [-50.15625, 24.6875], [-49.0625, 24.09375], [-48.34375, 23.34375], [-47.65625, 23.34375], [-47.65625, 23.125], [-47.875, 23.125], [-47.90625, 22.75], [-48.25, 23.0], [-48.40625, 22.625], [-48.59375, 22.59375], [-48.71875, 22.1875], [-48.59375, 21.53125], [-49.15625, 20.96875], [-49.125, 20.71875], [-48.8125, 20.75], [-48.96875, 20.5625], [-48.875, 20.40625], [-48.6875, 20.53125], [-48.5625, 20.3125], [-48.09375, 20.375], [-48.25, 21.3125], [-48.0625, 21.90625], [-47.84375, 21.90625], [-47.75, 21.5], [-47.96875, 21.125], [-47.59375, 21.125], [-47.375, 21.46875], [-47.1875, 20.6875], [-46.9375, 20.5], [-46.5625, 20.5], [-46.59375, 19.875], [-46.1875, 19.6875], [-46.21875, 19.15625], [-45.875, 19.0625], [-45.90625, 18.59375], [-45.625, 18.53125], [-45.28125, 18.9375], [-45.25, 18.3125], [-45.125, 18.0625], [-44.875, 18.09375], [-44.71875, 18.28125], [-44.71875, 18.90625], [-44.96875, 19.25], [-44.96875, 19.625], [-44.8125, 19.3125], [-44.375, 19.125], [-44.0625, 18.71875], [-44.34375, 18.4375], [-44.25, 18.125], [-43.78125, 18.03125], [-43.6875, 17.40625], [-43.09375, 17.15625], [-42.46875, 16.40625], [-42.21875, 15.40625], [-42.34375, 14.34375], [-42.0, 15.125], [-41.71875, 14.59375], [-41.6875, 13.65625], [-41.375, 13.625], [-41.3125, 13.28125], [-41.1875, 13.28125], [-41.1875, 13.125], [-41.40625, 13.03125], [-41.1875, 12.65625], [-41.28125, 12.4375], [-41.09375, 12.0625], [-40.84375, 12.0], [-40.625, 11.6875], [-40.59375, 11.3125], [-40.78125, 11.15625], [-40.71875, 10.375], [-41.375, 10.34375], [-41.375, 10.53125], [-41.5, 10.53125], [-41.40625, 10.09375], [-40.0625, 9.875], [-40.4375, 8.84375], [-39.5625, 9.625], [-39.46875, 9.1875], [-38.84375, 8.8125], [-38.375, 8.125], [-38.03125, 8.0], [-38.125, 7.34375], [-38.0, 6.3125], [-38.125, 6.09375], [-37.375, 6.28125], [-37.4375, 6.96875], [-37.15625, 7.21875], [-36.875, 6.84375], [-36.90625, 6.5625], [-37.25, 6.15625], [-37.28125, 5.6875], [-37.5, 5.53125], [-37.5, 4.9375], [-37.0625, 4.71875], [-36.6875, 4.9375], [-36.53125, 4.6875], [-36.59375, 3.78125], [-36.1875, 2.90625], [-36.1875, 2.5], [-36.78125, 2.0625], [-37.0625, 1.53125], [-37.0, 1.1875], [-36.71875, 1.03125], [-36.90625, 1.0625], [-37.0625, 0.84375], [-37.34375, 1.09375], [-37.96875, 0.625], [-38.4375, 0.53125], [-38.40625, 0.3125], [-38.53125, 0.46875], [-38.65625, 0.40625], [-38.5625, 0.21875], [-38.75, 0.25], [-38.9375, -0.09375], [-38.78125, -1.0625], [-38.40625, -1.03125], [-38.5, -0.75], [-38.25, -0.5], [-38.0625, -0.53125], [-38.1875, -0.34375], [-38.03125, -0.375], [-37.96875, -0.0625], [-37.5625, -0.34375], [-37.5, 0.09375], [-37.28125, 0.09375], [-37.28125, 0.25], [-36.4375, 0.4375], [-36.40625, 0.125], [-36.0, -0.03125], [-36.34375, -0.3125], [-35.90625, -0.34375], [-35.6875, -0.15625], [-35.28125, -0.40625], [-35.3125, -0.96875], [-35.0625, -1.53125], [-34.84375, -1.65625], [-34.84375, -1.9375], [-36.09375, -4.15625], [-36.625, -4.65625], [-36.71875, -5.5], [-37.0, -5.65625], [-37.21875, -6.15625], [-37.59375, -6.34375], [-37.84375, -6.15625], [-38.125, -6.59375], [-39.125, -7.40625], [-39.53125, -7.34375], [-40.03125, -7.625], [-41.25, -7.75], [-41.96875, -8.125], [-42.34375, -8.125], [-42.40625, -8.34375], [-42.65625, -8.46875], [-43.34375, -8.375], [-43.71875, -8.09375], [-44.0625, -8.0625], [-44.09375, -7.625], [-44.5625, -7.78125], [-44.9375, -7.4375], [-45.65625, -7.625], [-46.15625, -8.0625], [-46.59375, -8.125], [-46.5625, -7.78125], [-46.90625, -7.09375], [-47.40625, -6.75], [-47.4375, -6.5625], [-48.25, -6.78125], [-48.875, -6.5], [-48.9375, -6.21875], [-49.1875, -6.09375], [-49.15625, -6.375], [-49.5, -6.21875], [-49.875, -6.625], [-50.0625, -7.34375], [-50.6875, -7.25], [-51.6875, -7.4375], [-51.6875, -7.71875], [-52.03125, -7.9375], [-51.5625, -7.84375], [-51.71875, -8.09375], [-51.4375, -8.3125], [-51.9375, -8.375], [-51.96875, -8.71875], [-50.8125, -8.5], [-50.625, -8.3125], [-50.0, -8.5625], [-49.625, -8.40625], [-49.15625, -8.59375], [-48.53125, -8.53125], [-48.125, -8.3125], [-47.1875, -8.625], [-46.59375, -8.46875], [-45.90625, -8.9375], [-45.75, -8.5], [-45.03125, -8.40625], [-44.875, -8.125], [-44.59375, -8.0625], [-44.34375, -8.125], [-44.1875, -8.46875], [-44.03125, -8.4375], [-44.03125, -8.71875], [-43.0, -8.9375], [-42.40625, -8.84375], [-41.3125, -8.21875], [-40.71875, -8.15625], [-40.25, -8.5], [-39.53125, -8.3125], [-39.5, -8.71875], [-39.09375, -8.875], [-39.75, -9.15625], [-40.375, -10.40625], [-40.5625, -10.40625], [-40.3125, -10.71875], [-40.34375, -11.125], [-40.125, -11.6875], [-40.28125, -12.0], [-40.71875, -12.1875], [-40.875, -12.78125], [-42.0625, -13.15625], [-41.9375, -13.40625], [-42.40625, -13.71875], [-42.65625, -13.625], [-42.53125, -13.4375], [-42.6875, -13.40625], [-42.96875, -13.78125], [-43.59375, -14.0], [-44.03125, -14.03125], [-44.125, -13.84375], [-44.5, -13.90625], [-44.28125, -13.59375], [-44.84375, -13.5625], [-44.71875, -14.0], [-45.15625, -14.28125], [-44.9375, -14.5], [-45.96875, -14.375], [-45.875, -14.78125], [-46.1875, -14.78125], [-45.875, -15.0], [-46.0, -15.125], [-46.53125, -15.125], [-47.25, -14.84375], [-46.96875, -15.125], [-47.0625, -15.40625], [-47.28125, -15.34375], [-47.1875, -15.53125], [-47.75, -15.4375], [-47.84375, -15.09375], [-47.5, -14.90625], [-47.78125, -14.6875], [-48.03125, -14.84375], [-48.1875, -14.5625], [-48.21875, -14.875], [-48.4375, -14.9375], [-48.40625, -14.78125], [-48.625, -14.875], [-49.34375, -14.34375], [-49.625, -14.40625], [-49.90625, -14.15625], [-50.34375, -14.125], [-50.40625, -13.84375], [-50.0625, -13.71875], [-50.03125, -13.90625], [-49.6875, -14.03125], [-49.625, -13.46875], [-49.875, -13.5625], [-49.6875, -12.90625], [-49.3125, -12.71875], [-49.03125, -12.84375], [-48.90625, -12.5625], [-48.59375, -12.5], [-48.28125, -12.59375], [-48.21875, -12.875], [-48.03125, -12.875], [-48.125, -12.59375], [-47.9375, -12.46875], [-47.78125, -12.5], [-47.84375, -12.75], [-47.5625, -12.78125], [-47.59375, -12.53125], [-46.875, -12.40625], [-46.875, -12.0625], [-47.40625, -11.96875], [-47.78125, -12.15625], [-48.34375, -11.90625], [-48.8125, -11.90625], [-49.5, -12.28125], [-50.03125, -12.34375], [-51.03125, -12.96875], [-51.375, -13.0], [-51.59375, -13.5625], [-52.59375, -14.40625], [-53.5625, -14.09375], [-55.6875, -14.0], [-56.3125, -13.75], [-56.9375, -14.0], [-57.34375, -13.8125], [-57.59375, -13.40625], [-58.09375, -13.1875], [-59.1875, -12.96875], [-59.53125, -13.0], [-59.625, -13.21875], [-60.125, -13.1875], [-60.4375, -13.09375], [-60.4375, -12.875], [-60.9375, -12.90625], [-62.15625, -12.40625], [-67.40625, -11.125], [-67.96875, -10.75], [-68.5, -10.78125], [-69.0, -10.40625], [-69.375, -10.4375], [-69.8125, -10.0625], [-70.8125, -9.59375], [-71.4375, -9.625], [-71.4375, -9.40625], [-71.15625, -9.1875], [-71.53125, -9.0], [-71.71875, -9.0625], [-71.875, -8.75], [-72.3125, -8.90625], [-72.90625, -8.5625], [-73.5, -8.625], [-73.9375, -8.25], [-74.375, -8.375], [-74.03125, -8.78125], [-74.21875, -9.03125], [-73.75, -9.0], [-73.6875, -9.375], [-73.25, -9.625], [-72.96875, -10.125], [-72.53125, -10.28125], [-72.40625, -11.21875], [-72.09375, -11.03125], [-71.90625, -11.3125], [-71.59375, -11.40625], [-71.59375, -11.59375], [-71.3125, -11.59375], [-71.375, -11.8125], [-71.25, -11.9375], [-69.59375, -12.5625], [-68.875, -12.15625], [-68.84375, -11.96875], [-68.65625, -11.96875], [-65.90625, -12.59375], [-65.0, -12.53125], [-64.71875, -12.71875], [-63.0625, -13.0], [-62.875, -13.21875], [-62.5, -13.125], [-61.8125, -13.28125], [-61.5, -13.65625], [-61.0625, -13.625], [-61.0, -13.75], [-60.3125, -13.78125], [-60.21875, -13.53125], [-59.375, -13.625], [-59.0, -14.0625], [-58.53125, -14.09375], [-58.5, -14.34375], [-57.46875, -14.59375], [-56.875, -15.0625], [-56.34375, -15.125], [-56.0, -15.46875], [-55.65625, -15.40625], [-55.625, -15.5625], [-53.65625, -15.25], [-53.53125, -15.5625], [-52.34375, -15.6875], [-52.1875, -15.5625], [-50.75, -15.5625], [-50.59375, -15.375], [-49.875, -15.28125], [-49.75, -15.78125], [-50.375, -16.0625], [-50.375, -16.28125], [-50.09375, -16.34375], [-50.34375, -16.5625], [-50.21875, -16.8125], [-49.78125, -16.6875], [-49.71875, -16.1875], [-49.65625, -16.6875], [-49.375, -16.84375], [-48.59375, -17.0], [-48.5625, -16.71875], [-48.40625, -16.78125], [-48.34375, -16.5625], [-48.0, -16.5], [-47.625, -16.75], [-47.6875, -16.9375], [-47.5, -17.25], [-47.25, -17.25], [-47.15625, -17.4375], [-46.90625, -17.1875], [-46.65625, -17.40625], [-46.46875, -17.09375], [-46.25, -17.15625], [-46.25, -17.03125], [-46.71875, -16.78125], [-46.875, -16.90625], [-46.96875, -16.53125], [-46.8125, -16.46875], [-46.84375, -16.125], [-47.0, -15.96875], [-46.9375, -16.28125], [-47.25, -16.375], [-47.28125, -16.0], [-47.125, -16.0], [-47.125, -15.71875], [-47.34375, -15.78125], [-47.3125, -15.625], [-46.8125, -15.625], [-46.46875, -15.3125], [-45.9375, -15.25], [-46.21875, -15.5625], [-45.84375, -16.03125], [-45.46875, -16.0], [-45.1875, -16.21875], [-45.15625, -16.03125], [-45.0, -16.03125], [-44.96875, -16.1875], [-44.75, -16.125], [-44.65625, -16.28125], [-44.15625, -16.15625], [-44.1875, -16.40625], [-43.84375, -16.25], [-42.5625, -16.28125], [-41.84375, -16.03125], [-41.6875, -15.3125], [-42.0, -14.78125], [-41.71875, -14.5625], [-41.75, -14.1875], [-41.53125, -13.59375], [-40.8125, -13.34375], [-40.6875, -13.0625], [-40.3125, -13.3125], [-39.34375, -13.09375], [-39.21875, -12.5], [-38.34375, -11.625], [-37.3125, -10.96875], [-36.90625, -10.40625], [-36.625, -10.625], [-36.40625, -10.5], [-36.0, -10.5625], [-35.65625, -10.34375], [-35.78125, -10.84375], [-35.625, -11.5625], [-35.84375, -12.03125], [-35.0625, -12.0625], [-34.84375, -11.71875], [-35.125, -11.75], [-35.15625, -11.625], [-34.25, -11.40625], [-34.03125, -10.84375], [-33.71875, -10.78125], [-33.46875, -10.46875], [-33.5, -10.21875], [-33.03125, -10.40625], [-32.65625, -10.03125], [-32.1875, -9.875], [-31.8125, -9.9375], [-31.625, -9.78125], [-31.90625, -9.59375], [-32.25, -9.8125], [-32.1875, -9.59375], [-32.375, -9.21875], [-32.1875, -8.625], [-31.65625, -8.46875], [-31.5625, -8.65625], [-31.6875, -8.90625], [-31.4375, -8.9375], [-31.28125, -8.78125], [-30.84375, -8.90625], [-30.6875, -8.375], [-30.375, -8.5], [-30.375, -8.25], [-30.125, -8.5], [-29.96875, -8.40625], [-30.03125, -8.53125], [-29.46875, -8.625], [-29.4375, -8.25], [-29.9375, -8.21875], [-29.9375, -8.09375], [-29.4375, -7.78125], [-29.34375, -7.03125], [-28.6875, -6.5625], [-28.6875, -6.4375], [-29.0, -6.375], [-29.0625, -6.625], [-29.375, -6.5625], [-29.59375, -6.8125], [-29.8125, -6.78125], [-29.84375, -7.03125], [-30.3125, -6.6875], [-30.21875, -6.5], [-30.40625, -6.28125], [-30.6875, -6.59375], [-31.34375, -6.5], [-31.625, -6.59375], [-31.59375, -6.75], [-31.6875, -6.46875], [-32.5, -6.40625], [-32.4375, -6.78125], [-32.875, -6.75], [-33.03125, -6.40625], [-33.96875, -6.4375], [-33.96875, -6.21875], [-34.125, -6.15625], [-34.03125, -5.96875], [-34.4375, -5.84375], [-34.71875, -5.375], [-35.125, -5.15625], [-35.03125, -3.96875], [-34.8125, -3.5625], [-33.96875, -3.0], [-33.5625, -3.125], [-33.3125, -2.9375], [-33.28125, -2.59375], [-33.09375, -2.40625], [-32.6875, -2.59375], [-32.4375, -2.34375], [-32.5625, -1.96875], [-32.3125, -1.65625], [-33.03125, -1.46875], [-32.3125, -0.8125], [-32.28125, -0.34375], [-32.46875, -0.34375], [-32.5, -0.03125], [-32.28125, 0.34375], [-32.4375, 0.4375], [-32.25, 0.53125], [-32.1875, 0.34375], [-32.03125, 0.5625], [-32.1875, 0.8125], [-32.0625, 1.0], [-32.3125, 1.28125], [-32.46875, 1.84375], [-32.1875, 1.6875], [-31.96875, 2.03125], [-31.5, 1.84375], [-31.15625, 2.125], [-31.0625, 2.90625], [-30.75, 3.03125], [-31.09375, 3.1875], [-30.90625, 3.53125], [-31.15625, 4.46875], [-31.03125, 4.84375], [-30.71875, 5.0625], [-29.96875, 4.71875], [-29.90625, 5.0], [-29.5, 5.03125], [-29.59375, 3.6875], [-29.40625, 3.84375], [-29.125, 3.5625], [-29.15625, 3.78125], [-28.875, 3.75], [-29.0625, 2.84375], [-28.875, 3.0625], [-28.4375, 3.0625], [-28.34375, 2.9375], [-28.375, 3.15625], [-28.0625, 3.21875], [-28.03125, 2.875], [-28.5625, 2.84375], [-28.3125, 2.5], [-28.71875, 2.6875], [-28.65625, 2.875], [-28.84375, 2.96875], [-28.78125, 2.625], [-28.90625, 2.4375], [-28.65625, 2.34375], [-28.84375, 2.28125], [-28.875, 1.65625], [-28.625, 1.78125], [-27.9375, 2.8125], [-28.0, 3.375], [-28.375, 3.5625], [-28.375, 3.90625], [-28.65625, 4.0625], [-28.65625, 4.21875], [-29.03125, 4.34375], [-29.3125, 4.875], [-29.25, 5.28125], [-29.0625, 5.40625], [-29.09375, 5.6875], [-28.84375, 5.65625], [-28.78125, 5.78125], [-28.96875, 5.96875], [-29.53125, 6.09375], [-29.65625, 6.375], [-29.8125, 6.375], [-29.8125, 6.96875], [-29.96875, 7.21875], [-30.21875, 7.09375], [-30.375, 7.28125], [-30.46875, 6.71875], [-30.75, 6.84375], [-30.75, 7.28125], [-31.0625, 7.375], [-31.125, 8.03125], [-31.34375, 8.09375], [-31.34375, 8.375], [-31.84375, 8.375], [-32.125, 8.625], [-32.125, 8.75], [-31.8125, 8.6875], [-31.71875, 9.03125], [-31.71875, 9.5], [-32.09375, 9.9375], [-31.90625, 10.25], [-32.03125, 10.78125], [-31.5, 11.59375], [-31.53125, 12.3125], [-31.71875, 12.625], [-32.59375, 13.0625], [-32.59375, 13.59375], [-33.125, 14.21875], [-33.15625, 14.78125], [-33.375, 15.21875], [-34.09375, 15.5625], [-34.625, 16.03125], [-34.8125, 16.5625], [-34.65625, 17.28125], [-33.59375, 16.9375], [-34.03125, 17.28125], [-34.40625, 17.3125], [-34.375, 17.625], [-33.3125, 17.1875], [-33.0625, 17.375], [-33.15625, 18.40625], [-33.03125, 18.65625], [-32.59375, 18.5], [-32.375, 18.59375], [-32.09375, 17.96875], [-32.03125, 17.34375], [-32.4375, 17.46875], [-32.5625, 17.15625], [-32.375, 16.96875], [-32.125, 17.0], [-31.9375, 16.15625], [-31.625, 15.96875], [-31.71875, 15.8125], [-32.09375, 15.875], [-32.09375, 15.6875], [-30.53125, 14.59375], [-30.28125, 14.0625], [-29.65625, 13.65625], [-29.46875, 13.15625], [-28.90625, 12.46875], [-28.75, 12.4375], [-28.71875, 12.6875], [-28.5625, 12.25], [-27.4375, 11.40625], [-26.71875, 10.59375], [-25.96875, 10.15625], [-23.9375, 9.90625], [-22.90625, 9.03125], [-21.8125, 7.59375], [-19.34375, 6.5], [-18.53125, 5.875], [-18.1875, 5.375], [-18.21875, 5.125], [-17.96875, 5.125], [-18.1875, 5.75], [-18.96875, 6.65625], [-20.875, 7.34375], [-22.15625, 8.75], [-23.375, 9.625], [-23.84375, 10.15625], [-25.34375, 10.3125], [-26.59375, 11.09375], [-27.0625, 11.5], [-27.3125, 11.96875], [-27.4375, 11.65625], [-27.71875, 11.75], [-27.96875, 12.15625], [-28.03125, 12.71875], [-28.3125, 12.75], [-28.53125, 13.1875], [-28.84375, 13.15625], [-28.78125, 13.40625], [-28.90625, 13.4375], [-28.84375, 13.75], [-28.96875, 13.90625], [-28.59375, 13.9375], [-28.8125, 14.0625], [-28.875, 14.4375], [-29.09375, 14.53125], [-29.15625, 14.78125], [-29.59375, 14.75], [-29.96875, 15.28125], [-30.34375, 15.5], [-30.28125, 15.65625], [-30.625, 15.875], [-30.6875, 16.21875], [-30.84375, 16.25], [-30.75, 16.8125], [-30.875, 18.125], [-31.21875, 17.4375], [-31.28125, 17.78125], [-31.53125, 17.75], [-31.59375, 18.375], [-31.96875, 18.75], [-31.8125, 19.4375], [-32.03125, 19.65625], [-32.34375, 19.65625], [-32.375, 20.03125], [-32.15625, 19.84375], [-31.78125, 19.8125], [-31.71875, 20.8125], [-31.46875, 21.125], [-31.34375, 20.625], [-31.5625, 20.375], [-31.5, 19.90625], [-31.34375, 20.40625], [-31.1875, 20.46875], [-31.125, 20.34375], [-31.125, 19.96875], [-31.4375, 19.6875], [-31.28125, 19.46875], [-31.5, 19.1875], [-31.46875, 18.8125], [-31.28125, 18.625], [-31.1875, 18.875], [-31.09375, 18.28125], [-30.90625, 18.21875], [-30.75, 18.53125], [-30.875, 19.59375], [-30.71875, 19.71875], [-30.6875, 21.4375], [-30.78125, 21.78125], [-30.65625, 22.34375], [-30.5, 22.875], [-30.03125, 23.0625], [-29.875, 23.46875], [-29.53125, 23.46875], [-29.59375, 23.75], [-29.3125, 24.15625], [-28.71875, 23.71875], [-28.65625, 23.46875], [-28.28125, 23.71875], [-27.5625, 23.1875], [-27.1875, 23.21875], [-27.15625, 23.5], [-26.875, 23.625], [-26.5625, 22.5], [-25.53125, 22.84375], [-25.0, 22.46875], [-25.03125, 22.0], [-24.75, 22.03125], [-24.59375, 22.5], [-24.28125, 22.46875], [-24.15625, 22.28125], [-24.0, 22.5], [-24.125, 23.21875], [-23.65625, 22.6875], [-23.03125, 22.96875], [-22.875, 22.8125], [-22.625, 23.3125], [-22.6875, 23.6875], [-22.40625, 24.1875], [-22.78125, 24.625], [-22.21875, 24.65625], [-21.96875, 24.5], [-21.28125, 24.90625], [-21.21875, 25.71875], [-21.0, 25.71875], [-20.84375, 25.46875], [-20.1875, 25.40625], [-20.15625, 25.6875], [-19.21875, 25.78125], [-18.46875, 25.21875], [-18.75, 26.125], [-18.90625, 26.25], [-19.0625, 26.09375], [-19.09375, 26.28125], [-19.3125, 26.34375], [-19.21875, 26.78125], [-19.53125, 27.03125], [-19.90625, 27.0], [-20.09375, 27.1875], [-20.03125, 27.40625], [-19.5625, 27.40625], [-19.4375, 28.03125], [-19.1875, 28.03125], [-19.21875, 27.8125], [-19.0, 27.78125], [-18.90625, 28.28125], [-18.625, 28.53125], [-18.5625, 28.25], [-18.25, 28.4375], [-18.34375, 29.15625], [-18.0625, 29.09375], [-18.15625, 28.8125], [-17.9375, 28.875], [-17.875, 28.6875], [-17.84375, 28.90625], [-17.5625, 29.125], [-17.875, 29.78125], [-17.625, 29.625], [-17.0, 29.75], [-16.875, 29.96875], [-17.09375, 29.875], [-17.125, 30.0], [-16.96875, 30.25], [-16.75, 30.25], [-16.78125, 30.59375], [-16.375, 30.59375], [-16.34375, 30.78125], [-16.15625, 30.5], [-15.4375, 30.65625], [-15.28125, 30.5625], [-15.21875, 30.90625], [-14.9375, 30.8125], [-14.625, 31.125], [-14.90625, 31.5], [-14.46875, 31.40625], [-14.25, 31.6875], [-14.21875, 32.0], [-14.5625, 32.625], [-14.15625, 32.59375], [-14.03125, 32.0625], [-13.75, 32.28125], [-14.21875, 32.875], [-13.1875, 32.4375], [-13.0, 32.6875], [-12.625, 32.625], [-12.53125, 32.4375], [-12.53125, 32.625], [-12.75, 32.8125], [-12.6875, 33.03125], [-12.40625, 33.1875], [-12.59375, 33.375], [-12.375, 33.75], [-12.40625, 34.375], [-12.1875, 34.4375], [-12.09375, 34.8125], [-11.46875, 34.84375], [-11.625, 34.96875], [-11.5625, 35.25], [-11.3125, 35.21875], [-11.0625, 35.4375], [-10.71875, 35.40625], [-10.5625, 35.09375], [-10.40625, 35.25], [-9.9375, 35.28125], [-9.84375, 34.875], [-9.4375, 34.8125], [-9.28125, 35.25], [-9.8125, 35.375], [-9.875, 35.65625], [-10.21875, 35.65625], [-10.1875, 36.0], [-9.71875, 35.8125], [-9.375, 36.125], [-8.625, 36.0], [-8.5, 36.1875], [-8.28125, 36.1875], [-8.40625, 35.9375], [-8.28125, 35.8125], [-7.53125, 35.8125], [-7.4375, 35.96875], [-7.59375, 36.125], [-7.46875, 36.15625], [-7.40625, 36.625], [-6.84375, 36.34375], [-7.0, 36.0625], [-6.875, 35.78125], [-6.34375, 35.75], [-6.15625, 35.90625], [-5.5, 35.96875], [-5.5, 35.65625], [-5.15625, 35.625], [-5.09375, 35.78125], [-5.4375, 36.03125], [-5.3125, 36.21875], [-5.46875, 36.25], [-5.46875, 36.53125], [-5.8125, 36.6875], [-5.78125, 36.9375], [-5.53125, 37.0], [-5.21875, 36.71875], [-4.75, 36.71875], [-4.46875, 37.03125], [-4.3125, 37.6875], [-3.8125, 37.625], [-3.96875, 37.75], [-3.90625, 38.0], [-3.59375, 38.0625], [-3.40625, 37.65625], [-3.5, 38.40625], [-2.59375, 38.65625], [-2.21875, 38.65625], [-2.1875, 38.53125], [-1.4375, 38.65625], [-1.0625, 39.40625], [-0.25, 39.625], [-0.28125, 39.96875], [0.3125, 40.34375], [0.375, 40.78125], [0.65625, 40.875], [0.71875, 41.28125], [1.0, 41.375], [1.8125, 41.5], [1.6875, 41.34375], [1.8125, 40.78125], [1.4375, 40.46875], [1.53125, 39.96875], [1.8125, 40.0], [1.9375, 39.75], [2.375, 39.9375], [3.125, 39.625], [3.65625, 39.8125], [4.125, 39.625], [4.34375, 39.78125], [4.28125, 40.0625], [4.78125, 40.28125], [4.90625, 41.15625], [5.71875, 41.28125], [5.78125, 41.5625], [6.0625, 41.4375], [6.0, 41.25], [6.0625, 41.15625], [6.9375, 41.84375], [7.40625, 41.75], [8.21875, 42.0], [8.0, 41.5625], [8.03125, 41.25], [8.8125, 41.0], [9.1875, 41.0625], [9.5, 41.46875], [9.15625, 42.0], [8.65625, 42.15625], [8.03125, 42.09375], [7.5, 42.3125], [7.53125, 42.6875], [7.71875, 42.75], [7.78125, 42.625], [7.8125, 43.03125], [8.4375, 42.5625], [8.96875, 42.8125], [9.0625, 43.03125], [8.8125, 43.21875], [8.9375, 43.40625], [9.0625, 43.15625], [9.25, 43.1875], [9.46875, 42.96875], [9.8125, 43.25], [10.71875, 42.84375], [11.1875, 42.34375], [11.03125, 42.125], [11.625, 41.59375], [11.34375, 42.125], [11.59375, 42.59375], [11.15625, 42.625], [10.96875, 42.90625], [10.125, 43.28125], [10.15625, 43.5625], [9.84375, 43.65625], [9.875, 43.84375], [9.59375, 44.03125], [9.4375, 44.4375], [9.71875, 44.375], [9.78125, 44.15625], [10.46875, 44.34375], [10.5625, 44.03125], [10.90625, 44.0], [11.03125, 44.125], [10.9375, 44.375], [12.25, 44.6875], [12.3125, 45.0], [12.53125, 45.15625], [12.46875, 45.34375], [13.1875, 45.1875], [14.0625, 45.4375], [14.03125, 44.625], [13.1875, 44.125], [13.34375, 43.75], [13.6875, 43.59375], [13.875, 43.75], [13.875, 44.125], [14.3125, 44.5625], [14.21875, 44.78125], [14.34375, 44.875], [14.4375, 45.875], [14.6875, 45.6875], [15.21875, 45.84375], [15.375, 45.3125], [15.84375, 45.4375], [15.84375, 45.25], [15.375, 44.9375], [15.15625, 44.46875], [15.25, 44.28125], [15.875, 44.96875], [16.21875, 44.96875], [16.1875, 45.34375], [16.5625, 45.78125], [16.78125, 45.46875], [16.5, 45.1875], [16.09375, 43.75], [16.25, 43.4375], [16.5625, 43.5625], [16.6875, 43.34375], [17.03125, 43.21875], [16.96875, 42.9375], [16.625, 42.90625], [16.5, 43.0], [16.59375, 43.3125], [16.28125, 43.375], [16.46875, 42.65625], [16.78125, 42.625], [16.875, 42.28125], [17.03125, 42.21875], [17.1875, 42.40625], [17.09375, 42.71875], [17.6875, 42.71875], [17.65625, 42.40625], [17.21875, 42.40625], [17.25, 42.15625], [17.125, 42.125], [17.1875, 41.9375], [17.4375, 41.96875], [17.375, 41.71875], [17.59375, 41.75], [17.5625, 42.15625], [17.75, 42.21875], [18.71875, 42.125], [19.71875, 42.28125], [19.96875, 41.59375], [20.3125, 41.5], [20.3125, 41.28125], [20.09375, 41.25], [20.21875, 41.03125], [20.71875, 40.78125], [21.0, 40.8125], [21.125, 40.59375], [21.9375, 40.53125], [22.71875, 40.90625], [22.59375, 40.59375], [23.0, 40.5625], [23.78125, 41.0], [24.5, 40.53125], [24.96875, 40.5625], [25.375, 41.0], [24.96875, 41.375], [25.40625, 41.40625], [25.71875, 41.1875], [25.9375, 41.375], [26.4375, 41.34375], [26.5, 41.5], [25.90625, 42.09375], [25.6875, 42.0625], [24.90625, 42.53125], [24.5, 42.15625], [25.09375, 41.84375], [24.96875, 41.6875], [24.375, 41.90625], [23.90625, 41.78125], [23.59375, 41.9375], [23.59375, 42.5625], [23.25, 42.71875], [23.09375, 43.25], [23.84375, 43.375], [23.5625, 44.0625], [23.875, 44.3125], [22.75, 44.71875], [22.625, 44.21875], [22.15625, 44.3125], [21.96875, 44.0625], [21.71875, 44.03125], [21.28125, 44.1875], [20.9375, 44.125], [20.6875, 45.03125], [20.3125, 45.03125], [20.28125, 45.21875], [21.4375, 45.34375], [22.0, 45.15625], [22.0625, 45.28125], [21.84375, 45.40625], [21.5625, 46.375], [22.28125, 46.375], [22.34375, 46.09375], [22.6875, 45.9375], [22.6875, 45.6875], [22.96875, 45.75], [22.875, 46.03125], [23.28125, 46.3125], [23.71875, 46.3125], [23.9375, 46.125], [23.90625, 45.8125], [23.65625, 45.75], [23.84375, 45.625], [24.40625, 45.75], [24.28125, 46.0625], [24.59375, 46.125], [24.71875, 46.5], [25.21875, 46.5], [25.46875, 46.3125], [25.5, 46.0625], [25.9375, 46.0625], [26.15625, 45.8125], [26.8125, 45.84375], [26.6875, 45.375], [27.1875, 45.46875], [27.34375, 45.34375], [27.375, 45.9375], [27.6875, 46.28125], [27.1875, 46.75], [27.375, 46.96875], [27.3125, 47.1875], [27.875, 47.3125], [28.21875, 47.1875], [28.34375, 47.34375], [28.1875, 47.4375], [28.46875, 47.53125], [27.90625, 48.0625], [28.125, 48.3125], [28.34375, 48.15625], [28.34375, 48.34375], [28.84375, 48.40625], [28.78125, 48.28125], [29.09375, 48.1875], [29.125, 48.53125], [29.96875, 48.5625], [31.0, 48.875], [31.1875, 49.125], [31.46875, 49.1875], [31.5625, 49.59375], [31.71875, 49.65625], [31.53125, 50.25], [31.75, 50.53125], [31.28125, 51.0], [31.34375, 51.34375], [30.65625, 51.78125], [29.625, 51.625], [28.75, 51.90625], [27.1875, 51.625], [26.46875, 50.96875], [26.53125, 50.375], [26.15625, 50.375], [26.0625, 50.03125], [25.9375, 50.03125], [25.9375, 50.25], [25.625, 50.03125], [25.84375, 50.84375], [26.09375, 50.75], [26.0625, 50.5625], [26.34375, 50.59375], [26.21875, 50.9375], [24.9375, 51.125], [24.875, 51.25], [25.5625, 51.5], [25.65625, 51.6875], [25.9375, 51.6875], [26.03125, 51.40625], [26.34375, 51.28125], [26.4375, 51.40625], [26.3125, 51.4375], [26.25, 51.875], [26.0, 52.0625], [26.0625, 52.21875], [26.25, 52.1875], [26.34375, 52.34375], [26.875, 52.28125], [27.125, 52.625], [27.75, 52.5], [28.34375, 52.78125], [28.71875, 52.625], [28.96875, 52.78125], [28.90625, 53.09375], [29.125, 53.09375], [29.3125, 53.40625], [29.84375, 53.40625], [30.3125, 53.03125], [30.65625, 53.1875], [31.03125, 52.65625], [31.25, 52.71875], [31.34375, 52.59375], [31.375, 52.96875], [32.0, 53.0], [32.21875, 53.15625], [32.53125, 53.03125], [32.6875, 53.34375], [33.0625, 53.46875], [33.1875, 53.21875], [33.59375, 53.21875], [33.40625, 53.0], [33.875, 52.96875], [33.53125, 52.53125], [34.4375, 52.59375], [34.84375, 52.34375], [34.9375, 51.75], [34.625, 51.78125], [34.03125, 51.40625], [34.59375, 51.03125], [35.21875, 51.09375], [35.34375, 50.875], [35.15625, 50.75], [35.28125, 50.65625], [34.09375, 50.40625], [34.25, 50.125], [34.65625, 50.0625], [34.53125, 49.875], [33.9375, 49.875], [33.9375, 50.03125], [33.53125, 49.9375], [33.78125, 49.375], [34.3125, 49.09375], [34.6875, 49.09375], [34.71875, 48.9375], [34.09375, 48.9375], [34.15625, 48.6875], [33.625, 48.6875], [33.75, 48.4375], [32.875, 48.6875], [32.59375, 48.5], [32.1875, 48.625], [32.1875, 48.40625], [32.4375, 48.21875], [31.875, 48.09375], [31.5, 48.1875], [31.625, 47.75], [31.4375, 47.59375], [31.96875, 47.53125], [32.4375, 48.0625], [32.65625, 47.75], [32.90625, 47.96875], [33.09375, 47.875], [33.09375, 47.65625], [33.375, 47.6875], [33.4375, 47.5625], [33.5, 47.9375], [34.0625, 47.71875], [34.21875, 47.71875], [34.15625, 47.90625], [34.8125, 47.78125], [34.90625, 48.09375], [35.03125, 48.0625], [35.0, 48.1875], [34.84375, 48.25], [34.875, 48.4375], [35.25, 48.3125], [35.46875, 48.53125], [35.65625, 48.375], [35.75, 48.5], [36.5625, 48.4375], [36.625, 48.75], [36.40625, 48.75], [36.4375, 48.9375], [36.1875, 49.03125], [36.25, 49.21875], [36.0625, 49.28125], [36.0625, 49.4375], [35.21875, 49.5625], [35.28125, 49.78125], [35.4375, 49.9375], [35.96875, 49.875], [36.21875, 49.5625], [36.59375, 49.5], [36.53125, 49.25], [37.0625, 49.25], [36.75, 49.40625], [36.71875, 49.625], [37.21875, 49.46875], [37.46875, 49.78125], [37.34375, 49.90625], [37.46875, 50.375], [37.21875, 50.375], [37.34375, 50.59375], [37.53125, 50.5625], [37.375, 51.03125], [38.59375, 51.34375], [38.3125, 51.8125], [38.59375, 52.09375], [39.3125, 52.0], [38.96875, 52.3125], [38.96875, 52.5], [39.25, 52.53125], [39.28125, 52.71875], [40.1875, 52.8125], [40.5, 52.53125], [41.15625, 52.53125], [41.125, 52.21875], [41.5, 51.90625], [42.21875, 51.84375], [42.25, 51.71875], [42.96875, 51.90625], [43.4375, 51.6875], [43.5, 52.03125], [44.0, 52.28125], [43.71875, 52.6875], [44.46875, 52.40625], [44.53125, 52.78125], [45.1875, 53.03125], [45.3125, 53.3125], [45.84375, 53.28125], [46.6875, 53.03125], [46.65625, 52.8125], [46.28125, 52.84375], [46.5625, 52.4375], [47.0625, 52.46875], [47.09375, 52.28125], [47.625, 52.40625], [48.34375, 51.9375], [48.8125, 52.09375], [49.21875, 51.71875], [49.65625, 51.59375], [49.84375, 51.625], [49.96875, 52.0], [50.125, 51.96875], [50.03125, 51.71875], [50.375, 51.71875], [50.65625, 52.0625], [50.6875, 52.625], [49.625, 52.6875], [49.75, 53.03125], [49.21875, 52.96875], [50.03125, 53.65625], [50.875, 52.9375], [52.46875, 52.8125], [52.59375, 52.5], [53.09375, 52.1875], [53.8125, 52.34375], [54.09375, 52.28125], [54.09375, 52.0625], [54.65625, 52.0625], [55.0, 51.875], [55.53125, 51.875], [56.46875, 52.1875], [56.84375, 52.125], [57.0, 51.9375], [56.90625, 51.65625], [57.375, 51.78125], [57.65625, 51.625], [57.3125, 51.25], [57.96875, 51.0625], [58.09375, 51.125], [58.03125, 51.28125], [58.28125, 51.34375], [58.8125, 50.9375], [59.15625, 51.0], [59.0625, 51.3125], [59.28125, 51.40625], [59.25, 51.625], [58.375, 51.78125], [58.5625, 51.9375], [59.34375, 51.78125], [59.40625, 51.5], [59.59375, 51.4375], [59.96875, 51.46875], [60.125, 51.84375], [60.5, 51.875], [60.53125, 51.71875], [61.15625, 51.46875], [61.53125, 51.09375], [61.53125, 51.25], [61.90625, 51.21875], [62.0625, 51.5625], [61.625, 52.0], [61.90625, 52.0], [62.0625, 51.75], [62.34375, 51.71875], [62.15625, 51.40625], [62.375, 51.1875], [62.9375, 51.09375], [63.34375, 51.59375], [63.03125, 51.84375], [63.0625, 52.03125], [63.3125, 52.03125], [63.3125, 52.46875], [63.625, 52.4375], [63.40625, 52.75], [63.65625, 52.6875], [63.75, 53.0625], [64.09375, 53.0], [64.09375, 53.28125], [64.375, 53.3125], [64.15625, 53.625], [64.28125, 53.8125], [64.6875, 53.71875], [64.78125, 53.96875], [65.125, 53.96875], [65.0, 53.65625], [65.375, 53.3125], [65.65625, 53.34375], [65.90625, 53.15625], [65.8125, 52.78125], [66.25, 52.8125], [66.46875, 52.53125], [66.625, 52.53125], [66.65625, 52.875], [67.09375, 52.71875], [68.34375, 52.75], [66.9375, 52.28125], [66.34375, 52.40625], [66.4375, 52.1875], [66.125, 52.09375], [66.375, 51.96875], [66.65625, 52.09375], [66.78125, 51.75], [67.0, 51.90625], [68.5625, 51.6875], [70.71875, 51.75], [70.5, 51.375], [70.09375, 51.15625], [69.90625, 51.25], [69.71875, 50.71875], [69.3125, 50.84375], [68.9375, 50.625], [69.5, 50.5], [69.3125, 49.96875], [69.34375, 49.4375], [69.5, 49.3125], [69.375, 49.125], [69.21875, 49.125], [69.1875, 49.03125], [69.875, 48.8125], [70.375, 48.875], [70.5, 49.0625], [70.25, 49.28125], [70.53125, 49.34375], [70.71875, 49.03125], [71.09375, 49.15625], [71.40625, 48.9375], [71.875, 49.34375], [72.375, 49.53125], [71.78125, 48.78125], [71.375, 48.625], [71.0, 48.71875], [70.28125, 48.3125], [70.46875, 48.21875], [70.59375, 47.78125], [71.03125, 47.625], [71.21875, 47.8125], [71.40625, 47.59375], [71.59375, 47.78125], [71.59375, 47.59375], [71.90625, 47.625], [71.78125, 47.3125], [72.3125, 47.5], [72.84375, 47.375], [72.9375, 47.21875], [73.15625, 47.3125], [72.96875, 47.4375], [73.0625, 47.53125], [73.4375, 47.1875], [73.34375, 47.5], [73.5, 47.53125], [73.46875, 47.96875], [72.90625, 48.125], [72.46875, 48.03125], [71.78125, 48.34375], [73.03125, 48.34375], [72.9375, 48.71875], [72.71875, 48.8125], [72.84375, 48.8125], [72.90625, 49.125], [72.84375, 49.53125], [73.125, 49.8125], [72.9375, 49.78125], [73.03125, 50.0], [72.6875, 50.71875], [72.71875, 51.21875], [72.375, 51.53125], [72.78125, 51.5625], [72.84375, 51.96875], [73.40625, 51.9375], [73.75, 52.34375], [73.0625, 52.5625], [73.15625, 52.75], [72.96875, 52.78125], [72.875, 53.03125], [72.46875, 52.96875], [72.78125, 52.65625], [72.4375, 52.78125], [71.9375, 53.46875], [71.78125, 53.4375], [71.75, 52.90625], [71.5, 52.90625], [71.15625, 53.25], [71.6875, 53.875], [71.625, 54.0625], [71.28125, 54.09375], [71.40625, 54.46875], [71.6875, 54.6875], [71.96875, 54.46875], [72.1875, 54.65625], [72.53125, 54.21875], [72.6875, 54.25], [72.6875, 54.53125], [72.9375, 54.59375], [73.1875, 54.0], [72.84375, 53.5], [73.1875, 53.28125], [73.5, 52.75], [74.6875, 52.6875], [74.75, 52.5625], [75.5, 52.625], [75.21875, 52.375], [74.71875, 52.375], [74.40625, 52.0625], [74.53125, 50.90625], [74.21875, 50.75], [74.0625, 51.03125], [74.0, 50.875], [73.28125, 51.03125], [73.09375, 50.8125], [73.09375, 50.625], [73.5625, 50.5], [73.5625, 50.34375], [73.21875, 50.25], [73.25, 50.09375], [74.25, 50.0625], [74.15625, 49.5625], [73.875, 49.1875], [74.0625, 49.0], [74.875, 48.84375], [75.3125, 48.53125], [75.3125, 48.40625], [74.84375, 48.53125], [74.5, 48.8125], [74.15625, 48.6875], [74.46875, 48.3125], [74.53125, 47.96875], [74.8125, 47.78125], [74.78125, 47.625], [74.96875, 47.59375], [74.90625, 47.3125], [75.125, 46.65625], [75.65625, 46.625], [76.1875, 46.3125], [76.28125, 46.46875], [76.59375, 46.4375], [76.0625, 46.0], [75.25, 46.1875], [74.96875, 45.5625], [75.03125, 45.21875], [75.46875, 45.15625], [75.59375, 45.46875], [75.75, 45.46875], [75.8125, 45.0], [75.96875, 44.9375], [75.78125, 44.75], [76.28125, 44.65625], [76.71875, 44.84375], [76.6875, 44.53125], [76.8125, 44.4375], [78.125, 44.375], [78.15625, 44.1875], [77.875, 44.0625], [77.9375, 43.875], [77.59375, 43.8125], [77.75, 43.4375], [77.5625, 43.40625], [77.9375, 42.59375], [77.8125, 42.4375], [78.0625, 42.28125], [78.53125, 42.3125], [78.375, 42.0625], [79.375, 42.40625], [79.4375, 42.78125], [79.6875, 42.6875], [79.4375, 43.28125], [79.65625, 43.25], [79.90625, 42.9375], [80.15625, 42.875], [80.21875, 43.03125], [80.46875, 43.03125], [80.5, 43.40625], [80.71875, 43.25], [80.9375, 43.3125], [80.90625, 43.09375], [81.15625, 43.0625], [81.15625, 43.28125], [81.4375, 43.53125], [81.78125, 43.5625], [81.6875, 43.28125], [81.34375, 43.15625], [81.40625, 42.6875], [81.125, 42.78125], [81.15625, 42.09375], [80.625, 41.9375], [80.59375, 42.1875], [80.28125, 42.125], [79.9375, 42.34375], [79.6875, 42.1875], [79.40625, 42.28125], [79.09375, 42.125], [79.0, 41.6875], [79.125, 41.5], [79.5, 41.625], [79.5625, 41.46875], [79.8125, 41.4375], [79.59375, 41.34375], [79.625, 41.09375], [79.875, 41.03125], [80.09375, 40.59375], [80.28125, 40.65625], [80.1875, 40.34375], [81.09375, 39.9375], [81.15625, 39.65625], [81.46875, 39.46875], [81.3125, 39.3125], [81.59375, 39.21875], [81.90625, 38.84375], [82.5, 38.96875], [82.5625, 38.5625], [82.09375, 38.53125], [81.75, 38.3125], [81.75, 37.84375], [82.15625, 37.53125], [82.65625, 37.5625], [83.0, 37.78125], [83.15625, 37.46875], [83.59375, 37.4375], [83.21875, 37.3125], [83.3125, 37.0], [83.09375, 36.84375], [83.375, 36.75], [83.28125, 36.375], [83.53125, 36.34375], [83.6875, 36.0], [84.125, 36.0625], [84.28125, 35.96875], [84.375, 35.40625], [84.9375, 35.28125], [85.125, 35.375], [85.0, 35.53125], [85.0, 35.6875], [85.1875, 35.6875], [85.09375, 36.03125], [85.375, 36.0625], [85.4375, 35.71875], [85.21875, 35.4375], [85.5, 35.46875], [85.53125, 35.34375], [85.34375, 35.0], [85.59375, 34.875], [85.65625, 34.59375], [85.96875, 34.53125], [85.96875, 34.375], [86.28125, 34.375], [86.1875, 34.15625], [86.3125, 34.03125], [86.4375, 34.09375], [86.59375, 33.84375], [87.0, 33.6875], [86.875, 33.375], [86.96875, 33.03125], [87.5625, 32.8125], [87.53125, 32.53125], [87.71875, 32.46875], [87.6875, 32.34375], [87.25, 32.34375], [87.4375, 31.875], [87.71875, 31.9375], [88.09375, 31.46875], [88.84375, 31.28125], [88.6875, 30.9375], [88.78125, 30.53125], [88.84375, 30.40625], [89.21875, 30.4375], [89.125, 30.0625], [89.25, 29.6875], [89.40625, 29.65625], [89.34375, 29.4375], [89.8125, 29.1875], [89.75, 28.9375], [89.96875, 28.90625], [90.09375, 28.59375], [90.3125, 28.65625], [90.5, 28.5], [90.65625, 27.75], [91.03125, 27.6875], [91.0, 27.46875], [91.21875, 27.34375], [91.125, 27.0625], [91.71875, 27.0], [91.625, 26.5], [92.09375, 26.28125], [92.125, 25.8125], [92.8125, 25.84375], [92.875, 25.625], [93.8125, 25.3125], [94.21875, 24.71875], [94.625, 24.59375], [94.9375, 24.15625], [95.09375, 24.125], [95.125, 24.3125], [95.625, 24.3125], [95.6875, 24.0625], [95.375, 24.21875], [95.34375, 23.96875], [95.65625, 23.875], [95.875, 24.09375], [96.0625, 24.0], [96.34375, 24.125], [96.34375, 23.75], [96.15625, 23.9375], [95.96875, 23.90625], [95.875, 23.6875], [96.03125, 23.6875], [96.09375, 23.21875], [96.71875, 23.34375], [96.90625, 22.78125], [97.25, 22.90625], [97.375, 23.1875], [98.0, 23.03125], [98.34375, 23.15625], [98.5, 22.90625], [99.25, 22.8125], [99.4375, 22.53125], [99.71875, 22.5625], [99.71875, 22.375], [99.90625, 22.5625], [100.21875, 22.09375], [100.15625, 22.46875], [100.34375, 22.9375], [100.90625, 22.9375], [101.0, 22.46875], [100.4375, 21.90625], [100.78125, 21.8125], [101.03125, 21.5], [101.5625, 21.46875], [102.09375, 21.125], [102.1875, 21.28125], [102.6875, 21.25], [102.65625, 20.96875], [102.53125, 21.09375], [102.1875, 21.0], [102.21875, 20.71875], [102.875, 20.75], [102.6875, 20.40625], [103.03125, 20.21875], [103.21875, 20.375], [103.28125, 20.75], [104.15625, 21.71875], [104.0, 21.375], [104.1875, 21.34375], [104.0625, 20.84375], [104.59375, 20.875], [104.84375, 21.0625], [104.78125, 20.65625], [104.375, 20.65625], [104.75, 19.96875], [104.96875, 19.9375], [105.71875, 20.3125], [105.96875, 20.125], [106.0625, 20.6875], [106.375, 21.1875], [106.8125, 20.8125], [107.1875, 20.875], [107.1875, 20.59375], [107.625, 20.5625], [107.84375, 20.71875], [107.90625, 20.40625], [108.09375, 20.375], [108.0625, 20.53125], [108.1875, 20.53125], [108.4375, 20.28125], [108.75, 20.34375], [108.78125, 20.15625], [108.90625, 20.46875], [109.3125, 20.5625], [109.5, 20.84375], [109.625, 20.84375], [109.5625, 20.5], [109.71875, 20.25], [109.90625, 20.28125], [110.09375, 20.0625], [111.0, 20.21875], [111.34375, 20.03125], [111.9375, 20.3125], [112.4375, 19.78125], [113.15625, 19.6875], [113.1875, 19.4375], [113.5625, 19.3125], [114.0, 19.59375], [114.34375, 19.59375], [115.34375, 19.1875], [115.5, 19.4375], [115.46875, 19.96875], [115.84375, 19.8125], [115.875, 20.28125], [116.28125, 20.0], [116.15625, 19.78125], [116.21875, 19.34375], [116.4375, 19.09375], [117.0625, 19.09375], [117.28125, 19.25], [117.40625, 18.90625], [118.15625, 18.75], [118.25, 18.59375], [118.90625, 18.78125], [119.03125, 18.96875], [119.15625, 19.5625], [118.90625, 19.78125], [119.0, 20.0625], [118.84375, 20.3125], [119.0625, 20.3125], [119.0625, 20.53125], [119.1875, 20.53125], [119.375, 20.40625], [119.375, 20.03125], [119.53125, 19.84375], [119.5, 19.125], [119.6875, 18.53125], [119.875, 18.5], [120.09375, 18.125], [120.28125, 18.09375], [120.3125, 18.28125], [120.0625, 18.65625], [119.84375, 18.71875], [120.0, 18.78125], [120.125, 19.3125], [120.25, 19.3125], [120.28125, 18.9375], [120.53125, 18.84375], [120.59375, 18.625], [120.96875, 18.71875], [121.4375, 18.5625], [121.46875, 18.8125], [121.65625, 18.8125], [121.9375, 19.40625], [122.125, 19.15625], [122.71875, 19.34375], [122.71875, 19.1875], [123.15625, 19.15625], [123.0, 18.59375], [122.5625, 18.71875], [122.75, 18.375], [123.90625, 18.65625], [124.53125, 18.21875], [124.40625, 18.4375], [124.625, 18.625], [125.0, 18.5], [125.1875, 18.59375], [125.34375, 18.46875], [125.28125, 18.28125], [125.65625, 17.96875], [125.59375, 17.71875], [126.8125, 17.28125], [127.3125, 17.34375], [127.125, 17.84375], [127.6875, 17.8125], [127.90625, 17.96875], [128.03125, 17.71875], [128.25, 17.65625], [128.34375, 17.9375], [128.03125, 18.03125], [128.125, 18.1875], [128.5625, 18.09375], [128.625, 17.78125], [129.34375, 18.0], [131.15625, 19.65625], [131.59375, 19.71875], [131.46875, 19.28125], [130.6875, 18.15625], [131.25, 18.03125], [131.375, 18.1875], [131.3125, 18.46875], [131.4375, 18.5], [131.375, 18.8125], [131.53125, 19.0], [131.8125, 19.0], [131.75, 19.1875], [131.96875, 19.25], [131.9375, 19.40625], [132.53125, 19.90625], [132.8125, 20.375], [132.34375, 20.3125], [132.34375, 20.4375], [132.75, 20.59375], [132.90625, 20.40625], [133.34375, 21.4375], [135.125, 21.3125], [135.125, 21.5], [134.1875, 21.90625], [134.09375, 21.78125], [133.6875, 21.84375], [133.96875, 21.875], [133.75, 22.0], [133.78125, 22.375], [134.09375, 22.84375], [133.90625, 23.1875], [133.96875, 23.6875], [134.625, 24.03125], [135.4375, 24.8125], [135.65625, 25.625], [136.03125, 25.625], [135.78125, 25.65625], [135.75, 25.84375], [136.125, 25.96875], [136.09375, 26.34375], [136.625, 26.1875], [136.15625, 26.53125], [136.71875, 27.5], [137.78125, 27.21875], [137.46875, 27.75], [137.15625, 27.9375], [137.15625, 28.8125], [137.0, 29.21875], [137.90625, 30.09375], [138.09375, 30.09375], [138.15625, 30.3125], [138.71875, 30.0625], [138.21875, 30.4375], [138.5625, 30.53125], [138.8125, 31.0625], [139.625, 31.75], [139.59375, 31.90625], [140.03125, 31.875], [140.71875, 32.5625], [141.65625, 32.65625], [142.03125, 32.96875], [143.28125, 32.90625], [143.3125, 33.0625], [144.09375, 33.125], [144.28125, 32.9375], [144.46875, 33.15625], [147.46875, 33.59375], [148.21875, 33.4375], [148.3125, 33.28125], [149.0625, 33.28125], [149.875, 33.625], [151.03125, 33.84375], [151.0, 34.4375], [151.4375, 34.75], [151.40625, 35.34375], [151.53125, 35.40625], [151.1875, 35.78125], [151.34375, 36.0], [151.09375, 36.84375], [151.34375, 37.34375], [151.96875, 37.625], [151.8125, 38.03125], [151.5, 38.0], [151.5, 38.8125], [152.09375, 38.6875], [152.28125, 39.84375], [152.4375, 40.0], [152.34375, 40.21875], [152.5625, 40.09375], [152.59375, 39.875], [153.09375, 39.9375], [153.1875, 40.46875], [153.40625, 40.28125], [153.65625, 40.34375], [154.0, 40.84375], [154.34375, 41.0], [154.375, 41.53125], [154.5625, 41.5], [154.75, 41.71875], [155.0625, 41.625], [155.03125, 41.25], [155.15625, 41.25], [155.25, 41.375], [155.65625, 41.34375], [155.875, 41.59375], [155.84375, 41.90625], [156.6875, 41.6875], [156.90625, 41.8125], [156.875, 42.125], [157.625, 42.03125], [157.6875, 42.15625], [157.375, 42.25], [157.3125, 42.53125], [157.09375, 42.5625], [156.875, 42.34375], [156.90625, 42.6875], [157.21875, 42.71875], [157.40625, 43.21875], [157.96875, 43.375], [158.28125, 43.28125], [158.25, 42.65625], [158.75, 42.53125], [158.78125, 42.96875], [158.53125, 42.96875], [158.5, 43.28125], [158.625, 43.46875], [158.84375, 43.4375], [158.875, 43.6875], [158.4375, 43.84375], [158.34375, 44.125], [158.71875, 44.0625], [158.78125, 44.28125], [159.125, 44.46875], [159.78125, 44.4375], [159.84375, 44.59375], [159.6875, 44.6875], [159.96875, 44.75], [159.9375, 44.5625], [160.25, 44.65625], [160.1875, 44.875], [160.71875, 44.71875], [161.34375, 45.5625], [161.625, 45.46875], [162.34375, 45.75], [162.28125, 46.0], [162.625, 45.96875], [162.78125, 46.25], [162.5625, 46.65625], [162.34375, 46.65625], [162.40625, 46.8125], [163.1875, 46.625], [163.4375, 46.71875], [163.40625, 46.9375], [163.625, 46.84375], [163.625, 47.0], [163.96875, 47.0], [164.03125, 46.71875], [164.375, 46.9375], [164.6875, 46.5625], [165.09375, 46.59375], [165.40625, 46.90625], [165.59375, 47.53125], [165.21875, 47.78125], [165.3125, 48.15625], [165.15625, 48.40625], [164.9375, 48.3125], [164.875, 48.4375], [164.75, 48.28125], [164.40625, 48.375], [164.53125, 48.5], [164.46875, 49.0], [164.90625, 48.84375], [164.71875, 49.125], [164.6875, 49.59375], [165.15625, 49.71875], [165.4375, 50.8125], [166.0625, 50.84375], [166.25, 50.78125], [166.1875, 50.375], [166.5, 50.15625], [166.5, 49.8125], [166.84375, 49.34375], [166.8125, 49.1875], [166.34375, 49.0625], [166.46875, 48.90625], [166.84375, 48.9375], [166.84375, 48.34375], [166.65625, 48.21875], [166.65625, 47.96875], [167.15625, 47.375], [167.15625, 46.6875], [166.71875, 46.40625], [166.90625, 46.875], [166.71875, 47.0625], [166.6875, 47.6875], [166.0625, 47.96875], [165.96875, 47.6875], [166.125, 47.34375], [165.875, 47.15625], [165.71875, 46.6875], [165.84375, 46.28125], [166.21875, 46.125], [166.4375, 46.34375], [166.71875, 46.34375], [166.84375, 46.3125], [166.84375, 46.03125], [166.53125, 45.28125], [166.3125, 45.34375], [166.34375, 45.78125], [166.15625, 45.78125], [166.09375, 46.0], [165.8125, 45.96875], [165.8125, 45.375], [165.625, 45.25], [165.625, 44.90625], [165.9375, 45.0625], [166.34375, 44.96875], [166.03125, 44.5625], [165.53125, 44.71875], [165.5, 44.4375], [165.625, 44.25], [165.5625, 43.9375], [166.09375, 44.0], [165.9375, 43.5], [166.125, 43.375], [166.3125, 43.53125], [166.375, 44.0625], [166.875, 44.15625], [166.78125, 42.90625], [167.09375, 43.125], [167.21875, 42.78125], [167.03125, 41.375], [167.125, 40.8125], [166.875, 40.84375], [166.96875, 41.0], [166.6875, 41.15625], [166.40625, 40.1875], [165.9375, 39.90625], [165.875, 39.46875], [166.0, 39.1875], [165.46875, 38.15625], [165.34375, 37.1875], [165.03125, 36.90625], [165.21875, 36.3125], [164.90625, 36.03125], [165.0, 35.46875], [165.15625, 35.28125], [165.40625, 35.34375], [165.375, 34.6875], [165.53125, 34.28125], [165.71875, 34.21875], [165.75, 33.78125], [165.9375, 33.75], [165.96875, 33.34375], [166.34375, 33.375], [166.3125, 32.75], [166.5, 32.78125], [166.59375, 33.03125], [166.46875, 33.46875], [166.5625, 34.0625], [166.3125, 34.25], [166.34375, 34.5625], [166.5625, 34.625], [167.125, 33.53125], [166.84375, 33.21875], [166.96875, 32.9375], [167.4375, 32.9375], [167.375, 32.4375], [167.59375, 32.1875], [168.0625, 32.21875], [168.25, 31.96875], [168.4375, 32.1875], [168.625, 32.15625], [168.65625, 32.4375], [168.75, 32.3125], [169.09375, 32.5], [169.59375, 32.375], [169.65625, 32.03125], [169.46875, 31.53125], [169.6875, 31.34375], [169.625, 31.15625], [169.875, 30.71875], [170.15625, 31.1875], [170.46875, 31.375], [170.53125, 31.75], [170.71875, 31.59375], [170.84375, 32.09375], [171.03125, 32.03125], [171.65625, 32.4375], [171.5625, 32.59375], [171.71875, 32.8125], [172.3125, 32.90625], [172.9375, 32.6875], [173.0, 32.4375], [173.3125, 32.3125], [173.25, 31.59375], [172.15625, 31.8125], [171.40625, 31.21875], [171.4375, 30.71875], [171.84375, 30.21875], [171.84375, 29.90625], [172.40625, 29.96875], [172.46875, 30.09375], [172.6875, 30.09375], [172.71875, 29.9375], [173.0, 30.0], [173.28125, 30.21875], [173.3125, 30.8125], [173.8125, 30.90625], [174.0, 30.46875], [173.75, 29.96875], [174.65625, 29.875], [174.5625, 30.09375], [174.71875, 30.1875], [174.5, 30.21875], [174.53125, 30.6875], [174.90625, 30.875], [174.90625, 30.46875], [175.09375, 30.4375], [175.28125, 30.71875], [175.40625, 30.65625], [175.25, 30.34375], [175.375, 30.21875], [175.28125, 29.84375], [175.59375, 29.625], [175.84375, 28.90625], [176.40625, 28.625], [176.46875, 29.21875], [176.75, 29.5], [176.6875, 29.125], [176.96875, 28.9375], [176.96875, 28.4375], [177.3125, 28.25], [177.34375, 28.4375], [178.0625, 28.5625], [178.09375, 29.21875], [178.3125, 29.28125], [178.3125, 28.84375], [178.53125, 28.28125], [178.71875, 28.28125], [178.96875, 27.46875], [179.84375, 27.59375], [179.96875, 27.28125], [179.96875, 86.03125], [168.125, 86.4375]], [[126.9375, 85.40625], [131.0625, 85.1875], [131.3125, 85.0625], [130.75, 85.0], [130.9375, 84.875], [125.6875, 84.875], [123.0, 84.625], [117.9375, 84.65625], [115.375, 85.0], [124.625, 84.90625], [124.9375, 84.96875], [124.78125, 85.125], [125.03125, 85.25], [126.9375, 85.40625]], [[3.0, 84.96875], [3.09375, 85.0625], [3.09375, 84.96875], [3.0, 84.96875]], [[131.03125, 84.84375], [131.5625, 84.9375], [131.5625, 84.84375], [131.03125, 84.84375]], [[131.59375, 84.8125], [132.1875, 84.90625], [132.1875, 84.8125], [131.59375, 84.8125]], [[132.21875, 84.78125], [132.8125, 84.875], [132.8125, 84.78125], [132.21875, 84.78125]], [[132.90625, 84.75], [133.125, 84.84375], [133.125, 84.75], [132.90625, 84.75]], [[106.3125, 84.625], [113.1875, 84.71875], [114.40625, 84.53125], [111.53125, 84.5625], [111.40625, 84.5], [111.875, 84.375], [110.34375, 84.25], [112.25, 83.90625], [105.0625, 84.34375], [105.375, 84.53125], [106.3125, 84.625]], [[-59.9375, 84.0], [-53.625, 84.125], [-53.0625, 83.96875], [-57.3125, 83.5625], [-60.4375, 83.875], [-59.9375, 84.0]], [[-112.59375, 84.09375], [-109.53125, 83.84375], [-108.625, 83.625], [-108.59375, 83.40625], [-110.5625, 83.5625], [-110.6875, 83.25], [-111.3125, 83.25], [-113.625, 83.53125], [-113.28125, 83.71875], [-112.09375, 83.65625], [-112.46875, 83.84375], [-112.59375, 84.09375]], [[-105.71875, 84.0625], [-102.3125, 84.0], [-99.0625, 83.6875], [-95.0, 83.78125], [-90.96875, 83.4375], [-88.46875, 83.0], [-97.3125, 83.1875], [-97.125, 82.96875], [-101.5, 82.9375], [-102.90625, 83.15625], [-102.59375, 83.375], [-103.3125, 83.75], [-105.71875, 84.0625]], [[102.15625, 83.15625], [103.15625, 83.25], [103.15625, 83.15625], [102.15625, 83.15625]], [[103.1875, 83.15625], [103.3125, 83.25], [103.3125, 83.15625], [103.1875, 83.15625]], [[71.28125, 82.875], [71.5, 82.96875], [71.5, 82.875], [71.28125, 82.875]], [[86.9375, 82.5], [88.28125, 82.59375], [88.28125, 82.5], [86.9375, 82.5]], [[71.46875, 82.40625], [72.6875, 82.3125], [72.8125, 82.1875], [71.875, 82.1875], [71.40625, 82.28125], [71.46875, 82.40625]], [[49.90625, 82.375], [53.53125, 82.28125], [53.53125, 82.1875], [49.625, 82.15625], [49.90625, 82.375]], [[77.6875, 82.1875], [79.09375, 82.15625], [79.15625, 82.03125], [77.90625, 82.0625], [77.6875, 82.1875]], [[74.78125, 81.8125], [75.125, 81.90625], [75.125, 81.8125], [74.78125, 81.8125]], [[-13.3125, 81.09375], [-12.875, 81.0625], [-12.875, 80.96875], [-13.25, 80.96875], [-13.3125, 81.09375]], [[24.34375, 80.9375], [25.4375, 80.8125], [25.8125, 80.59375], [24.46875, 80.6875], [24.34375, 80.9375]], [[29.75, 80.75], [30.0, 80.75], [30.0, 80.625], [29.8125, 80.59375], [29.75, 80.75]], [[14.96875, 80.3125], [15.09375, 80.40625], [15.09375, 80.3125], [14.96875, 80.3125]], [[15.25, 80.28125], [15.34375, 80.375], [15.34375, 80.28125], [15.25, 80.28125]], [[15.59375, 80.25], [18.46875, 80.15625], [19.3125, 79.96875], [14.875, 80.0625], [15.59375, 80.25]], [[20.9375, 80.1875], [21.5625, 80.125], [21.65625, 80.0], [21.0, 80.0], [20.9375, 80.1875]], [[166.65625, 73.0625], [167.0625, 72.875], [166.96875, 72.625], [166.78125, 72.59375], [166.65625, 73.0625]], [[104.09375, 70.0625], [104.1875, 70.25], [104.1875, 70.0625], [104.09375, 70.0625]], [[102.28125, 70.09375], [102.40625, 70.1875], [102.40625, 70.09375], [102.28125, 70.09375]], [[92.15625, 67.875], [92.28125, 68.0], [92.28125, 67.84375], [92.15625, 67.875]], [[-110.15625, 67.375], [-110.0, 67.34375], [-110.03125, 67.15625], [-110.125, 67.15625], [-110.15625, 67.375]], [[-111.21875, 67.1875], [-111.09375, 67.3125], [-111.09375, 67.1875], [-111.21875, 67.1875]], [[-108.4375, 66.875], [-108.125, 67.0625], [-108.125, 66.84375], [-108.4375, 66.875]], [[-112.15625, 65.71875], [-112.0625, 65.8125], [-112.0625, 65.71875], [-112.15625, 65.71875]], [[-126.875, 64.5], [-126.125, 64.5625], [-126.125, 64.25], [-126.875, 64.28125], [-126.875, 64.5]], [[-135.625, 63.125], [-135.21875, 63.25], [-135.25, 63.03125], [-135.59375, 63.0], [-135.625, 63.125]], [[-137.78125, 63.03125], [-137.6875, 63.125], [-137.6875, 63.03125], [-137.78125, 63.03125]], [[-84.96875, 63.09375], [-84.75, 63.0625], [-84.75, 62.96875], [-84.875, 62.9375], [-84.96875, 63.09375]], [[-139.46875, 62.875], [-139.375, 62.96875], [-139.375, 62.875], [-139.46875, 62.875]], [[-84.46875, 62.84375], [-84.375, 62.9375], [-84.375, 62.84375], [-84.46875, 62.84375]], [[-140.0, 62.65625], [-139.84375, 62.65625], [-139.84375, 62.53125], [-139.96875, 62.53125], [-140.0, 62.65625]], [[-143.09375, 62.40625], [-142.75, 62.3125], [-142.75, 62.21875], [-143.03125, 62.15625], [-143.09375, 62.40625]], [[-82.90625, 61.78125], [-82.8125, 61.875], [-82.8125, 61.78125], [-82.90625, 61.78125]], [[-142.875, 61.78125], [-142.65625, 61.71875], [-142.65625, 61.59375], [-142.875, 61.625], [-142.875, 61.78125]], [[-140.96875, 61.53125], [-140.875, 61.65625], [-140.875, 61.53125], [-140.96875, 61.53125]], [[-80.28125, 61.28125], [-80.1875, 61.40625], [-80.1875, 61.28125], [-80.28125, 61.28125]], [[-142.3125, 61.21875], [-142.125, 61.3125], [-142.125, 61.1875], [-142.3125, 61.21875]], [[-142.875, 60.84375], [-142.75, 60.9375], [-142.75, 60.84375], [-142.875, 60.84375]], [[-78.21875, 60.875], [-78.0625, 60.71875], [-78.3125, 60.59375], [-78.21875, 60.71875], [-78.21875, 60.875]], [[-143.625, 60.75], [-143.4375, 60.625], [-143.71875, 60.53125], [-143.625, 60.75]], [[88.28125, 60.625], [88.375, 60.75], [88.375, 60.625], [88.28125, 60.625]], [[-76.875, 60.40625], [-76.5625, 60.5], [-76.5625, 60.40625], [-76.875, 60.40625]], [[-147.3125, 60.125], [-147.1875, 60.28125], [-147.15625, 60.03125], [-147.3125, 60.125]], [[-146.4375, 59.5625], [-146.0, 59.65625], [-145.90625, 59.375], [-146.4375, 59.375], [-146.4375, 59.5625]], [[-145.84375, 59.40625], [-145.75, 59.5625], [-145.75, 59.40625], [-145.84375, 59.40625]], [[-146.59375, 58.6875], [-146.5, 58.78125], [-146.5, 58.6875], [-146.59375, 58.6875]], [[58.34375, 58.4375], [58.65625, 58.375], [58.3125, 58.3125], [58.34375, 58.4375]], [[58.90625, 58.4375], [59.46875, 58.3125], [59.65625, 57.875], [59.46875, 57.8125], [59.40625, 58.09375], [58.90625, 58.4375]], [[74.34375, 58.125], [74.46875, 58.21875], [74.46875, 58.125], [74.34375, 58.125]], [[57.71875, 57.8125], [57.875, 58.0], [57.9375, 57.71875], [57.71875, 57.8125]], [[59.28125, 57.65625], [59.375, 57.5625], [59.1875, 57.28125], [58.8125, 57.4375], [59.28125, 57.65625]], [[-149.15625, 57.03125], [-149.03125, 57.125], [-149.03125, 57.03125], [-149.15625, 57.03125]], [[68.3125, 56.65625], [68.5, 56.625], [68.53125, 56.4375], [68.3125, 56.46875], [68.3125, 56.65625]], [[-149.59375, 56.25], [-149.5, 56.34375], [-149.5, 56.25], [-149.59375, 56.25]], [[68.15625, 56.15625], [69.90625, 55.4375], [70.09375, 55.15625], [70.40625, 55.21875], [70.34375, 55.53125], [70.65625, 55.21875], [71.09375, 55.15625], [71.09375, 54.40625], [70.5625, 54.09375], [70.9375, 54.09375], [71.03125, 53.8125], [70.8125, 53.6875], [71.03125, 53.34375], [70.78125, 53.03125], [70.625, 53.4375], [70.71875, 53.6875], [69.84375, 54.34375], [69.59375, 54.40625], [69.375, 54.25], [69.1875, 54.375], [68.8125, 53.9375], [68.40625, 54.125], [68.71875, 54.84375], [68.5625, 55.15625], [68.28125, 55.21875], [68.0625, 55.90625], [68.15625, 56.15625]], [[-151.6875, 56.125], [-151.5, 56.125], [-151.46875, 55.9375], [-151.65625, 55.875], [-151.6875, 56.125]], [[70.3125, 55.90625], [70.53125, 55.8125], [70.46875, 55.65625], [70.3125, 55.71875], [70.3125, 55.90625]], [[-149.8125, 55.71875], [-149.65625, 55.875], [-149.625, 55.71875], [-149.8125, 55.71875]], [[-149.4375, 55.71875], [-149.34375, 55.84375], [-149.34375, 55.71875], [-149.4375, 55.71875]], [[170.375, 55.84375], [170.46875, 55.71875], [170.28125, 55.46875], [170.25, 55.625], [170.375, 55.84375]], [[-149.59375, 55.65625], [-149.5, 55.75], [-149.5, 55.65625], [-149.59375, 55.65625]], [[66.25, 55.6875], [66.40625, 55.46875], [65.75, 55.40625], [65.75, 55.5], [66.25, 55.6875]], [[64.84375, 55.625], [65.28125, 55.625], [65.28125, 55.53125], [64.8125, 55.46875], [64.84375, 55.625]], [[73.5, 55.25], [73.65625, 55.375], [73.65625, 55.25], [73.5, 55.25]], [[170.78125, 55.09375], [171.0, 55.15625], [171.0, 55.0625], [170.78125, 55.09375]], [[-152.15625, 55.03125], [-151.96875, 55.03125], [-151.96875, 54.9375], [-152.09375, 54.90625], [-152.15625, 55.03125]], [[67.53125, 54.84375], [67.65625, 54.9375], [67.65625, 54.84375], [67.53125, 54.84375]], [[71.84375, 54.8125], [72.0, 54.75], [72.0, 54.625], [71.875, 54.65625], [71.84375, 54.8125]], [[-70.0625, 54.78125], [-69.875, 54.75], [-69.875, 54.65625], [-70.0625, 54.65625], [-70.0625, 54.78125]], [[63.90625, 54.65625], [64.15625, 54.65625], [64.15625, 54.46875], [64.0, 54.4375], [63.90625, 54.65625]], [[-151.25, 54.5625], [-150.8125, 54.625], [-150.875, 54.375], [-151.21875, 54.375], [-151.25, 54.5625]], [[65.3125, 54.46875], [65.8125, 54.34375], [65.8125, 54.25], [65.4375, 54.28125], [65.3125, 54.46875]], [[66.53125, 54.34375], [66.6875, 54.34375], [66.6875, 54.09375], [66.5, 54.1875], [66.53125, 54.34375]], [[67.40625, 54.28125], [67.46875, 54.09375], [67.15625, 54.09375], [67.15625, 54.25], [67.40625, 54.28125]], [[-150.875, 54.09375], [-150.5625, 54.25], [-150.5625, 54.0], [-150.875, 54.09375]], [[-150.53125, 54.09375], [-150.4375, 54.1875], [-150.4375, 54.09375], [-150.53125, 54.09375]], [[41.625, 54.09375], [41.96875, 53.8125], [41.875, 53.46875], [41.28125, 53.375], [41.0, 53.625], [40.8125, 53.5625], [40.6875, 53.78125], [41.09375, 54.03125], [41.625, 54.09375]], [[67.46875, 54.0625], [67.625, 54.0625], [67.75, 53.875], [67.3125, 53.78125], [67.46875, 54.0625]], [[65.65625, 53.875], [65.75, 53.96875], [65.75, 53.875], [65.65625, 53.875]], [[67.0625, 53.96875], [67.25, 53.90625], [67.125, 53.625], [66.625, 53.5625], [67.0625, 53.8125], [67.0625, 53.96875]], [[49.5, 53.9375], [49.71875, 53.9375], [49.875, 53.71875], [49.5, 53.78125], [49.5, 53.9375]], [[32.9375, 53.75], [33.65625, 53.8125], [33.65625, 53.71875], [33.0, 53.53125], [32.9375, 53.75]], [[-150.15625, 53.59375], [-150.0625, 53.6875], [-150.0625, 53.59375], [-150.15625, 53.59375]], [[-150.3125, 53.59375], [-150.1875, 53.375], [-150.5, 53.3125], [-150.5, 53.40625], [-150.3125, 53.59375]], [[-149.96875, 53.46875], [-149.84375, 53.5625], [-149.84375, 53.46875], [-149.96875, 53.46875]], [[51.53125, 53.34375], [52.28125, 53.46875], [52.25, 53.1875], [51.53125, 53.21875], [51.53125, 53.34375]], [[57.5625, 53.3125], [58.09375, 53.40625], [58.25, 53.21875], [57.5625, 53.3125]], [[-150.5, 52.96875], [-150.28125, 53.28125], [-150.3125, 53.125], [-150.125, 53.0], [-150.5, 52.96875]], [[57.28125, 53.15625], [57.4375, 53.09375], [57.28125, 53.0], [57.28125, 53.15625]], [[58.28125, 53.21875], [58.59375, 53.0], [58.46875, 52.71875], [57.9375, 52.5625], [57.84375, 52.375], [57.46875, 52.46875], [57.5625, 52.625], [57.34375, 52.90625], [57.96875, 52.71875], [58.34375, 52.9375], [58.28125, 53.21875]], [[-60.53125, 53.1875], [-60.375, 53.125], [-60.375, 52.96875], [-60.5625, 52.96875], [-60.53125, 53.1875]], [[-60.09375, 53.0625], [-59.40625, 52.65625], [-59.40625, 52.53125], [-60.3125, 52.28125], [-60.125, 52.59375], [-60.28125, 53.0], [-60.09375, 53.0625]], [[48.40625, 52.9375], [48.53125, 53.03125], [48.53125, 52.9375], [48.40625, 52.9375]], [[27.21875, 52.84375], [27.4375, 52.96875], [27.4375, 52.84375], [27.21875, 52.84375]], [[43.84375, 52.96875], [44.0625, 52.875], [44.0625, 52.78125], [43.875, 52.78125], [43.84375, 52.96875]], [[-150.84375, 52.78125], [-150.5625, 52.9375], [-150.5625, 52.8125], [-150.84375, 52.78125]], [[-151.15625, 52.78125], [-151.0, 52.90625], [-151.0, 52.8125], [-151.15625, 52.78125]], [[40.5, 52.75], [40.59375, 52.875], [40.59375, 52.75], [40.5, 52.75]], [[47.0625, 52.78125], [47.40625, 52.84375], [47.40625, 52.75], [47.0625, 52.78125]], [[57.0625, 52.875], [57.21875, 52.875], [57.28125, 52.6875], [56.96875, 52.65625], [57.0625, 52.875]], [[42.84375, 52.71875], [43.0, 52.6875], [43.0, 52.53125], [42.65625, 52.375], [42.625, 52.59375], [42.84375, 52.59375], [42.84375, 52.71875]], [[71.53125, 52.71875], [71.875, 52.59375], [71.9375, 52.40625], [71.5625, 52.5625], [71.53125, 52.71875]], [[37.78125, 52.5625], [38.125, 52.5625], [37.75, 52.40625], [37.78125, 52.5625]], [[49.15625, 52.65625], [49.34375, 52.65625], [49.4375, 52.375], [49.625, 52.4375], [49.6875, 52.21875], [49.34375, 52.28125], [48.9375, 52.0625], [49.15625, 52.65625]], [[49.65625, 52.5], [49.78125, 52.625], [49.78125, 52.53125], [49.65625, 52.5]], [[42.25, 52.5625], [42.5625, 52.46875], [42.5625, 52.3125], [42.25, 52.28125], [42.25, 52.5625]], [[-57.09375, 52.4375], [-56.875, 52.53125], [-56.875, 52.4375], [-57.09375, 52.4375]], [[38.6875, 52.5], [38.78125, 52.3125], [38.40625, 52.34375], [38.40625, 52.4375], [38.6875, 52.5]], [[69.15625, 52.46875], [69.3125, 52.46875], [69.3125, 52.34375], [69.1875, 52.3125], [69.15625, 52.46875]], [[43.34375, 52.34375], [43.4375, 52.4375], [43.4375, 52.34375], [43.34375, 52.34375]], [[60.4375, 52.15625], [60.59375, 52.28125], [60.625, 52.125], [60.4375, 52.15625]], [[50.1875, 52.25], [50.40625, 52.21875], [50.46875, 52.0625], [50.1875, 52.125], [50.1875, 52.25]], [[60.75, 51.78125], [60.875, 51.9375], [60.875, 51.75], [60.75, 51.78125]], [[25.71875, 51.78125], [25.84375, 51.875], [25.84375, 51.78125], [25.71875, 51.78125]], [[70.9375, 51.65625], [71.125, 51.75], [71.125, 51.65625], [70.9375, 51.65625]], [[37.6875, 51.75], [37.84375, 51.75], [37.78125, 51.5625], [37.6875, 51.5625], [37.6875, 51.75]], [[36.875, 51.5625], [37.0, 51.6875], [37.0, 51.5625], [36.875, 51.5625]], [[37.875, 51.65625], [38.15625, 51.53125], [38.125, 51.375], [37.1875, 51.21875], [37.21875, 51.375], [37.78125, 51.5], [37.875, 51.65625]], [[38.1875, 51.46875], [38.3125, 51.59375], [38.3125, 51.5], [38.1875, 51.46875]], [[29.875, 51.5625], [30.09375, 51.53125], [30.15625, 51.25], [30.3125, 51.25], [30.59375, 50.84375], [29.625, 51.125], [29.59375, 51.34375], [29.875, 51.5625]], [[36.4375, 51.15625], [36.5625, 51.28125], [36.5625, 51.1875], [36.4375, 51.15625]], [[166.25, 50.9375], [166.4375, 51.03125], [166.4375, 50.9375], [166.25, 50.9375]], [[28.15625, 50.96875], [28.40625, 50.96875], [28.40625, 50.875], [28.125, 50.75], [28.15625, 50.96875]], [[25.5625, 50.78125], [25.75, 50.75], [25.5625, 50.65625], [25.5625, 50.78125]], [[70.75, 50.8125], [70.96875, 50.78125], [70.9375, 50.5], [70.6875, 50.5], [70.75, 50.8125]], [[-150.0, 50.46875], [-149.90625, 50.5625], [-149.90625, 50.46875], [-150.0, 50.46875]], [[73.84375, 50.5625], [74.625, 50.34375], [74.6875, 50.1875], [74.15625, 50.21875], [73.78125, 50.40625], [73.84375, 50.5625]], [[25.1875, 50.375], [25.375, 50.3125], [25.375, 50.15625], [25.3125, 49.90625], [25.0625, 49.78125], [25.0, 49.96875], [25.1875, 50.03125], [24.875, 50.15625], [25.1875, 50.375]], [[16.875, 50.21875], [16.96875, 50.3125], [16.96875, 50.21875], [16.875, 50.21875]], [[30.5625, 50.125], [30.75, 50.28125], [30.6875, 50.125], [30.5625, 50.125]], [[171.03125, 50.28125], [171.25, 50.28125], [171.3125, 50.125], [171.0, 50.09375], [171.03125, 50.28125]], [[-149.78125, 50.125], [-149.5625, 50.125], [-149.53125, 50.0], [-149.71875, 50.0], [-149.78125, 50.125]], [[35.0, 49.90625], [35.375, 50.0625], [35.28125, 49.84375], [35.0, 49.90625]], [[172.21875, 49.71875], [172.78125, 50.0625], [172.78125, 49.875], [172.53125, 49.59375], [172.21875, 49.71875]], [[26.28125, 49.875], [26.375, 49.96875], [26.375, 49.875], [26.28125, 49.875]], [[25.59375, 49.9375], [25.875, 49.90625], [26.0, 49.59375], [26.0625, 49.78125], [26.375, 49.71875], [26.4375, 49.34375], [25.9375, 49.21875], [25.96875, 49.40625], [25.40625, 49.625], [25.59375, 49.9375]], [[36.4375, 49.75], [36.53125, 49.84375], [36.53125, 49.75], [36.4375, 49.75]], [[24.59375, 49.59375], [24.8125, 49.5625], [24.84375, 49.4375], [24.5, 49.40625], [24.59375, 49.59375]], [[25.15625, 49.46875], [25.65625, 49.28125], [25.59375, 49.09375], [25.28125, 48.96875], [25.40625, 49.1875], [25.1875, 49.21875], [25.15625, 49.46875]], [[34.78125, 49.46875], [34.96875, 49.4375], [34.9375, 49.28125], [34.78125, 49.34375], [34.78125, 49.46875]], [[173.84375, 49.34375], [173.9375, 49.4375], [173.9375, 49.34375], [173.84375, 49.34375]], [[26.5, 49.34375], [26.6875, 49.34375], [26.75, 49.1875], [26.5625, 49.125], [26.5, 49.34375]], [[139.21875, 49.3125], [140.78125, 48.9375], [141.125, 48.46875], [141.0, 47.6875], [140.3125, 47.25], [139.15625, 47.25], [139.3125, 46.90625], [138.625, 47.28125], [138.59375, 47.5625], [138.71875, 47.5625], [138.71875, 47.34375], [140.46875, 47.5], [140.84375, 47.96875], [140.78125, 48.4375], [140.09375, 48.875], [139.1875, 48.875], [138.5, 48.59375], [138.75, 49.0], [139.09375, 48.96875], [139.03125, 49.21875], [139.21875, 49.3125]], [[24.5625, 49.09375], [24.71875, 49.1875], [24.71875, 49.09375], [24.5625, 49.09375]], [[138.75, 49.03125], [138.84375, 49.1875], [138.84375, 49.03125], [138.75, 49.03125]], [[-51.84375, 49.125], [-51.40625, 48.9375], [-51.1875, 48.5625], [-51.0625, 48.75], [-50.8125, 48.6875], [-50.8125, 48.5], [-51.78125, 48.34375], [-51.96875, 48.6875], [-52.28125, 48.8125], [-51.84375, 49.125]], [[26.1875, 49.0], [26.3125, 49.125], [26.3125, 49.0], [26.1875, 49.0]], [[26.625, 49.09375], [27.59375, 48.8125], [27.71875, 48.71875], [27.65625, 48.5], [27.90625, 48.4375], [27.6875, 48.21875], [27.5, 47.375], [26.71875, 47.5625], [26.75, 47.875], [27.4375, 48.0], [26.75, 48.3125], [26.6875, 48.625], [26.84375, 48.84375], [26.625, 48.9375], [26.625, 49.09375]], [[26.375, 48.65625], [26.4375, 48.8125], [26.5, 48.65625], [26.375, 48.65625]], [[141.09375, 48.6875], [141.25, 48.65625], [141.25, 48.5625], [141.125, 48.5625], [141.09375, 48.6875]], [[-52.3125, 48.375], [-52.1875, 48.625], [-52.125, 48.40625], [-52.3125, 48.375]], [[160.59375, 48.53125], [160.71875, 48.625], [160.71875, 48.53125], [160.59375, 48.53125]], [[160.46875, 48.5], [160.5625, 48.59375], [160.5625, 48.5], [160.46875, 48.5]], [[32.75, 48.46875], [32.875, 48.5625], [32.875, 48.46875], [32.75, 48.46875]], [[138.3125, 48.40625], [138.40625, 48.5], [138.40625, 48.40625], [138.3125, 48.40625]], [[27.9375, 48.4375], [28.125, 48.4375], [28.125, 48.3125], [27.96875, 48.3125], [27.9375, 48.4375]], [[33.53125, 48.25], [33.6875, 48.375], [33.6875, 48.25], [33.53125, 48.25]], [[75.40625, 48.28125], [75.53125, 48.375], [75.53125, 48.28125], [75.40625, 48.28125]], [[138.15625, 48.28125], [138.34375, 48.25], [138.34375, 48.125], [138.125, 48.09375], [138.15625, 48.28125]], [[34.6875, 48.25], [34.84375, 48.25], [34.875, 48.125], [34.71875, 48.09375], [34.6875, 48.25]], [[71.5, 48.125], [71.59375, 48.25], [71.59375, 48.125], [71.5, 48.125]], [[33.28125, 48.15625], [33.5, 48.0625], [33.5, 47.96875], [33.21875, 48.03125], [33.28125, 48.15625]], [[70.78125, 48.0], [70.875, 48.125], [70.875, 48.0], [70.78125, 48.0]], [[138.34375, 47.90625], [138.5, 47.84375], [138.53125, 47.6875], [138.34375, 47.75], [138.34375, 47.90625]], [[163.3125, 47.65625], [163.40625, 47.75], [163.40625, 47.65625], [163.3125, 47.65625]], [[163.65625, 47.6875], [163.8125, 47.65625], [163.8125, 47.5625], [163.65625, 47.5625], [163.65625, 47.6875]], [[163.34375, 47.625], [163.46875, 47.5625], [163.4375, 47.40625], [163.25, 47.4375], [163.34375, 47.625]], [[27.6875, 47.5625], [27.96875, 47.53125], [27.96875, 47.4375], [27.59375, 47.375], [27.6875, 47.5625]], [[163.96875, 47.5625], [164.09375, 47.5625], [164.09375, 47.28125], [163.9375, 47.3125], [163.96875, 47.5625]], [[22.6875, 47.1875], [22.90625, 47.3125], [22.9375, 47.1875], [22.6875, 47.1875]], [[26.5, 47.3125], [26.78125, 47.1875], [26.78125, 47.09375], [26.53125, 47.0625], [26.5, 47.3125]], [[163.21875, 47.3125], [163.375, 47.3125], [163.375, 47.125], [163.25, 47.125], [163.21875, 47.3125]], [[27.125, 47.15625], [27.25, 47.25], [27.25, 47.15625], [27.125, 47.15625]], [[26.9375, 47.0625], [27.125, 47.03125], [27.125, 46.6875], [26.75, 46.8125], [26.9375, 47.0625]], [[139.375, 46.90625], [139.46875, 47.0], [139.46875, 46.90625], [139.375, 46.90625]], [[25.96875, 46.75], [26.40625, 46.875], [26.40625, 46.78125], [25.96875, 46.75]], [[23.71875, 46.78125], [23.9375, 46.75], [23.9375, 46.65625], [23.6875, 46.625], [23.71875, 46.78125]], [[19.34375, 46.71875], [19.78125, 46.53125], [19.84375, 46.25], [19.3125, 46.15625], [19.3125, 45.875], [18.96875, 45.875], [19.03125, 45.46875], [18.90625, 45.375], [18.25, 45.53125], [18.21875, 45.78125], [18.6875, 46.0], [18.3125, 46.28125], [18.6875, 46.21875], [19.09375, 46.375], [19.375, 46.5625], [19.34375, 46.71875]], [[21.3125, 46.71875], [21.53125, 46.6875], [21.53125, 46.59375], [21.25, 46.53125], [21.3125, 46.71875]], [[21.90625, 46.65625], [22.3125, 46.625], [21.90625, 46.5625], [21.90625, 46.65625]], [[20.6875, 46.6875], [20.9375, 46.625], [21.0, 46.46875], [20.40625, 46.53125], [20.6875, 46.6875]], [[26.28125, 46.65625], [26.5625, 46.59375], [26.5625, 46.4375], [25.96875, 46.46875], [26.28125, 46.65625]], [[26.75, 46.625], [27.15625, 46.5625], [27.21875, 46.40625], [26.75, 46.40625], [26.75, 46.625]], [[161.625, 46.53125], [162.125, 46.625], [162.28125, 46.28125], [161.71875, 46.34375], [161.625, 46.53125]], [[20.3125, 46.34375], [20.8125, 46.1875], [20.8125, 46.0625], [20.34375, 46.125], [20.3125, 46.34375]], [[21.21875, 45.71875], [21.4375, 46.0], [21.65625, 45.5625], [21.21875, 45.71875]], [[26.53125, 46.0], [26.6875, 46.0], [26.71875, 45.875], [26.5625, 45.875], [26.53125, 46.0]], [[15.96875, 45.71875], [16.09375, 45.84375], [16.09375, 45.6875], [15.96875, 45.71875]], [[19.53125, 45.8125], [19.65625, 45.6875], [19.46875, 45.34375], [19.0625, 45.46875], [19.53125, 45.8125]], [[76.1875, 45.6875], [76.34375, 45.6875], [76.3125, 45.375], [76.21875, 45.375], [76.1875, 45.6875]], [[75.53125, 45.5625], [75.65625, 45.65625], [75.65625, 45.5625], [75.53125, 45.5625]], [[17.4375, 45.59375], [17.5625, 45.59375], [17.65625, 45.40625], [17.46875, 45.375], [17.4375, 45.59375]], [[17.0625, 45.5], [17.25, 45.4375], [17.15625, 45.09375], [16.65625, 44.9375], [17.0625, 45.5]], [[75.8125, 45.40625], [75.9375, 45.5], [75.9375, 45.40625], [75.8125, 45.40625]], [[75.21875, 45.3125], [75.3125, 45.46875], [75.3125, 45.3125], [75.21875, 45.3125]], [[19.71875, 45.40625], [19.9375, 45.40625], [19.96875, 45.28125], [19.75, 45.28125], [19.71875, 45.40625]], [[159.21875, 45.125], [159.6875, 45.25], [159.65625, 44.9375], [159.25, 44.9375], [159.21875, 45.125]], [[168.96875, 45.15625], [169.0625, 45.25], [169.0625, 45.15625], [168.96875, 45.15625]], [[159.8125, 45.03125], [159.90625, 45.125], [159.90625, 45.03125], [159.8125, 45.03125]], [[76.21875, 44.9375], [76.34375, 45.03125], [76.34375, 44.9375], [76.21875, 44.9375]], [[18.375, 45.0], [18.59375, 44.71875], [17.9375, 44.71875], [17.9375, 44.84375], [18.375, 45.0]], [[19.59375, 45.0], [19.75, 44.96875], [19.84375, 44.71875], [19.6875, 44.78125], [19.59375, 45.0]], [[172.625, 44.90625], [172.75, 45.0], [172.75, 44.90625], [172.625, 44.90625]], [[160.5, 44.84375], [160.59375, 44.9375], [160.59375, 44.84375], [160.5, 44.84375]], [[19.03125, 44.875], [19.46875, 44.75], [19.46875, 44.46875], [19.125, 44.46875], [18.9375, 44.6875], [19.03125, 44.875]], [[17.28125, 44.78125], [17.5, 44.75], [17.375, 44.5], [17.09375, 44.59375], [17.28125, 44.78125]], [[159.09375, 44.6875], [159.1875, 44.78125], [159.1875, 44.6875], [159.09375, 44.6875]], [[-146.5625, 44.40625], [-146.46875, 44.5], [-146.46875, 44.40625], [-146.5625, 44.40625]], [[19.96875, 44.40625], [20.0625, 44.5], [20.0625, 44.40625], [19.96875, 44.40625]], [[79.0625, 44.5], [79.1875, 44.34375], [78.8125, 44.09375], [78.875, 44.40625], [79.0625, 44.5]], [[79.21875, 44.25], [79.3125, 44.375], [79.34375, 44.25], [79.21875, 44.25]], [[17.9375, 44.3125], [18.40625, 44.25], [18.40625, 44.15625], [17.90625, 44.125], [17.9375, 44.3125]], [[19.65625, 44.21875], [19.78125, 44.3125], [19.8125, 44.1875], [19.65625, 44.21875]], [[153.09375, 44.3125], [153.4375, 44.25], [153.4375, 43.8125], [153.6875, 43.4375], [153.3125, 43.5], [153.25, 43.8125], [152.9375, 43.9375], [153.3125, 44.03125], [153.25, 44.1875], [152.9375, 44.1875], [153.09375, 44.3125]], [[78.5625, 44.125], [78.75, 44.25], [78.75, 44.15625], [78.5625, 44.125]], [[166.15625, 44.125], [166.25, 44.25], [166.25, 44.125], [166.15625, 44.125]], [[16.6875, 44.0625], [16.75, 44.21875], [16.8125, 44.0625], [16.6875, 44.0625]], [[17.25, 44.1875], [17.4375, 44.15625], [17.46875, 44.0], [17.25, 43.96875], [17.25, 44.1875]], [[79.3125, 44.1875], [79.59375, 43.96875], [79.34375, 43.96875], [79.25, 43.625], [79.625, 43.78125], [79.75, 43.59375], [79.3125, 43.59375], [79.28125, 43.34375], [79.125, 43.3125], [79.15625, 43.5625], [78.875, 43.5625], [78.78125, 43.96875], [79.3125, 44.1875]], [[153.59375, 44.09375], [153.71875, 44.1875], [153.71875, 44.09375], [153.59375, 44.09375]], [[18.78125, 43.8125], [18.875, 44.03125], [18.9375, 43.78125], [18.78125, 43.8125]], [[157.78125, 43.90625], [158.0, 44.03125], [158.0, 43.90625], [157.78125, 43.90625]], [[17.96875, 44.0], [18.28125, 44.0], [18.28125, 43.90625], [18.03125, 43.84375], [17.96875, 44.0]], [[19.03125, 43.9375], [19.34375, 43.90625], [19.40625, 43.75], [19.0625, 43.78125], [19.03125, 43.9375]], [[-147.53125, 43.875], [-147.3125, 43.84375], [-147.3125, 43.75], [-147.5, 43.65625], [-147.53125, 43.875]], [[157.53125, 43.78125], [157.625, 43.875], [157.625, 43.78125], [157.53125, 43.78125]], [[17.28125, 43.71875], [17.875, 43.6875], [17.8125, 43.375], [17.96875, 43.1875], [17.65625, 43.1875], [17.75, 43.375], [17.4375, 43.46875], [17.28125, 43.71875]], [[20.84375, 43.625], [21.0625, 43.5625], [20.84375, 43.5], [20.84375, 43.625]], [[155.4375, 43.5625], [155.53125, 43.65625], [155.53125, 43.5625], [155.4375, 43.5625]], [[78.03125, 43.5], [78.125, 43.625], [78.125, 43.5], [78.03125, 43.5]], [[18.53125, 43.5], [18.9375, 43.375], [18.96875, 43.1875], [19.3125, 43.5], [19.59375, 43.46875], [19.59375, 43.34375], [19.21875, 43.1875], [19.21875, 42.90625], [18.9375, 43.0], [18.875, 42.71875], [18.375, 42.625], [18.0625, 42.9375], [17.84375, 42.9375], [17.84375, 43.09375], [18.0625, 43.21875], [18.28125, 43.09375], [18.53125, 43.5]], [[17.0625, 43.46875], [17.28125, 43.375], [17.21875, 43.21875], [17.0625, 43.28125], [17.0625, 43.46875]], [[80.03125, 43.375], [80.1875, 43.46875], [80.1875, 43.375], [80.03125, 43.375]], [[152.9375, 43.46875], [153.1875, 43.46875], [153.34375, 43.1875], [153.15625, 42.875], [152.75, 43.15625], [152.9375, 43.46875]], [[17.375, 43.34375], [17.59375, 43.3125], [17.59375, 43.21875], [17.40625, 43.15625], [17.375, 43.34375]], [[79.875, 43.3125], [80.125, 43.25], [80.1875, 43.0625], [79.875, 43.03125], [79.875, 43.3125]], [[79.3125, 43.09375], [79.46875, 43.0625], [79.46875, 42.9375], [79.3125, 42.9375], [79.3125, 43.09375]], [[19.6875, 43.03125], [19.84375, 43.0], [19.84375, 42.90625], [19.6875, 42.90625], [19.6875, 43.03125]], [[21.4375, 42.90625], [21.5, 43.03125], [21.53125, 42.90625], [21.4375, 42.90625]], [[79.125, 42.90625], [79.21875, 43.03125], [79.21875, 42.90625], [79.125, 42.90625]], [[153.28125, 42.9375], [153.40625, 42.53125], [153.1875, 42.375], [153.09375, 42.625], [153.28125, 42.9375]], [[20.34375, 42.6875], [20.53125, 42.65625], [20.46875, 42.40625], [20.1875, 42.4375], [20.34375, 42.6875]], [[154.90625, 42.46875], [155.03125, 42.625], [155.0625, 42.5], [154.90625, 42.46875]], [[18.5, 42.5], [18.625, 42.59375], [18.625, 42.5], [18.5, 42.5]], [[81.28125, 42.5], [81.375, 42.59375], [81.375, 42.5], [81.28125, 42.5]], [[18.03125, 42.5625], [18.40625, 42.5625], [18.46875, 42.34375], [18.0625, 42.28125], [18.03125, 42.5625]], [[154.875, 42.21875], [155.21875, 42.5], [155.125, 42.125], [154.625, 42.09375], [154.5, 42.3125], [154.6875, 42.46875], [154.875, 42.21875]], [[152.625, 42.40625], [152.90625, 42.40625], [152.9375, 42.03125], [152.625, 42.21875], [152.625, 42.40625]], [[21.5, 42.375], [22.125, 42.28125], [22.3125, 42.0], [22.1875, 41.5], [21.5625, 41.5], [20.96875, 41.84375], [20.96875, 42.03125], [21.5, 42.375]], [[156.71875, 42.21875], [156.8125, 42.3125], [156.8125, 42.21875], [156.71875, 42.21875]], [[23.0625, 42.125], [23.1875, 42.21875], [23.1875, 42.125], [23.0625, 42.125]], [[156.46875, 41.96875], [156.71875, 42.21875], [156.78125, 41.96875], [156.46875, 41.96875]], [[79.9375, 41.84375], [80.03125, 41.9375], [80.03125, 41.84375], [79.9375, 41.84375]], [[23.28125, 41.8125], [23.46875, 41.90625], [23.46875, 41.8125], [23.28125, 41.8125]], [[80.71875, 41.78125], [80.8125, 41.875], [80.8125, 41.78125], [80.71875, 41.78125]], [[20.125, 41.75], [20.25, 41.84375], [20.25, 41.75], [20.125, 41.75]], [[9.15625, 41.78125], [9.3125, 41.53125], [9.0625, 41.4375], [9.03125, 41.5625], [9.15625, 41.5625], [9.15625, 41.78125]], [[148.25, 40.96875], [148.5625, 41.34375], [148.46875, 40.96875], [148.25, 40.96875]], [[23.78125, 41.3125], [24.125, 41.28125], [24.125, 41.09375], [23.78125, 41.0], [23.78125, 41.3125]], [[24.5625, 41.3125], [24.75, 41.3125], [24.75, 41.21875], [24.5625, 41.1875], [24.5625, 41.3125]], [[-2.34375, 41.21875], [-1.9375, 41.21875], [-1.9375, 41.09375], [-2.34375, 41.09375], [-2.34375, 41.21875]], [[21.90625, 41.15625], [22.125, 41.125], [22.15625, 40.96875], [21.84375, 40.9375], [21.90625, 41.15625]], [[152.9375, 40.90625], [153.28125, 40.875], [153.28125, 40.75], [152.96875, 40.71875], [152.9375, 40.90625]], [[-44.75, 40.59375], [-44.65625, 40.84375], [-44.625, 40.59375], [-44.75, 40.59375]], [[153.28125, 40.65625], [153.375, 40.75], [153.375, 40.65625], [153.28125, 40.65625]], [[148.15625, 40.6875], [148.3125, 40.65625], [148.3125, 40.53125], [148.125, 40.5], [148.15625, 40.6875]], [[-48.0, 40.5], [-47.875, 40.375], [-48.09375, 40.3125], [-48.09375, 40.40625], [-48.0, 40.5]], [[169.4375, 40.5], [169.6875, 40.5], [169.59375, 40.21875], [169.28125, 40.28125], [169.4375, 40.5]], [[80.4375, 40.34375], [80.53125, 40.4375], [80.53125, 40.34375], [80.4375, 40.34375]], [[81.125, 40.4375], [81.34375, 40.4375], [81.21875, 40.21875], [81.46875, 40.1875], [81.5625, 39.8125], [81.3125, 39.90625], [81.125, 40.4375]], [[170.5, 40.28125], [170.59375, 40.375], [170.59375, 40.28125], [170.5, 40.28125]], [[3.78125, 40.15625], [3.90625, 40.34375], [3.96875, 40.1875], [3.78125, 40.15625]], [[-47.625, 40.21875], [-47.53125, 40.3125], [-47.53125, 40.21875], [-47.625, 40.21875]], [[81.5, 40.1875], [81.59375, 40.28125], [81.59375, 40.1875], [81.5, 40.1875]], [[-3.0625, 40.125], [-2.65625, 40.1875], [-2.59375, 39.96875], [-3.0625, 40.125]], [[-3.375, 40.0625], [-3.15625, 40.1875], [-3.15625, 40.09375], [-3.375, 40.0625]], [[-48.0, 40.125], [-47.71875, 40.0625], [-47.78125, 39.8125], [-47.9375, 39.8125], [-48.0, 40.125]], [[1.84375, 40.03125], [2.03125, 40.09375], [2.03125, 40.0], [1.84375, 40.03125]], [[-3.59375, 39.96875], [-3.46875, 40.09375], [-3.5, 39.96875], [-3.59375, 39.96875]], [[3.78125, 40.0], [3.90625, 40.09375], [3.90625, 40.0], [3.78125, 40.0]], [[-169.40625, 39.8125], [-169.1875, 39.9375], [-169.1875, 39.84375], [-169.40625, 39.8125]], [[151.53125, 39.84375], [151.625, 39.9375], [151.625, 39.84375], [151.53125, 39.84375]], [[-168.96875, 39.875], [-168.75, 39.875], [-168.75, 39.78125], [-168.9375, 39.75], [-168.96875, 39.875]], [[-169.875, 39.65625], [-169.53125, 39.8125], [-169.59375, 39.625], [-169.875, 39.65625]], [[-170.15625, 39.65625], [-169.96875, 39.75], [-169.96875, 39.65625], [-170.15625, 39.65625]], [[-165.8125, 39.6875], [-165.53125, 39.53125], [-166.0625, 39.46875], [-166.0625, 39.5625], [-165.8125, 39.6875]], [[-2.53125, 39.59375], [-2.40625, 39.5625], [-2.34375, 39.28125], [-2.65625, 39.28125], [-2.53125, 39.59375]], [[-2.25, 39.3125], [-2.0, 39.5], [-1.96875, 39.3125], [-2.25, 39.3125]], [[82.28125, 39.34375], [82.375, 39.46875], [82.375, 39.34375], [82.28125, 39.34375]], [[-3.03125, 39.21875], [-2.6875, 39.3125], [-2.75, 39.0], [-2.90625, 39.0], [-3.03125, 39.21875]], [[-1.96875, 39.1875], [-1.8125, 39.3125], [-1.8125, 39.1875], [-1.96875, 39.1875]], [[-47.90625, 39.28125], [-47.78125, 39.28125], [-47.8125, 39.0625], [-47.90625, 39.0625], [-47.90625, 39.28125]], [[-9.71875, 39.125], [-9.53125, 39.1875], [-9.53125, 39.09375], [-9.71875, 39.125]], [[151.53125, 39.09375], [151.625, 39.1875], [151.625, 39.09375], [151.53125, 39.09375]], [[169.4375, 39.09375], [169.53125, 39.1875], [169.53125, 39.09375], [169.4375, 39.09375]], [[-9.46875, 39.0625], [-9.34375, 39.15625], [-9.34375, 39.0625], [-9.46875, 39.0625]], [[-171.125, 38.90625], [-170.96875, 39.0625], [-171.0, 38.90625], [-171.125, 38.90625]], [[170.125, 38.96875], [170.21875, 39.0625], [170.21875, 38.96875], [170.125, 38.96875]], [[-171.53125, 39.03125], [-171.21875, 38.96875], [-171.25, 38.65625], [-170.9375, 38.65625], [-171.0, 38.21875], [-171.375, 38.1875], [-171.34375, 38.03125], [-171.03125, 38.0], [-171.28125, 37.34375], [-171.65625, 37.40625], [-171.8125, 37.1875], [-172.03125, 37.1875], [-172.46875, 37.46875], [-173.25, 37.53125], [-173.25, 37.71875], [-172.90625, 37.875], [-173.125, 38.03125], [-172.46875, 38.53125], [-172.34375, 38.84375], [-171.875, 39.0], [-171.90625, 38.78125], [-171.6875, 38.75], [-171.53125, 39.03125]], [[-9.4375, 38.90625], [-9.34375, 39.0], [-9.34375, 38.90625], [-9.4375, 38.90625]], [[-47.875, 38.8125], [-47.78125, 38.9375], [-47.78125, 38.8125], [-47.875, 38.8125]], [[-170.84375, 38.71875], [-170.75, 38.8125], [-170.75, 38.71875], [-170.84375, 38.71875]], [[-48.6875, 38.3125], [-48.59375, 38.4375], [-48.59375, 38.3125], [-48.6875, 38.3125]], [[-9.5, 38.34375], [-9.40625, 38.4375], [-9.40625, 38.34375], [-9.5, 38.34375]], [[82.96875, 38.34375], [83.1875, 38.09375], [83.09375, 37.84375], [83.0, 37.84375], [82.96875, 38.34375]], [[149.5625, 38.21875], [149.75, 38.1875], [149.5625, 38.125], [149.5625, 38.21875]], [[149.9375, 38.15625], [150.21875, 38.03125], [150.40625, 37.59375], [149.84375, 37.34375], [149.28125, 37.4375], [149.1875, 37.75], [149.40625, 37.9375], [149.96875, 38.0], [149.9375, 38.15625]], [[150.6875, 38.0625], [150.90625, 38.0625], [150.84375, 37.78125], [150.6875, 37.78125], [150.6875, 38.0625]], [[-5.15625, 37.90625], [-4.90625, 37.71875], [-4.625, 37.75], [-4.53125, 37.53125], [-5.0, 37.6875], [-5.5625, 37.53125], [-5.5625, 37.6875], [-5.15625, 37.90625]], [[150.6875, 37.625], [150.78125, 37.71875], [150.78125, 37.625], [150.6875, 37.625]], [[148.96875, 37.375], [149.09375, 37.46875], [149.09375, 37.375], [148.96875, 37.375]], [[150.78125, 37.4375], [150.9375, 37.4375], [150.90625, 37.15625], [150.78125, 37.15625], [150.78125, 37.4375]], [[150.21875, 37.15625], [150.40625, 37.1875], [150.40625, 37.09375], [150.21875, 37.15625]], [[150.59375, 37.09375], [150.71875, 37.1875], [150.71875, 37.09375], [150.59375, 37.09375]], [[150.84375, 37.09375], [151.0, 37.0625], [150.90625, 36.84375], [150.71875, 36.875], [150.84375, 37.09375]], [[-171.65625, 36.96875], [-171.4375, 36.96875], [-171.46875, 36.6875], [-171.625, 36.6875], [-171.65625, 36.96875]], [[-173.125, 36.71875], [-173.03125, 36.8125], [-173.03125, 36.71875], [-173.125, 36.71875]], [[-10.0, 36.46875], [-9.5625, 36.78125], [-9.59375, 36.5], [-10.0, 36.46875]], [[-174.09375, 36.65625], [-173.875, 36.46875], [-173.875, 36.1875], [-173.4375, 35.9375], [-173.625, 35.71875], [-173.84375, 35.6875], [-173.96875, 36.15625], [-174.15625, 36.1875], [-174.09375, 36.65625]], [[-10.3125, 36.40625], [-10.0625, 36.34375], [-10.25, 36.25], [-10.3125, 36.40625]], [[-46.59375, 36.09375], [-46.28125, 36.15625], [-46.25, 36.03125], [-46.59375, 36.09375]], [[-46.96875, 36.0], [-46.625, 36.125], [-46.71875, 35.8125], [-46.9375, 35.78125], [-46.96875, 36.0]], [[167.4375, 35.96875], [167.59375, 36.09375], [167.59375, 35.96875], [167.4375, 35.96875]], [[-173.5, 35.65625], [-173.3125, 35.65625], [-173.15625, 35.375], [-173.65625, 35.4375], [-173.5, 35.65625]], [[165.09375, 35.5625], [165.1875, 35.65625], [165.1875, 35.5625], [165.09375, 35.5625]], [[169.71875, 35.28125], [169.84375, 35.40625], [169.84375, 35.28125], [169.71875, 35.28125]], [[-177.90625, 35.09375], [-177.78125, 35.25], [-177.8125, 35.09375], [-177.90625, 35.09375]], [[-13.34375, 34.90625], [-13.21875, 34.875], [-13.28125, 34.65625], [-13.375, 34.65625], [-13.34375, 34.90625]], [[-12.71875, 34.90625], [-12.59375, 34.875], [-12.59375, 34.75], [-12.71875, 34.75], [-12.71875, 34.90625]], [[-13.15625, 34.78125], [-12.9375, 34.71875], [-12.96875, 34.46875], [-13.3125, 34.5], [-13.15625, 34.78125]], [[-12.96875, 34.25], [-12.78125, 34.5], [-12.84375, 34.25], [-12.96875, 34.25]], [[-13.28125, 34.375], [-13.125, 34.28125], [-13.3125, 34.15625], [-13.28125, 34.375]], [[-44.75, 33.96875], [-44.65625, 34.1875], [-44.65625, 33.96875], [-44.75, 33.96875]], [[-12.90625, 34.15625], [-12.71875, 33.96875], [-12.78125, 33.3125], [-13.09375, 33.5], [-12.90625, 34.15625]], [[-177.59375, 33.875], [-177.3125, 33.75], [-177.3125, 33.65625], [-177.625, 33.6875], [-177.59375, 33.875]], [[-176.65625, 33.75], [-176.1875, 33.75], [-175.8125, 33.40625], [-175.5625, 33.5], [-175.625, 33.21875], [-175.4375, 33.1875], [-175.5, 33.0625], [-175.3125, 32.9375], [-175.625, 32.78125], [-175.5, 32.46875], [-175.9375, 31.96875], [-175.9375, 31.78125], [-175.75, 31.8125], [-175.71875, 31.625], [-176.0625, 31.53125], [-176.03125, 31.34375], [-176.375, 31.0], [-176.5625, 31.53125], [-176.25, 31.71875], [-176.3125, 32.1875], [-177.125, 32.21875], [-177.15625, 31.96875], [-177.3125, 32.09375], [-177.3125, 32.34375], [-177.03125, 32.5], [-177.21875, 32.65625], [-177.1875, 32.90625], [-176.8125, 32.875], [-176.90625, 33.40625], [-176.65625, 33.75]], [[175.15625, 33.40625], [175.25, 33.5], [175.25, 33.40625], [175.15625, 33.40625]], [[170.40625, 33.375], [170.5, 33.46875], [170.5, 33.375], [170.40625, 33.375]], [[168.78125, 32.59375], [168.96875, 32.71875], [168.96875, 32.625], [168.78125, 32.59375]], [[-48.0, 32.625], [-47.84375, 32.59375], [-47.9375, 32.40625], [-48.0625, 32.40625], [-48.0, 32.625]], [[170.53125, 32.3125], [170.625, 32.40625], [170.625, 32.3125], [170.53125, 32.3125]], [[-48.125, 32.21875], [-48.03125, 32.34375], [-48.03125, 32.21875], [-48.125, 32.21875]], [[-47.96875, 32.25], [-47.25, 31.6875], [-47.25, 31.15625], [-46.90625, 30.9375], [-46.84375, 30.5], [-46.5625, 30.40625], [-46.5625, 30.21875], [-46.875, 29.9375], [-47.28125, 29.90625], [-47.53125, 30.4375], [-47.75, 30.5625], [-47.96875, 31.0625], [-47.96875, 32.25]], [[-14.75, 31.84375], [-14.40625, 31.8125], [-14.40625, 31.71875], [-14.59375, 31.65625], [-14.75, 31.84375]], [[170.21875, 31.5], [170.34375, 31.625], [170.375, 31.5], [170.21875, 31.5]], [[170.03125, 31.46875], [170.15625, 31.5625], [170.15625, 31.46875], [170.03125, 31.46875]], [[-15.34375, 31.4375], [-15.0, 31.34375], [-14.84375, 31.03125], [-15.28125, 31.0], [-15.25, 31.1875], [-15.4375, 31.28125], [-15.34375, 31.4375]], [[-177.5625, 30.96875], [-177.375, 31.15625], [-177.4375, 30.96875], [-177.5625, 30.96875]], [[-176.25, 30.5], [-176.15625, 30.59375], [-176.15625, 30.5], [-176.25, 30.5]], [[-175.875, 30.59375], [-175.71875, 30.59375], [-175.71875, 30.46875], [-175.84375, 30.46875], [-175.875, 30.59375]], [[-176.59375, 30.03125], [-176.5, 30.125], [-176.5, 30.03125], [-176.59375, 30.03125]], [[-177.03125, 30.0625], [-176.5, 30.0], [-176.46875, 29.71875], [-176.21875, 29.59375], [-176.5625, 29.5625], [-176.53125, 29.21875], [-176.1875, 29.1875], [-176.375, 28.375], [-176.46875, 28.8125], [-176.84375, 28.96875], [-176.65625, 29.25], [-176.6875, 29.59375], [-177.1875, 29.84375], [-177.03125, 30.0625]], [[-174.78125, 29.875], [-174.65625, 30.03125], [-174.59375, 29.875], [-174.78125, 29.875]], [[176.6875, 29.84375], [176.78125, 29.6875], [176.625, 29.53125], [176.59375, 29.6875], [176.6875, 29.84375]], [[-48.40625, 29.71875], [-47.4375, 29.625], [-47.3125, 29.5], [-47.59375, 29.125], [-48.15625, 29.15625], [-48.40625, 29.3125], [-48.40625, 29.71875]], [[-176.1875, 29.5625], [-176.0, 29.46875], [-176.0, 29.34375], [-176.15625, 29.375], [-176.1875, 29.5625]], [[-176.03125, 29.15625], [-175.9375, 29.28125], [-175.90625, 29.15625], [-176.03125, 29.15625]], [[-177.375, 28.5625], [-177.28125, 28.6875], [-177.28125, 28.5625], [-177.375, 28.5625]], [[-47.46875, 28.4375], [-47.34375, 28.5625], [-47.34375, 28.46875], [-47.46875, 28.4375]], [[-176.875, 28.125], [-176.75, 28.21875], [-176.75, 28.125], [-176.875, 28.125]], [[-48.46875, 28.21875], [-48.0625, 28.15625], [-48.0, 28.0], [-48.3125, 28.0], [-48.46875, 28.21875]], [[-179.34375, 28.15625], [-178.84375, 28.09375], [-178.84375, 28.0], [-179.125, 27.875], [-179.34375, 28.15625]], [[-178.78125, 28.0625], [-178.6875, 28.15625], [-178.6875, 28.0625], [-178.78125, 28.0625]], [[-173.875, 27.15625], [-173.78125, 27.25], [-173.78125, 27.15625], [-173.875, 27.15625]], [[-51.96875, 27.15625], [-51.84375, 27.25], [-51.84375, 27.15625], [-51.96875, 27.15625]], [[-175.46875, 26.96875], [-175.375, 26.5625], [-175.53125, 26.53125], [-175.53125, 26.8125], [-175.46875, 26.96875]], [[-174.21875, 26.84375], [-174.09375, 26.71875], [-174.3125, 26.28125], [-174.46875, 26.71875], [-174.21875, 26.84375]], [[-31.34375, 26.8125], [-30.84375, 26.21875], [-30.78125, 25.6875], [-30.9375, 25.25], [-31.1875, 25.09375], [-31.15625, 24.6875], [-31.625, 24.3125], [-31.65625, 24.59375], [-31.9375, 24.6875], [-31.96875, 25.34375], [-31.5, 25.28125], [-30.90625, 25.6875], [-30.9375, 26.03125], [-31.1875, 26.3125], [-31.71875, 26.40625], [-31.34375, 26.8125]], [[-50.1875, 26.78125], [-49.8125, 26.59375], [-50.0, 26.21875], [-50.5625, 26.375], [-50.1875, 26.46875], [-50.1875, 26.78125]], [[-173.65625, 26.75], [-173.4375, 26.5], [-173.4375, 26.3125], [-173.75, 26.21875], [-173.75, 25.78125], [-173.59375, 25.5625], [-174.0625, 25.8125], [-174.21875, 25.75], [-174.03125, 26.15625], [-173.84375, 26.125], [-173.96875, 26.5], [-173.65625, 26.4375], [-173.65625, 26.75]], [[-19.9375, 26.5625], [-19.84375, 26.6875], [-19.84375, 26.5625], [-19.9375, 26.5625]], [[-173.40625, 26.53125], [-173.3125, 26.625], [-173.3125, 26.53125], [-173.40625, 26.53125]], [[-51.6875, 26.625], [-51.0625, 26.4375], [-50.9375, 26.21875], [-51.59375, 26.25], [-51.6875, 26.625]], [[-19.8125, 26.4375], [-19.65625, 26.53125], [-19.65625, 26.40625], [-19.8125, 26.4375]], [[-175.5625, 26.5], [-175.40625, 26.5], [-175.4375, 26.28125], [-175.59375, 26.3125], [-175.5625, 26.5]], [[-52.25, 26.4375], [-51.875, 26.5], [-52.03125, 26.375], [-51.84375, 26.1875], [-52.25, 26.28125], [-52.25, 26.4375]], [[-172.90625, 26.4375], [-172.71875, 26.4375], [-172.40625, 26.15625], [-172.78125, 26.15625], [-172.90625, 26.4375]], [[-176.28125, 26.25], [-176.15625, 26.375], [-176.15625, 26.25], [-176.28125, 26.25]], [[-176.5, 25.9375], [-176.21875, 25.90625], [-176.21875, 25.8125], [-176.5, 25.78125], [-176.5, 25.9375]], [[-174.5, 25.8125], [-174.3125, 25.9375], [-174.28125, 25.8125], [-174.5, 25.8125]], [[-173.09375, 25.75], [-172.8125, 25.75], [-172.53125, 25.375], [-173.4375, 25.40625], [-173.40625, 25.65625], [-173.09375, 25.59375], [-173.09375, 25.75]], [[-26.53125, 25.5625], [-26.4375, 25.6875], [-26.4375, 25.5625], [-26.53125, 25.5625]], [[-173.1875, 24.90625], [-173.0, 25.03125], [-173.0, 24.84375], [-173.1875, 24.90625]], [[-33.78125, 24.9375], [-33.6875, 25.03125], [-33.6875, 24.9375], [-33.78125, 24.9375]], [[95.875, 24.78125], [96.125, 24.75], [96.09375, 24.4375], [95.875, 24.59375], [95.875, 24.78125]], [[-28.09375, 24.25], [-28.0, 24.4375], [-28.0, 24.25], [-28.09375, 24.25]], [[-172.09375, 24.375], [-171.84375, 24.15625], [-172.34375, 24.125], [-172.34375, 24.34375], [-172.09375, 24.375]], [[-27.46875, 24.375], [-27.21875, 24.375], [-27.21875, 24.15625], [-27.46875, 24.21875], [-27.46875, 24.375]], [[-170.59375, 24.25], [-170.5, 24.34375], [-170.5, 24.25], [-170.59375, 24.25]], [[-34.4375, 24.34375], [-34.0625, 24.28125], [-34.03125, 24.15625], [-33.96875, 24.34375], [-33.59375, 24.3125], [-33.4375, 23.96875], [-32.96875, 23.65625], [-32.96875, 22.96875], [-33.21875, 22.59375], [-33.90625, 22.4375], [-33.84375, 21.875], [-33.5625, 21.9375], [-33.21875, 21.59375], [-33.28125, 21.03125], [-33.78125, 20.96875], [-34.0625, 21.125], [-34.21875, 21.625], [-34.0, 21.65625], [-34.0, 21.875], [-34.25, 21.84375], [-34.65625, 21.375], [-35.125, 22.0], [-35.125, 22.28125], [-34.875, 22.3125], [-34.8125, 22.625], [-34.59375, 22.6875], [-34.71875, 23.0625], [-34.53125, 23.1875], [-34.53125, 23.8125], [-34.375, 23.75], [-34.25, 23.9375], [-34.4375, 24.34375]], [[-171.21875, 24.3125], [-170.96875, 24.3125], [-171.0, 23.90625], [-170.78125, 23.84375], [-170.78125, 23.6875], [-171.21875, 23.8125], [-171.21875, 24.3125]], [[-31.6875, 24.28125], [-31.65625, 24.09375], [-31.84375, 24.0625], [-31.84375, 24.15625], [-31.6875, 24.28125]], [[-173.59375, 24.09375], [-173.5, 24.1875], [-173.5, 24.09375], [-173.59375, 24.09375]], [[-30.53125, 24.1875], [-30.25, 23.96875], [-30.34375, 23.1875], [-30.59375, 23.21875], [-30.65625, 23.9375], [-30.53125, 24.1875]], [[-27.5625, 24.0625], [-27.46875, 24.15625], [-27.46875, 24.0625], [-27.5625, 24.0625]], [[-27.875, 24.0], [-27.78125, 24.09375], [-27.78125, 24.0], [-27.875, 24.0]], [[-172.21875, 24.03125], [-171.6875, 23.59375], [-171.78125, 23.375], [-171.84375, 23.59375], [-172.28125, 23.59375], [-172.21875, 24.03125]], [[-173.53125, 23.84375], [-173.4375, 23.96875], [-173.4375, 23.84375], [-173.53125, 23.84375]], [[-24.15625, 23.71875], [-23.96875, 23.71875], [-23.96875, 23.5], [-24.375, 23.3125], [-24.15625, 23.71875]], [[-22.90625, 23.5625], [-22.8125, 23.71875], [-22.8125, 23.5625], [-22.90625, 23.5625]], [[-172.5625, 23.5], [-172.40625, 23.59375], [-172.40625, 23.5], [-172.5625, 23.5]], [[-26.71875, 23.4375], [-26.625, 23.5625], [-26.625, 23.4375], [-26.71875, 23.4375]], [[-24.6875, 23.53125], [-24.46875, 23.28125], [-24.625, 23.21875], [-24.75, 22.4375], [-24.90625, 22.4375], [-24.84375, 22.71875], [-25.09375, 22.78125], [-25.09375, 22.96875], [-24.90625, 22.96875], [-24.90625, 23.25], [-24.6875, 23.53125]], [[-34.75, 23.3125], [-34.625, 23.40625], [-34.625, 23.3125], [-34.75, 23.3125]], [[-173.4375, 23.1875], [-173.34375, 23.3125], [-173.34375, 23.1875], [-173.4375, 23.1875]], [[-30.6875, 23.0], [-30.53125, 22.96875], [-30.6875, 22.90625], [-30.6875, 23.0]], [[-31.53125, 22.875], [-31.40625, 22.84375], [-31.3125, 22.5625], [-31.71875, 22.5625], [-31.53125, 22.875]], [[100.0625, 22.625], [100.15625, 22.71875], [100.15625, 22.625], [100.0625, 22.625]], [[-24.875, 22.15625], [-24.78125, 22.25], [-24.78125, 22.15625], [-24.875, 22.15625]], [[-169.625, 21.6875], [-169.40625, 21.84375], [-169.3125, 21.6875], [-169.625, 21.6875]], [[-47.5, 21.84375], [-47.34375, 21.84375], [-47.40625, 21.53125], [-47.5625, 21.625], [-47.5, 21.84375]], [[-35.71875, 21.84375], [-35.4375, 21.75], [-35.46875, 21.4375], [-36.25, 21.15625], [-35.75, 21.59375], [-35.71875, 21.84375]], [[-167.90625, 21.65625], [-167.8125, 21.75], [-167.8125, 21.65625], [-167.90625, 21.65625]], [[-169.3125, 21.5625], [-169.1875, 21.6875], [-169.1875, 21.59375], [-169.3125, 21.5625]], [[-30.84375, 21.3125], [-30.75, 21.40625], [-30.75, 21.3125], [-30.84375, 21.3125]], [[-30.90625, 21.03125], [-30.78125, 21.25], [-30.78125, 21.03125], [-30.90625, 21.03125]], [[102.71875, 20.9375], [102.875, 21.125], [102.90625, 20.90625], [102.71875, 20.9375]], [[-36.25, 20.96875], [-36.15625, 21.0625], [-36.15625, 20.96875], [-36.25, 20.96875]], [[-164.125, 20.9375], [-164.0, 20.8125], [-164.1875, 20.59375], [-163.96875, 20.53125], [-164.0, 20.375], [-164.625, 20.28125], [-164.84375, 20.40625], [-164.84375, 20.65625], [-164.40625, 20.71875], [-164.125, 20.9375]], [[103.15625, 20.8125], [103.25, 20.90625], [103.25, 20.8125], [103.15625, 20.8125]], [[-36.4375, 20.78125], [-36.34375, 20.875], [-36.34375, 20.78125], [-36.4375, 20.78125]], [[-166.90625, 20.6875], [-166.8125, 20.8125], [-166.8125, 20.6875], [-166.90625, 20.6875]], [[111.03125, 20.5], [111.125, 20.59375], [111.125, 20.5], [111.03125, 20.5]], [[-45.25, 20.5625], [-45.09375, 20.5625], [-44.875, 19.6875], [-45.15625, 20.0], [-45.25, 20.5625]], [[-164.46875, 20.15625], [-164.375, 20.25], [-164.375, 20.15625], [-164.46875, 20.15625]], [[125.84375, 20.15625], [125.9375, 20.25], [125.9375, 20.15625], [125.84375, 20.15625]], [[131.53125, 20.1875], [131.90625, 20.15625], [131.96875, 19.71875], [131.46875, 19.84375], [131.59375, 19.96875], [131.53125, 20.1875]], [[126.1875, 19.96875], [126.28125, 20.15625], [126.28125, 19.96875], [126.1875, 19.96875]], [[-46.125, 20.0], [-46.03125, 20.125], [-46.03125, 20.0], [-46.125, 20.0]], [[125.96875, 19.96875], [126.0625, 20.0625], [126.0625, 19.96875], [125.96875, 19.96875]], [[126.59375, 19.9375], [126.6875, 20.0625], [126.6875, 19.9375], [126.59375, 19.9375]], [[-46.09375, 19.78125], [-45.96875, 19.90625], [-45.9375, 19.78125], [-46.09375, 19.78125]], [[122.625, 19.875], [122.90625, 19.78125], [122.9375, 19.53125], [122.65625, 19.59375], [122.625, 19.875]], [[-40.03125, 19.6875], [-39.75, 19.1875], [-39.75, 18.75], [-39.1875, 18.125], [-39.09375, 17.75], [-38.9375, 16.71875], [-39.1875, 16.28125], [-39.625, 16.875], [-40.03125, 19.6875]], [[116.375, 19.3125], [116.46875, 19.46875], [116.46875, 19.3125], [116.375, 19.3125]], [[-45.375, 19.28125], [-45.15625, 19.25], [-45.15625, 19.09375], [-45.34375, 19.0625], [-45.375, 19.28125]], [[125.625, 19.28125], [125.9375, 19.21875], [126.0, 19.03125], [125.53125, 18.375], [125.03125, 19.21875], [125.59375, 18.9375], [125.625, 19.28125]], [[-32.65625, 19.21875], [-32.5, 19.15625], [-32.53125, 18.90625], [-32.78125, 18.90625], [-32.65625, 19.21875]], [[-163.71875, 19.1875], [-163.5, 19.125], [-163.5, 19.0], [-163.78125, 18.96875], [-163.71875, 19.1875]], [[-163.96875, 18.90625], [-163.84375, 19.0], [-163.84375, 18.90625], [-163.96875, 18.90625]], [[124.40625, 18.84375], [124.5625, 18.9375], [124.5625, 18.84375], [124.40625, 18.84375]], [[-39.625, 18.78125], [-39.5, 18.875], [-39.46875, 18.71875], [-39.625, 18.78125]], [[-32.65625, 18.78125], [-32.5, 18.75], [-32.5, 18.625], [-32.59375, 18.625], [-32.65625, 18.78125]], [[-32.3125, 18.6875], [-32.15625, 18.78125], [-32.15625, 18.6875], [-32.3125, 18.6875]], [[-30.96875, 18.6875], [-30.875, 18.78125], [-30.875, 18.6875], [-30.96875, 18.6875]], [[-39.4375, 18.75], [-39.3125, 18.71875], [-39.3125, 18.4375], [-39.4375, 18.4375], [-39.4375, 18.75]], [[124.3125, 18.5], [124.46875, 18.625], [124.46875, 18.53125], [124.3125, 18.5]], [[-33.84375, 18.5625], [-33.71875, 18.4375], [-33.9375, 18.3125], [-33.9375, 18.4375], [-33.84375, 18.5625]], [[-36.34375, 18.53125], [-36.21875, 18.53125], [-36.125, 18.21875], [-36.3125, 18.21875], [-36.34375, 18.53125]], [[-33.75, 18.3125], [-33.59375, 18.28125], [-33.5625, 18.0], [-33.84375, 17.625], [-34.0, 18.0], [-33.75, 18.3125]], [[125.6875, 18.15625], [126.0, 18.125], [126.3125, 17.84375], [127.0, 17.90625], [127.03125, 17.5625], [126.6875, 17.40625], [126.375, 17.65625], [125.875, 17.75], [125.6875, 18.15625]], [[-34.21875, 18.0], [-34.125, 18.09375], [-34.125, 18.0], [-34.21875, 18.0]], [[-37.0625, 18.03125], [-36.75, 17.75], [-36.8125, 17.3125], [-37.03125, 17.3125], [-37.0625, 18.03125]], [[-41.0, 17.84375], [-40.875, 17.84375], [-40.71875, 17.4375], [-40.84375, 17.4375], [-41.0, 17.84375]], [[-38.6875, 17.78125], [-38.53125, 17.71875], [-38.46875, 17.5], [-38.6875, 17.5], [-38.6875, 17.78125]], [[-41.15625, 17.75], [-41.0, 17.625], [-41.09375, 17.40625], [-41.28125, 17.5], [-41.15625, 17.75]], [[-162.34375, 17.40625], [-162.25, 17.53125], [-162.25, 17.40625], [-162.34375, 17.40625]], [[-31.4375, 17.28125], [-31.15625, 17.28125], [-31.09375, 16.25], [-31.46875, 16.71875], [-31.4375, 17.28125]], [[-40.75, 17.125], [-40.625, 17.25], [-40.5625, 17.0625], [-40.75, 17.125]], [[-37.65625, 17.0], [-37.40625, 16.71875], [-37.15625, 15.8125], [-37.5, 15.8125], [-37.71875, 16.125], [-37.65625, 17.0]], [[-40.78125, 16.8125], [-40.5625, 16.71875], [-40.125, 15.75], [-39.78125, 15.375], [-39.875, 14.9375], [-40.65625, 15.8125], [-40.78125, 16.8125]], [[-35.625, 16.5], [-35.53125, 16.625], [-35.53125, 16.5], [-35.625, 16.5]], [[-35.4375, 16.40625], [-35.15625, 16.15625], [-35.25, 15.90625], [-35.40625, 15.9375], [-35.4375, 16.40625]], [[-162.34375, 16.125], [-162.25, 16.21875], [-162.25, 16.125], [-162.34375, 16.125]], [[-31.125, 16.21875], [-30.90625, 16.125], [-30.8125, 15.84375], [-31.0625, 15.96875], [-31.125, 16.21875]], [[-36.8125, 16.1875], [-36.6875, 16.125], [-36.6875, 15.8125], [-36.875, 15.90625], [-36.8125, 16.1875]], [[-162.34375, 15.9375], [-162.21875, 16.09375], [-162.25, 15.9375], [-162.34375, 15.9375]], [[-35.125, 15.90625], [-34.875, 15.65625], [-34.875, 15.4375], [-35.0625, 14.8125], [-35.3125, 14.6875], [-35.40625, 15.46875], [-35.125, 15.90625]], [[-30.90625, 15.625], [-30.65625, 15.5], [-31.0, 15.21875], [-30.90625, 15.625]], [[-41.5625, 15.625], [-41.4375, 15.59375], [-41.5, 15.375], [-41.59375, 15.375], [-41.5625, 15.625]], [[-162.5, 15.46875], [-162.40625, 15.5625], [-162.40625, 15.46875], [-162.5, 15.46875]], [[-34.15625, 15.40625], [-33.9375, 15.375], [-33.34375, 14.8125], [-33.3125, 14.15625], [-32.875, 13.8125], [-32.6875, 13.4375], [-32.65625, 12.84375], [-33.03125, 12.5625], [-33.1875, 11.8125], [-33.40625, 12.03125], [-33.5, 12.78125], [-33.375, 13.375], [-34.15625, 15.40625]], [[-41.28125, 15.34375], [-41.09375, 15.3125], [-41.125, 15.0625], [-41.21875, 15.0625], [-41.28125, 15.34375]], [[-36.59375, 15.3125], [-36.46875, 15.28125], [-36.28125, 14.1875], [-36.53125, 13.34375], [-36.6875, 13.125], [-36.90625, 13.125], [-37.125, 13.90625], [-36.84375, 14.46875], [-36.875, 14.9375], [-36.59375, 15.3125]], [[-41.5, 15.03125], [-41.46875, 15.25], [-41.40625, 15.03125], [-41.5, 15.03125]], [[-34.59375, 15.25], [-33.8125, 14.375], [-33.8125, 14.03125], [-34.5625, 14.90625], [-34.59375, 15.25]], [[-39.65625, 15.0625], [-39.5, 15.0], [-39.5625, 14.625], [-39.8125, 14.6875], [-39.65625, 15.0625]], [[-30.03125, 14.6875], [-29.90625, 14.5625], [-30.1875, 14.34375], [-30.25, 14.5625], [-30.03125, 14.6875]], [[-35.1875, 14.46875], [-35.0, 14.59375], [-34.96875, 14.34375], [-35.1875, 14.46875]], [[-29.34375, 14.46875], [-29.25, 14.5625], [-29.25, 14.46875], [-29.34375, 14.46875]], [[-40.5625, 14.53125], [-40.4375, 14.46875], [-40.46875, 14.28125], [-40.5625, 14.28125], [-40.5625, 14.53125]], [[-29.21875, 14.34375], [-29.125, 14.4375], [-29.125, 14.34375], [-29.21875, 14.34375]], [[-35.6875, 14.3125], [-35.5625, 14.40625], [-35.5625, 14.3125], [-35.6875, 14.3125]], [[-35.25, 14.375], [-35.09375, 14.3125], [-35.0625, 14.15625], [-35.21875, 14.21875], [-35.25, 14.375]], [[-157.78125, 14.34375], [-157.5, 14.28125], [-157.65625, 13.96875], [-157.84375, 14.0625], [-157.78125, 14.34375]], [[-35.59375, 14.28125], [-35.21875, 14.0], [-34.78125, 14.0], [-34.25, 13.5625], [-33.875, 13.6875], [-33.75, 13.46875], [-33.8125, 11.84375], [-34.03125, 11.40625], [-33.6875, 11.15625], [-33.71875, 10.625], [-33.28125, 10.4375], [-33.09375, 9.9375], [-33.4375, 9.125], [-34.375, 9.0], [-34.71875, 9.09375], [-35.03125, 8.90625], [-35.25, 9.15625], [-35.21875, 9.875], [-35.625, 10.40625], [-35.65625, 10.78125], [-35.84375, 10.8125], [-35.71875, 11.0625], [-35.53125, 11.03125], [-35.46875, 11.75], [-35.5625, 11.53125], [-35.9375, 11.34375], [-36.40625, 12.40625], [-36.28125, 12.53125], [-35.96875, 12.0625], [-36.125, 12.5], [-36.0, 13.75], [-35.59375, 14.28125]], [[-29.34375, 14.1875], [-29.25, 14.28125], [-29.25, 14.1875], [-29.34375, 14.1875]], [[-30.21875, 14.09375], [-30.09375, 14.1875], [-30.09375, 14.09375], [-30.21875, 14.09375]], [[-30.0, 14.0625], [-29.875, 14.15625], [-29.875, 14.0625], [-30.0, 14.0625]], [[-29.21875, 14.03125], [-29.09375, 14.125], [-29.09375, 14.03125], [-29.21875, 14.03125]], [[-34.3125, 13.90625], [-34.21875, 14.0], [-34.21875, 13.90625], [-34.3125, 13.90625]], [[-157.78125, 13.84375], [-157.625, 13.78125], [-157.625, 13.65625], [-157.78125, 13.6875], [-157.78125, 13.84375]], [[-29.09375, 13.65625], [-28.96875, 13.78125], [-28.9375, 13.65625], [-29.09375, 13.65625]], [[-29.15625, 13.375], [-29.0625, 13.46875], [-29.0625, 13.375], [-29.15625, 13.375]], [[-36.28125, 13.21875], [-36.125, 13.09375], [-36.28125, 13.03125], [-36.28125, 13.21875]], [[-40.21875, 13.15625], [-40.125, 13.25], [-40.125, 13.15625], [-40.21875, 13.15625]], [[-154.5, 13.125], [-154.40625, 13.21875], [-154.40625, 13.125], [-154.5, 13.125]], [[-28.6875, 12.875], [-28.5625, 13.0], [-28.5625, 12.84375], [-28.6875, 12.875]], [[-28.3125, 12.5625], [-28.15625, 12.53125], [-28.21875, 12.34375], [-28.3125, 12.34375], [-28.3125, 12.5625]], [[-39.5, 12.0625], [-39.40625, 12.15625], [-39.40625, 12.0625], [-39.5, 12.0625]], [[-37.09375, 12.09375], [-36.71875, 11.78125], [-36.78125, 11.34375], [-36.96875, 11.34375], [-37.09375, 11.5625], [-37.09375, 12.09375]], [[-39.6875, 12.0], [-39.46875, 11.90625], [-39.5625, 11.65625], [-39.75, 11.75], [-39.6875, 12.0]], [[-39.65625, 11.46875], [-39.53125, 11.625], [-39.5625, 11.46875], [-39.65625, 11.46875]], [[-32.25, 11.46875], [-32.125, 11.5625], [-32.125, 11.46875], [-32.25, 11.46875]], [[-36.875, 10.9375], [-36.71875, 10.90625], [-36.71875, 10.75], [-36.875, 10.75], [-36.875, 10.9375]], [[-39.6875, 10.5625], [-39.4375, 10.46875], [-39.4375, 10.34375], [-39.5625, 10.3125], [-39.6875, 10.5625]], [[-40.0625, 10.46875], [-39.84375, 10.4375], [-39.84375, 10.34375], [-40.09375, 10.34375], [-40.0625, 10.46875]], [[-37.28125, 9.5625], [-37.15625, 9.65625], [-37.15625, 9.5625], [-37.28125, 9.5625]], [[-37.0, 9.1875], [-36.75, 9.125], [-36.75, 8.65625], [-37.15625, 8.6875], [-37.0, 9.1875]], [[-37.03125, 8.53125], [-36.53125, 8.15625], [-36.6875, 7.8125], [-36.9375, 7.96875], [-36.90625, 8.21875], [-37.125, 8.3125], [-37.03125, 8.53125]], [[-32.96875, 8.15625], [-32.53125, 8.0], [-32.34375, 7.6875], [-32.46875, 7.0625], [-32.0, 6.5625], [-31.875, 5.84375], [-32.25, 5.75], [-32.625, 5.875], [-32.96875, 5.71875], [-32.96875, 4.75], [-33.375, 4.375], [-33.1875, 3.96875], [-33.375, 3.0625], [-33.75, 2.96875], [-34.1875, 3.21875], [-34.1875, 3.0], [-34.40625, 2.9375], [-35.0625, 3.28125], [-36.0, 3.34375], [-36.25, 3.53125], [-36.25, 4.46875], [-36.0, 4.6875], [-35.875, 5.21875], [-35.40625, 5.5], [-35.46875, 5.78125], [-35.21875, 6.28125], [-34.1875, 6.75], [-34.125, 7.0], [-33.90625, 6.96875], [-33.96875, 7.125], [-33.65625, 7.03125], [-33.5, 6.71875], [-33.3125, 6.96875], [-33.5625, 7.34375], [-33.5, 7.96875], [-32.96875, 8.15625]], [[-21.71875, 7.96875], [-21.625, 8.0625], [-21.625, 7.96875], [-21.71875, 7.96875]], [[-32.15625, 5.09375], [-32.0, 4.5625], [-32.59375, 4.125], [-32.625, 4.8125], [-32.15625, 5.09375]], [[-33.0625, 4.5], [-32.84375, 4.40625], [-32.9375, 4.15625], [-33.21875, 4.25], [-33.0625, 4.5]], [[-31.4375, 4.375], [-31.28125, 4.34375], [-31.09375, 3.6875], [-31.375, 3.125], [-31.40625, 2.4375], [-31.8125, 2.1875], [-32.28125, 2.21875], [-32.59375, 2.5625], [-32.6875, 2.9375], [-32.3125, 3.3125], [-32.21875, 3.6875], [-31.4375, 4.375]], [[-29.34375, 4.0625], [-29.21875, 4.0625], [-29.125, 3.84375], [-29.25, 3.84375], [-29.34375, 4.0625]], [[-28.5625, 3.75], [-28.4375, 3.75], [-28.4375, 3.5625], [-28.5625, 3.5625], [-28.5625, 3.75]], [[-28.625, 3.375], [-28.34375, 3.375], [-28.3125, 3.25], [-28.6875, 3.09375], [-28.625, 3.375]], [[-34.28125, 2.25], [-34.1875, 2.34375], [-34.1875, 2.25], [-34.28125, 2.25]], [[-34.0625, 2.21875], [-33.96875, 2.3125], [-33.96875, 2.21875], [-34.0625, 2.21875]], [[-36.1875, 1.96875], [-36.03125, 1.9375], [-36.0, 1.8125], [-36.15625, 1.8125], [-36.1875, 1.96875]], [[-33.5, 1.84375], [-33.375, 1.9375], [-33.375, 1.84375], [-33.5, 1.84375]], [[-35.59375, 1.65625], [-35.5, 1.75], [-35.5, 1.65625], [-35.59375, 1.65625]], [[-33.75, 1.5], [-33.59375, 1.65625], [-33.625, 1.5], [-33.75, 1.5]], [[-36.5, 1.5], [-36.4375, 1.625], [-36.40625, 1.5], [-36.5, 1.5]], [[-34.03125, 1.4375], [-33.71875, 1.3125], [-33.71875, 1.21875], [-33.90625, 1.15625], [-34.03125, 1.4375]], [[-36.28125, 1.15625], [-36.1875, 1.34375], [-36.1875, 1.15625], [-36.28125, 1.15625]], [[-35.1875, 1.125], [-35.09375, 1.21875], [-35.09375, 1.125], [-35.1875, 1.125]], [[-35.8125, 1.1875], [-35.625, 1.0625], [-35.71875, 0.84375], [-35.84375, 0.9375], [-35.8125, 1.1875]], [[-36.46875, 0.875], [-36.375, 1.0], [-36.375, 0.875], [-36.46875, 0.875]], [[-36.6875, 0.65625], [-36.59375, 0.78125], [-36.5625, 0.65625], [-36.6875, 0.65625]], [[-36.125, 0.6875], [-36.03125, 0.78125], [-36.03125, 0.6875], [-36.125, 0.6875]], [[-35.78125, 0.28125], [-35.6875, 0.40625], [-35.65625, 0.28125], [-35.78125, 0.28125]], [[-34.96875, -0.1875], [-34.875, -0.09375], [-34.875, -0.1875], [-34.96875, -0.1875]], [[-38.6875, -0.96875], [-38.59375, -0.875], [-38.59375, -0.96875], [-38.6875, -0.96875]], [[-33.90625, -2.0625], [-33.8125, -1.96875], [-33.8125, -2.0625], [-33.90625, -2.0625]], [[-32.875, -2.1875], [-32.78125, -2.09375], [-32.78125, -2.1875], [-32.875, -2.1875]], [[-34.46875, -2.625], [-34.1875, -2.96875], [-34.59375, -3.09375], [-34.5625, -2.84375], [-34.46875, -2.625]], [[-35.4375, -4.4375], [-35.3125, -4.46875], [-35.3125, -4.59375], [-35.4375, -4.59375], [-35.4375, -4.4375]], [[-35.5625, -4.8125], [-35.5, -4.46875], [-35.46875, -4.8125], [-35.5625, -4.8125]], [[-49.03125, -6.59375], [-48.5625, -6.90625], [-48.375, -6.8125], [-48.0625, -7.21875], [-47.65625, -7.0], [-47.6875, -7.5], [-47.5625, -7.40625], [-47.34375, -7.6875], [-47.59375, -7.6875], [-47.78125, -8.0], [-48.25, -8.03125], [-48.34375, -7.875], [-48.53125, -7.9375], [-48.90625, -7.75], [-49.125, -7.84375], [-49.25, -7.6875], [-49.5625, -7.78125], [-49.5625, -7.65625], [-49.96875, -7.65625], [-49.96875, -7.46875], [-49.8125, -7.4375], [-49.84375, -7.0], [-49.21875, -6.875], [-49.03125, -6.59375]], [[-32.25, -6.84375], [-31.9375, -6.875], [-31.9375, -7.375], [-33.125, -7.78125], [-33.28125, -7.71875], [-33.28125, -7.3125], [-33.4375, -7.375], [-33.4375, -7.6875], [-33.71875, -7.78125], [-34.15625, -7.3125], [-34.03125, -7.0], [-33.15625, -6.875], [-32.46875, -7.34375], [-32.25, -6.84375]], [[-31.59375, -6.90625], [-31.4375, -7.0625], [-30.96875, -7.09375], [-31.0, -7.40625], [-31.40625, -7.40625], [-31.375, -7.6875], [-31.625, -7.5], [-31.59375, -7.34375], [-31.4375, -7.375], [-31.71875, -7.125], [-31.59375, -6.90625]], [[-30.8125, -7.15625], [-30.5625, -7.0], [-30.5625, -7.15625], [-30.8125, -7.15625]], [[-29.75, -7.21875], [-29.65625, -7.0], [-29.65625, -7.21875], [-29.75, -7.21875]], [[-47.59375, -7.21875], [-47.5, -7.125], [-47.5, -7.21875], [-47.59375, -7.21875]], [[-47.21875, -7.46875], [-47.125, -7.34375], [-47.09375, -7.46875], [-47.21875, -7.46875]], [[-50.625, -7.46875], [-50.34375, -7.625], [-50.40625, -7.8125], [-50.625, -7.8125], [-50.625, -7.46875]], [[-31.5, -7.8125], [-31.40625, -7.71875], [-31.40625, -7.8125], [-31.5, -7.8125]], [[-51.0, -8.09375], [-50.84375, -7.90625], [-50.78125, -8.09375], [-51.0, -8.09375]], [[-39.71875, -8.1875], [-39.625, -8.09375], [-39.625, -8.1875], [-39.71875, -8.1875]], [[-32.1875, -8.1875], [-32.09375, -8.09375], [-32.09375, -8.1875], [-32.1875, -8.1875]], [[-30.625, -8.1875], [-30.46875, -8.1875], [-30.46875, -8.34375], [-30.59375, -8.34375], [-30.625, -8.1875]], [[-47.0625, -8.4375], [-46.96875, -8.28125], [-46.96875, -8.4375], [-47.0625, -8.4375]], [[-32.75, -8.78125], [-32.65625, -8.6875], [-32.65625, -8.78125], [-32.75, -8.78125]], [[-38.90625, -8.84375], [-38.8125, -8.75], [-38.8125, -8.84375], [-38.90625, -8.84375]], [[-33.21875, -8.96875], [-33.125, -8.875], [-33.125, -8.96875], [-33.21875, -8.96875]], [[-33.03125, -9.0], [-32.9375, -8.90625], [-32.9375, -9.0], [-33.03125, -9.0]], [[-37.84375, -9.03125], [-37.75, -8.9375], [-37.75, -9.03125], [-37.84375, -9.03125]], [[-32.90625, -9.09375], [-32.75, -9.0], [-32.78125, -9.125], [-32.90625, -9.09375]], [[-32.78125, -9.25], [-32.6875, -9.15625], [-32.6875, -9.25], [-32.78125, -9.25]], [[-37.59375, -9.46875], [-37.03125, -9.84375], [-37.40625, -10.25], [-37.65625, -10.1875], [-37.59375, -9.46875]], [[-32.84375, -9.6875], [-32.75, -9.59375], [-32.75, -9.6875], [-32.84375, -9.6875]], [[-32.84375, -9.71875], [-32.5, -9.75], [-32.5, -9.84375], [-32.71875, -9.9375], [-32.84375, -9.71875]], [[-38.0, -9.84375], [-37.90625, -9.75], [-37.90625, -9.84375], [-38.0, -9.84375]], [[-37.8125, -9.9375], [-37.71875, -9.8125], [-37.71875, -9.9375], [-37.8125, -9.9375]], [[-38.25, -10.21875], [-38.15625, -10.125], [-38.15625, -10.21875], [-38.25, -10.21875]], [[-39.3125, -10.53125], [-39.21875, -10.4375], [-39.21875, -10.53125], [-39.3125, -10.53125]], [[-37.75, -10.5625], [-37.5625, -10.46875], [-37.5625, -10.59375], [-37.75, -10.5625]], [[-34.40625, -10.65625], [-34.28125, -10.5625], [-34.28125, -10.65625], [-34.40625, -10.65625]], [[-34.09375, -10.65625], [-33.96875, -10.5625], [-33.96875, -10.65625], [-34.09375, -10.65625]], [[-71.25, -10.75], [-71.09375, -10.78125], [-71.09375, -10.875], [-71.28125, -10.90625], [-71.25, -10.75]], [[-39.53125, -11.0], [-39.28125, -11.0625], [-39.09375, -11.34375], [-39.15625, -11.65625], [-39.46875, -11.9375], [-39.59375, -11.9375], [-39.53125, -11.0]], [[-69.15625, -11.25], [-68.65625, -11.40625], [-68.5625, -11.5625], [-68.96875, -11.59375], [-69.15625, -11.25]], [[-35.125, -11.34375], [-34.875, -11.34375], [-34.875, -11.4375], [-35.1875, -11.5625], [-35.125, -11.34375]], [[-71.09375, -11.6875], [-71.0, -11.59375], [-71.0, -11.6875], [-71.09375, -11.6875]], [[-38.53125, -11.6875], [-38.4375, -11.59375], [-38.4375, -11.6875], [-38.53125, -11.6875]], [[-39.84375, -11.78125], [-39.75, -11.65625], [-39.75, -11.78125], [-39.84375, -11.78125]], [[-64.4375, -12.21875], [-64.28125, -12.125], [-64.28125, -12.25], [-64.4375, -12.21875]], [[-48.78125, -12.34375], [-48.6875, -12.25], [-48.6875, -12.34375], [-48.78125, -12.34375]], [[-49.4375, -12.5625], [-49.34375, -12.46875], [-49.34375, -12.5625], [-49.4375, -12.5625]], [[-48.28125, -12.59375], [-48.15625, -12.46875], [-48.15625, -12.59375], [-48.28125, -12.59375]], [[-50.5625, -13.3125], [-50.46875, -13.21875], [-50.46875, -13.3125], [-50.5625, -13.3125]], [[-50.5625, -13.375], [-50.3125, -13.375], [-50.3125, -13.46875], [-50.5625, -13.5], [-50.5625, -13.375]], [[-41.90625, -14.15625], [-41.8125, -14.0625], [-41.8125, -14.15625], [-41.90625, -14.15625]], [[-56.1875, -14.09375], [-52.75, -14.78125], [-52.625, -15.0625], [-55.28125, -14.84375], [-56.28125, -14.5625], [-56.1875, -14.09375]], [[-42.5, -14.125], [-42.21875, -14.1875], [-42.375, -14.4375], [-42.71875, -14.375], [-42.5, -14.125]], [[-49.59375, -14.71875], [-49.4375, -14.53125], [-49.4375, -14.71875], [-49.59375, -14.71875]], [[-51.25, -14.71875], [-51.15625, -14.5625], [-51.15625, -14.71875], [-51.25, -14.71875]], [[-51.03125, -14.75], [-50.9375, -14.625], [-50.9375, -14.75], [-51.03125, -14.75]], [[-51.84375, -14.9375], [-51.75, -14.84375], [-51.75, -14.9375], [-51.84375, -14.9375]], [[-51.34375, -15.03125], [-51.09375, -14.875], [-51.09375, -14.96875], [-51.34375, -15.03125]], [[-43.5625, -14.96875], [-43.46875, -14.875], [-43.46875, -14.96875], [-43.5625, -14.96875]], [[-50.28125, -15.03125], [-50.125, -14.9375], [-50.125, -15.0625], [-50.28125, -15.03125]], [[-44.3125, -15.28125], [-43.75, -15.15625], [-43.84375, -15.40625], [-43.625, -15.375], [-43.65625, -15.5625], [-44.3125, -15.53125], [-44.3125, -15.28125]], [[-44.53125, -15.25], [-44.46875, -15.4375], [-44.65625, -15.5625], [-44.6875, -15.4375], [-44.53125, -15.25]], [[-54.96875, -15.4375], [-54.875, -15.34375], [-54.875, -15.4375], [-54.96875, -15.4375]], [[-45.84375, -15.46875], [-45.75, -15.375], [-45.75, -15.46875], [-45.84375, -15.46875]], [[-49.59375, -15.625], [-49.5, -15.53125], [-49.5, -15.625], [-49.59375, -15.625]], [[-48.9375, -15.71875], [-48.84375, -15.625], [-48.84375, -15.71875], [-48.9375, -15.71875]], [[-47.84375, -15.71875], [-47.6875, -15.625], [-47.6875, -15.71875], [-47.84375, -15.71875]], [[-45.65625, -15.71875], [-45.5625, -15.625], [-45.5625, -15.71875], [-45.65625, -15.71875]], [[-44.28125, -15.75], [-44.21875, -15.625], [-44.1875, -15.75], [-44.28125, -15.75]], [[-45.125, -15.65625], [-44.90625, -15.65625], [-44.875, -15.78125], [-45.0625, -15.78125], [-45.125, -15.65625]], [[-47.5, -15.9375], [-47.3125, -16.0], [-47.46875, -16.0625], [-47.5, -15.9375]], [[-47.40625, -16.40625], [-47.3125, -16.28125], [-47.28125, -16.40625], [-47.40625, -16.40625]], [[-47.5, -16.75], [-47.25, -16.8125], [-47.25, -16.90625], [-47.5, -16.90625], [-47.5, -16.75]]]}}, {"type": "Feature", "properties": {"level_m": -3000, "area_km2": 39231556.8}, "geometry": {"type": "Polygon", "coordinates": [[[154.8125, 87.125], [139.5625, 87.1875], [138.1875, 87.03125], [149.09375, 86.90625], [158.1875, 86.5], [158.0625, 86.34375], [158.5625, 86.21875], [155.4375, 86.125], [152.96875, 86.25], [152.78125, 86.40625], [152.15625, 86.4375], [146.90625, 86.375], [138.40625, 86.625], [129.3125, 86.4375], [128.21875, 86.375], [128.34375, 86.25], [128.125, 86.1875], [137.5625, 86.28125], [143.375, 86.15625], [143.71875, 86.03125], [137.8125, 86.125], [125.125, 85.875], [118.84375, 86.21875], [109.71875, 86.46875], [109.28125, 86.40625], [116.09375, 86.0625], [106.25, 85.6875], [97.71875, 86.0625], [94.40625, 86.40625], [87.46875, 86.28125], [73.96875, 86.6875], [82.53125, 86.28125], [92.125, 86.21875], [92.21875, 86.09375], [93.53125, 85.9375], [104.1875, 85.28125], [98.6875, 85.15625], [97.3125, 84.96875], [80.5625, 85.125], [74.46875, 85.0], [66.5, 85.15625], [65.5625, 85.03125], [48.90625, 84.75], [46.4375, 84.53125], [39.09375, 84.34375], [32.75, 84.9375], [26.96875, 85.28125], [4.90625, 86.09375], [-12.375, 86.5], [-22.84375, 86.96875], [-41.4375, 86.75], [-52.75, 86.375], [-53.90625, 86.53125], [-56.46875, 86.53125], [-53.625, 86.4375], [-54.1875, 86.25], [-45.8125, 86.375], [-44.0625, 86.28125], [-51.65625, 86.0625], [-52.03125, 86.0], [-48.625, 86.09375], [-47.03125, 86.0], [-53.0625, 85.625], [-55.40625, 85.84375], [-52.625, 86.03125], [-61.4375, 85.9375], [-73.59375, 85.25], [-82.53125, 85.5], [-81.0625, 85.125], [-82.65625, 85.03125], [-91.65625, 85.375], [-101.84375, 85.3125], [-107.0, 85.59375], [-107.6875, 85.34375], [-108.40625, 85.34375], [-108.53125, 85.15625], [-109.625, 85.0625], [-112.28125, 85.1875], [-114.75, 85.53125], [-115.53125, 85.5], [-114.96875, 85.4375], [-115.03125, 85.25], [-116.5625, 85.25], [-121.5625, 85.53125], [-125.6875, 86.0625], [-135.6875, 86.84375], [-136.4375, 86.71875], [-132.46875, 86.25], [-131.5, 86.0], [-131.28125, 85.8125], [-139.59375, 86.03125], [-148.9375, 86.59375], [-150.53125, 86.5], [-163.46875, 86.71875], [-164.375, 86.78125], [-164.25, 86.9375], [-164.53125, 86.96875], [-170.09375, 87.1875], [-173.0, 87.09375], [-167.3125, 86.96875], [-167.3125, 86.8125], [-170.40625, 86.84375], [-170.34375, 86.71875], [-171.0, 86.6875], [-168.875, 86.5], [-169.0, 86.375], [-179.96875, 86.75], [-179.96875, 16.90625], [-179.6875, 16.3125], [-179.25, 16.375], [-179.03125, 16.15625], [-178.03125, 16.0625], [-177.59375, 15.25], [-177.6875, 14.9375], [-178.15625, 14.78125], [-178.21875, 14.46875], [-178.53125, 14.4375], [-178.59375, 13.9375], [-178.78125, 13.78125], [-179.0625, 13.8125], [-179.3125, 12.8125], [-179.46875, 12.8125], [-179.75, 12.375], [-179.96875, 12.375], [-179.96875, 1.8125], [-179.78125, 1.75], [-179.53125, 2.03125], [-178.9375, 1.96875], [-178.59375, 2.125], [-177.15625, 1.875], [-177.375, 2.15625], [-177.1875, 2.40625], [-177.375, 2.71875], [-177.65625, 2.6875], [-177.71875, 2.5], [-177.84375, 2.5], [-177.78125, 2.84375], [-178.1875, 2.71875], [-178.15625, 2.90625], [-178.0, 2.90625], [-178.15625, 3.34375], [-177.6875, 3.1875], [-177.4375, 3.375], [-177.21875, 3.1875], [-176.90625, 3.375], [-177.21875, 3.8125], [-177.6875, 3.78125], [-177.84375, 3.9375], [-177.78125, 4.1875], [-177.40625, 4.21875], [-177.1875, 4.71875], [-177.0, 4.71875], [-177.03125, 4.34375], [-176.6875, 4.34375], [-176.46875, 3.96875], [-176.15625, 3.90625], [-175.90625, 4.125], [-175.71875, 3.65625], [-175.21875, 3.84375], [-175.1875, 3.5625], [-175.34375, 3.40625], [-175.65625, 3.46875], [-175.8125, 3.09375], [-175.40625, 3.15625], [-175.4375, 2.96875], [-175.09375, 2.71875], [-174.875, 2.8125], [-174.90625, 3.03125], [-174.3125, 2.96875], [-174.09375, 2.78125], [-174.125, 2.5625], [-173.6875, 2.59375], [-173.6875, 2.25], [-173.46875, 2.09375], [-172.78125, 2.40625], [-172.90625, 1.9375], [-172.625, 1.71875], [-172.09375, 2.21875], [-172.28125, 2.84375], [-171.0, 2.71875], [-171.125, 2.5], [-170.65625, 2.40625], [-170.625, 1.96875], [-170.125, 1.78125], [-169.8125, 1.875], [-169.5625, 1.5], [-169.28125, 1.6875], [-169.125, 1.25], [-168.71875, 1.0625], [-168.875, 0.6875], [-169.0, 0.9375], [-169.28125, 0.6875], [-168.90625, 0.46875], [-168.90625, 0.34375], [-169.125, 0.34375], [-169.125, 0.15625], [-168.9375, 0.0625], [-168.75, 0.34375], [-168.8125, 0.09375], [-168.5625, 0.09375], [-168.6875, -0.25], [-168.96875, -0.40625], [-169.15625, -0.9375], [-169.40625, -0.75], [-169.3125, -0.375], [-169.46875, -0.46875], [-169.5625, -0.3125], [-169.59375, -0.5625], [-170.0, -0.375], [-169.9375, -0.71875], [-169.6875, -0.84375], [-169.875, -0.96875], [-169.84375, -1.65625], [-169.5625, -1.53125], [-169.375, -1.75], [-169.8125, -1.8125], [-169.59375, -2.25], [-169.53125, -3.03125], [-169.25, -3.1875], [-169.25, -3.53125], [-168.5625, -3.59375], [-168.40625, -3.8125], [-168.375, -3.53125], [-168.125, -3.65625], [-167.90625, -3.4375], [-167.59375, -3.4375], [-167.625, -3.59375], [-167.46875, -3.59375], [-167.40625, -3.78125], [-167.9375, -4.21875], [-167.78125, -4.375], [-167.3125, -4.34375], [-167.25, -3.90625], [-166.96875, -3.71875], [-166.9375, -3.46875], [-166.78125, -3.5625], [-166.84375, -3.75], [-166.65625, -3.8125], [-166.5625, -3.5625], [-166.78125, -3.375], [-166.71875, -2.96875], [-166.09375, -2.9375], [-166.125, -2.59375], [-166.625, -2.4375], [-166.5625, -2.25], [-166.40625, -2.375], [-165.9375, -2.28125], [-165.9375, -2.53125], [-165.75, -2.53125], [-165.53125, -2.25], [-165.25, -2.21875], [-165.125, -2.375], [-164.96875, -2.09375], [-164.8125, -2.09375], [-164.75, -2.3125], [-164.59375, -2.21875], [-164.59375, -2.40625], [-164.3125, -2.5], [-164.4375, -2.28125], [-164.375, -1.71875], [-164.75, -1.5625], [-164.96875, -2.0625], [-165.125, -2.0625], [-165.28125, -0.96875], [-165.09375, -0.65625], [-165.46875, -0.90625], [-165.8125, -0.78125], [-165.78125, -0.34375], [-165.59375, -0.34375], [-165.59375, -0.1875], [-165.4375, -0.25], [-165.40625, 0.0], [-165.59375, 0.1875], [-165.53125, 0.5], [-165.71875, 0.375], [-166.03125, 1.0], [-166.28125, 1.03125], [-166.28125, 1.25], [-165.96875, 1.40625], [-165.96875, 1.15625], [-165.625, 1.03125], [-165.6875, 0.71875], [-165.28125, 0.4375], [-165.25, -0.125], [-164.84375, -0.53125], [-164.28125, -0.625], [-163.8125, -0.3125], [-163.625, 0.3125], [-163.84375, 0.6875], [-164.46875, 1.0625], [-165.25, 0.6875], [-165.25, 1.15625], [-165.53125, 1.625], [-165.625, 1.625], [-165.65625, 2.03125], [-165.125, 1.75], [-165.3125, 1.53125], [-165.0625, 1.40625], [-165.03125, 1.125], [-164.8125, 1.15625], [-164.625, 1.4375], [-164.90625, 1.5625], [-164.90625, 1.84375], [-164.6875, 1.875], [-164.6875, 2.09375], [-164.40625, 2.0], [-164.375, 1.6875], [-164.34375, 1.90625], [-163.9375, 2.25], [-163.5625, 2.1875], [-163.65625, 2.46875], [-163.375, 2.375], [-163.375, 2.0625], [-163.8125, 1.9375], [-163.78125, 1.625], [-163.46875, 1.53125], [-163.3125, 1.75], [-162.78125, 1.6875], [-162.75, 1.96875], [-163.15625, 2.125], [-162.96875, 2.4375], [-163.1875, 2.34375], [-163.3125, 2.75], [-163.59375, 2.78125], [-163.625, 2.9375], [-163.3125, 3.0], [-163.1875, 2.75], [-162.875, 2.8125], [-163.03125, 3.375], [-162.71875, 3.4375], [-162.625, 4.15625], [-162.34375, 4.71875], [-161.90625, 4.9375], [-161.65625, 5.9375], [-161.4375, 5.90625], [-161.1875, 6.125], [-161.25, 6.28125], [-161.0625, 6.34375], [-161.28125, 6.34375], [-161.0, 7.0], [-161.3125, 7.25], [-161.21875, 8.78125], [-160.53125, 9.28125], [-160.09375, 10.15625], [-159.625, 10.1875], [-159.4375, 9.96875], [-159.28125, 10.375], [-159.09375, 10.375], [-158.59375, 10.1875], [-158.09375, 9.71875], [-157.78125, 8.96875], [-157.375, 9.0], [-157.28125, 8.5625], [-157.46875, 8.40625], [-157.21875, 7.09375], [-157.03125, 6.625], [-156.84375, 6.53125], [-156.75, 5.96875], [-156.375, 5.625], [-156.15625, 5.71875], [-156.125, 5.5625], [-155.78125, 5.46875], [-155.71875, 5.0], [-155.875, 4.8125], [-155.6875, 4.4375], [-155.6875, 3.84375], [-156.03125, 3.5625], [-155.875, 3.40625], [-155.71875, 2.53125], [-155.0, 2.96875], [-154.5625, 2.34375], [-154.3125, 2.21875], [-154.03125, 2.375], [-153.84375, 2.28125], [-153.84375, 1.8125], [-153.625, 1.75], [-153.65625, 1.4375], [-153.15625, 1.1875], [-153.15625, 0.6875], [-152.625, 0.03125], [-152.75, -0.375], [-152.375, -0.5], [-152.4375, -0.71875], [-151.96875, -1.53125], [-151.75, -1.59375], [-151.65625, -1.46875], [-151.71875, -1.875], [-152.125, -1.84375], [-152.1875, -2.15625], [-151.875, -2.03125], [-151.875, -2.375], [-151.5, -2.4375], [-151.40625, -2.21875], [-151.5625, -2.09375], [-151.40625, -2.03125], [-151.5625, -1.75], [-151.3125, -1.34375], [-151.375, -0.90625], [-151.09375, -0.5], [-151.15625, 0.0], [-150.96875, 0.125], [-151.0, -0.125], [-150.5625, -0.46875], [-150.34375, -0.40625], [-150.03125, 0.84375], [-150.4375, 0.75], [-150.53125, 0.25], [-150.84375, 0.28125], [-150.8125, 0.65625], [-151.4375, 1.375], [-151.625, 2.25], [-150.9375, 2.4375], [-150.65625, 2.0625], [-150.5, 2.0625], [-150.21875, 1.34375], [-149.84375, 1.21875], [-149.84375, 2.0], [-149.65625, 2.3125], [-149.90625, 2.46875], [-149.9375, 2.6875], [-149.4375, 2.875], [-149.21875, 4.09375], [-148.4375, 4.8125], [-148.3125, 5.34375], [-148.09375, 5.40625], [-148.125, 5.71875], [-148.46875, 6.03125], [-148.40625, 6.375], [-148.96875, 8.1875], [-148.875, 9.1875], [-148.5625, 9.625], [-148.5625, 9.8125], [-148.90625, 9.875], [-148.90625, 10.0], [-148.34375, 10.15625], [-148.21875, 10.625], [-147.96875, 10.84375], [-147.875, 10.71875], [-147.5, 10.75], [-147.65625, 10.40625], [-147.5, 10.375], [-147.46875, 10.125], [-147.125, 10.46875], [-147.03125, 10.1875], [-146.71875, 10.375], [-146.46875, 10.125], [-145.78125, 10.21875], [-145.71875, 9.90625], [-145.4375, 9.90625], [-145.375, 10.21875], [-144.65625, 9.96875], [-144.5, 10.125], [-144.5625, 10.34375], [-144.90625, 10.28125], [-144.96875, 10.53125], [-144.5, 10.59375], [-144.4375, 10.46875], [-144.21875, 10.875], [-144.3125, 11.1875], [-144.0625, 11.375], [-144.25, 11.59375], [-144.75, 11.6875], [-144.53125, 11.96875], [-144.625, 12.21875], [-144.78125, 12.1875], [-144.6875, 12.46875], [-146.125, 14.34375], [-146.84375, 14.75], [-146.9375, 14.96875], [-147.34375, 15.03125], [-147.4375, 15.5625], [-147.90625, 15.40625], [-148.09375, 15.84375], [-148.375, 15.71875], [-148.5, 16.0625], [-148.5, 16.1875], [-148.1875, 16.15625], [-148.0, 16.3125], [-147.90625, 16.5625], [-148.0, 16.6875], [-148.125, 16.5625], [-148.25, 16.75], [-148.5, 17.53125], [-148.15625, 18.4375], [-148.34375, 18.78125], [-148.1875, 18.8125], [-148.21875, 19.5625], [-148.09375, 19.65625], [-148.4375, 20.09375], [-148.1875, 20.125], [-148.21875, 20.25], [-147.71875, 20.59375], [-147.6875, 20.71875], [-147.96875, 20.71875], [-147.875, 21.15625], [-147.1875, 21.125], [-147.0625, 21.4375], [-147.09375, 22.0625], [-147.34375, 22.25], [-147.375, 23.15625], [-147.1875, 23.4375], [-147.21875, 23.71875], [-147.40625, 23.9375], [-147.53125, 23.875], [-147.625, 24.3125], [-147.78125, 24.21875], [-147.6875, 24.46875], [-147.8125, 24.625], [-147.84375, 24.3125], [-148.09375, 24.4375], [-148.0625, 24.96875], [-147.9375, 24.96875], [-148.09375, 25.875], [-147.5625, 27.375], [-147.28125, 27.46875], [-147.3125, 27.6875], [-147.1875, 27.59375], [-147.0, 27.75], [-147.25, 27.8125], [-147.21875, 28.0], [-147.0, 28.0625], [-146.21875, 29.40625], [-145.625, 29.78125], [-145.09375, 30.90625], [-144.46875, 30.9375], [-144.28125, 31.1875], [-143.5, 31.3125], [-143.40625, 31.53125], [-143.25, 31.53125], [-143.25, 31.9375], [-143.65625, 32.0], [-143.46875, 32.1875], [-143.75, 32.3125], [-143.71875, 32.625], [-143.28125, 32.46875], [-143.4375, 32.65625], [-143.21875, 32.84375], [-143.34375, 33.1875], [-142.78125, 33.21875], [-142.28125, 32.59375], [-142.3125, 32.9375], [-142.125, 33.3125], [-142.3125, 33.28125], [-142.21875, 33.53125], [-142.65625, 33.65625], [-142.625, 34.0625], [-142.8125, 34.125], [-142.875, 34.4375], [-142.65625, 35.1875], [-142.21875, 35.6875], [-142.21875, 36.09375], [-141.6875, 37.1875], [-141.71875, 37.46875], [-141.53125, 37.5], [-141.6875, 37.9375], [-141.15625, 38.21875], [-140.875, 38.625], [-140.65625, 38.59375], [-140.59375, 38.90625], [-140.34375, 38.96875], [-140.28125, 39.15625], [-139.3125, 39.5], [-139.3125, 39.6875], [-139.03125, 39.90625], [-139.59375, 40.78125], [-139.4375, 41.125], [-139.96875, 41.53125], [-139.9375, 41.9375], [-140.1875, 41.875], [-139.96875, 42.375], [-140.375, 42.21875], [-140.40625, 42.6875], [-140.59375, 42.6875], [-140.59375, 42.9375], [-140.75, 42.875], [-140.75, 43.125], [-141.09375, 43.40625], [-141.6875, 43.5625], [-140.78125, 43.5], [-140.34375, 43.875], [-140.4375, 44.21875], [-140.875, 44.46875], [-141.65625, 44.28125], [-141.625, 44.4375], [-141.125, 44.625], [-141.15625, 44.90625], [-141.375, 45.03125], [-141.21875, 46.0], [-141.59375, 45.84375], [-141.5, 46.46875], [-141.1875, 46.59375], [-141.25, 47.21875], [-140.9375, 47.28125], [-140.84375, 47.90625], [-140.625, 47.9375], [-140.78125, 48.25], [-141.1875, 48.40625], [-141.0, 48.59375], [-141.03125, 49.03125], [-140.90625, 49.0625], [-141.03125, 49.34375], [-140.6875, 49.71875], [-140.96875, 49.84375], [-141.34375, 49.53125], [-141.78125, 49.4375], [-141.71875, 49.78125], [-141.40625, 49.9375], [-141.75, 50.09375], [-141.78125, 50.28125], [-141.375, 50.3125], [-141.0625, 50.96875], [-140.84375, 50.9375], [-140.65625, 51.125], [-140.65625, 51.71875], [-140.21875, 51.9375], [-140.5625, 52.25], [-140.125, 52.1875], [-139.78125, 52.46875], [-139.53125, 52.78125], [-139.5625, 53.4375], [-139.40625, 53.625], [-138.9375, 53.4375], [-138.90625, 53.59375], [-139.125, 53.625], [-139.09375, 53.8125], [-138.6875, 53.96875], [-138.25, 53.8125], [-137.96875, 53.9375], [-137.84375, 54.21875], [-136.875, 54.59375], [-137.3125, 54.71875], [-138.21875, 54.53125], [-138.09375, 54.75], [-137.53125, 54.78125], [-137.0, 55.0625], [-136.75, 54.96875], [-136.625, 55.40625], [-136.125, 55.6875], [-135.5625, 55.5625], [-135.96875, 55.1875], [-134.46875, 55.5625], [-134.25, 55.96875], [-134.5625, 55.9375], [-134.6875, 56.28125], [-134.0, 56.34375], [-133.4375, 56.59375], [-133.34375, 56.90625], [-133.09375, 56.9375], [-133.09375, 57.0625], [-132.75, 57.03125], [-132.21875, 57.34375], [-131.65625, 57.34375], [-131.6875, 57.6875], [-131.0, 57.96875], [-129.34375, 57.96875], [-128.5625, 58.5], [-126.96875, 58.5625], [-126.40625, 58.84375], [-125.28125, 58.90625], [-124.25, 59.25], [-123.4375, 59.15625], [-122.9375, 59.46875], [-119.40625, 59.6875], [-117.90625, 60.09375], [-115.0, 60.25], [-114.90625, 60.125], [-113.90625, 60.21875], [-112.8125, 60.0], [-111.53125, 60.34375], [-110.8125, 60.3125], [-110.59375, 60.5], [-110.15625, 60.40625], [-108.875, 60.59375], [-108.0625, 60.4375], [-107.71875, 60.625], [-107.4375, 60.40625], [-106.75, 60.59375], [-105.84375, 60.53125], [-105.5, 60.28125], [-105.125, 60.4375], [-104.9375, 60.1875], [-104.65625, 60.5625], [-104.4375, 60.5], [-104.09375, 60.6875], [-102.875, 60.65625], [-102.625, 60.3125], [-102.34375, 60.6875], [-101.875, 60.78125], [-101.75, 60.96875], [-101.15625, 60.90625], [-101.0, 61.0625], [-100.6875, 60.875], [-99.59375, 60.96875], [-99.34375, 60.90625], [-99.34375, 60.71875], [-98.96875, 60.875], [-99.0, 60.625], [-98.34375, 60.875], [-98.0625, 60.75], [-96.34375, 60.90625], [-96.09375, 60.78125], [-94.40625, 60.78125], [-93.34375, 60.3125], [-92.5625, 60.34375], [-92.84375, 60.09375], [-91.125, 60.09375], [-90.96875, 59.8125], [-90.34375, 59.84375], [-90.25, 59.53125], [-89.65625, 59.65625], [-89.59375, 59.4375], [-88.96875, 59.46875], [-89.09375, 59.0625], [-88.71875, 59.28125], [-88.6875, 59.03125], [-87.96875, 58.9375], [-88.03125, 58.65625], [-87.59375, 58.8125], [-87.21875, 58.6875], [-87.25, 58.53125], [-86.84375, 58.5625], [-86.5625, 58.25], [-86.125, 58.09375], [-86.09375, 57.875], [-85.5625, 57.75], [-85.5625, 57.46875], [-85.25, 57.46875], [-85.15625, 57.1875], [-84.46875, 56.96875], [-84.03125, 56.59375], [-84.0625, 56.25], [-83.6875, 55.875], [-83.875, 55.59375], [-83.4375, 55.40625], [-83.375, 55.125], [-83.1875, 55.0625], [-83.34375, 54.75], [-82.96875, 54.75], [-82.34375, 54.21875], [-81.96875, 54.15625], [-82.0, 53.96875], [-80.96875, 53.84375], [-80.59375, 53.1875], [-80.25, 53.0625], [-80.25, 52.59375], [-79.90625, 52.625], [-79.34375, 52.25], [-79.25, 51.59375], [-79.0625, 51.53125], [-79.15625, 51.28125], [-78.5625, 50.9375], [-78.625, 50.46875], [-78.40625, 50.5], [-78.5, 50.125], [-78.71875, 49.96875], [-78.65625, 49.375], [-78.34375, 49.34375], [-77.96875, 48.875], [-77.125, 48.75], [-76.78125, 48.53125], [-76.59375, 48.71875], [-76.9375, 48.75], [-76.96875, 48.90625], [-76.28125, 48.96875], [-76.4375, 48.625], [-76.09375, 48.59375], [-76.0625, 48.46875], [-76.625, 48.40625], [-76.5625, 48.0625], [-76.71875, 47.90625], [-75.09375, 48.0625], [-74.25, 48.6875], [-73.875, 48.75], [-74.09375, 48.53125], [-73.9375, 48.46875], [-73.25, 48.875], [-72.84375, 48.875], [-72.84375, 49.0625], [-72.0625, 49.5], [-71.5, 49.46875], [-71.15625, 49.5625], [-71.15625, 49.71875], [-71.03125, 49.46875], [-71.4375, 48.96875], [-71.1875, 49.1875], [-71.0, 49.0625], [-70.8125, 49.5], [-70.1875, 49.5], [-70.34375, 49.75], [-70.03125, 49.8125], [-70.1875, 50.0], [-70.0, 50.1875], [-69.46875, 49.9375], [-68.8125, 50.0], [-68.59375, 50.25], [-68.65625, 50.5625], [-69.34375, 50.84375], [-68.6875, 51.15625], [-68.4375, 51.6875], [-67.53125, 51.96875], [-67.6875, 52.09375], [-68.0625, 51.9375], [-68.1875, 52.03125], [-67.40625, 52.59375], [-67.1875, 53.09375], [-65.875, 53.625], [-65.25, 53.59375], [-65.0625, 53.25], [-64.21875, 53.40625], [-63.96875, 53.21875], [-63.09375, 53.28125], [-62.8125, 53.15625], [-62.46875, 53.34375], [-61.875, 53.21875], [-61.65625, 52.875], [-61.75, 52.375], [-61.5625, 52.1875], [-62.09375, 51.65625], [-60.9375, 51.8125], [-61.21875, 51.4375], [-60.75, 51.53125], [-60.84375, 51.21875], [-60.15625, 51.40625], [-60.59375, 50.5625], [-60.09375, 50.6875], [-59.5, 50.53125], [-59.5, 50.28125], [-59.6875, 50.15625], [-60.375, 50.1875], [-60.34375, 50.34375], [-60.84375, 50.1875], [-60.6875, 49.625], [-59.90625, 49.8125], [-59.46875, 50.15625], [-59.125, 50.0625], [-58.28125, 50.25], [-57.9375, 50.25], [-57.96875, 50.03125], [-57.78125, 49.8125], [-57.15625, 49.625], [-57.09375, 49.46875], [-57.5, 49.4375], [-57.46875, 49.28125], [-56.75, 49.25], [-56.71875, 49.0625], [-56.9375, 49.03125], [-56.96875, 48.875], [-56.21875, 48.78125], [-55.875, 48.25], [-56.03125, 48.21875], [-56.34375, 48.625], [-56.96875, 48.65625], [-57.40625, 48.40625], [-57.3125, 47.96875], [-56.59375, 47.71875], [-56.09375, 48.09375], [-55.875, 47.96875], [-55.40625, 48.03125], [-55.46875, 47.5], [-55.09375, 47.40625], [-55.125, 46.96875], [-54.8125, 46.65625], [-54.59375, 46.71875], [-54.53125, 46.53125], [-54.375, 46.53125], [-54.3125, 46.0625], [-54.03125, 46.125], [-53.84375, 45.9375], [-54.21875, 45.53125], [-54.125, 45.1875], [-53.78125, 44.96875], [-53.375, 44.96875], [-53.0, 45.21875], [-53.03125, 45.46875], [-52.90625, 45.46875], [-52.78125, 45.1875], [-52.46875, 45.0625], [-52.46875, 44.84375], [-52.3125, 44.84375], [-52.21875, 44.5], [-51.9375, 44.46875], [-52.125, 44.1875], [-51.6875, 43.75], [-52.09375, 43.46875], [-52.1875, 43.0625], [-51.84375, 42.8125], [-51.4375, 42.84375], [-51.5625, 41.90625], [-51.84375, 41.65625], [-52.0, 41.21875], [-52.34375, 41.0625], [-52.40625, 40.65625], [-53.03125, 40.71875], [-53.28125, 40.5], [-53.09375, 40.0625], [-52.5, 40.03125], [-52.4375, 39.375], [-52.25, 39.28125], [-52.25, 39.03125], [-52.46875, 38.875], [-52.4375, 38.71875], [-52.65625, 38.78125], [-52.53125, 38.4375], [-52.6875, 37.96875], [-52.84375, 38.09375], [-53.1875, 38.03125], [-53.0625, 37.59375], [-53.34375, 37.375], [-53.375, 36.625], [-53.625, 36.59375], [-53.125, 34.78125], [-53.28125, 34.4375], [-54.03125, 34.1875], [-53.9375, 33.84375], [-54.21875, 33.84375], [-53.9375, 33.75], [-54.125, 33.34375], [-54.0625, 32.6875], [-53.71875, 32.4375], [-54.15625, 32.09375], [-54.5625, 32.15625], [-54.53125, 31.8125], [-54.75, 31.78125], [-54.53125, 31.625], [-54.65625, 31.25], [-53.9375, 31.15625], [-53.84375, 30.8125], [-54.3125, 30.46875], [-54.96875, 30.4375], [-55.03125, 30.28125], [-55.625, 30.15625], [-57.3125, 30.0625], [-58.03125, 30.1875], [-59.0, 30.03125], [-60.1875, 29.40625], [-60.5625, 28.84375], [-60.9375, 27.625], [-61.6875, 26.9375], [-60.9375, 27.46875], [-60.8125, 27.46875], [-60.75, 27.0], [-60.625, 27.0625], [-60.40625, 28.4375], [-59.8125, 29.125], [-59.125, 29.4375], [-58.1875, 29.59375], [-57.75, 29.59375], [-56.59375, 29.125], [-56.25, 28.59375], [-56.15625, 28.125], [-54.96875, 27.40625], [-57.65625, 25.875], [-59.15625, 25.65625], [-60.21875, 25.71875], [-59.625, 25.625], [-59.53125, 25.46875], [-61.1875, 25.34375], [-62.28125, 24.5625], [-62.71875, 24.53125], [-62.8125, 24.25], [-61.65625, 24.59375], [-61.6875, 24.75], [-61.3125, 24.9375], [-60.28125, 25.03125], [-59.8125, 24.84375], [-60.125, 24.59375], [-60.8125, 24.5], [-60.5, 24.34375], [-61.0, 24.03125], [-59.875, 24.375], [-59.15625, 24.1875], [-59.28125, 24.65625], [-59.0625, 24.9375], [-56.1875, 25.96875], [-55.1875, 25.5], [-54.6875, 25.65625], [-54.03125, 25.59375], [-53.5625, 25.28125], [-53.59375, 25.0], [-53.40625, 24.8125], [-52.96875, 24.5625], [-53.15625, 24.28125], [-52.375, 24.03125], [-51.625, 24.15625], [-51.4375, 23.90625], [-51.1875, 23.90625], [-51.1875, 23.75], [-50.8125, 23.59375], [-50.96875, 22.84375], [-50.6875, 22.59375], [-50.71875, 23.03125], [-50.5, 23.09375], [-50.375, 22.53125], [-50.5625, 22.25], [-50.25, 22.34375], [-50.65625, 21.78125], [-50.1875, 20.59375], [-50.40625, 20.59375], [-50.6875, 21.09375], [-51.03125, 20.5625], [-51.78125, 20.40625], [-51.3125, 20.4375], [-51.3125, 20.3125], [-50.78125, 20.0625], [-50.78125, 19.84375], [-51.3125, 19.40625], [-51.3125, 19.15625], [-50.90625, 19.21875], [-50.8125, 18.9375], [-50.6875, 19.15625], [-50.21875, 19.375], [-50.4375, 19.09375], [-49.96875, 18.78125], [-49.6875, 17.96875], [-49.40625, 17.75], [-48.84375, 17.96875], [-48.96875, 17.0], [-48.71875, 16.5], [-47.96875, 16.59375], [-47.75, 15.78125], [-47.5, 15.75], [-47.375, 15.96875], [-47.5625, 16.28125], [-47.40625, 16.28125], [-47.1875, 15.90625], [-46.90625, 16.0625], [-46.4375, 15.8125], [-46.5625, 14.875], [-46.9375, 14.40625], [-46.71875, 14.03125], [-46.34375, 14.0], [-46.09375, 14.21875], [-46.09375, 14.03125], [-45.875, 13.96875], [-45.71875, 14.125], [-45.75, 14.40625], [-45.375, 14.4375], [-45.1875, 14.3125], [-45.21875, 13.78125], [-45.03125, 13.90625], [-44.96875, 13.625], [-44.5, 13.5625], [-44.53125, 12.9375], [-44.40625, 12.9375], [-44.15625, 13.1875], [-44.15625, 14.25], [-43.875, 14.53125], [-43.90625, 14.0625], [-43.6875, 14.03125], [-43.6875, 13.28125], [-43.9375, 13.28125], [-43.9375, 13.125], [-43.25, 13.21875], [-43.0625, 13.4375], [-43.0625, 13.03125], [-42.84375, 12.78125], [-42.5, 12.90625], [-42.5, 11.75], [-41.9375, 11.4375], [-41.75, 10.59375], [-42.09375, 10.09375], [-42.0625, 9.0], [-42.0, 10.09375], [-41.6875, 10.4375], [-41.65625, 10.84375], [-41.78125, 11.125], [-41.71875, 11.625], [-42.03125, 11.78125], [-42.1875, 12.15625], [-42.125, 13.59375], [-42.28125, 13.9375], [-42.0625, 13.90625], [-41.9375, 13.65625], [-41.875, 13.03125], [-41.65625, 12.78125], [-41.4375, 12.78125], [-41.46875, 12.34375], [-40.6875, 11.75], [-40.75, 10.5625], [-41.0, 10.375], [-41.34375, 10.375], [-41.34375, 10.53125], [-41.53125, 10.5625], [-41.53125, 10.21875], [-41.25, 10.0], [-40.125, 9.875], [-40.25, 9.375], [-40.375, 9.375], [-40.34375, 9.09375], [-41.5625, 8.34375], [-41.96875, 8.375], [-42.03125, 8.90625], [-42.15625, 8.8125], [-42.0625, 8.15625], [-42.28125, 7.75], [-42.15625, 7.28125], [-42.34375, 6.46875], [-43.0625, 6.09375], [-43.40625, 5.53125], [-43.90625, 5.15625], [-44.0, 4.84375], [-43.84375, 5.125], [-43.28125, 5.46875], [-42.90625, 6.0625], [-42.21875, 6.40625], [-42.125, 6.875], [-41.8125, 7.03125], [-41.75, 7.5625], [-41.375, 7.75], [-41.21875, 8.28125], [-40.78125, 8.40625], [-40.1875, 9.0625], [-39.90625, 9.09375], [-39.6875, 9.59375], [-39.375, 9.03125], [-38.8125, 8.75], [-38.625, 8.09375], [-38.0625, 8.0], [-38.09375, 6.03125], [-37.375, 6.21875], [-37.34375, 7.0625], [-37.03125, 7.125], [-36.90625, 6.84375], [-36.9375, 6.5625], [-37.28125, 6.125], [-37.28125, 5.78125], [-37.53125, 5.5625], [-37.53125, 4.9375], [-37.3125, 4.71875], [-36.8125, 4.84375], [-36.59375, 4.71875], [-36.59375, 3.59375], [-36.21875, 2.90625], [-36.21875, 2.53125], [-36.84375, 2.03125], [-37.09375, 1.5], [-36.9375, 0.90625], [-37.375, 1.125], [-38.6875, 0.5625], [-38.9375, 0.03125], [-38.9375, -0.5625], [-38.71875, -1.15625], [-38.03125, -0.875], [-37.875, -1.1875], [-37.78125, -0.875], [-37.90625, -0.9375], [-37.8125, -0.65625], [-37.9375, -0.4375], [-37.8125, -0.3125], [-37.53125, -0.4375], [-37.21875, 0.25], [-36.40625, 0.40625], [-36.5, 0.1875], [-36.0625, -0.09375], [-36.375, -0.1875], [-36.4375, -0.53125], [-36.15625, -0.4375], [-36.125, -0.5625], [-36.28125, -0.59375], [-36.0625, -0.875], [-35.75, -0.65625], [-35.84375, -0.40625], [-35.71875, -0.28125], [-35.34375, -0.4375], [-35.25, -1.34375], [-35.0625, -1.6875], [-34.875, -1.71875], [-34.875, -1.9375], [-35.375, -2.9375], [-36.625, -4.59375], [-36.75, -5.5], [-37.1875, -5.84375], [-37.25, -6.125], [-37.90625, -6.15625], [-38.125, -6.53125], [-38.28125, -6.53125], [-39.0625, -7.34375], [-39.59375, -7.15625], [-40.0, -7.53125], [-41.40625, -7.75], [-41.9375, -8.0625], [-42.28125, -8.03125], [-42.4375, -8.28125], [-42.84375, -8.40625], [-43.78125, -8.0625], [-44.0, -7.65625], [-44.53125, -7.21875], [-45.21875, -7.3125], [-46.25, -7.9375], [-46.40625, -7.65625], [-46.625, -7.59375], [-46.75, -7.03125], [-47.0625, -6.96875], [-47.09375, -6.78125], [-47.34375, -6.75], [-47.53125, -6.4375], [-48.09375, -6.71875], [-48.59375, -6.34375], [-48.9375, -6.40625], [-48.84375, -6.1875], [-49.03125, -6.0625], [-49.625, -6.25], [-49.9375, -6.65625], [-50.09375, -7.28125], [-51.84375, -7.375], [-52.3125, -7.84375], [-52.34375, -8.375], [-52.0, -8.1875], [-52.03125, -8.40625], [-52.25, -8.53125], [-52.0, -8.75], [-50.84375, -8.53125], [-50.59375, -8.34375], [-49.09375, -8.65625], [-47.40625, -8.5625], [-46.71875, -8.78125], [-46.71875, -9.375], [-46.5625, -9.5625], [-46.34375, -9.375], [-46.40625, -9.09375], [-46.21875, -8.9375], [-45.84375, -9.0625], [-45.71875, -8.625], [-45.4375, -8.4375], [-45.15625, -8.46875], [-44.875, -8.75], [-44.25, -8.625], [-44.03125, -8.8125], [-43.125, -9.03125], [-42.5625, -9.0], [-42.09375, -8.59375], [-41.0625, -8.21875], [-40.71875, -8.25], [-40.65625, -8.84375], [-40.46875, -8.5625], [-39.5625, -8.375], [-39.4375, -8.9375], [-39.71875, -9.03125], [-40.25, -10.125], [-40.6875, -10.53125], [-40.65625, -10.6875], [-40.34375, -10.8125], [-40.25, -11.625], [-40.3125, -11.875], [-40.75, -12.1875], [-40.875, -12.75], [-42.65625, -13.34375], [-43.0, -13.71875], [-43.53125, -13.78125], [-43.59375, -13.90625], [-44.0, -13.84375], [-43.875, -13.5625], [-43.96875, -13.46875], [-44.75, -13.46875], [-45.03125, -13.0], [-45.59375, -12.9375], [-45.53125, -13.25], [-44.9375, -13.53125], [-44.8125, -14.0], [-45.1875, -14.09375], [-45.3125, -14.3125], [-46.15625, -14.21875], [-46.25, -14.90625], [-46.71875, -14.96875], [-46.84375, -14.84375], [-46.5, -14.875], [-46.71875, -14.6875], [-47.40625, -14.78125], [-47.4375, -14.65625], [-47.84375, -14.65625], [-47.90625, -14.21875], [-48.0625, -14.46875], [-48.3125, -14.53125], [-48.59375, -14.3125], [-48.59375, -14.625], [-49.21875, -14.34375], [-49.40625, -13.90625], [-49.15625, -13.84375], [-49.125, -13.625], [-49.4375, -13.53125], [-49.40625, -13.1875], [-49.6875, -13.15625], [-49.6875, -12.96875], [-49.375, -12.8125], [-48.9375, -12.84375], [-48.625, -12.53125], [-48.34375, -12.65625], [-48.15625, -12.96875], [-47.71875, -12.90625], [-46.96875, -12.59375], [-46.78125, -12.28125], [-46.6875, -12.75], [-46.15625, -12.59375], [-46.15625, -12.0625], [-46.46875, -11.71875], [-47.78125, -12.03125], [-48.6875, -11.84375], [-49.53125, -12.28125], [-50.15625, -12.34375], [-50.59375, -12.71875], [-51.46875, -13.03125], [-51.46875, -13.1875], [-51.84375, -13.46875], [-51.84375, -13.71875], [-52.1875, -13.8125], [-52.53125, -14.34375], [-52.78125, -14.375], [-53.625, -14.03125], [-55.6875, -13.96875], [-56.40625, -13.6875], [-56.59375, -13.71875], [-56.6875, -13.9375], [-57.0, -13.96875], [-57.34375, -13.78125], [-57.59375, -13.375], [-58.09375, -13.125], [-59.40625, -12.9375], [-59.65625, -13.1875], [-60.09375, -13.1875], [-60.375, -13.0625], [-60.5625, -12.75], [-61.0, -12.875], [-62.1875, -12.375], [-67.4375, -11.09375], [-68.0, -10.6875], [-68.25, -10.625], [-68.375, -10.75], [-69.0, -10.34375], [-69.3125, -10.4375], [-69.625, -10.28125], [-69.71875, -10.03125], [-70.125, -9.9375], [-70.84375, -9.375], [-71.125, -9.375], [-71.125, -9.1875], [-71.6875, -8.90625], [-71.9375, -8.15625], [-71.46875, -8.03125], [-71.5, -7.875], [-72.28125, -7.3125], [-71.5, -7.34375], [-71.46875, -7.0625], [-71.09375, -7.0625], [-71.09375, -6.84375], [-71.53125, -6.78125], [-71.625, -6.5625], [-71.84375, -6.625], [-72.1875, -6.375], [-71.78125, -5.59375], [-71.625, -5.59375], [-71.9375, -5.3125], [-71.6875, -5.3125], [-71.125, -4.40625], [-70.8125, -4.40625], [-70.65625, -4.59375], [-70.71875, -4.75], [-70.21875, -4.59375], [-71.15625, -3.59375], [-71.65625, -3.5625], [-71.84375, -3.375], [-72.65625, -3.46875], [-72.71875, -3.28125], [-73.1875, -3.28125], [-73.28125, -3.40625], [-73.15625, -3.59375], [-72.75, -3.71875], [-72.4375, -3.59375], [-72.34375, -3.8125], [-71.8125, -3.96875], [-71.78125, -4.21875], [-72.8125, -6.5], [-72.9375, -5.96875], [-73.0625, -5.9375], [-73.15625, -6.6875], [-73.4375, -7.1875], [-73.78125, -7.125], [-74.0625, -6.4375], [-74.28125, -6.5], [-73.9375, -6.96875], [-74.15625, -7.40625], [-73.9375, -7.59375], [-72.5, -7.75], [-72.3125, -7.875], [-72.34375, -8.09375], [-72.15625, -8.125], [-72.21875, -8.375], [-71.875, -8.71875], [-72.125, -8.75], [-72.21875, -8.59375], [-72.59375, -8.78125], [-72.90625, -8.53125], [-73.4375, -8.625], [-73.8125, -8.25], [-74.46875, -8.15625], [-74.1875, -8.84375], [-74.40625, -9.125], [-74.84375, -9.15625], [-74.90625, -9.46875], [-74.71875, -9.59375], [-74.53125, -9.3125], [-74.03125, -9.3125], [-73.8125, -9.59375], [-74.34375, -9.5625], [-74.34375, -9.71875], [-73.4375, -9.96875], [-73.34375, -10.3125], [-73.09375, -10.46875], [-72.71875, -10.34375], [-72.5625, -10.5], [-72.625, -11.1875], [-72.25, -11.46875], [-72.25, -11.71875], [-72.0625, -11.875], [-71.90625, -11.75], [-71.90625, -11.46875], [-71.71875, -11.4375], [-71.625, -11.71875], [-71.40625, -11.65625], [-71.28125, -12.0], [-70.78125, -12.15625], [-70.65625, -12.34375], [-70.40625, -12.25], [-69.59375, -12.59375], [-69.8125, -12.8125], [-69.78125, -13.15625], [-70.03125, -13.28125], [-70.75, -13.15625], [-71.21875, -13.3125], [-72.0625, -13.0], [-72.40625, -12.46875], [-72.71875, -12.46875], [-72.25, -13.125], [-71.40625, -13.53125], [-70.625, -13.375], [-70.09375, -13.625], [-69.90625, -13.28125], [-69.46875, -13.25], [-68.78125, -12.75], [-68.25, -13.0], [-68.59375, -12.625], [-68.625, -12.34375], [-68.75, -12.59375], [-69.375, -12.65625], [-68.78125, -12.1875], [-68.78125, -11.96875], [-67.0, -12.4375], [-66.25, -12.4375], [-65.90625, -12.625], [-65.0, -12.5625], [-64.625, -12.8125], [-64.375, -12.71875], [-63.5, -13.0625], [-63.09375, -13.0625], [-62.90625, -13.25], [-62.46875, -13.15625], [-61.90625, -13.28125], [-61.4375, -13.71875], [-60.125, -13.8125], [-60.21875, -13.5625], [-59.75, -13.59375], [-59.09375, -13.90625], [-58.875, -14.25], [-57.4375, -14.625], [-57.03125, -15.0], [-56.3125, -15.15625], [-56.0, -15.5], [-55.5625, -15.625], [-54.78125, -15.625], [-54.40625, -15.375], [-53.6875, -15.28125], [-53.6875, -15.53125], [-53.34375, -15.65625], [-52.34375, -15.71875], [-52.25, -15.59375], [-50.875, -15.625], [-50.625, -15.40625], [-49.90625, -15.3125], [-49.78125, -15.78125], [-50.6875, -16.09375], [-50.65625, -16.40625], [-50.34375, -16.40625], [-50.4375, -16.75], [-49.875, -16.84375], [-49.65625, -16.65625], [-48.8125, -17.0625], [-48.53125, -16.96875], [-48.59375, -16.78125], [-48.375, -16.8125], [-48.03125, -16.53125], [-47.71875, -16.78125], [-47.53125, -17.34375], [-47.28125, -17.46875], [-46.53125, -17.40625], [-46.40625, -17.90625], [-46.25, -17.90625], [-46.0625, -17.4375], [-45.4375, -17.375], [-45.46875, -16.96875], [-44.9375, -16.96875], [-44.90625, -16.53125], [-44.5625, -16.5], [-44.53125, -16.34375], [-42.625, -16.34375], [-41.75, -16.03125], [-41.59375, -15.34375], [-41.9375, -14.8125], [-41.65625, -14.59375], [-41.625, -14.09375], [-41.40625, -13.6875], [-41.125, -13.40625], [-40.0, -13.375], [-39.34375, -13.15625], [-39.1875, -13.0], [-39.15625, -12.53125], [-38.78125, -12.09375], [-38.25, -11.84375], [-37.5, -11.03125], [-37.28125, -11.03125], [-36.875, -10.46875], [-36.625, -10.6875], [-36.3125, -10.65625], [-36.3125, -10.53125], [-35.9375, -10.65625], [-35.65625, -11.34375], [-35.875, -12.03125], [-35.15625, -12.125], [-34.84375, -11.875], [-34.96875, -11.59375], [-34.4375, -11.53125], [-34.0625, -11.25], [-33.9375, -11.25], [-33.90625, -11.46875], [-33.59375, -11.3125], [-33.6875, -11.0625], [-33.53125, -11.03125], [-33.5, -10.90625], [-33.9375, -11.09375], [-34.03125, -11.0], [-33.59375, -10.75], [-33.4375, -10.40625], [-33.03125, -10.4375], [-32.625, -10.0625], [-31.59375, -9.8125], [-31.65625, -9.59375], [-32.1875, -9.59375], [-32.34375, -9.34375], [-32.25, -8.75], [-31.84375, -8.46875], [-31.625, -8.5625], [-31.71875, -8.9375], [-31.0, -8.875], [-31.0, -9.0], [-31.5, -9.15625], [-31.53125, -9.4375], [-31.125, -9.5625], [-30.90625, -9.4375], [-30.65625, -8.4375], [-29.625, -8.6875], [-29.34375, -8.5625], [-29.3125, -8.3125], [-29.5625, -8.15625], [-29.34375, -7.65625], [-29.28125, -7.8125], [-29.0, -7.8125], [-29.125, -8.03125], [-28.8125, -8.375], [-28.9375, -8.75], [-28.78125, -8.90625], [-28.53125, -8.78125], [-28.625, -9.09375], [-28.4375, -9.1875], [-28.1875, -9.0], [-28.125, -8.59375], [-27.65625, -8.21875], [-27.375, -8.15625], [-27.34375, -8.34375], [-27.1875, -8.34375], [-27.15625, -8.0], [-27.34375, -7.875], [-27.375, -7.5625], [-27.15625, -7.1875], [-26.375, -6.96875], [-26.28125, -6.5625], [-26.53125, -6.40625], [-27.0, -6.5625], [-27.6875, -6.53125], [-27.6875, -6.40625], [-26.375, -6.0], [-26.375, -5.46875], [-26.0, -5.5625], [-25.71875, -5.15625], [-25.4375, -5.03125], [-25.25, -5.0625], [-25.15625, -5.5], [-25.34375, -5.4375], [-25.5, -5.6875], [-25.03125, -5.6875], [-24.96875, -5.46875], [-24.65625, -5.28125], [-24.40625, -4.5625], [-24.40625, -4.4375], [-24.59375, -4.53125], [-24.625, -4.375], [-24.8125, -4.40625], [-25.03125, -4.03125], [-25.25, -4.0625], [-25.25, -3.84375], [-25.4375, -3.84375], [-25.5, -4.28125], [-25.8125, -4.25], [-26.15625, -4.78125], [-26.3125, -4.71875], [-26.46875, -5.0], [-26.71875, -5.0], [-26.6875, -4.8125], [-26.3125, -4.5625], [-26.28125, -4.0625], [-26.0, -4.03125], [-25.9375, -3.71875], [-26.15625, -3.6875], [-26.15625, -3.28125], [-25.8125, -3.34375], [-25.9375, -3.5], [-25.8125, -3.65625], [-25.78125, -3.40625], [-25.65625, -3.40625], [-25.625, -3.6875], [-25.28125, -3.65625], [-25.0625, -3.4375], [-24.65625, -3.53125], [-24.96875, -3.21875], [-24.90625, -2.71875], [-25.09375, -2.5625], [-25.34375, -2.59375], [-25.5, -2.8125], [-26.0625, -2.625], [-26.25, -2.8125], [-26.125, -3.03125], [-26.40625, -3.0625], [-26.65625, -3.53125], [-26.84375, -3.53125], [-26.875, -3.125], [-27.1875, -3.0], [-27.21875, -2.75], [-26.90625, -2.78125], [-26.9375, -2.625], [-26.6875, -2.59375], [-26.78125, -1.78125], [-26.59375, -1.78125], [-26.5625, -1.59375], [-26.9375, -1.8125], [-27.625, -1.90625], [-27.65625, -2.9375], [-28.1875, -2.96875], [-28.21875, -2.71875], [-28.53125, -2.8125], [-28.75, -2.5], [-28.96875, -2.46875], [-28.75, -2.1875], [-29.375, -2.125], [-29.5, -1.875], [-29.75, -1.96875], [-29.65625, -2.40625], [-30.03125, -2.34375], [-29.96875, -2.6875], [-29.59375, -2.84375], [-29.21875, -2.75], [-28.8125, -3.21875], [-28.84375, -3.65625], [-29.25, -4.0625], [-29.1875, -4.3125], [-28.9375, -4.34375], [-29.1875, -4.71875], [-29.15625, -5.15625], [-28.8125, -5.3125], [-29.0, -5.5], [-28.75, -6.09375], [-29.21875, -6.375], [-29.46875, -6.34375], [-29.6875, -6.6875], [-29.96875, -6.4375], [-29.71875, -6.3125], [-29.8125, -5.96875], [-30.125, -6.28125], [-30.25, -6.15625], [-30.46875, -6.21875], [-30.78125, -6.5625], [-32.3125, -6.3125], [-32.71875, -6.4375], [-33.9375, -6.34375], [-34.0, -5.9375], [-34.5625, -5.6875], [-34.59375, -4.875], [-34.90625, -4.90625], [-35.03125, -4.75], [-35.0, -3.96875], [-34.78125, -3.59375], [-34.375, -3.5], [-34.125, -3.125], [-33.46875, -3.21875], [-33.125, -2.46875], [-32.6875, -2.59375], [-32.40625, -2.34375], [-32.5, -1.9375], [-32.21875, -1.71875], [-32.1875, -1.4375], [-32.34375, -1.625], [-32.9375, -1.46875], [-32.28125, -0.8125], [-32.21875, -0.34375], [-32.4375, -0.3125], [-32.4375, 0.0], [-32.03125, 0.5], [-32.03125, 1.0], [-32.40625, 1.75], [-32.0625, 1.6875], [-31.9375, 2.0], [-31.625, 1.8125], [-31.15625, 2.0], [-31.0, 2.875], [-30.78125, 2.875], [-30.59375, 3.1875], [-30.6875, 4.90625], [-30.09375, 4.71875], [-29.65625, 4.28125], [-29.75, 3.96875], [-29.625, 3.5625], [-29.0625, 3.34375], [-29.0625, 3.0], [-29.3125, 2.8125], [-29.34375, 2.5], [-29.15625, 2.09375], [-28.90625, 1.96875], [-28.875, 1.625], [-28.5625, 1.75], [-28.53125, 2.0], [-27.8125, 2.78125], [-27.9375, 3.25], [-27.65625, 3.25], [-27.8125, 2.40625], [-27.375, 2.0625], [-26.84375, 2.0], [-27.0, 2.375], [-26.625, 2.6875], [-26.03125, 2.3125], [-25.96875, 2.0625], [-25.78125, 2.34375], [-25.46875, 2.34375], [-25.59375, 2.125], [-25.75, 2.21875], [-25.6875, 1.875], [-25.875, 1.875], [-26.125, 1.28125], [-25.84375, 0.8125], [-25.5, 0.8125], [-25.3125, 1.03125], [-25.28125, 1.34375], [-25.5, 1.6875], [-25.3125, 1.65625], [-25.21875, 1.875], [-24.6875, 1.65625], [-24.53125, 1.84375], [-24.3125, 1.8125], [-24.34375, 2.25], [-25.03125, 2.75], [-25.09375, 3.0], [-25.5, 3.0], [-25.46875, 3.28125], [-25.9375, 3.21875], [-26.03125, 3.5], [-26.3125, 3.6875], [-26.75, 3.625], [-27.46875, 3.84375], [-28.09375, 4.4375], [-27.90625, 4.75], [-28.25, 4.5625], [-28.6875, 5.0625], [-28.71875, 5.3125], [-29.03125, 5.4375], [-29.03125, 5.625], [-28.84375, 5.5625], [-28.75, 5.6875], [-28.90625, 5.96875], [-29.5, 6.125], [-29.5, 6.40625], [-29.78125, 6.40625], [-29.9375, 7.28125], [-29.78125, 7.65625], [-29.84375, 7.96875], [-30.46875, 7.84375], [-30.28125, 7.5], [-30.46875, 7.40625], [-30.59375, 7.71875], [-31.65625, 8.6875], [-31.6875, 9.03125], [-31.46875, 9.46875], [-31.8125, 9.875], [-31.9375, 10.8125], [-31.46875, 11.59375], [-31.4375, 12.28125], [-31.71875, 12.71875], [-32.5625, 13.0625], [-32.5625, 13.59375], [-33.03125, 14.21875], [-33.25, 14.96875], [-33.1875, 15.71875], [-33.375, 16.4375], [-32.96875, 16.0], [-32.84375, 15.625], [-32.65625, 15.5625], [-32.6875, 15.25], [-32.4375, 15.15625], [-32.28125, 15.1875], [-32.28125, 15.34375], [-31.875, 15.3125], [-31.40625, 14.90625], [-31.09375, 14.875], [-30.46875, 14.1875], [-30.40625, 13.875], [-30.28125, 14.0625], [-30.09375, 13.6875], [-29.75, 13.625], [-29.28125, 12.5], [-28.71875, 12.09375], [-27.96875, 11.09375], [-27.78125, 10.21875], [-27.34375, 10.03125], [-26.84375, 10.15625], [-26.75, 9.78125], [-26.15625, 9.59375], [-26.1875, 9.21875], [-26.09375, 9.53125], [-25.625, 9.34375], [-24.90625, 9.8125], [-24.0625, 9.9375], [-22.28125, 8.21875], [-22.21875, 7.90625], [-22.625, 7.46875], [-22.53125, 7.21875], [-22.8125, 7.09375], [-22.78125, 7.0], [-22.40625, 7.125], [-22.28125, 7.625], [-22.1875, 7.375], [-21.5625, 7.3125], [-20.6875, 6.84375], [-19.4375, 6.5], [-18.75, 5.90625], [-17.9375, 3.90625], [-17.9375, 3.09375], [-18.0625, 2.90625], [-18.78125, 2.90625], [-19.21875, 2.65625], [-19.71875, 2.90625], [-19.9375, 2.875], [-19.875, 2.0625], [-19.625, 1.96875], [-19.71875, 2.21875], [-19.40625, 2.3125], [-19.3125, 1.875], [-19.125, 2.59375], [-18.84375, 2.78125], [-17.8125, 2.90625], [-17.78125, 1.84375], [-18.09375, 1.53125], [-18.21875, 0.90625], [-18.15625, 0.65625], [-17.875, 0.6875], [-17.8125, 0.4375], [-18.90625, -0.59375], [-18.96875, -1.125], [-19.1875, -1.0625], [-19.28125, -1.34375], [-19.03125, -1.3125], [-19.03125, -1.46875], [-18.71875, -1.375], [-18.75, -1.53125], [-18.5625, -1.65625], [-18.375, -1.34375], [-18.59375, -1.4375], [-18.65625, -1.125], [-18.1875, -0.96875], [-18.125, -1.3125], [-18.03125, -1.0625], [-17.125, -1.21875], [-17.0625, -1.0], [-16.3125, -0.84375], [-16.3125, -0.6875], [-16.59375, -0.8125], [-16.40625, -0.5], [-15.75, -0.875], [-15.75, -0.625], [-16.0625, -0.25], [-16.40625, -0.3125], [-16.9375, -0.875], [-16.90625, -0.59375], [-16.78125, -0.59375], [-16.90625, -0.125], [-16.75, -0.0625], [-16.75, 0.125], [-16.84375, 0.1875], [-16.875, -0.0625], [-17.375, 0.0625], [-17.28125, 0.4375], [-17.0, 0.5625], [-16.96875, 0.875], [-17.09375, 1.6875], [-17.5, 2.3125], [-17.40625, 3.21875], [-17.59375, 4.21875], [-16.90625, 4.0625], [-16.84375, 4.1875], [-17.3125, 4.21875], [-17.625, 4.5], [-17.53125, 4.84375], [-17.71875, 4.78125], [-17.78125, 5.5625], [-18.0625, 6.09375], [-18.40625, 6.1875], [-18.90625, 6.75], [-20.875, 7.40625], [-22.28125, 8.96875], [-22.4375, 9.5], [-22.65625, 9.28125], [-22.84375, 9.3125], [-24.03125, 10.3125], [-24.6875, 10.34375], [-24.78125, 10.46875], [-25.28125, 10.375], [-26.15625, 10.96875], [-25.96875, 11.1875], [-26.03125, 11.3125], [-26.28125, 11.40625], [-26.21875, 11.125], [-26.46875, 11.21875], [-26.90625, 11.90625], [-26.9375, 12.21875], [-26.78125, 12.21875], [-26.75, 12.5625], [-26.9375, 12.59375], [-27.03125, 13.0], [-27.4375, 13.0], [-27.71875, 13.25], [-27.71875, 13.40625], [-27.375, 13.28125], [-27.34375, 13.34375], [-27.78125, 13.59375], [-29.125, 14.96875], [-29.6875, 16.125], [-30.375, 16.75], [-30.375, 17.0625], [-29.8125, 17.0625], [-29.5625, 16.46875], [-29.4375, 16.46875], [-29.46875, 16.6875], [-29.25, 16.78125], [-29.09375, 17.28125], [-29.375, 17.46875], [-29.59375, 17.40625], [-29.5625, 17.625], [-29.125, 17.625], [-29.125, 18.0625], [-28.6875, 18.34375], [-28.5, 18.34375], [-28.0, 17.6875], [-27.5625, 18.03125], [-27.375, 17.96875], [-27.21875, 18.46875], [-27.28125, 18.96875], [-26.96875, 18.9375], [-26.9375, 18.71875], [-26.59375, 19.0], [-26.6875, 18.625], [-26.46875, 18.0], [-26.21875, 17.8125], [-26.03125, 18.25], [-26.15625, 18.53125], [-25.9375, 18.5625], [-25.9375, 18.28125], [-25.78125, 18.28125], [-25.6875, 18.5625], [-24.96875, 18.875], [-24.9375, 18.75], [-25.34375, 18.4375], [-25.25, 17.90625], [-25.65625, 17.84375], [-25.40625, 17.46875], [-25.25, 17.625], [-25.3125, 17.78125], [-25.125, 17.75], [-24.9375, 17.9375], [-23.9375, 17.78125], [-23.8125, 17.96875], [-24.0, 18.40625], [-23.96875, 19.09375], [-24.03125, 19.28125], [-24.21875, 19.28125], [-24.28125, 19.625], [-24.125, 19.65625], [-24.09375, 19.875], [-23.8125, 19.6875], [-23.5625, 19.78125], [-23.46875, 20.125], [-23.65625, 20.40625], [-23.34375, 20.34375], [-23.34375, 20.65625], [-23.03125, 20.59375], [-23.0625, 20.8125], [-23.25, 20.84375], [-23.15625, 21.09375], [-23.28125, 21.53125], [-22.65625, 21.25], [-22.5625, 20.71875], [-22.71875, 20.625], [-22.71875, 20.375], [-22.28125, 20.21875], [-22.125, 20.375], [-22.15625, 20.6875], [-22.34375, 20.75], [-22.28125, 21.15625], [-21.875, 21.21875], [-21.625, 21.65625], [-21.5625, 22.0], [-21.78125, 22.40625], [-22.0, 22.59375], [-22.53125, 22.65625], [-22.5625, 22.875], [-22.21875, 23.0], [-22.1875, 23.5], [-21.875, 23.25], [-21.6875, 23.9375], [-21.3125, 23.8125], [-21.1875, 24.03125], [-21.125, 23.875], [-20.6875, 24.3125], [-21.0, 23.9375], [-21.125, 23.25], [-20.8125, 23.1875], [-20.8125, 23.0], [-20.375, 22.75], [-19.8125, 22.8125], [-19.4375, 23.03125], [-19.21875, 23.25], [-19.28125, 23.875], [-19.46875, 24.15625], [-20.25, 24.4375], [-19.15625, 24.5625], [-19.0625, 24.71875], [-19.375, 25.1875], [-19.3125, 25.34375], [-18.65625, 24.9375], [-18.5625, 23.65625], [-18.6875, 23.03125], [-18.5625, 22.71875], [-18.03125, 22.46875], [-17.3125, 22.4375], [-18.21875, 22.8125], [-18.25, 23.15625], [-18.4375, 23.21875], [-18.25, 24.0], [-17.875, 24.59375], [-18.03125, 25.21875], [-17.96875, 25.9375], [-18.21875, 26.3125], [-17.96875, 26.3125], [-17.84375, 26.625], [-18.0, 27.0], [-18.28125, 27.0625], [-18.5, 26.875], [-18.34375, 26.34375], [-18.6875, 26.25], [-18.78125, 26.59375], [-18.65625, 27.0625], [-18.1875, 27.25], [-18.21875, 27.5625], [-17.84375, 27.5625], [-17.65625, 27.71875], [-17.40625, 27.6875], [-17.125, 27.34375], [-16.90625, 27.46875], [-17.0, 27.28125], [-16.5, 27.15625], [-16.65625, 27.75], [-16.5, 27.78125], [-16.40625, 27.46875], [-16.28125, 28.25], [-15.96875, 28.125], [-15.96875, 27.8125], [-15.0625, 27.78125], [-14.84375, 28.1875], [-14.84375, 28.90625], [-14.21875, 29.0625], [-13.84375, 28.78125], [-13.46875, 29.4375], [-13.0625, 29.625], [-12.53125, 29.5625], [-12.96875, 28.96875], [-12.78125, 28.375], [-12.5, 28.78125], [-11.9375, 28.84375], [-11.6875, 29.0625], [-11.25, 29.125], [-10.96875, 28.9375], [-10.90625, 29.09375], [-10.59375, 29.09375], [-10.5, 28.875], [-10.46875, 29.0], [-10.25, 28.96875], [-10.21875, 29.15625], [-9.84375, 29.15625], [-9.75, 29.46875], [-9.875, 29.5625], [-10.375, 29.4375], [-10.5, 29.59375], [-10.5625, 30.0], [-10.40625, 30.21875], [-10.53125, 30.40625], [-10.15625, 30.28125], [-10.09375, 30.5625], [-9.78125, 30.71875], [-9.8125, 31.21875], [-10.1875, 31.09375], [-10.40625, 31.25], [-10.25, 31.53125], [-10.4375, 31.75], [-9.90625, 31.625], [-9.78125, 31.84375], [-9.5, 31.75], [-9.25, 32.09375], [-8.5625, 32.28125], [-8.53125, 32.625], [-9.53125, 32.84375], [-9.4375, 33.46875], [-9.03125, 33.75], [-8.71875, 33.625], [-8.5, 33.875], [-8.71875, 34.625], [-8.0625, 34.5], [-7.90625, 34.25], [-7.96875, 33.90625], [-7.625, 33.78125], [-7.5625, 33.59375], [-7.21875, 33.59375], [-7.375, 34.25], [-7.1875, 34.25], [-7.15625, 34.46875], [-7.375, 34.78125], [-6.46875, 34.8125], [-6.3125, 34.09375], [-5.90625, 34.0], [-5.59375, 34.25], [-5.53125, 34.5625], [-6.0, 34.96875], [-5.15625, 34.71875], [-4.78125, 35.21875], [-4.46875, 34.9375], [-4.0625, 34.90625], [-4.03125, 34.65625], [-3.78125, 34.625], [-3.3125, 34.84375], [-3.3125, 35.375], [-2.96875, 35.4375], [-2.78125, 35.28125], [-2.0, 35.59375], [-1.6875, 36.09375], [-1.375, 36.0], [-1.09375, 36.15625], [-0.90625, 36.15625], [-0.8125, 35.90625], [-0.90625, 35.0625], [-0.34375, 34.875], [0.15625, 35.0], [0.25, 35.3125], [0.8125, 35.28125], [1.0, 35.71875], [0.8125, 35.90625], [0.3125, 35.9375], [0.09375, 35.6875], [0.125, 35.4375], [-0.09375, 35.6875], [-0.34375, 35.71875], [-0.28125, 36.21875], [0.0625, 36.5], [0.4375, 36.4375], [0.34375, 37.0625], [0.59375, 37.34375], [0.40625, 37.4375], [0.53125, 37.90625], [-0.1875, 37.78125], [-0.21875, 37.96875], [0.59375, 38.3125], [0.84375, 38.78125], [1.0, 38.8125], [0.96875, 38.5], [1.21875, 38.125], [2.15625, 37.96875], [2.40625, 38.09375], [2.5625, 38.625], [2.25, 39.125], [2.78125, 39.21875], [2.8125, 39.34375], [3.28125, 39.3125], [3.40625, 39.1875], [3.3125, 38.84375], [3.59375, 38.6875], [3.71875, 39.125], [4.125, 39.0], [4.125, 39.25], [5.0, 39.5], [5.03125, 39.71875], [5.59375, 40.125], [6.0, 40.0], [5.65625, 39.90625], [5.625, 39.6875], [5.96875, 39.65625], [5.96875, 39.4375], [6.4375, 39.15625], [7.09375, 39.375], [7.625, 39.09375], [7.53125, 39.3125], [7.6875, 39.40625], [7.5625, 39.5], [7.71875, 39.53125], [7.96875, 39.53125], [8.15625, 39.28125], [8.53125, 39.28125], [8.59375, 39.53125], [8.34375, 39.6875], [8.375, 39.875], [8.59375, 39.9375], [8.4375, 40.34375], [8.75, 40.65625], [9.5, 40.59375], [9.5625, 40.75], [9.8125, 40.75], [9.90625, 41.125], [9.6875, 41.6875], [10.03125, 41.6875], [10.03125, 41.8125], [10.46875, 41.8125], [10.40625, 41.59375], [10.15625, 41.65625], [10.125, 41.46875], [10.25, 41.15625], [10.5625, 41.0625], [10.625, 41.1875], [11.0625, 41.125], [10.96875, 41.625], [11.5, 41.5625], [11.625, 40.90625], [11.75, 40.9375], [11.59375, 40.46875], [11.8125, 40.5], [11.90625, 40.75], [12.1875, 40.78125], [12.25, 41.09375], [12.46875, 41.21875], [12.40625, 41.5625], [13.59375, 41.65625], [14.09375, 41.0625], [14.78125, 41.0625], [14.875, 40.71875], [15.3125, 40.5], [15.3125, 40.09375], [15.65625, 39.5], [15.90625, 39.5625], [16.125, 40.03125], [16.09375, 40.375], [15.34375, 40.5], [15.1875, 40.84375], [15.75, 41.0625], [15.84375, 41.375], [16.0625, 41.4375], [16.34375, 41.28125], [16.96875, 41.5], [17.28125, 41.375], [17.59375, 41.40625], [17.625, 41.53125], [18.28125, 41.46875], [18.375, 41.3125], [17.90625, 41.25], [17.21875, 40.71875], [17.34375, 40.5], [17.28125, 40.15625], [17.9375, 39.375], [18.46875, 39.25], [19.46875, 39.40625], [19.84375, 39.28125], [20.3125, 39.5], [20.3125, 39.28125], [20.5625, 39.1875], [20.21875, 38.5625], [20.1875, 38.09375], [20.3125, 38.03125], [20.75, 38.1875], [20.78125, 38.59375], [21.28125, 39.03125], [20.9375, 39.15625], [20.96875, 39.46875], [21.40625, 39.34375], [21.46875, 39.15625], [22.28125, 39.0], [22.46875, 38.625], [22.75, 38.53125], [23.125, 38.09375], [23.8125, 38.125], [23.90625, 38.375], [25.09375, 38.96875], [24.8125, 39.90625], [24.46875, 40.15625], [24.5, 40.28125], [26.125, 40.65625], [26.25, 41.21875], [26.53125, 41.21875], [26.6875, 41.46875], [26.875, 41.46875], [27.34375, 41.0], [27.9375, 41.1875], [27.96875, 41.53125], [27.8125, 41.5625], [27.8125, 41.71875], [28.53125, 41.625], [28.65625, 41.9375], [28.46875, 42.40625], [28.78125, 42.6875], [29.90625, 42.5625], [30.875, 41.59375], [31.03125, 41.59375], [31.15625, 41.84375], [31.34375, 41.8125], [31.375, 41.5], [31.75, 41.46875], [31.8125, 41.75], [32.03125, 41.6875], [31.875, 41.78125], [32.0, 41.875], [32.34375, 41.78125], [32.375, 41.625], [33.15625, 41.71875], [33.15625, 41.59375], [33.5625, 41.46875], [33.53125, 42.125], [33.1875, 42.21875], [33.1875, 42.4375], [35.09375, 41.84375], [35.03125, 42.25], [35.34375, 42.34375], [35.375, 42.625], [35.8125, 43.25], [37.65625, 44.21875], [37.53125, 44.46875], [37.96875, 44.40625], [38.34375, 44.625], [39.03125, 44.71875], [38.625, 44.84375], [38.125, 44.71875], [36.875, 45.21875], [36.84375, 45.5], [37.125, 45.59375], [37.40625, 46.03125], [38.375, 45.875], [38.4375, 46.25], [38.96875, 46.21875], [39.0625, 46.0625], [39.5625, 46.21875], [39.40625, 46.4375], [39.21875, 46.3125], [38.53125, 46.375], [38.625, 46.65625], [38.21875, 46.75], [38.4375, 47.0], [39.8125, 46.4375], [39.96875, 46.6875], [40.375, 46.75], [40.5625, 46.96875], [40.53125, 47.59375], [40.96875, 47.59375], [41.125, 47.34375], [41.4375, 47.3125], [41.15625, 47.03125], [41.9375, 46.46875], [42.71875, 46.4375], [42.8125, 46.25], [43.5625, 46.125], [43.5625, 45.90625], [44.03125, 45.75], [43.84375, 46.03125], [44.0, 46.34375], [43.875, 46.6875], [44.46875, 46.75], [44.59375, 46.59375], [45.03125, 46.53125], [45.1875, 46.84375], [44.875, 46.84375], [44.84375, 46.96875], [45.59375, 46.9375], [45.46875, 47.1875], [45.75, 47.1875], [45.96875, 46.625], [46.84375, 46.5], [46.875, 46.125], [46.53125, 46.03125], [46.53125, 45.8125], [46.375, 45.75], [46.59375, 45.71875], [47.125, 46.28125], [47.8125, 46.40625], [48.34375, 45.65625], [48.875, 45.5625], [48.9375, 45.6875], [48.6875, 45.8125], [48.65625, 46.125], [49.0, 46.59375], [49.46875, 46.53125], [49.78125, 46.8125], [50.3125, 46.96875], [50.25, 47.15625], [49.90625, 47.28125], [50.0, 47.59375], [49.65625, 47.5625], [49.65625, 47.8125], [51.1875, 47.75], [51.84375, 47.9375], [52.0, 47.78125], [52.65625, 47.96875], [53.15625, 47.71875], [53.34375, 48.09375], [53.6875, 48.25], [54.21875, 48.09375], [54.25, 47.78125], [54.5625, 47.8125], [54.65625, 47.625], [54.125, 47.625], [54.03125, 47.46875], [53.46875, 47.59375], [53.40625, 46.9375], [53.125, 46.90625], [53.09375, 46.78125], [53.65625, 46.78125], [53.875, 47.09375], [54.34375, 47.03125], [54.75, 47.34375], [55.1875, 47.0625], [55.90625, 47.09375], [55.8125, 46.84375], [56.28125, 46.71875], [56.40625, 46.78125], [56.375, 47.0625], [56.78125, 47.28125], [56.84375, 47.0625], [56.5, 46.8125], [56.8125, 46.75], [56.9375, 46.5], [57.125, 46.46875], [57.03125, 46.28125], [57.28125, 46.15625], [57.625, 46.40625], [57.5625, 45.96875], [58.28125, 45.46875], [59.0, 45.4375], [59.03125, 45.65625], [59.21875, 45.65625], [59.1875, 45.46875], [59.53125, 45.125], [60.84375, 45.40625], [61.0625, 45.3125], [61.03125, 45.0625], [61.21875, 45.0625], [61.4375, 44.59375], [61.6875, 44.625], [61.71875, 44.5], [61.71875, 44.78125], [62.0, 44.71875], [61.96875, 44.96875], [62.1875, 44.9375], [62.34375, 44.4375], [63.25, 44.0625], [63.0625, 43.71875], [63.34375, 43.59375], [63.875, 43.59375], [63.40625, 43.78125], [63.59375, 44.0], [63.59375, 44.8125], [64.1875, 44.25], [64.375, 44.40625], [64.53125, 43.9375], [64.25, 43.65625], [64.15625, 43.84375], [63.96875, 43.8125], [63.8125, 42.84375], [64.40625, 42.25], [65.5, 42.34375], [65.84375, 42.625], [66.1875, 42.5625], [66.3125, 42.875], [66.09375, 42.9375], [66.09375, 43.09375], [66.5, 42.9375], [67.5, 43.1875], [67.9375, 43.03125], [68.09375, 42.1875], [67.875, 42.3125], [67.875, 42.09375], [67.40625, 41.9375], [67.40625, 41.75], [67.6875, 41.65625], [67.78125, 41.78125], [68.21875, 41.78125], [68.15625, 41.375], [68.53125, 41.25], [68.59375, 41.03125], [68.90625, 41.21875], [70.125, 40.875], [70.6875, 41.09375], [70.75, 41.28125], [71.0, 41.28125], [71.21875, 40.71875], [70.75, 40.59375], [70.6875, 40.4375], [70.875, 40.3125], [71.03125, 40.34375], [71.03125, 40.5], [71.375, 40.40625], [71.40625, 40.28125], [71.0625, 40.25], [71.125, 40.03125], [71.6875, 40.0625], [71.875, 40.3125], [71.59375, 40.375], [72.0625, 40.4375], [72.0625, 40.3125], [72.9375, 40.0625], [73.09375, 39.46875], [73.25, 39.4375], [73.5, 39.8125], [73.8125, 39.59375], [73.71875, 39.28125], [74.25, 39.28125], [74.4375, 38.84375], [74.75, 38.71875], [74.90625, 38.96875], [75.125, 38.3125], [75.5625, 38.34375], [75.375, 38.78125], [75.65625, 38.8125], [75.65625, 38.46875], [75.84375, 38.28125], [76.09375, 38.28125], [76.21875, 38.03125], [76.53125, 37.96875], [76.28125, 37.8125], [76.5, 37.25], [76.1875, 37.09375], [76.0625, 36.6875], [76.1875, 36.3125], [76.40625, 36.25], [76.40625, 35.96875], [77.1875, 35.84375], [77.4375, 35.96875], [77.21875, 36.0625], [77.28125, 36.21875], [77.84375, 36.125], [77.78125, 35.4375], [78.15625, 35.21875], [78.21875, 35.0], [78.5, 35.03125], [78.53125, 35.53125], [78.84375, 35.3125], [79.0, 35.5625], [79.21875, 35.59375], [79.25, 35.40625], [78.8125, 35.21875], [78.4375, 34.5625], [78.6875, 34.34375], [78.78125, 34.53125], [79.21875, 34.40625], [79.40625, 33.6875], [79.96875, 33.75], [79.96875, 33.125], [80.71875, 33.3125], [80.65625, 32.90625], [80.875, 32.84375], [81.15625, 32.4375], [81.375, 32.46875], [81.34375, 32.25], [81.15625, 32.1875], [81.34375, 31.75], [80.78125, 31.84375], [80.65625, 31.5625], [80.28125, 31.46875], [80.25, 31.15625], [80.53125, 31.125], [80.9375, 31.5], [81.625, 31.5625], [81.65625, 31.3125], [82.03125, 31.03125], [82.03125, 30.875], [82.34375, 30.9375], [82.46875, 30.78125], [82.78125, 30.90625], [82.9375, 30.53125], [83.3125, 30.25], [83.71875, 30.59375], [83.65625, 30.375], [84.40625, 29.6875], [84.4375, 29.46875], [84.78125, 29.40625], [85.0625, 29.59375], [85.03125, 29.3125], [85.28125, 28.96875], [85.78125, 28.8125], [85.71875, 28.5], [85.84375, 28.46875], [85.75, 28.28125], [85.90625, 27.9375], [86.1875, 28.09375], [86.03125, 27.625], [86.125, 27.46875], [86.53125, 27.34375], [86.53125, 27.1875], [86.90625, 27.34375], [86.84375, 26.90625], [87.59375, 26.75], [87.90625, 26.53125], [87.34375, 26.09375], [88.09375, 26.1875], [88.03125, 25.75], [88.15625, 25.71875], [88.21875, 25.3125], [88.625, 25.03125], [88.65625, 24.78125], [88.5, 25.0], [88.34375, 24.96875], [88.40625, 24.71875], [88.65625, 24.65625], [88.53125, 24.40625], [88.65625, 24.28125], [88.5625, 23.59375], [88.6875, 23.375], [88.53125, 23.25], [88.75, 23.0625], [88.5625, 22.875], [88.59375, 22.5625], [87.96875, 22.4375], [87.9375, 22.6875], [87.46875, 22.6875], [87.28125, 22.375], [86.71875, 22.46875], [86.3125, 22.15625], [86.25, 21.875], [85.96875, 21.8125], [85.59375, 21.84375], [85.40625, 22.21875], [85.21875, 22.25], [85.0, 21.9375], [84.78125, 21.96875], [84.3125, 21.6875], [84.28125, 21.3125], [84.0, 21.40625], [83.59375, 21.125], [83.09375, 21.1875], [82.84375, 20.71875], [81.625, 20.65625], [81.78125, 20.46875], [81.6875, 20.34375], [80.96875, 20.46875], [80.9375, 20.3125], [80.15625, 19.84375], [80.15625, 19.375], [79.75, 18.78125], [78.96875, 19.125], [78.96875, 18.90625], [78.8125, 18.9375], [78.59375, 18.59375], [78.65625, 18.40625], [78.90625, 18.46875], [78.90625, 18.28125], [78.5625, 18.125], [78.3125, 17.65625], [77.6875, 17.5625], [77.46875, 17.25], [77.625, 16.96875], [77.375, 16.96875], [77.5625, 16.75], [77.46875, 16.53125], [77.71875, 16.5], [77.75, 16.09375], [78.125, 16.09375], [78.3125, 15.9375], [77.75, 15.4375], [78.0625, 15.21875], [77.96875, 14.875], [78.25, 14.125], [78.59375, 13.96875], [78.46875, 13.4375], [78.90625, 13.28125], [79.0, 13.0625], [79.03125, 12.8125], [78.75, 12.59375], [78.75, 12.40625], [78.96875, 12.0], [78.875, 11.65625], [79.0625, 11.5625], [78.875, 11.21875], [79.0, 11.21875], [79.15625, 10.59375], [79.09375, 10.09375], [79.28125, 9.875], [79.28125, 9.125], [79.5, 8.90625], [79.90625, 7.6875], [80.125, 7.625], [80.25, 7.75], [80.1875, 7.1875], [80.46875, 6.90625], [80.46875, 6.53125], [81.375, 5.78125], [81.53125, 5.84375], [81.625, 5.40625], [81.90625, 5.3125], [81.75, 4.875], [82.40625, 4.21875], [82.71875, 4.15625], [82.90625, 3.75], [84.3125, 3.28125], [84.46875, 3.375], [84.59375, 3.15625], [84.8125, 3.25], [84.9375, 3.09375], [85.09375, 3.09375], [85.09375, 3.5], [85.46875, 3.6875], [85.75, 3.53125], [85.875, 3.0625], [86.5, 3.46875], [86.59375, 2.96875], [87.0625, 3.4375], [87.90625, 3.03125], [88.125, 3.28125], [88.59375, 3.34375], [88.46875, 3.09375], [88.8125, 3.0], [88.875, 3.1875], [89.09375, 3.0625], [89.53125, 3.28125], [89.53125, 3.59375], [90.75, 3.59375], [90.84375, 3.84375], [91.125, 3.59375], [91.5, 3.59375], [91.625, 3.28125], [91.65625, 3.59375], [91.875, 3.625], [91.90625, 3.8125], [91.59375, 3.8125], [91.5625, 4.125], [91.71875, 4.1875], [91.8125, 4.0], [91.84375, 4.5], [92.28125, 4.53125], [92.28125, 4.3125], [92.65625, 4.46875], [92.4375, 4.875], [92.71875, 4.84375], [92.6875, 5.5], [92.8125, 5.5], [92.8125, 5.125], [93.1875, 4.84375], [93.53125, 4.71875], [94.03125, 4.90625], [94.34375, 5.53125], [94.25, 5.84375], [94.40625, 6.125], [94.21875, 6.25], [94.25, 6.53125], [95.4375, 6.46875], [96.125, 7.8125], [96.34375, 7.96875], [97.15625, 8.0625], [97.125, 8.40625], [97.28125, 8.59375], [97.09375, 9.0625], [97.40625, 9.125], [97.3125, 9.78125], [97.59375, 9.78125], [97.875, 10.21875], [98.125, 10.25], [98.0625, 10.5], [97.84375, 10.53125], [97.875, 10.875], [98.59375, 11.4375], [98.46875, 12.46875], [98.625, 13.28125], [98.4375, 13.40625], [98.40625, 13.8125], [98.84375, 13.84375], [98.84375, 14.21875], [99.0625, 14.625], [99.0, 15.21875], [98.8125, 15.5], [99.25, 15.53125], [99.46875, 15.25], [99.8125, 15.34375], [99.25, 15.75], [99.25, 15.9375], [99.6875, 15.8125], [99.71875, 16.09375], [100.25, 16.375], [100.34375, 16.78125], [100.78125, 16.9375], [101.3125, 16.9375], [101.71875, 16.46875], [101.75, 16.65625], [102.25, 17.0625], [102.5, 16.9375], [102.53125, 16.75], [102.875, 16.78125], [103.1875, 16.40625], [103.28125, 16.625], [103.9375, 16.65625], [104.1875, 16.84375], [104.28125, 17.21875], [104.34375, 16.84375], [104.84375, 16.90625], [104.84375, 17.15625], [105.15625, 17.28125], [105.71875, 17.28125], [105.71875, 17.125], [106.1875, 17.25], [106.53125, 17.0625], [106.53125, 17.3125], [106.875, 17.3125], [106.90625, 17.125], [107.5625, 16.875], [107.96875, 17.125], [108.1875, 17.0625], [108.1875, 17.28125], [109.125, 17.0625], [109.25, 17.3125], [109.96875, 16.6875], [110.65625, 17.0], [110.90625, 16.4375], [111.375, 16.28125], [111.59375, 16.28125], [111.625, 16.6875], [112.21875, 16.65625], [112.15625, 16.21875], [112.46875, 16.40625], [112.40625, 16.75], [112.5625, 16.84375], [112.59375, 16.53125], [112.78125, 16.4375], [112.875, 16.6875], [112.9375, 16.4375], [113.375, 16.03125], [114.0, 16.25], [114.25, 15.9375], [114.59375, 15.90625], [114.71875, 16.1875], [115.09375, 15.8125], [115.4375, 15.90625], [115.46875, 15.46875], [115.84375, 15.65625], [115.8125, 15.875], [116.03125, 15.96875], [116.03125, 15.75], [116.3125, 15.53125], [116.28125, 15.15625], [116.59375, 15.21875], [116.90625, 14.96875], [117.0, 14.5625], [117.3125, 14.21875], [117.6875, 14.65625], [117.625, 15.34375], [117.875, 15.53125], [117.8125, 15.84375], [118.0, 15.84375], [118.0625, 15.3125], [117.78125, 14.9375], [118.28125, 15.21875], [118.40625, 14.96875], [118.15625, 14.90625], [118.75, 14.6875], [118.375, 14.09375], [119.25, 14.25], [119.1875, 13.46875], [119.40625, 13.40625], [119.625, 13.6875], [119.90625, 13.59375], [119.90625, 13.34375], [120.03125, 13.3125], [119.9375, 13.125], [120.46875, 12.75], [120.40625, 13.46875], [120.65625, 13.625], [120.6875, 13.28125], [120.875, 13.6875], [121.03125, 13.6875], [121.21875, 13.53125], [121.15625, 13.28125], [120.90625, 13.15625], [121.0, 12.9375], [122.0, 13.3125], [122.09375, 13.0625], [122.21875, 13.21875], [122.625, 13.15625], [122.625, 13.0], [122.4375, 12.96875], [122.4375, 12.6875], [122.6875, 12.9375], [123.28125, 12.78125], [123.28125, 12.375], [123.4375, 12.25], [124.21875, 12.5], [124.25, 12.3125], [124.03125, 12.3125], [124.09375, 12.125], [124.28125, 12.125], [124.25, 11.90625], [124.5, 11.59375], [124.78125, 11.65625], [124.8125, 11.25], [125.21875, 11.21875], [125.15625, 11.03125], [125.375, 10.71875], [126.125, 10.8125], [126.3125, 11.03125], [126.5625, 10.9375], [126.8125, 11.15625], [127.53125, 10.75], [127.96875, 11.125], [128.28125, 11.03125], [128.53125, 11.25], [128.53125, 11.09375], [128.75, 11.09375], [130.15625, 12.1875], [130.65625, 12.3125], [130.875, 12.9375], [131.21875, 12.9375], [131.3125, 12.75], [131.0625, 12.6875], [130.875, 12.03125], [130.375, 11.96875], [129.84375, 11.3125], [129.25, 11.0625], [129.40625, 10.9375], [130.0, 11.125], [130.15625, 11.40625], [130.625, 11.4375], [130.4375, 11.03125], [130.96875, 11.0], [131.0625, 11.1875], [130.6875, 11.25], [130.6875, 11.40625], [130.96875, 11.46875], [130.84375, 11.8125], [131.5, 11.65625], [132.09375, 11.875], [131.84375, 11.9375], [132.0, 12.28125], [131.6875, 12.25], [131.71875, 12.53125], [133.21875, 12.875], [133.21875, 13.09375], [133.40625, 13.15625], [133.28125, 13.53125], [133.8125, 13.875], [133.78125, 14.375], [134.0, 14.375], [134.3125, 14.8125], [133.28125, 15.0], [133.40625, 15.28125], [133.625, 15.0625], [133.71875, 15.15625], [133.5625, 15.28125], [133.71875, 15.90625], [133.28125, 16.34375], [133.78125, 16.59375], [133.5625, 16.65625], [133.5625, 16.84375], [134.03125, 17.1875], [134.125, 17.96875], [134.375, 18.1875], [134.0, 18.65625], [134.15625, 18.71875], [134.125, 19.15625], [134.34375, 19.65625], [134.1875, 19.71875], [134.1875, 20.0625], [134.5, 21.0], [134.625, 21.0], [134.5625, 21.1875], [134.71875, 21.34375], [135.25, 21.3125], [135.34375, 21.53125], [134.75, 21.6875], [134.75, 22.0], [134.9375, 21.96875], [135.03125, 22.125], [134.75, 22.0625], [134.71875, 22.1875], [134.9375, 23.28125], [135.3125, 23.40625], [135.34375, 23.6875], [135.6875, 23.9375], [135.75, 24.4375], [136.1875, 25.3125], [136.5625, 25.4375], [136.46875, 25.6875], [136.875, 25.65625], [136.53125, 25.9375], [137.15625, 26.03125], [137.5625, 25.90625], [137.53125, 26.0625], [136.96875, 26.125], [136.875, 26.28125], [137.0625, 26.3125], [137.1875, 26.90625], [137.90625, 27.125], [137.65625, 27.6875], [137.75, 28.375], [137.84375, 28.5], [138.5, 28.4375], [138.5, 28.5625], [137.9375, 28.65625], [138.03125, 29.1875], [138.46875, 29.84375], [138.875, 29.84375], [138.84375, 30.125], [139.21875, 30.8125], [139.5625, 30.875], [139.875, 31.3125], [140.65625, 31.5625], [141.09375, 31.96875], [143.8125, 32.53125], [145.375, 32.53125], [146.5, 33.0], [147.875, 33.0], [148.78125, 32.8125], [149.40625, 33.3125], [150.65625, 33.5], [151.34375, 33.3125], [152.15625, 32.75], [152.03125, 33.0], [152.3125, 33.28125], [152.4375, 33.71875], [152.78125, 33.84375], [153.375, 34.5], [154.125, 34.5], [154.40625, 34.75], [154.3125, 35.0], [154.6875, 35.3125], [154.46875, 35.59375], [155.0, 36.09375], [155.125, 36.5625], [156.4375, 36.5625], [156.71875, 37.125], [157.0, 37.25], [156.96875, 37.5625], [157.125, 37.5625], [157.25, 36.875], [157.4375, 36.78125], [158.1875, 36.84375], [158.21875, 37.21875], [158.53125, 37.34375], [158.59375, 37.5625], [158.84375, 37.09375], [159.375, 37.34375], [159.40625, 37.0625], [159.59375, 37.09375], [159.5, 36.84375], [159.71875, 36.90625], [159.71875, 36.625], [159.9375, 36.40625], [160.59375, 36.21875], [160.75, 36.4375], [160.6875, 36.84375], [160.90625, 36.78125], [160.90625, 37.0625], [161.125, 37.15625], [161.5, 36.9375], [161.5, 36.75], [162.5625, 36.71875], [162.6875, 36.34375], [163.0, 36.46875], [163.125, 36.28125], [163.03125, 36.15625], [162.6875, 36.25], [162.4375, 35.9375], [162.28125, 35.53125], [162.4375, 34.65625], [162.875, 34.5625], [162.875, 35.09375], [163.0, 35.28125], [163.25, 35.28125], [163.25, 35.15625], [163.09375, 34.5625], [162.71875, 34.28125], [162.5625, 33.78125], [162.65625, 33.28125], [162.40625, 32.71875], [162.5625, 32.0625], [162.78125, 31.9375], [162.78125, 31.59375], [162.5, 31.46875], [162.3125, 31.09375], [162.34375, 30.59375], [163.25, 30.03125], [163.6875, 30.25], [163.71875, 30.4375], [163.90625, 30.375], [163.8125, 30.1875], [164.1875, 29.96875], [164.75, 30.1875], [164.78125, 29.5625], [165.0, 29.65625], [165.28125, 28.8125], [165.8125, 28.46875], [166.15625, 28.625], [166.375, 28.1875], [166.6875, 28.1875], [166.65625, 28.375], [167.0625, 28.3125], [167.0, 28.8125], [167.125, 28.8125], [167.40625, 27.34375], [167.75, 26.78125], [167.625, 26.53125], [167.84375, 26.59375], [167.78125, 26.40625], [168.0, 25.875], [168.59375, 25.625], [168.625, 26.1875], [169.0, 25.59375], [168.4375, 24.8125], [168.71875, 24.75], [168.78125, 24.5625], [168.65625, 24.5], [168.8125, 24.40625], [169.03125, 24.46875], [169.0625, 24.21875], [168.59375, 24.0], [169.0625, 23.84375], [169.0625, 23.40625], [169.65625, 23.25], [169.65625, 23.84375], [169.28125, 23.84375], [169.15625, 24.21875], [169.3125, 24.15625], [169.28125, 24.40625], [169.4375, 24.40625], [169.3125, 24.71875], [169.53125, 24.71875], [169.46875, 25.0], [169.6875, 25.0], [169.59375, 25.34375], [169.96875, 25.46875], [170.34375, 24.65625], [170.09375, 24.34375], [169.96875, 23.78125], [170.3125, 23.625], [170.78125, 23.9375], [170.8125, 23.71875], [170.65625, 23.625], [170.9375, 23.4375], [171.28125, 23.53125], [171.34375, 23.71875], [171.15625, 23.84375], [171.125, 24.125], [171.4375, 24.46875], [171.5625, 24.3125], [171.34375, 24.28125], [171.34375, 24.0625], [171.59375, 24.0], [171.625, 23.625], [171.9375, 23.5625], [171.71875, 23.375], [171.875, 23.03125], [171.65625, 23.0625], [171.65625, 22.8125], [171.375, 22.8125], [171.25, 21.875], [171.59375, 20.96875], [171.90625, 20.90625], [171.90625, 20.75], [172.25, 20.75], [172.375, 20.5], [172.5625, 20.75], [172.75, 20.1875], [172.71875, 20.9375], [172.84375, 21.15625], [172.625, 21.15625], [172.59375, 21.34375], [172.78125, 21.40625], [172.84375, 21.90625], [173.3125, 21.6875], [173.5, 21.75], [173.46875, 21.5625], [173.75, 21.1875], [173.59375, 18.4375], [173.375, 18.34375], [173.34375, 18.0], [172.90625, 17.71875], [172.90625, 17.96875], [172.59375, 18.0625], [172.71875, 18.5625], [172.625, 18.65625], [172.21875, 18.1875], [172.125, 17.59375], [171.6875, 17.25], [171.6875, 17.125], [171.90625, 17.1875], [171.9375, 16.90625], [172.25, 16.78125], [172.25, 16.4375], [172.5, 16.375], [172.59375, 16.78125], [172.78125, 16.75], [172.8125, 16.40625], [172.59375, 16.25], [172.46875, 15.53125], [172.9375, 15.5625], [172.78125, 15.78125], [172.96875, 15.6875], [173.0, 15.90625], [173.125, 15.90625], [173.0625, 15.65625], [173.3125, 15.46875], [173.25, 15.1875], [173.40625, 15.0625], [173.1875, 14.40625], [173.4375, 14.15625], [173.9375, 14.09375], [173.78125, 14.875], [174.0625, 14.8125], [174.15625, 14.4375], [173.96875, 13.84375], [173.75, 13.96875], [173.25, 13.21875], [173.09375, 13.3125], [173.09375, 13.15625], [172.78125, 13.03125], [172.71875, 12.65625], [172.28125, 12.75], [171.46875, 12.125], [172.03125, 11.46875], [171.65625, 11.1875], [171.59375, 10.5], [172.625, 10.4375], [172.375, 10.25], [172.46875, 10.0], [172.1875, 10.125], [172.125, 9.96875], [172.375, 9.71875], [172.34375, 8.90625], [172.5, 8.65625], [172.78125, 8.59375], [172.78125, 7.53125], [171.78125, 6.78125], [171.875, 6.375], [171.5, 5.8125], [172.15625, 5.90625], [172.25, 5.46875], [172.0, 4.65625], [171.8125, 4.59375], [171.625, 4.78125], [171.4375, 4.53125], [171.15625, 4.53125], [171.25, 4.09375], [171.0, 4.0625], [171.0, 3.90625], [171.375, 3.84375], [171.375, 3.375], [171.46875, 3.5625], [171.875, 3.625], [172.3125, 3.46875], [172.3125, 2.8125], [172.1875, 2.9375], [171.6875, 2.8125], [172.125, 2.4375], [172.53125, 2.5625], [172.59375, 2.34375], [172.25, 1.9375], [171.4375, 1.8125], [171.34375, 1.15625], [170.5, 0.25], [170.0625, 0.1875], [169.90625, 0.0], [169.40625, 0.0], [169.03125, 0.40625], [168.21875, 0.59375], [167.9375, 0.09375], [167.65625, 0.0], [167.84375, -0.0625], [167.71875, -0.3125], [167.90625, -0.34375], [167.90625, -0.59375], [167.34375, -0.75], [167.46875, -0.90625], [167.4375, -1.90625], [167.71875, -1.875], [167.6875, -2.0625], [168.46875, -2.21875], [168.3125, -2.4375], [168.40625, -2.625], [168.21875, -2.78125], [168.75, -2.875], [168.78125, -2.59375], [168.90625, -2.59375], [169.0, -3.0], [169.75, -3.09375], [169.75, -3.375], [170.125, -3.53125], [170.125, -3.90625], [169.96875, -3.6875], [169.65625, -3.6875], [169.625, -3.53125], [169.09375, -3.5], [168.8125, -3.1875], [168.6875, -3.625], [169.0, -3.59375], [169.0625, -3.875], [170.125, -4.21875], [170.25, -4.0], [170.5, -4.0], [170.40625, -3.71875], [170.5625, -3.71875], [170.59375, -3.53125], [170.875, -3.59375], [171.21875, -3.4375], [170.96875, -3.3125], [171.125, -3.25], [171.125, -2.8125], [171.3125, -2.875], [171.0625, -2.6875], [171.0, -2.28125], [170.75, -2.25], [170.5, -1.875], [170.4375, -1.0625], [170.59375, -0.9375], [170.625, -1.1875], [170.75, -1.1875], [170.78125, -0.8125], [171.0625, -0.4375], [171.1875, -0.4375], [171.25, -0.84375], [171.375, -0.375], [171.78125, -0.34375], [171.8125, 0.03125], [171.9375, -0.125], [172.5625, 0.03125], [172.59375, -0.375], [172.8125, -0.25], [172.90625, -0.5], [173.0, -0.28125], [172.8125, 0.09375], [173.125, 0.03125], [173.25, 0.40625], [173.40625, 0.4375], [173.34375, 0.0], [173.71875, -0.0625], [173.9375, 0.125], [173.90625, -0.0625], [174.21875, -0.5625], [174.125, -0.15625], [174.375, 0.125], [174.375, 0.71875], [174.59375, 0.59375], [174.59375, 0.84375], [174.78125, 0.78125], [174.75, 0.9375], [175.03125, 0.90625], [175.78125, 1.46875], [176.0, 1.46875], [175.96875, 1.65625], [176.28125, 1.65625], [176.59375, 2.09375], [177.1875, 2.125], [177.375, 2.34375], [177.375, 2.21875], [177.90625, 2.21875], [177.875, 1.96875], [178.59375, 2.15625], [178.96875, 1.96875], [179.96875, 1.875], [179.96875, 12.21875], [179.71875, 12.3125], [179.46875, 12.15625], [179.4375, 11.9375], [179.1875, 11.78125], [179.1875, 11.5], [178.78125, 11.375], [178.46875, 11.09375], [178.53125, 10.9375], [178.25, 10.875], [178.21875, 10.625], [177.875, 10.65625], [177.71875, 10.34375], [177.34375, 10.125], [177.25, 10.375], [176.875, 10.28125], [176.875, 10.4375], [176.5, 10.375], [176.375, 10.1875], [176.09375, 10.40625], [176.0, 10.21875], [175.90625, 10.4375], [175.375, 10.375], [175.375, 10.90625], [175.28125, 11.125], [175.0625, 11.125], [175.1875, 11.34375], [174.90625, 11.4375], [175.0, 12.03125], [174.875, 12.09375], [174.90625, 11.90625], [174.71875, 11.78125], [174.59375, 12.90625], [174.59375, 13.34375], [174.8125, 13.40625], [174.90625, 13.75], [175.21875, 13.625], [175.375, 13.875], [175.40625, 13.46875], [175.5, 13.65625], [175.625, 13.65625], [175.625, 13.4375], [175.8125, 13.5625], [175.6875, 14.0], [176.0625, 14.5], [176.03125, 15.0625], [175.8125, 15.21875], [175.8125, 15.46875], [176.09375, 15.875], [176.09375, 16.375], [175.90625, 16.28125], [175.71875, 16.40625], [175.875, 16.9375], [176.03125, 16.6875], [176.46875, 16.6875], [176.65625, 17.125], [176.96875, 16.9375], [177.1875, 17.0625], [177.09375, 17.34375], [177.53125, 17.4375], [177.78125, 17.28125], [177.84375, 17.5625], [178.03125, 17.5625], [178.09375, 17.25], [178.46875, 17.15625], [178.46875, 17.0], [177.90625, 16.03125], [177.5, 14.1875], [177.5625, 13.125], [177.34375, 12.46875], [177.40625, 11.96875], [177.1875, 11.46875], [177.40625, 11.15625], [177.375, 10.78125], [177.59375, 10.8125], [177.625, 11.03125], [177.875, 10.96875], [178.09375, 11.21875], [178.0, 11.5], [178.46875, 12.0], [178.78125, 12.8125], [178.96875, 12.875], [179.6875, 14.03125], [179.96875, 15.75], [179.875, 16.75], [179.1875, 17.21875], [178.53125, 17.15625], [179.0, 17.5], [179.125, 17.34375], [179.46875, 17.34375], [179.5, 17.15625], [179.84375, 17.21875], [179.96875, 16.9375], [179.96875, 86.75], [172.6875, 87.125], [170.34375, 87.03125], [172.0, 86.78125], [169.0, 86.90625], [161.53125, 86.78125], [154.8125, 87.125]], [[-167.25, 86.78125], [-167.03125, 86.875], [-167.03125, 86.78125], [-167.25, 86.78125]], [[164.90625, 86.59375], [165.5625, 86.6875], [165.5625, 86.59375], [164.90625, 86.59375]], [[172.625, 86.46875], [172.90625, 86.5625], [172.90625, 86.46875], [172.625, 86.46875]], [[173.375, 86.4375], [173.5, 86.53125], [173.5, 86.4375], [173.375, 86.4375]], [[-153.75, 86.40625], [-149.875, 86.3125], [-143.9375, 85.9375], [-142.8125, 85.71875], [-152.875, 86.21875], [-153.75, 86.40625]], [[-43.6875, 86.3125], [-42.8125, 86.40625], [-42.8125, 86.3125], [-43.6875, 86.3125]], [[-140.15625, 85.96875], [-136.96875, 85.84375], [-136.09375, 85.6875], [-136.0625, 85.53125], [-139.40625, 85.625], [-140.09375, 85.8125], [-140.15625, 85.96875]], [[113.875, 85.84375], [116.0625, 85.96875], [116.0625, 85.84375], [113.875, 85.84375]], [[104.21875, 85.15625], [104.625, 85.25], [104.625, 85.15625], [104.21875, 85.15625]], [[105.84375, 85.15625], [106.78125, 85.15625], [106.90625, 85.03125], [105.90625, 85.03125], [105.84375, 85.15625]], [[36.5, 83.375], [38.40625, 83.3125], [38.46875, 83.1875], [36.03125, 82.90625], [37.0, 82.71875], [36.46875, 82.46875], [33.28125, 82.4375], [30.6875, 82.65625], [30.78125, 82.78125], [35.4375, 83.09375], [36.5, 83.375]], [[-102.78125, 60.65625], [-102.6875, 60.75], [-102.6875, 60.65625], [-102.78125, 60.65625]], [[-111.25, 60.4375], [-111.15625, 60.53125], [-111.15625, 60.4375], [-111.25, 60.4375]], [[-134.21875, 57.46875], [-134.03125, 57.4375], [-134.0625, 57.21875], [-134.25, 57.1875], [-134.21875, 57.46875]], [[-133.4375, 56.9375], [-133.34375, 57.03125], [-133.34375, 56.9375], [-133.4375, 56.9375]], [[-145.71875, 55.5625], [-145.34375, 55.5], [-145.5, 55.3125], [-145.15625, 55.21875], [-144.875, 54.84375], [-144.5, 55.03125], [-144.4375, 54.625], [-144.65625, 54.59375], [-144.5625, 53.96875], [-145.21875, 53.65625], [-145.28125, 53.40625], [-147.09375, 53.21875], [-147.3125, 53.5625], [-146.625, 53.5], [-145.59375, 53.71875], [-145.0, 54.375], [-145.0625, 54.84375], [-145.625, 55.21875], [-146.09375, 55.3125], [-145.71875, 55.5625]], [[-146.5, 55.53125], [-146.3125, 55.53125], [-146.28125, 55.40625], [-146.46875, 55.40625], [-146.5, 55.53125]], [[-145.3125, 55.4375], [-145.21875, 55.53125], [-145.21875, 55.4375], [-145.3125, 55.4375]], [[-75.96875, 54.84375], [-75.875, 54.96875], [-75.875, 54.84375], [-75.96875, 54.84375]], [[-138.34375, 54.5], [-138.25, 54.59375], [-138.25, 54.5], [-138.34375, 54.5]], [[-148.3125, 54.15625], [-148.0, 54.0625], [-147.96875, 53.875], [-148.25, 53.84375], [-148.3125, 54.15625]], [[-147.59375, 53.75], [-147.4375, 53.75], [-147.375, 53.59375], [-147.5625, 53.625], [-147.59375, 53.75]], [[28.59375, 52.46875], [28.6875, 52.5625], [28.6875, 52.46875], [28.59375, 52.46875]], [[29.6875, 52.53125], [30.4375, 52.375], [30.3125, 52.15625], [30.46875, 52.0], [29.59375, 51.75], [29.46875, 52.0], [27.84375, 51.96875], [28.28125, 52.3125], [29.0625, 52.21875], [29.6875, 52.53125]], [[-68.375, 52.3125], [-68.3125, 52.1875], [-68.5625, 52.15625], [-68.5625, 52.25], [-68.375, 52.3125]], [[31.0, 51.90625], [31.375, 51.84375], [31.59375, 51.46875], [30.9375, 51.59375], [30.84375, 51.78125], [31.0, 51.90625]], [[-71.28125, 51.875], [-71.15625, 51.84375], [-71.1875, 51.625], [-71.28125, 51.625], [-71.28125, 51.875]], [[-70.78125, 51.78125], [-70.59375, 51.71875], [-70.75, 51.625], [-70.78125, 51.78125]], [[32.28125, 51.53125], [32.625, 51.46875], [32.59375, 51.25], [33.15625, 50.875], [32.875, 50.71875], [32.625, 50.9375], [32.1875, 50.59375], [32.28125, 50.28125], [32.71875, 50.1875], [32.75, 50.0625], [32.375, 50.0625], [32.125, 49.84375], [32.09375, 49.125], [31.71875, 48.9375], [31.6875, 49.09375], [31.9375, 49.34375], [31.875, 49.75], [32.0625, 50.375], [31.6875, 51.125], [31.875, 51.3125], [32.0, 50.90625], [32.21875, 50.78125], [32.21875, 51.0], [32.46875, 51.03125], [32.28125, 51.53125]], [[33.09375, 51.25], [33.21875, 51.34375], [33.21875, 51.25], [33.09375, 51.25]], [[-71.03125, 51.15625], [-70.875, 51.28125], [-70.90625, 51.125], [-71.03125, 51.15625]], [[32.9375, 51.15625], [33.03125, 51.25], [33.03125, 51.15625], [32.9375, 51.15625]], [[-58.84375, 50.9375], [-58.65625, 50.84375], [-58.75, 50.59375], [-58.59375, 50.46875], [-59.34375, 50.21875], [-59.40625, 50.65625], [-59.15625, 50.65625], [-58.84375, 50.9375]], [[32.875, 50.65625], [33.03125, 50.65625], [32.9375, 50.40625], [32.78125, 50.4375], [32.875, 50.65625]], [[-69.84375, 50.4375], [-69.71875, 50.5625], [-69.71875, 50.46875], [-69.84375, 50.4375]], [[38.59375, 50.40625], [38.8125, 50.375], [38.84375, 50.25], [38.59375, 50.25], [38.59375, 50.40625]], [[-74.75, 50.0625], [-74.59375, 50.1875], [-74.59375, 50.0625], [-74.75, 50.0625]], [[166.0, 49.9375], [166.125, 50.0625], [166.09375, 49.9375], [166.0, 49.9375]], [[165.46875, 50.03125], [165.59375, 50.03125], [165.6875, 49.8125], [165.53125, 49.8125], [165.46875, 50.03125]], [[-73.4375, 50.0], [-73.28125, 50.0], [-73.28125, 49.875], [-73.40625, 49.875], [-73.4375, 50.0]], [[-70.9375, 49.84375], [-70.78125, 50.0], [-70.71875, 49.84375], [-70.9375, 49.84375]], [[32.53125, 50.0], [32.71875, 49.96875], [32.75, 49.84375], [32.5625, 49.84375], [32.53125, 50.0]], [[39.09375, 49.90625], [39.1875, 50.0], [39.1875, 49.90625], [39.09375, 49.90625]], [[45.9375, 50.0], [46.09375, 49.9375], [46.09375, 49.8125], [45.875, 49.875], [45.9375, 50.0]], [[-75.09375, 49.96875], [-74.625, 49.8125], [-74.59375, 49.6875], [-75.09375, 49.6875], [-75.09375, 49.96875]], [[39.40625, 49.78125], [39.59375, 49.71875], [39.59375, 49.625], [39.4375, 49.625], [39.40625, 49.78125]], [[-71.75, 49.65625], [-71.3125, 49.59375], [-71.75, 49.5625], [-71.75, 49.65625]], [[32.375, 49.59375], [32.53125, 49.71875], [32.53125, 49.59375], [32.375, 49.59375]], [[-72.71875, 49.65625], [-72.40625, 49.625], [-72.375, 49.5], [-72.8125, 49.40625], [-72.71875, 49.65625]], [[165.125, 49.46875], [165.5625, 49.65625], [165.59375, 49.46875], [165.125, 49.46875]], [[-73.59375, 49.625], [-73.40625, 49.5], [-73.71875, 49.375], [-73.71875, 49.46875], [-73.59375, 49.625]], [[48.25, 49.59375], [48.59375, 49.5625], [48.65625, 49.40625], [48.28125, 49.4375], [48.25, 49.59375]], [[-75.34375, 49.46875], [-75.09375, 49.4375], [-75.34375, 49.375], [-75.34375, 49.46875]], [[-74.5625, 49.53125], [-74.40625, 49.5], [-74.4375, 49.3125], [-74.59375, 49.34375], [-74.5625, 49.53125]], [[-76.21875, 49.34375], [-76.0625, 49.46875], [-76.0625, 49.375], [-76.21875, 49.34375]], [[164.9375, 49.3125], [165.0625, 49.46875], [165.03125, 49.3125], [164.9375, 49.3125]], [[164.84375, 49.125], [164.96875, 49.28125], [164.9375, 49.125], [164.84375, 49.125]], [[40.34375, 49.25], [40.53125, 49.25], [40.5, 49.09375], [40.375, 49.09375], [40.34375, 49.25]], [[-75.625, 49.09375], [-74.96875, 49.1875], [-75.15625, 48.84375], [-75.59375, 48.9375], [-75.625, 49.09375]], [[50.96875, 49.21875], [51.21875, 49.09375], [50.71875, 48.96875], [50.71875, 49.0625], [50.96875, 49.21875]], [[47.8125, 49.0625], [47.90625, 49.15625], [47.90625, 49.0625], [47.8125, 49.0625]], [[-74.53125, 48.90625], [-74.3125, 49.03125], [-74.3125, 48.90625], [-74.53125, 48.90625]], [[48.28125, 49.0625], [48.4375, 49.0625], [48.53125, 48.875], [48.3125, 48.84375], [48.28125, 49.0625]], [[-76.15625, 48.84375], [-75.96875, 48.96875], [-75.96875, 48.84375], [-76.15625, 48.84375]], [[-77.625, 48.84375], [-77.46875, 48.9375], [-77.46875, 48.84375], [-77.625, 48.84375]], [[40.03125, 48.8125], [40.25, 48.9375], [40.28125, 48.8125], [40.03125, 48.8125]], [[-73.75, 48.8125], [-73.65625, 48.90625], [-73.65625, 48.8125], [-73.75, 48.8125]], [[40.375, 48.78125], [40.5625, 48.90625], [40.5625, 48.75], [40.375, 48.78125]], [[49.21875, 48.875], [49.40625, 48.875], [49.40625, 48.78125], [49.21875, 48.75], [49.21875, 48.875]], [[140.5625, 48.6875], [140.65625, 48.78125], [140.65625, 48.6875], [140.5625, 48.6875]], [[30.3125, 48.71875], [30.59375, 48.71875], [30.875, 48.5], [30.8125, 48.21875], [30.5625, 48.28125], [30.3125, 48.71875]], [[54.28125, 48.6875], [54.46875, 48.65625], [54.46875, 48.46875], [54.25, 48.53125], [54.28125, 48.6875]], [[51.03125, 48.65625], [51.4375, 48.59375], [51.5, 48.46875], [51.25, 48.40625], [51.0, 48.53125], [51.03125, 48.65625]], [[47.875, 48.5], [48.0, 48.59375], [48.0, 48.5], [47.875, 48.5]], [[-75.59375, 48.4375], [-75.46875, 48.5625], [-75.46875, 48.46875], [-75.59375, 48.4375]], [[-75.34375, 48.375], [-75.25, 48.5], [-75.21875, 48.375], [-75.34375, 48.375]], [[45.5625, 48.5], [45.65625, 48.34375], [45.4375, 48.28125], [45.4375, 48.375], [45.5625, 48.5]], [[47.5625, 48.40625], [47.65625, 48.5], [47.65625, 48.40625], [47.5625, 48.40625]], [[29.34375, 48.3125], [29.40625, 48.4375], [29.4375, 48.3125], [29.34375, 48.3125]], [[44.1875, 48.34375], [44.34375, 48.4375], [44.34375, 48.34375], [44.1875, 48.34375]], [[38.15625, 48.125], [38.28125, 48.25], [38.28125, 48.125], [38.15625, 48.125]], [[51.71875, 48.25], [51.9375, 48.25], [51.96875, 48.09375], [51.75, 48.09375], [51.71875, 48.25]], [[42.03125, 48.1875], [42.59375, 47.96875], [43.34375, 48.0], [43.34375, 47.75], [43.6875, 47.6875], [43.34375, 47.59375], [43.34375, 47.375], [42.65625, 46.84375], [42.375, 46.96875], [42.5625, 47.0625], [42.5625, 47.25], [42.15625, 47.71875], [42.03125, 48.1875]], [[44.1875, 48.1875], [44.5625, 48.125], [44.59375, 47.875], [44.0625, 47.96875], [44.1875, 48.1875]], [[51.5625, 48.0625], [51.65625, 48.15625], [51.65625, 48.0625], [51.5625, 48.0625]], [[165.5, 47.96875], [165.6875, 47.9375], [165.6875, 47.8125], [165.40625, 47.8125], [165.5, 47.96875]], [[-55.34375, 47.59375], [-55.1875, 47.6875], [-55.1875, 47.59375], [-55.34375, 47.59375]], [[33.71875, 47.6875], [33.90625, 47.65625], [33.9375, 47.4375], [33.6875, 47.46875], [33.71875, 47.6875]], [[27.125, 47.5625], [27.34375, 47.5625], [27.34375, 47.40625], [27.15625, 47.4375], [27.125, 47.5625]], [[32.71875, 47.46875], [33.03125, 47.4375], [33.0625, 47.28125], [32.71875, 47.1875], [32.71875, 47.46875]], [[28.78125, 47.4375], [28.9375, 47.4375], [28.9375, 47.34375], [28.8125, 47.3125], [28.78125, 47.4375]], [[29.03125, 47.3125], [29.15625, 47.4375], [29.15625, 47.34375], [29.03125, 47.3125]], [[43.71875, 47.21875], [44.03125, 47.375], [44.0625, 47.15625], [43.78125, 47.0625], [43.71875, 47.21875]], [[29.75, 47.25], [29.84375, 47.34375], [29.84375, 47.25], [29.75, 47.25]], [[44.3125, 47.21875], [44.4375, 47.3125], [44.4375, 47.21875], [44.3125, 47.21875]], [[33.375, 47.28125], [33.59375, 47.28125], [33.59375, 47.1875], [33.375, 47.15625], [33.375, 47.28125]], [[56.96875, 47.28125], [57.1875, 47.28125], [57.1875, 47.1875], [56.96875, 47.125], [56.96875, 47.28125]], [[33.84375, 47.21875], [34.15625, 47.15625], [34.1875, 47.03125], [33.875, 46.9375], [33.84375, 47.21875]], [[28.9375, 46.71875], [28.96875, 47.15625], [29.1875, 46.75], [28.9375, 46.71875]], [[29.84375, 47.125], [29.96875, 47.09375], [29.9375, 46.96875], [29.84375, 46.96875], [29.84375, 47.125]], [[31.3125, 47.125], [31.375, 46.90625], [31.21875, 46.90625], [31.1875, 47.0625], [31.3125, 47.125]], [[42.9375, 47.03125], [43.5, 47.0625], [43.46875, 46.90625], [42.9375, 46.875], [42.9375, 47.03125]], [[47.875, 47.0625], [48.15625, 47.03125], [48.1875, 46.875], [47.90625, 46.8125], [47.875, 47.0625]], [[39.0625, 46.84375], [39.15625, 46.9375], [39.15625, 46.84375], [39.0625, 46.84375]], [[47.09375, 46.78125], [47.1875, 46.9375], [47.1875, 46.78125], [47.09375, 46.78125]], [[27.53125, 46.875], [28.15625, 46.8125], [28.6875, 46.53125], [28.65625, 46.15625], [27.53125, 46.53125], [27.375, 46.71875], [27.53125, 46.875]], [[34.5625, 46.6875], [34.71875, 46.875], [34.71875, 46.6875], [34.5625, 46.6875]], [[29.6875, 46.65625], [29.875, 46.84375], [29.84375, 46.625], [29.6875, 46.65625]], [[33.78125, 46.75], [34.03125, 46.71875], [34.21875, 46.4375], [33.71875, 46.5625], [33.78125, 46.75]], [[43.09375, 46.6875], [43.53125, 46.625], [43.53125, 46.5], [43.1875, 46.5], [43.09375, 46.6875]], [[-53.90625, 46.65625], [-53.6875, 46.625], [-53.6875, 46.53125], [-53.875, 46.5], [-53.90625, 46.65625]], [[58.875, 46.625], [59.15625, 46.625], [59.15625, 46.53125], [58.78125, 46.46875], [58.875, 46.625]], [[162.78125, 46.625], [162.90625, 46.59375], [162.875, 46.46875], [162.78125, 46.46875], [162.78125, 46.625]], [[26.21875, 46.5625], [26.40625, 46.5625], [26.40625, 46.46875], [26.1875, 46.40625], [26.21875, 46.5625]], [[29.0, 46.375], [29.15625, 46.3125], [29.15625, 46.1875], [29.0, 46.25], [29.0, 46.375]], [[37.125, 46.28125], [37.28125, 46.28125], [37.34375, 46.0625], [37.25, 46.0625], [37.125, 46.28125]], [[58.59375, 46.25], [58.75, 46.21875], [58.71875, 46.0625], [58.5625, 46.09375], [58.59375, 46.25]], [[23.3125, 46.125], [23.65625, 46.1875], [23.78125, 45.9375], [23.375, 45.96875], [23.3125, 46.125]], [[164.59375, 46.1875], [164.875, 46.15625], [164.90625, 45.90625], [164.5, 45.9375], [164.5, 45.71875], [164.25, 45.5625], [164.25, 45.875], [164.59375, 46.1875]], [[22.125, 46.0625], [22.21875, 46.15625], [22.21875, 46.0625], [22.125, 46.0625]], [[27.71875, 46.125], [28.96875, 45.71875], [29.59375, 45.75], [29.78125, 45.5], [29.8125, 45.0], [29.15625, 44.9375], [29.09375, 44.71875], [28.875, 44.6875], [28.75, 44.9375], [29.0, 45.1875], [28.1875, 45.46875], [28.125, 45.75], [27.53125, 45.8125], [27.71875, 46.125]], [[165.25, 46.09375], [165.5, 46.09375], [165.5625, 45.84375], [165.34375, 44.71875], [165.46875, 44.15625], [165.375, 43.78125], [165.53125, 43.53125], [165.375, 42.6875], [165.5, 42.46875], [165.71875, 42.46875], [165.96875, 42.8125], [166.125, 42.8125], [166.125, 43.0625], [166.28125, 43.0625], [166.125, 41.75], [166.4375, 41.5], [166.4375, 40.78125], [166.25, 40.375], [166.03125, 40.4375], [165.84375, 40.25], [165.875, 39.1875], [165.40625, 38.15625], [165.0625, 38.125], [164.53125, 37.5625], [164.78125, 37.34375], [164.75, 37.125], [165.0625, 36.625], [164.71875, 35.96875], [164.8125, 34.59375], [164.46875, 34.25], [164.46875, 34.0], [164.125, 33.84375], [163.96875, 33.46875], [163.625, 33.40625], [163.34375, 32.875], [163.3125, 33.1875], [163.90625, 33.6875], [164.25, 34.46875], [164.03125, 35.40625], [163.75, 35.5], [163.71875, 35.75], [164.03125, 36.25], [163.34375, 36.625], [163.59375, 38.1875], [163.1875, 38.40625], [162.9375, 38.28125], [162.625, 38.5], [162.53125, 38.84375], [162.3125, 38.8125], [162.375, 39.0625], [162.125, 38.96875], [162.0625, 39.125], [162.25, 39.21875], [162.09375, 39.3125], [162.4375, 39.28125], [162.53125, 39.40625], [162.34375, 39.625], [162.0, 39.4375], [162.03125, 39.625], [161.8125, 39.875], [161.71875, 39.59375], [161.40625, 39.75], [161.0625, 39.53125], [160.84375, 39.53125], [160.84375, 39.65625], [160.3125, 39.59375], [160.3125, 39.84375], [159.9375, 39.875], [159.90625, 40.8125], [160.15625, 40.96875], [160.53125, 40.90625], [160.1875, 41.3125], [160.28125, 41.625], [160.5625, 41.84375], [160.375, 41.90625], [160.53125, 42.21875], [160.8125, 41.9375], [161.09375, 42.0], [161.34375, 42.4375], [161.3125, 42.90625], [161.75, 42.65625], [161.5, 42.90625], [161.5, 43.125], [161.6875, 43.21875], [161.8125, 43.6875], [162.09375, 43.875], [162.34375, 43.65625], [162.59375, 43.9375], [162.90625, 43.84375], [163.0, 44.09375], [162.875, 44.25], [163.125, 44.1875], [163.3125, 44.40625], [162.90625, 44.65625], [163.65625, 44.65625], [163.6875, 45.34375], [164.34375, 45.1875], [164.375, 45.4375], [165.25, 46.09375]], [[62.3125, 45.90625], [62.40625, 46.0625], [62.40625, 45.90625], [62.3125, 45.90625]], [[59.03125, 46.03125], [59.1875, 46.0], [59.1875, 45.90625], [59.0625, 45.90625], [59.03125, 46.03125]], [[21.84375, 45.90625], [22.53125, 45.9375], [22.46875, 45.6875], [23.0625, 45.34375], [23.21875, 45.375], [23.09375, 45.8125], [23.59375, 45.5], [23.78125, 45.1875], [23.59375, 44.875], [23.78125, 44.4375], [23.28125, 44.71875], [23.34375, 44.9375], [22.5625, 45.03125], [21.96875, 45.375], [21.84375, 45.90625]], [[58.84375, 45.90625], [58.96875, 45.90625], [59.0, 45.75], [58.875, 45.75], [58.84375, 45.90625]], [[25.15625, 45.84375], [25.4375, 45.75], [25.1875, 45.6875], [25.15625, 45.84375]], [[21.3125, 45.8125], [21.46875, 45.78125], [21.46875, 45.65625], [21.375, 45.65625], [21.3125, 45.8125]], [[30.375, 45.78125], [30.6875, 45.59375], [30.125, 45.5], [29.96875, 45.65625], [30.375, 45.78125]], [[33.28125, 45.78125], [33.4375, 45.71875], [33.4375, 45.5625], [33.3125, 45.5625], [33.28125, 45.78125]], [[24.03125, 45.5625], [24.125, 45.65625], [24.125, 45.5625], [24.03125, 45.5625]], [[26.25, 45.59375], [26.4375, 45.53125], [26.25, 45.46875], [26.25, 45.59375]], [[-141.53125, 45.53125], [-141.375, 45.5], [-141.375, 45.3125], [-141.6875, 45.3125], [-141.53125, 45.53125]], [[63.0, 45.53125], [63.3125, 45.53125], [63.28125, 45.3125], [63.0, 45.40625], [63.0, 45.53125]], [[19.25, 45.40625], [19.4375, 45.5], [19.4375, 45.375], [19.25, 45.40625]], [[24.21875, 45.5], [24.625, 45.375], [24.59375, 45.1875], [24.90625, 45.21875], [24.8125, 45.40625], [25.25, 45.5], [25.21875, 45.09375], [25.53125, 44.90625], [24.9375, 44.59375], [24.34375, 44.71875], [24.25, 45.0], [24.5, 45.25], [24.21875, 45.5]], [[27.59375, 45.46875], [27.9375, 45.40625], [28.0, 45.03125], [27.53125, 45.03125], [27.59375, 45.46875]], [[30.6875, 45.375], [30.84375, 45.34375], [30.84375, 45.25], [30.6875, 45.25], [30.6875, 45.375]], [[61.34375, 45.125], [61.46875, 45.25], [61.46875, 45.125], [61.34375, 45.125]], [[21.0625, 45.1875], [21.8125, 45.03125], [21.65625, 44.78125], [21.9375, 44.5625], [21.875, 44.15625], [21.25, 44.25], [21.21875, 44.40625], [21.4375, 44.5625], [21.0625, 44.625], [20.8125, 44.875], [20.84375, 45.09375], [21.0625, 45.1875]], [[61.6875, 45.0625], [61.84375, 45.1875], [61.875, 45.0625], [61.6875, 45.0625]], [[28.28125, 45.0], [28.40625, 45.15625], [28.375, 45.0], [28.28125, 45.0]], [[26.5625, 45.09375], [26.8125, 45.0625], [26.84375, 44.9375], [26.53125, 44.9375], [26.5625, 45.09375]], [[26.21875, 44.875], [26.40625, 44.875], [26.4375, 44.6875], [26.25, 44.65625], [26.21875, 44.875]], [[22.21875, 44.8125], [22.46875, 44.8125], [22.53125, 44.65625], [22.25, 44.6875], [22.21875, 44.8125]], [[19.125, 44.5625], [19.4375, 44.6875], [19.375, 44.5], [19.125, 44.5625]], [[27.59375, 44.59375], [27.84375, 44.71875], [27.84375, 44.625], [27.59375, 44.59375]], [[24.34375, 44.5625], [24.53125, 44.5625], [24.5, 44.40625], [24.40625, 44.40625], [24.34375, 44.5625]], [[16.0, 44.375], [16.09375, 44.46875], [16.09375, 44.375], [16.0, 44.375]], [[22.375, 44.4375], [22.59375, 44.4375], [22.59375, 44.34375], [22.375, 44.28125], [22.375, 44.4375]], [[24.875, 44.25], [25.21875, 44.4375], [25.125, 44.1875], [24.875, 44.25]], [[14.96875, 44.21875], [15.0625, 44.3125], [15.0625, 44.21875], [14.96875, 44.21875]], [[15.96875, 44.3125], [16.125, 44.25], [16.125, 44.03125], [15.6875, 43.625], [16.0625, 43.6875], [16.09375, 42.75], [16.4375, 42.28125], [16.0625, 42.40625], [14.84375, 42.375], [14.84375, 43.5625], [14.625, 43.5], [14.59375, 42.9375], [14.375, 42.96875], [14.34375, 43.28125], [13.8125, 43.375], [14.03125, 44.1875], [14.3125, 44.28125], [14.96875, 44.0625], [14.875, 43.8125], [15.0625, 43.6875], [15.0625, 43.03125], [15.1875, 43.03125], [15.28125, 43.375], [15.59375, 43.5625], [15.40625, 43.6875], [15.40625, 44.03125], [15.96875, 44.3125]], [[27.96875, 44.3125], [28.15625, 44.28125], [28.1875, 44.03125], [27.96875, 44.1875], [27.96875, 44.3125]], [[28.4375, 44.0625], [28.5625, 44.15625], [28.5625, 44.03125], [28.4375, 44.0625]], [[23.75, 43.96875], [24.28125, 43.84375], [24.28125, 43.71875], [23.90625, 43.71875], [23.75, 43.96875]], [[161.25, 43.84375], [161.375, 43.9375], [161.375, 43.8125], [161.25, 43.84375]], [[13.09375, 43.8125], [13.21875, 43.9375], [13.1875, 43.8125], [13.09375, 43.8125]], [[32.25, 43.78125], [32.4375, 43.875], [32.4375, 43.78125], [32.25, 43.78125]], [[161.59375, 43.75], [161.65625, 43.875], [161.6875, 43.75], [161.59375, 43.75]], [[25.6875, 43.8125], [25.875, 43.5], [25.59375, 43.15625], [25.78125, 42.90625], [26.375, 42.96875], [26.5625, 42.8125], [26.625, 42.5625], [26.4375, 42.40625], [25.8125, 42.71875], [25.125, 42.46875], [25.03125, 42.71875], [25.28125, 43.25], [24.84375, 43.21875], [24.53125, 43.5625], [24.53125, 43.71875], [24.71875, 43.75], [25.28125, 43.375], [25.3125, 43.5625], [25.59375, 43.625], [25.6875, 43.8125]], [[28.71875, 43.8125], [29.34375, 43.375], [29.375, 43.15625], [28.90625, 43.4375], [28.6875, 43.40625], [28.71875, 43.8125]], [[30.09375, 43.78125], [30.21875, 43.65625], [29.96875, 43.53125], [29.96875, 43.625], [30.09375, 43.78125]], [[27.96875, 43.59375], [28.1875, 43.65625], [28.1875, 43.53125], [27.96875, 43.59375]], [[161.25, 43.5625], [161.34375, 43.65625], [161.34375, 43.5625], [161.25, 43.5625]], [[13.15625, 43.625], [13.46875, 43.53125], [13.5, 43.28125], [13.1875, 43.28125], [13.0625, 43.4375], [13.15625, 43.625]], [[32.0625, 43.59375], [32.34375, 43.375], [32.8125, 43.3125], [32.8125, 43.21875], [32.28125, 43.15625], [31.9375, 43.40625], [32.0625, 43.59375]], [[31.21875, 43.4375], [31.375, 43.53125], [31.375, 43.4375], [31.21875, 43.4375]], [[35.34375, 43.40625], [35.4375, 43.5], [35.4375, 43.40625], [35.34375, 43.40625]], [[24.0, 43.4375], [24.25, 43.34375], [24.28125, 43.15625], [24.09375, 43.15625], [24.0, 43.4375]], [[71.0, 43.34375], [71.09375, 43.4375], [71.09375, 43.34375], [71.0, 43.34375]], [[158.96875, 43.15625], [159.125, 43.28125], [159.125, 43.1875], [158.96875, 43.15625]], [[71.1875, 43.09375], [71.34375, 43.21875], [71.34375, 43.125], [71.1875, 43.09375]], [[16.6875, 43.0625], [16.8125, 43.1875], [16.8125, 43.0625], [16.6875, 43.0625]], [[161.21875, 43.15625], [161.4375, 43.15625], [161.4375, 43.0], [161.21875, 43.03125], [161.21875, 43.15625]], [[13.25, 43.03125], [13.5, 43.03125], [13.59375, 42.84375], [13.28125, 42.25], [13.9375, 42.5625], [14.0, 42.21875], [12.0, 41.625], [11.78125, 41.625], [11.5625, 41.875], [11.65625, 42.75], [11.96875, 42.5625], [12.78125, 42.5], [13.15625, 42.75], [13.25, 43.03125]], [[23.75, 43.03125], [24.0625, 43.0], [24.03125, 42.8125], [23.84375, 42.75], [23.75, 43.03125]], [[159.6875, 42.78125], [159.78125, 42.9375], [159.78125, 42.78125], [159.6875, 42.78125]], [[71.75, 42.84375], [72.0625, 42.6875], [71.84375, 42.3125], [71.4375, 42.5625], [71.75, 42.84375]], [[33.9375, 42.8125], [34.1875, 42.75], [34.15625, 42.53125], [33.9375, 42.5625], [33.9375, 42.8125]], [[31.5625, 42.65625], [31.65625, 42.75], [31.65625, 42.65625], [31.5625, 42.65625]], [[24.125, 42.71875], [24.5625, 42.71875], [24.65625, 42.5625], [24.21875, 42.40625], [24.125, 42.71875]], [[17.375, 42.59375], [17.5, 42.6875], [17.5, 42.59375], [17.375, 42.59375]], [[74.8125, 42.40625], [74.90625, 42.5], [74.90625, 42.40625], [74.8125, 42.40625]], [[23.875, 42.40625], [24.0625, 42.3125], [23.9375, 42.03125], [23.8125, 42.125], [23.875, 42.40625]], [[30.5, 42.375], [30.75, 42.375], [30.75, 42.21875], [30.4375, 42.1875], [30.5, 42.375]], [[27.75, 42.25], [27.84375, 42.34375], [27.84375, 42.25], [27.75, 42.25]], [[34.59375, 42.21875], [34.75, 42.34375], [34.75, 42.25], [34.59375, 42.21875]], [[26.3125, 42.3125], [26.5625, 42.09375], [26.46875, 41.84375], [26.28125, 41.9375], [26.3125, 42.3125]], [[75.4375, 42.21875], [76.0, 42.21875], [76.03125, 42.03125], [75.5, 41.84375], [75.4375, 42.21875]], [[75.03125, 42.125], [75.1875, 42.25], [75.1875, 42.15625], [75.03125, 42.125]], [[21.375, 42.21875], [21.53125, 42.21875], [21.53125, 42.0625], [21.34375, 42.03125], [21.375, 42.21875]], [[159.875, 42.15625], [160.09375, 42.125], [160.09375, 42.0], [159.90625, 41.96875], [159.875, 42.15625]], [[18.53125, 41.78125], [19.59375, 42.0625], [19.84375, 41.53125], [19.78125, 41.1875], [20.0625, 40.8125], [21.09375, 40.375], [21.8125, 40.375], [21.8125, 40.15625], [20.0625, 40.21875], [19.625, 39.6875], [19.375, 39.65625], [19.09375, 40.03125], [19.1875, 40.34375], [18.875, 40.96875], [18.90625, 41.25], [18.53125, 41.625], [17.75, 41.84375], [17.75, 42.0], [17.9375, 42.0], [18.53125, 41.78125]], [[68.71875, 42.0625], [68.875, 42.0625], [68.875, 41.9375], [68.75, 41.9375], [68.71875, 42.0625]], [[69.84375, 41.96875], [70.0, 41.96875], [70.0, 41.65625], [69.84375, 41.6875], [69.84375, 41.96875]], [[14.46875, 41.9375], [14.90625, 41.78125], [14.9375, 41.5625], [14.53125, 41.5], [14.46875, 41.9375]], [[72.5625, 41.8125], [72.65625, 41.90625], [72.65625, 41.8125], [72.5625, 41.8125]], [[70.0625, 41.75], [70.15625, 41.875], [70.15625, 41.75], [70.0625, 41.75]], [[16.1875, 41.84375], [16.4375, 41.8125], [16.4375, 41.6875], [16.0625, 41.625], [16.1875, 41.84375]], [[27.34375, 41.8125], [27.59375, 41.78125], [27.5625, 41.5625], [27.28125, 41.5625], [27.34375, 41.8125]], [[72.875, 41.75], [73.0625, 41.53125], [72.96875, 41.34375], [72.78125, 41.53125], [72.875, 41.75]], [[73.0625, 41.59375], [73.21875, 41.71875], [73.21875, 41.59375], [73.0625, 41.59375]], [[73.625, 41.46875], [74.0, 41.3125], [74.0, 41.0], [73.625, 40.96875], [73.625, 41.46875]], [[72.78125, 41.21875], [72.90625, 41.3125], [72.90625, 41.21875], [72.78125, 41.21875]], [[71.6875, 41.125], [71.84375, 41.125], [71.84375, 41.0], [71.71875, 41.0], [71.6875, 41.125]], [[76.03125, 40.875], [76.125, 40.96875], [76.125, 40.875], [76.03125, 40.875]], [[23.53125, 40.71875], [23.6875, 40.59375], [24.09375, 40.6875], [24.21875, 40.53125], [24.25, 40.25], [24.09375, 40.25], [24.0625, 40.0], [22.4375, 40.0625], [22.40625, 39.84375], [22.03125, 39.6875], [22.09375, 40.1875], [23.40625, 40.375], [23.53125, 40.71875]], [[73.625, 40.5], [73.75, 40.625], [73.75, 40.53125], [73.625, 40.5]], [[6.0, 40.25], [6.1875, 40.25], [6.1875, 40.15625], [6.03125, 40.125], [6.0, 40.25]], [[6.9375, 40.0625], [7.03125, 40.1875], [7.03125, 40.0625], [6.9375, 40.0625]], [[165.9375, 40.0], [166.0625, 40.125], [166.0625, 40.03125], [165.9375, 40.0]], [[7.125, 39.78125], [7.1875, 39.96875], [7.21875, 39.78125], [7.125, 39.78125]], [[160.0625, 39.59375], [160.21875, 39.71875], [160.1875, 39.5625], [160.0625, 39.59375]], [[76.1875, 39.65625], [76.46875, 39.59375], [76.3125, 39.34375], [76.1875, 39.375], [76.1875, 39.65625]], [[-52.375, 39.46875], [-52.21875, 39.59375], [-52.21875, 39.46875], [-52.375, 39.46875]], [[7.1875, 39.5], [7.3125, 39.59375], [7.3125, 39.5], [7.1875, 39.5]], [[74.875, 39.28125], [74.96875, 39.4375], [75.03125, 39.21875], [74.875, 39.28125]], [[76.75, 39.4375], [76.8125, 39.28125], [76.4375, 39.21875], [76.4375, 39.34375], [76.75, 39.4375]], [[161.6875, 39.4375], [161.9375, 39.4375], [161.9375, 39.3125], [161.75, 39.25], [161.6875, 39.4375]], [[75.84375, 38.78125], [75.9375, 38.875], [75.9375, 38.78125], [75.84375, 38.78125]], [[76.46875, 38.875], [76.71875, 38.625], [76.6875, 38.3125], [76.53125, 38.3125], [76.625, 38.625], [76.46875, 38.875]], [[160.625, 38.5625], [160.8125, 38.75], [160.90625, 38.53125], [160.625, 38.5625]], [[77.1875, 38.375], [77.71875, 38.34375], [77.65625, 37.75], [77.25, 37.9375], [77.3125, 38.21875], [77.125, 38.25], [77.1875, 38.375]], [[76.4375, 38.15625], [76.53125, 38.28125], [76.53125, 38.15625], [76.4375, 38.15625]], [[78.0, 38.09375], [78.09375, 37.9375], [77.90625, 37.71875], [77.84375, 37.9375], [78.0, 38.09375]], [[161.46875, 37.125], [161.59375, 37.25], [161.59375, 37.125], [161.46875, 37.125]], [[76.625, 37.03125], [76.78125, 36.96875], [76.8125, 36.78125], [76.46875, 36.875], [76.625, 37.03125]], [[-2.65625, 36.90625], [-2.5625, 36.625], [-2.8125, 36.5], [-2.6875, 36.6875], [-2.65625, 36.90625]], [[76.9375, 36.8125], [77.15625, 36.78125], [77.125, 36.5625], [77.0, 36.5625], [76.9375, 36.8125]], [[-4.4375, 36.59375], [-4.28125, 36.71875], [-4.28125, 36.59375], [-4.4375, 36.59375]], [[78.5, 36.4375], [78.59375, 36.53125], [78.59375, 36.4375], [78.5, 36.4375]], [[-2.96875, 36.40625], [-2.84375, 36.5], [-2.84375, 36.40625], [-2.96875, 36.40625]], [[77.6875, 36.40625], [77.78125, 36.5], [77.78125, 36.40625], [77.6875, 36.40625]], [[79.21875, 36.46875], [79.40625, 36.46875], [79.40625, 36.34375], [79.25, 36.34375], [79.21875, 36.46875]], [[77.9375, 36.34375], [78.125, 36.4375], [78.125, 36.34375], [77.9375, 36.34375]], [[76.625, 36.25], [76.71875, 36.34375], [76.71875, 36.25], [76.625, 36.25]], [[78.5, 36.21875], [79.375, 36.0625], [79.625, 35.84375], [79.59375, 35.59375], [78.625, 35.65625], [78.625, 35.8125], [78.96875, 35.875], [79.03125, 36.03125], [78.5625, 36.0], [78.5, 36.21875]], [[-3.53125, 36.0], [-3.4375, 36.15625], [-3.4375, 36.0], [-3.53125, 36.0]], [[78.21875, 35.5], [78.375, 35.5], [78.34375, 35.34375], [78.21875, 35.34375], [78.21875, 35.5]], [[79.90625, 34.3125], [80.0, 34.4375], [80.0, 34.3125], [79.90625, 34.3125]], [[79.875, 34.21875], [80.25, 34.25], [80.34375, 33.9375], [79.875, 34.0625], [79.875, 34.21875]], [[80.65625, 34.125], [80.75, 34.21875], [80.75, 34.125], [80.65625, 34.125]], [[164.53125, 34.125], [164.625, 34.21875], [164.625, 34.125], [164.53125, 34.125]], [[79.5625, 33.90625], [79.65625, 34.0], [79.65625, 33.90625], [79.5625, 33.90625]], [[80.1875, 33.4375], [80.25, 33.5625], [80.28125, 33.4375], [80.1875, 33.4375]], [[-53.28125, 33.15625], [-52.78125, 33.34375], [-52.5625, 33.03125], [-52.3125, 33.03125], [-52.28125, 32.8125], [-52.46875, 32.6875], [-53.1875, 32.78125], [-53.28125, 33.15625]], [[-142.4375, 33.0625], [-142.34375, 33.15625], [-142.34375, 33.0625], [-142.4375, 33.0625]], [[-51.53125, 32.78125], [-51.21875, 32.71875], [-51.53125, 32.625], [-51.53125, 32.78125]], [[-176.625, 32.78125], [-176.4375, 32.71875], [-176.53125, 32.375], [-176.8125, 32.375], [-176.625, 32.78125]], [[172.0625, 32.5625], [172.3125, 32.46875], [172.3125, 32.34375], [172.03125, 32.28125], [172.0625, 32.5625]], [[-144.125, 32.03125], [-144.03125, 32.1875], [-143.9375, 31.9375], [-144.125, 32.03125]], [[-51.03125, 32.0], [-50.6875, 32.09375], [-50.6875, 32.0], [-51.03125, 32.0]], [[167.9375, 31.96875], [168.03125, 32.0625], [168.03125, 31.96875], [167.9375, 31.96875]], [[167.4375, 32.03125], [167.75, 31.84375], [167.71875, 30.84375], [167.40625, 30.40625], [167.0625, 30.40625], [167.0, 30.5625], [166.75, 30.4375], [166.59375, 31.03125], [166.6875, 31.4375], [167.09375, 31.40625], [166.9375, 31.71875], [167.4375, 32.03125]], [[-53.75, 31.96875], [-53.53125, 31.9375], [-53.5, 31.78125], [-53.6875, 31.8125], [-53.75, 31.96875]], [[-53.28125, 31.84375], [-53.125, 31.96875], [-53.125, 31.8125], [-53.28125, 31.84375]], [[-143.5625, 31.78125], [-143.46875, 31.9375], [-143.46875, 31.78125], [-143.5625, 31.78125]], [[-50.6875, 31.8125], [-50.46875, 31.78125], [-50.46875, 31.6875], [-50.6875, 31.6875], [-50.6875, 31.8125]], [[-12.6875, 31.6875], [-12.59375, 31.8125], [-12.59375, 31.6875], [-12.6875, 31.6875]], [[81.40625, 31.65625], [81.5, 31.75], [81.5, 31.65625], [81.40625, 31.65625]], [[-143.53125, 31.71875], [-143.34375, 31.6875], [-143.34375, 31.5625], [-143.53125, 31.5625], [-143.53125, 31.71875]], [[170.9375, 31.34375], [171.09375, 31.5], [171.125, 31.34375], [170.9375, 31.34375]], [[170.5625, 31.34375], [170.65625, 31.4375], [170.65625, 31.34375], [170.5625, 31.34375]], [[170.78125, 31.21875], [170.9375, 31.34375], [170.9375, 31.21875], [170.78125, 31.21875]], [[-53.1875, 31.125], [-52.875, 31.1875], [-52.96875, 30.6875], [-53.1875, 30.75], [-53.1875, 31.125]], [[-10.96875, 31.15625], [-10.65625, 31.0625], [-10.625, 30.90625], [-10.90625, 30.96875], [-10.96875, 31.15625]], [[-177.5, 31.03125], [-177.40625, 31.125], [-177.40625, 31.03125], [-177.5, 31.03125]], [[166.40625, 30.625], [166.5625, 30.59375], [166.5625, 30.5], [166.4375, 30.5], [166.40625, 30.625]], [[84.28125, 30.5625], [84.4375, 30.5625], [84.375, 30.15625], [84.28125, 30.15625], [84.28125, 30.5625]], [[-52.53125, 30.5], [-52.375, 30.375], [-52.78125, 30.28125], [-52.78125, 30.40625], [-52.53125, 30.5]], [[-13.3125, 30.34375], [-13.1875, 30.3125], [-13.1875, 30.0], [-13.375, 30.09375], [-13.3125, 30.34375]], [[84.59375, 30.28125], [84.75, 30.25], [84.71875, 30.0], [84.625, 30.0], [84.59375, 30.28125]], [[-52.625, 29.78125], [-52.4375, 29.875], [-52.46875, 29.75], [-52.625, 29.78125]], [[-51.84375, 29.6875], [-50.6875, 29.34375], [-50.375, 28.875], [-49.9375, 28.6875], [-49.9375, 28.21875], [-50.28125, 28.0], [-50.34375, 27.75], [-50.5625, 27.75], [-50.5625, 27.90625], [-51.1875, 28.40625], [-51.84375, 28.6875], [-51.84375, 29.6875]], [[-15.59375, 29.40625], [-15.46875, 29.53125], [-15.46875, 29.375], [-15.59375, 29.40625]], [[-54.90625, 29.40625], [-54.78125, 29.5], [-54.78125, 29.40625], [-54.90625, 29.40625]], [[-54.40625, 29.4375], [-53.3125, 29.3125], [-53.09375, 29.09375], [-52.875, 29.15625], [-52.875, 28.78125], [-53.09375, 28.90625], [-53.09375, 28.59375], [-53.25, 28.5], [-54.03125, 28.625], [-54.21875, 28.90625], [-54.4375, 28.90625], [-54.46875, 29.0625], [-54.28125, 29.09375], [-54.625, 29.21875], [-54.40625, 29.4375]], [[-15.71875, 28.96875], [-15.4375, 28.9375], [-15.375, 28.78125], [-16.03125, 28.71875], [-15.71875, 28.96875]], [[-12.4375, 28.8125], [-12.34375, 28.9375], [-12.34375, 28.8125], [-12.4375, 28.8125]], [[-55.78125, 28.84375], [-55.53125, 28.71875], [-55.53125, 28.625], [-55.78125, 28.71875], [-55.78125, 28.84375]], [[-56.0625, 28.28125], [-56.0, 28.46875], [-55.9375, 28.25], [-56.0625, 28.28125]], [[-16.28125, 28.34375], [-16.15625, 28.4375], [-16.15625, 28.34375], [-16.28125, 28.34375]], [[-55.9375, 28.15625], [-55.59375, 28.125], [-55.5, 27.96875], [-55.84375, 28.0], [-55.9375, 28.15625]], [[169.96875, 27.21875], [170.0625, 27.3125], [170.0625, 27.21875], [169.96875, 27.21875]], [[170.0, 27.0625], [170.09375, 27.15625], [170.09375, 27.0625], [170.0, 27.0625]], [[-55.375, 26.5625], [-54.8125, 26.53125], [-54.6875, 26.40625], [-55.3125, 26.09375], [-55.21875, 26.34375], [-55.375, 26.5625]], [[-51.65625, 26.40625], [-51.5625, 26.5], [-51.5625, 26.40625], [-51.65625, 26.40625]], [[169.6875, 26.15625], [169.8125, 26.25], [169.8125, 26.15625], [169.6875, 26.15625]], [[-52.40625, 25.90625], [-52.21875, 26.0], [-52.21875, 25.90625], [-52.40625, 25.90625]], [[-53.1875, 25.90625], [-52.65625, 25.75], [-52.75, 25.3125], [-53.0625, 25.40625], [-53.0625, 25.65625], [-53.25, 25.71875], [-53.1875, 25.90625]], [[171.1875, 25.90625], [171.34375, 25.84375], [171.34375, 25.71875], [171.1875, 25.78125], [171.1875, 25.90625]], [[176.0625, 25.78125], [176.28125, 25.78125], [176.15625, 25.40625], [176.40625, 25.03125], [176.28125, 24.65625], [176.5, 24.15625], [176.84375, 24.03125], [176.96875, 23.71875], [177.25, 23.6875], [177.09375, 23.625], [177.1875, 23.28125], [177.4375, 23.40625], [177.46875, 23.15625], [177.71875, 22.9375], [177.71875, 22.75], [177.4375, 22.5], [177.34375, 22.90625], [177.09375, 22.78125], [177.21875, 22.46875], [176.90625, 22.5625], [176.8125, 23.0], [177.09375, 23.25], [177.03125, 23.40625], [176.03125, 23.71875], [176.0, 24.0625], [175.78125, 24.09375], [175.625, 24.59375], [175.375, 24.65625], [175.78125, 24.96875], [175.46875, 25.1875], [175.46875, 25.3125], [175.84375, 25.3125], [176.0625, 25.78125]], [[174.40625, 25.46875], [174.5625, 25.46875], [174.5, 25.28125], [174.375, 25.28125], [174.40625, 25.46875]], [[-20.96875, 25.40625], [-20.6875, 25.40625], [-20.625, 25.25], [-20.84375, 25.25], [-20.96875, 25.40625]], [[172.4375, 25.125], [172.53125, 25.21875], [172.53125, 25.125], [172.4375, 25.125]], [[175.375, 25.09375], [175.46875, 25.1875], [175.46875, 25.09375], [175.375, 25.09375]], [[-52.71875, 24.84375], [-52.5, 24.8125], [-52.5, 24.65625], [-52.625, 24.625], [-52.71875, 24.84375]], [[171.5, 24.71875], [171.59375, 24.8125], [171.59375, 24.71875], [171.5, 24.71875]], [[-52.40625, 24.5], [-51.9375, 24.75], [-52.0, 24.375], [-52.375, 24.375], [-52.40625, 24.5]], [[-21.59375, 24.59375], [-21.4375, 24.6875], [-21.4375, 24.59375], [-21.59375, 24.59375]], [[88.6875, 24.59375], [88.78125, 24.6875], [88.78125, 24.59375], [88.6875, 24.59375]], [[171.34375, 24.5625], [171.46875, 24.6875], [171.46875, 24.59375], [171.34375, 24.5625]], [[-21.3125, 24.5], [-21.1875, 24.59375], [-21.1875, 24.5], [-21.3125, 24.5]], [[170.4375, 24.59375], [170.59375, 24.59375], [170.78125, 24.375], [170.5, 24.40625], [170.4375, 24.59375]], [[-52.78125, 24.4375], [-52.6875, 24.53125], [-52.6875, 24.4375], [-52.78125, 24.4375]], [[-51.78125, 24.46875], [-51.4375, 24.5], [-51.4375, 24.34375], [-51.84375, 24.21875], [-51.78125, 24.46875]], [[-22.09375, 24.15625], [-21.6875, 24.46875], [-21.75, 24.28125], [-22.09375, 24.15625]], [[-21.46875, 24.34375], [-21.3125, 24.34375], [-21.28125, 24.21875], [-21.46875, 24.1875], [-21.46875, 24.34375]], [[172.25, 24.21875], [172.375, 24.3125], [172.375, 24.21875], [172.25, 24.21875]], [[88.6875, 24.1875], [88.8125, 24.1875], [88.84375, 23.90625], [88.65625, 23.96875], [88.6875, 24.1875]], [[174.46875, 24.0625], [174.5625, 24.15625], [174.5625, 24.0625], [174.46875, 24.0625]], [[-50.375, 23.625], [-50.28125, 23.3125], [-50.71875, 23.25], [-50.75, 23.4375], [-50.375, 23.625]], [[169.34375, 23.5], [169.46875, 23.59375], [169.46875, 23.5], [169.34375, 23.5]], [[172.59375, 23.21875], [172.71875, 23.34375], [172.71875, 23.21875], [172.59375, 23.21875]], [[178.84375, 22.78125], [178.9375, 22.875], [178.9375, 22.78125], [178.84375, 22.78125]], [[177.8125, 22.25], [177.90625, 22.03125], [177.71875, 21.96875], [177.8125, 22.09375], [177.8125, 22.25]], [[-147.6875, 22.09375], [-147.59375, 22.1875], [-147.59375, 22.09375], [-147.6875, 22.09375]], [[172.84375, 22.15625], [173.0625, 22.15625], [173.0625, 22.03125], [172.84375, 22.0], [172.84375, 22.15625]], [[-147.46875, 22.09375], [-147.3125, 22.09375], [-147.375, 21.75], [-147.53125, 21.90625], [-147.46875, 22.09375]], [[-23.28125, 21.5625], [-23.1875, 21.71875], [-23.1875, 21.5625], [-23.28125, 21.5625]], [[-147.96875, 21.5625], [-147.71875, 21.6875], [-147.71875, 21.59375], [-147.96875, 21.5625]], [[172.4375, 21.34375], [172.53125, 21.5], [172.53125, 21.34375], [172.4375, 21.34375]], [[-148.1875, 21.0625], [-148.125, 20.75], [-148.25, 20.6875], [-148.28125, 21.0], [-148.1875, 21.0625]], [[-24.0, 20.875], [-23.90625, 20.96875], [-23.90625, 20.875], [-24.0, 20.875]], [[-23.75, 20.875], [-23.53125, 20.875], [-23.5, 20.5], [-23.6875, 20.5625], [-23.75, 20.875]], [[-49.90625, 19.9375], [-49.8125, 20.03125], [-49.8125, 19.9375], [-49.90625, 19.9375]], [[178.15625, 19.65625], [178.34375, 19.5625], [178.40625, 19.34375], [178.09375, 19.5], [178.15625, 19.65625]], [[177.9375, 19.4375], [178.09375, 19.4375], [178.15625, 19.1875], [178.0, 19.1875], [177.9375, 19.4375]], [[-26.59375, 19.3125], [-26.5, 19.40625], [-26.5, 19.3125], [-26.59375, 19.3125]], [[177.4375, 19.3125], [177.5625, 19.3125], [177.5625, 19.0], [177.40625, 19.0625], [177.4375, 19.3125]], [[177.75, 19.1875], [177.875, 19.28125], [177.875, 19.1875], [177.75, 19.1875]], [[-49.25, 18.46875], [-49.15625, 18.9375], [-49.15625, 18.46875], [-49.25, 18.46875]], [[-29.0, 18.78125], [-28.84375, 18.9375], [-28.875, 18.78125], [-29.0, 18.78125]], [[-179.15625, 18.59375], [-179.03125, 18.71875], [-179.0625, 18.59375], [-179.15625, 18.59375]], [[177.0625, 18.53125], [177.15625, 18.6875], [177.21875, 18.53125], [177.0625, 18.53125]], [[177.40625, 18.5625], [177.59375, 18.5], [177.40625, 18.4375], [177.40625, 18.5625]], [[-28.34375, 18.4375], [-28.21875, 18.53125], [-28.21875, 18.4375], [-28.34375, 18.4375]], [[-179.28125, 18.21875], [-179.125, 18.40625], [-179.125, 18.21875], [-179.28125, 18.21875]], [[-178.40625, 18.21875], [-178.3125, 18.375], [-178.3125, 18.21875], [-178.40625, 18.21875]], [[-49.15625, 18.375], [-48.875, 18.21875], [-48.84375, 18.03125], [-49.0, 18.0625], [-49.15625, 18.375]], [[-170.46875, 17.96875], [-170.1875, 18.3125], [-170.21875, 18.0], [-170.46875, 17.96875]], [[-178.46875, 18.1875], [-178.4375, 17.9375], [-179.0625, 17.96875], [-178.625, 18.03125], [-178.46875, 18.1875]], [[-49.28125, 17.96875], [-49.1875, 18.0625], [-49.1875, 17.96875], [-49.28125, 17.96875]], [[-27.96875, 17.96875], [-27.875, 18.0625], [-27.875, 17.96875], [-27.96875, 17.96875]], [[-171.0625, 17.90625], [-170.9375, 18.03125], [-170.9375, 17.9375], [-171.0625, 17.90625]], [[177.03125, 17.9375], [177.125, 18.03125], [177.125, 17.9375], [177.03125, 17.9375]], [[178.4375, 17.875], [178.59375, 17.6875], [178.25, 17.6875], [178.25, 17.8125], [178.4375, 17.875]], [[-170.59375, 17.84375], [-170.5, 17.75], [-170.71875, 17.25], [-170.5, 17.1875], [-171.03125, 17.15625], [-171.28125, 17.53125], [-170.96875, 17.4375], [-170.59375, 17.84375]], [[176.6875, 17.6875], [176.8125, 17.8125], [176.8125, 17.6875], [176.6875, 17.6875]], [[-170.21875, 17.6875], [-169.84375, 17.46875], [-169.46875, 17.46875], [-169.46875, 17.34375], [-169.84375, 17.3125], [-169.84375, 17.21875], [-169.90625, 17.15625], [-170.0, 17.15625], [-170.21875, 17.6875]], [[176.84375, 17.65625], [177.0, 17.65625], [177.03125, 17.5], [176.84375, 17.5], [176.84375, 17.65625]], [[106.90625, 17.5], [107.0, 17.625], [107.0, 17.5], [106.90625, 17.5]], [[-32.4375, 17.5], [-32.28125, 17.59375], [-32.28125, 17.5], [-32.4375, 17.5]], [[176.5, 17.5], [176.59375, 17.59375], [176.59375, 17.5], [176.5, 17.5]], [[-32.65625, 17.5625], [-32.5, 17.4375], [-32.78125, 17.1875], [-32.8125, 17.375], [-32.65625, 17.5625]], [[110.71875, 17.5625], [111.0625, 17.4375], [111.09375, 17.21875], [110.75, 17.28125], [110.71875, 17.5625]], [[-171.46875, 17.4375], [-171.375, 17.53125], [-171.375, 17.4375], [-171.46875, 17.4375]], [[109.0, 17.375], [109.125, 17.46875], [109.125, 17.375], [109.0, 17.375]], [[-29.84375, 17.34375], [-29.6875, 17.34375], [-29.71875, 17.1875], [-29.84375, 17.1875], [-29.84375, 17.34375]], [[106.25, 17.25], [106.34375, 17.34375], [106.34375, 17.25], [106.25, 17.25]], [[-170.21875, 17.15625], [-170.0, 17.15625], [-169.96875, 16.96875], [-170.1875, 16.875], [-170.21875, 17.15625]], [[99.75, 17.125], [99.90625, 17.09375], [99.90625, 16.9375], [99.8125, 16.9375], [99.75, 17.125]], [[-171.25, 16.9375], [-171.03125, 16.875], [-171.03125, 16.78125], [-171.21875, 16.78125], [-171.25, 16.9375]], [[175.1875, 16.71875], [175.3125, 16.84375], [175.3125, 16.71875], [175.1875, 16.71875]], [[175.34375, 16.75], [175.53125, 16.625], [175.4375, 16.28125], [175.125, 16.53125], [175.125, 16.625], [175.28125, 16.625], [175.34375, 16.75]], [[111.28125, 16.5], [111.40625, 16.65625], [111.375, 16.5], [111.28125, 16.5]], [[174.78125, 16.375], [175.0, 16.625], [175.0, 16.4375], [174.78125, 16.375]], [[174.53125, 16.40625], [174.625, 16.5], [174.625, 16.40625], [174.53125, 16.40625]], [[-47.625, 16.34375], [-47.5, 16.46875], [-47.5, 16.34375], [-47.625, 16.34375]], [[113.4375, 16.3125], [113.53125, 16.4375], [113.53125, 16.3125], [113.4375, 16.3125]], [[-148.59375, 16.28125], [-148.5, 16.375], [-148.5, 16.28125], [-148.59375, 16.28125]], [[115.34375, 16.375], [115.65625, 16.21875], [115.6875, 16.0625], [115.375, 16.0], [115.34375, 16.375]], [[-34.5625, 16.25], [-34.3125, 16.0], [-34.0625, 16.15625], [-33.71875, 15.53125], [-34.4375, 15.90625], [-34.5625, 16.25]], [[175.375, 16.21875], [175.53125, 16.21875], [175.5625, 16.0625], [175.25, 15.6875], [175.1875, 15.90625], [175.375, 16.21875]], [[172.78125, 16.03125], [172.96875, 16.125], [172.96875, 16.03125], [172.78125, 16.03125]], [[117.625, 15.90625], [117.75, 16.0], [117.75, 15.90625], [117.625, 15.90625]], [[173.875, 15.875], [174.0, 15.96875], [174.0, 15.875], [173.875, 15.875]], [[-168.71875, 15.9375], [-168.375, 15.9375], [-168.375, 15.84375], [-168.59375, 15.6875], [-168.71875, 15.9375]], [[174.3125, 15.84375], [174.40625, 15.9375], [174.40625, 15.84375], [174.3125, 15.84375]], [[174.09375, 15.78125], [174.21875, 15.90625], [174.21875, 15.78125], [174.09375, 15.78125]], [[-46.25, 15.875], [-46.0625, 15.8125], [-45.65625, 14.84375], [-46.28125, 14.875], [-46.15625, 15.34375], [-46.25, 15.875]], [[117.125, 15.8125], [117.375, 15.78125], [117.34375, 15.5], [117.5625, 15.375], [117.53125, 15.21875], [117.03125, 15.5625], [117.125, 15.8125]], [[116.40625, 15.5625], [116.59375, 15.59375], [116.59375, 15.5], [116.40625, 15.5625]], [[-35.125, 15.28125], [-35.03125, 15.375], [-35.03125, 15.28125], [-35.125, 15.28125]], [[173.9375, 15.375], [174.125, 15.28125], [174.09375, 15.03125], [174.03125, 15.28125], [173.84375, 15.21875], [173.9375, 15.375]], [[174.28125, 15.28125], [174.375, 15.375], [174.375, 15.28125], [174.28125, 15.28125]], [[-33.78125, 15.0625], [-33.375, 14.78125], [-33.3125, 14.59375], [-33.65625, 14.65625], [-33.875, 14.9375], [-33.78125, 15.0625]], [[-43.875, 14.84375], [-43.78125, 14.9375], [-43.78125, 14.84375], [-43.875, 14.84375]], [[-43.1875, 14.75], [-43.09375, 14.84375], [-43.09375, 14.75], [-43.1875, 14.75]], [[-36.71875, 14.84375], [-36.4375, 14.71875], [-36.3125, 14.1875], [-36.65625, 13.1875], [-36.90625, 13.15625], [-37.0625, 13.9375], [-36.59375, 14.125], [-36.53125, 14.46875], [-36.71875, 14.84375]], [[-43.21875, 14.5625], [-43.09375, 14.6875], [-43.0625, 14.5], [-43.21875, 14.5625]], [[-33.75, 14.5625], [-33.40625, 14.5], [-33.4375, 13.75], [-33.625, 13.90625], [-33.75, 14.5625]], [[98.53125, 14.5], [98.6875, 14.46875], [98.8125, 14.21875], [98.65625, 14.21875], [98.53125, 14.5]], [[-34.03125, 14.34375], [-33.96875, 14.46875], [-33.9375, 14.34375], [-34.03125, 14.34375]], [[175.75, 14.46875], [175.78125, 14.21875], [175.53125, 14.21875], [175.75, 14.34375], [175.75, 14.46875]], [[-42.875, 14.21875], [-42.8125, 14.40625], [-42.6875, 14.1875], [-42.875, 14.21875]], [[119.6875, 14.15625], [119.8125, 14.3125], [119.8125, 14.15625], [119.6875, 14.15625]], [[-174.625, 14.0], [-174.53125, 14.09375], [-174.53125, 14.0], [-174.625, 14.0]], [[119.71875, 13.96875], [119.875, 14.03125], [119.875, 13.9375], [119.71875, 13.96875]], [[175.03125, 13.9375], [175.125, 14.03125], [175.125, 13.9375], [175.03125, 13.9375]], [[-34.8125, 13.90625], [-34.3125, 13.53125], [-33.8125, 13.53125], [-33.84375, 11.84375], [-34.0625, 11.375], [-33.71875, 11.15625], [-33.8125, 10.78125], [-33.3125, 10.40625], [-33.125, 9.78125], [-33.625, 9.09375], [-34.53125, 9.0625], [-34.65625, 9.1875], [-35.03125, 8.9375], [-35.21875, 9.1875], [-35.15625, 9.84375], [-35.5, 10.28125], [-35.21875, 11.5625], [-35.90625, 12.1875], [-36.0, 13.0625], [-35.96875, 13.53125], [-35.5625, 13.40625], [-35.59375, 13.65625], [-35.40625, 13.875], [-34.90625, 13.59375], [-34.8125, 13.90625]], [[-33.21875, 13.90625], [-32.8125, 13.65625], [-32.6875, 12.875], [-32.9375, 12.75], [-33.34375, 12.0625], [-33.46875, 12.9375], [-33.21875, 13.90625]], [[-174.28125, 13.875], [-173.84375, 13.59375], [-173.71875, 13.25], [-173.3125, 13.21875], [-173.125, 12.78125], [-172.71875, 12.65625], [-172.59375, 12.0625], [-172.84375, 11.90625], [-172.8125, 11.71875], [-173.125, 11.65625], [-173.0625, 11.25], [-173.15625, 11.4375], [-173.84375, 11.21875], [-174.375, 11.25], [-174.34375, 11.375], [-174.625, 11.25], [-174.84375, 11.625], [-174.78125, 11.78125], [-174.59375, 11.75], [-174.75, 11.9375], [-174.96875, 11.8125], [-175.0625, 12.09375], [-175.28125, 12.125], [-175.25, 11.90625], [-175.40625, 11.90625], [-175.6875, 12.28125], [-175.75, 12.15625], [-175.53125, 11.96875], [-175.53125, 11.8125], [-175.6875, 11.78125], [-175.875, 12.0625], [-175.78125, 12.40625], [-175.4375, 12.25], [-175.25, 12.40625], [-175.40625, 12.96875], [-175.09375, 13.28125], [-175.375, 13.34375], [-175.0625, 13.40625], [-175.0, 13.75], [-174.28125, 13.65625], [-174.28125, 13.875]], [[-169.28125, 13.84375], [-169.15625, 13.65625], [-169.4375, 13.625], [-169.46875, 13.78125], [-169.28125, 13.84375]], [[174.0, 13.78125], [174.03125, 13.0], [173.84375, 12.8125], [173.875, 13.4375], [174.0, 13.78125]], [[-172.90625, 13.4375], [-172.84375, 13.25], [-173.03125, 13.09375], [-173.03125, 13.3125], [-172.90625, 13.4375]], [[-36.25, 13.09375], [-36.125, 13.21875], [-36.125, 13.125], [-36.25, 13.09375]], [[-172.875, 13.125], [-172.4375, 12.96875], [-172.46875, 12.78125], [-172.59375, 12.75], [-172.875, 13.125]], [[131.53125, 13.0], [131.625, 13.125], [131.625, 13.0], [131.53125, 13.0]], [[123.65625, 13.0625], [123.90625, 12.90625], [124.0, 13.0], [124.40625, 12.90625], [124.1875, 12.78125], [124.1875, 12.59375], [123.75, 12.59375], [123.84375, 12.84375], [123.5625, 12.78125], [123.65625, 13.0625]], [[173.25, 12.5], [173.375, 12.5], [173.34375, 12.3125], [173.25, 12.3125], [173.25, 12.5]], [[-36.3125, 12.21875], [-36.21875, 12.3125], [-36.21875, 12.21875], [-36.3125, 12.21875]], [[-36.1875, 12.125], [-36.03125, 12.0625], [-36.03125, 11.90625], [-36.125, 11.90625], [-36.1875, 12.125]], [[-37.0625, 12.03125], [-36.78125, 11.84375], [-36.8125, 11.375], [-37.0625, 11.5625], [-37.0625, 12.03125]], [[174.15625, 11.90625], [174.28125, 12.03125], [174.25, 11.90625], [174.15625, 11.90625]], [[-39.6875, 11.96875], [-39.53125, 11.96875], [-39.5, 11.78125], [-39.6875, 11.75], [-39.6875, 11.96875]], [[-175.375, 11.6875], [-175.28125, 11.78125], [-175.28125, 11.6875], [-175.375, 11.6875]], [[-35.90625, 11.53125], [-35.59375, 11.6875], [-35.625, 11.53125], [-35.90625, 11.53125]], [[179.75, 11.59375], [179.875, 11.71875], [179.875, 11.59375], [179.75, 11.59375]], [[129.09375, 11.5625], [129.21875, 11.6875], [129.21875, 11.5625], [129.09375, 11.5625]], [[-147.65625, 11.65625], [-147.46875, 11.625], [-147.46875, 11.5], [-147.625, 11.53125], [-147.65625, 11.65625]], [[-145.21875, 11.65625], [-145.03125, 11.625], [-144.9375, 11.40625], [-145.15625, 11.15625], [-145.40625, 11.34375], [-145.21875, 11.65625]], [[-35.4375, 11.5625], [-35.3125, 11.5625], [-35.34375, 11.3125], [-35.46875, 11.34375], [-35.4375, 11.5625]], [[-147.5, 11.3125], [-146.84375, 11.3125], [-146.75, 11.09375], [-147.03125, 11.0], [-147.03125, 11.15625], [-147.625, 11.15625], [-147.5, 11.3125]], [[-175.46875, 11.28125], [-174.84375, 11.03125], [-174.84375, 10.75], [-175.0, 10.71875], [-174.90625, 10.40625], [-175.5625, 10.53125], [-175.28125, 10.71875], [-175.46875, 11.28125]], [[171.78125, 11.125], [171.875, 11.25], [171.875, 11.125], [171.78125, 11.125]], [[172.46875, 11.03125], [172.59375, 11.125], [172.59375, 11.03125], [172.46875, 11.03125]], [[-173.84375, 10.9375], [-173.78125, 11.09375], [-173.75, 10.9375], [-173.84375, 10.9375]], [[-146.65625, 10.96875], [-146.53125, 11.09375], [-146.53125, 11.0], [-146.65625, 10.96875]], [[125.59375, 11.09375], [125.875, 11.0625], [125.90625, 10.90625], [125.6875, 10.90625], [125.59375, 11.09375]], [[-148.625, 10.8125], [-148.5625, 10.9375], [-148.53125, 10.8125], [-148.625, 10.8125]], [[-147.0, 10.90625], [-146.875, 10.75], [-146.625, 10.90625], [-146.5625, 10.59375], [-146.90625, 10.59375], [-147.0, 10.90625]], [[178.46875, 10.71875], [178.65625, 10.90625], [178.6875, 10.78125], [178.46875, 10.71875]], [[-147.4375, 10.78125], [-147.34375, 10.875], [-147.34375, 10.78125], [-147.4375, 10.78125]], [[-147.1875, 10.59375], [-147.15625, 10.875], [-147.03125, 10.5625], [-147.1875, 10.59375]], [[-145.0, 10.65625], [-144.96875, 10.875], [-144.90625, 10.65625], [-145.0, 10.65625]], [[172.84375, 10.6875], [173.0625, 10.84375], [173.0, 10.65625], [172.84375, 10.6875]], [[-146.53125, 10.78125], [-146.375, 10.78125], [-146.28125, 10.625], [-146.5, 10.65625], [-146.53125, 10.78125]], [[-145.6875, 10.65625], [-145.46875, 10.78125], [-145.46875, 10.6875], [-145.6875, 10.65625]], [[-145.4375, 10.5], [-145.34375, 10.71875], [-145.34375, 10.5], [-145.4375, 10.5]], [[178.46875, 10.53125], [178.625, 10.65625], [178.625, 10.46875], [178.46875, 10.53125]], [[-146.625, 10.5625], [-146.4375, 10.5625], [-146.40625, 10.375], [-146.5625, 10.375], [-146.625, 10.5625]], [[-174.5, 10.3125], [-174.375, 10.46875], [-174.34375, 10.25], [-174.5, 10.3125]], [[-39.5625, 10.34375], [-39.46875, 10.46875], [-39.46875, 10.34375], [-39.5625, 10.34375]], [[-145.875, 10.3125], [-145.78125, 10.40625], [-145.78125, 10.3125], [-145.875, 10.3125]], [[-174.90625, 10.34375], [-174.6875, 10.1875], [-174.875, 10.15625], [-174.8125, 9.875], [-174.96875, 9.78125], [-174.96875, 9.9375], [-175.21875, 10.0], [-175.375, 10.25], [-175.0, 10.21875], [-174.90625, 10.34375]], [[178.46875, 10.09375], [178.65625, 10.34375], [178.71875, 10.09375], [178.46875, 10.09375]], [[-26.65625, 10.3125], [-26.1875, 10.1875], [-26.28125, 9.75], [-26.59375, 9.875], [-26.65625, 10.3125]], [[-174.625, 10.15625], [-174.4375, 10.15625], [-174.40625, 10.03125], [-174.5625, 10.0], [-174.625, 10.15625]], [[-145.65625, 10.0], [-145.53125, 10.125], [-145.5625, 10.0], [-145.65625, 10.0]], [[-175.4375, 10.03125], [-175.3125, 10.03125], [-175.21875, 9.71875], [-175.40625, 9.71875], [-175.4375, 10.03125]], [[-174.40625, 9.84375], [-174.15625, 9.8125], [-174.21875, 9.5625], [-174.3125, 9.5625], [-174.40625, 9.84375]], [[-176.1875, 9.65625], [-176.0, 9.75], [-176.0, 9.65625], [-176.1875, 9.65625]], [[-173.84375, 9.625], [-173.6875, 9.71875], [-173.6875, 9.625], [-173.84375, 9.625]], [[-149.375, 9.0625], [-148.96875, 9.65625], [-149.0625, 9.3125], [-149.375, 9.0625]], [[-174.6875, 9.5625], [-174.625, 9.3125], [-174.8125, 9.40625], [-174.8125, 9.21875], [-175.03125, 9.1875], [-175.09375, 9.40625], [-174.6875, 9.5625]], [[-179.3125, 9.46875], [-179.09375, 9.40625], [-179.28125, 9.34375], [-179.3125, 9.46875]], [[-176.375, 9.3125], [-176.28125, 9.40625], [-176.28125, 9.3125], [-176.375, 9.3125]], [[-176.8125, 9.1875], [-176.71875, 9.3125], [-176.71875, 9.1875], [-176.8125, 9.1875]], [[-174.375, 9.28125], [-173.96875, 9.15625], [-173.78125, 8.6875], [-174.40625, 8.90625], [-174.375, 9.28125]], [[-176.3125, 9.25], [-176.03125, 9.125], [-176.03125, 9.03125], [-176.28125, 9.0625], [-176.3125, 9.25]], [[-176.59375, 9.09375], [-176.5, 9.1875], [-176.5, 9.09375], [-176.59375, 9.09375]], [[-37.0, 9.15625], [-36.78125, 9.09375], [-36.75, 8.6875], [-37.125, 8.75], [-37.0, 9.15625]], [[-177.3125, 9.125], [-177.1875, 9.125], [-177.125, 8.84375], [-177.28125, 8.84375], [-177.3125, 9.125]], [[-176.875, 9.03125], [-176.78125, 9.125], [-176.78125, 9.03125], [-176.875, 9.03125]], [[-175.96875, 9.03125], [-175.84375, 9.125], [-175.84375, 9.03125], [-175.96875, 9.03125]], [[-176.75, 9.09375], [-176.25, 9.03125], [-176.25, 8.53125], [-176.40625, 8.5625], [-176.375, 8.84375], [-176.78125, 8.875], [-176.75, 9.09375]], [[-174.96875, 8.96875], [-174.5, 9.03125], [-174.53125, 8.84375], [-174.21875, 8.59375], [-174.78125, 8.53125], [-174.96875, 8.96875]], [[-149.46875, 8.75], [-149.375, 8.96875], [-149.375, 8.75], [-149.46875, 8.75]], [[173.25, 8.9375], [173.34375, 8.8125], [173.25, 8.8125], [173.25, 8.78125], [173.15625, 8.78125], [173.25, 8.9375]], [[-177.1875, 8.8125], [-177.03125, 8.75], [-177.0, 8.59375], [-177.15625, 8.625], [-177.1875, 8.8125]], [[172.78125, 8.59375], [173.15625, 8.78125], [173.15625, 8.53125], [172.78125, 8.59375]], [[-176.90625, 8.59375], [-176.6875, 8.34375], [-177.0625, 8.09375], [-177.09375, 8.4375], [-176.90625, 8.59375]], [[-176.25, 8.3125], [-176.1875, 8.5], [-176.15625, 8.3125], [-176.25, 8.3125]], [[-36.96875, 8.5], [-36.5625, 8.15625], [-36.65625, 7.90625], [-36.875, 7.96875], [-36.90625, 8.28125], [-37.09375, 8.34375], [-36.96875, 8.5]], [[-174.9375, 8.3125], [-174.8125, 8.40625], [-174.8125, 8.3125], [-174.9375, 8.3125]], [[-174.75, 8.3125], [-174.65625, 8.40625], [-174.65625, 8.3125], [-174.75, 8.3125]], [[173.125, 8.28125], [173.21875, 8.375], [173.21875, 8.28125], [173.125, 8.28125]], [[-176.375, 8.25], [-175.84375, 7.53125], [-176.0, 7.125], [-176.1875, 7.1875], [-176.125, 7.59375], [-176.28125, 7.46875], [-176.34375, 7.84375], [-176.59375, 7.96875], [-176.375, 8.25]], [[-179.28125, 8.1875], [-178.8125, 8.21875], [-178.75, 7.6875], [-178.875, 7.9375], [-179.34375, 7.96875], [-179.28125, 8.1875]], [[-171.96875, 8.0625], [-171.84375, 8.1875], [-171.84375, 8.0625], [-171.96875, 8.0625]], [[-177.25, 8.15625], [-177.09375, 8.09375], [-177.1875, 7.90625], [-177.3125, 7.9375], [-177.25, 8.15625]], [[-175.40625, 8.0625], [-175.03125, 7.96875], [-175.03125, 7.875], [-175.4375, 7.84375], [-175.40625, 8.0625]], [[-177.625, 7.9375], [-177.53125, 8.03125], [-177.53125, 7.9375], [-177.625, 7.9375]], [[-171.90625, 7.84375], [-171.78125, 8.0], [-171.78125, 7.84375], [-171.90625, 7.84375]], [[-179.40625, 7.78125], [-179.25, 7.78125], [-179.0, 7.46875], [-179.1875, 7.40625], [-179.40625, 7.78125]], [[-177.0, 7.75], [-176.8125, 7.65625], [-176.84375, 7.3125], [-177.09375, 7.53125], [-177.0, 7.75]], [[-176.78125, 7.5625], [-176.6875, 7.65625], [-176.6875, 7.5625], [-176.78125, 7.5625]], [[-174.78125, 7.34375], [-174.65625, 7.4375], [-174.65625, 7.34375], [-174.78125, 7.34375]], [[-30.65625, 7.34375], [-30.5625, 7.4375], [-30.5625, 7.34375], [-30.65625, 7.34375]], [[-171.90625, 7.375], [-171.75, 7.25], [-172.0, 7.1875], [-172.0, 7.28125], [-171.90625, 7.375]], [[95.5, 7.34375], [95.71875, 7.28125], [95.6875, 7.125], [95.5, 7.21875], [95.5, 7.34375]], [[-30.21875, 7.1875], [-30.125, 7.3125], [-30.125, 7.1875], [-30.21875, 7.1875]], [[-174.84375, 7.09375], [-174.71875, 7.09375], [-174.65625, 6.8125], [-174.875, 6.8125], [-174.84375, 7.09375]], [[-174.4375, 7.09375], [-174.1875, 7.03125], [-174.25, 6.71875], [-174.375, 6.71875], [-174.4375, 7.09375]], [[-32.84375, 7.09375], [-32.15625, 6.75], [-31.90625, 5.84375], [-32.21875, 5.78125], [-32.5625, 5.96875], [-33.125, 5.65625], [-33.0, 4.78125], [-33.40625, 4.34375], [-33.21875, 4.0], [-33.40625, 3.0625], [-33.65625, 3.0], [-33.6875, 3.125], [-34.21875, 3.25], [-34.375, 3.03125], [-34.59375, 3.03125], [-34.8125, 3.34375], [-35.34375, 3.3125], [-35.5, 3.5], [-35.34375, 3.53125], [-35.40625, 3.71875], [-35.625, 3.6875], [-35.625, 3.3125], [-36.25, 3.53125], [-36.21875, 4.46875], [-36.0, 4.59375], [-35.875, 5.125], [-35.34375, 5.53125], [-35.0625, 6.375], [-34.625, 6.34375], [-33.96875, 6.625], [-33.46875, 6.4375], [-33.1875, 6.625], [-32.875, 6.59375], [-32.84375, 7.09375]], [[-179.375, 6.9375], [-179.125, 6.90625], [-179.15625, 6.75], [-178.9375, 6.8125], [-178.9375, 6.40625], [-178.78125, 6.09375], [-178.625, 6.1875], [-178.4375, 5.78125], [-177.5, 5.34375], [-177.8125, 5.03125], [-177.75, 4.53125], [-178.03125, 4.4375], [-177.96875, 4.625], [-178.03125, 4.78125], [-178.1875, 4.5625], [-178.6875, 4.5], [-178.59375, 4.84375], [-178.375, 4.90625], [-178.375, 5.15625], [-178.53125, 4.96875], [-178.8125, 5.0625], [-178.75, 5.375], [-178.96875, 5.5625], [-178.8125, 5.96875], [-179.25, 5.96875], [-179.03125, 6.25], [-179.4375, 6.5625], [-179.375, 6.9375]], [[-173.625, 6.71875], [-173.53125, 6.84375], [-173.53125, 6.71875], [-173.625, 6.71875]], [[-33.96875, 6.6875], [-33.875, 6.78125], [-33.875, 6.6875], [-33.96875, 6.6875]], [[-173.59375, 6.46875], [-173.46875, 6.625], [-173.5, 6.46875], [-173.59375, 6.46875]], [[-174.65625, 6.40625], [-174.5625, 6.5], [-174.5625, 6.40625], [-174.65625, 6.40625]], [[93.84375, 6.375], [93.9375, 6.46875], [93.9375, 6.375], [93.84375, 6.375]], [[-178.84375, 6.34375], [-178.75, 6.4375], [-178.75, 6.34375], [-178.84375, 6.34375]], [[-175.5, 6.34375], [-175.40625, 6.4375], [-175.40625, 6.34375], [-175.5, 6.34375]], [[-171.71875, 6.34375], [-171.625, 6.4375], [-171.625, 6.34375], [-171.71875, 6.34375]], [[94.0625, 6.34375], [94.15625, 6.4375], [94.15625, 6.34375], [94.0625, 6.34375]], [[-174.09375, 6.3125], [-174.0, 6.40625], [-174.0, 6.3125], [-174.09375, 6.3125]], [[-174.40625, 6.28125], [-174.3125, 6.375], [-174.3125, 6.28125], [-174.40625, 6.28125]], [[-174.625, 6.34375], [-174.5, 6.3125], [-174.53125, 6.1875], [-174.625, 6.1875], [-174.625, 6.34375]], [[-175.6875, 6.3125], [-175.4375, 6.3125], [-175.3125, 6.09375], [-175.0625, 5.53125], [-175.15625, 5.21875], [-175.46875, 5.25], [-175.46875, 5.40625], [-175.5625, 5.40625], [-175.5625, 5.4375], [-175.59375, 5.4375], [-175.625, 5.53125], [-175.875, 5.5625], [-176.03125, 5.40625], [-176.0625, 5.625], [-176.34375, 5.625], [-176.21875, 6.25], [-175.90625, 6.0625], [-175.6875, 6.3125]], [[-173.03125, 6.1875], [-172.9375, 6.28125], [-172.9375, 6.1875], [-173.03125, 6.1875]], [[-173.65625, 6.25], [-173.4375, 6.15625], [-173.5625, 5.875], [-173.71875, 5.90625], [-173.65625, 6.25]], [[-174.40625, 6.21875], [-174.25, 6.1875], [-174.25, 5.96875], [-174.40625, 6.03125], [-174.40625, 6.21875]], [[-174.03125, 6.09375], [-173.78125, 6.21875], [-173.78125, 6.125], [-174.03125, 6.09375]], [[-176.5, 6.03125], [-176.40625, 6.1875], [-176.40625, 6.03125], [-176.5, 6.03125]], [[-173.84375, 5.9375], [-173.75, 6.03125], [-173.75, 5.9375], [-173.84375, 5.9375]], [[-179.75, 5.9375], [-179.4375, 5.9375], [-179.34375, 5.8125], [-179.46875, 5.65625], [-179.8125, 5.6875], [-179.75, 5.9375]], [[-174.15625, 5.875], [-173.9375, 5.8125], [-173.84375, 5.59375], [-173.96875, 5.5625], [-174.15625, 5.875]], [[-171.28125, 5.6875], [-171.1875, 5.8125], [-171.1875, 5.6875], [-171.28125, 5.6875]], [[-173.6875, 5.65625], [-173.5625, 5.78125], [-173.5625, 5.65625], [-173.6875, 5.65625]], [[-177.46875, 5.65625], [-177.3125, 5.59375], [-177.375, 5.4375], [-177.59375, 5.46875], [-177.46875, 5.65625]], [[-179.15625, 5.46875], [-179.0625, 5.5625], [-179.0625, 5.46875], [-179.15625, 5.46875]], [[82.21875, 5.53125], [82.34375, 5.375], [82.15625, 5.25], [82.21875, 5.40625], [82.21875, 5.53125]], [[-179.0625, 5.34375], [-178.96875, 5.4375], [-178.96875, 5.34375], [-179.0625, 5.34375]], [[-175.6875, 5.3125], [-175.59375, 5.4375], [-175.59375, 5.3125], [-175.6875, 5.3125]], [[-17.96875, 5.4375], [-17.84375, 5.40625], [-17.84375, 5.1875], [-17.9375, 5.1875], [-17.96875, 5.4375]], [[-177.34375, 5.28125], [-177.25, 5.375], [-177.25, 5.28125], [-177.34375, 5.28125]], [[172.5, 5.1875], [172.65625, 5.3125], [172.65625, 5.21875], [172.5, 5.1875]], [[-179.21875, 4.9375], [-179.09375, 5.1875], [-179.09375, 4.90625], [-179.21875, 4.9375]], [[-176.96875, 5.03125], [-176.84375, 5.15625], [-176.84375, 5.0], [-176.96875, 5.03125]], [[-176.21875, 4.96875], [-175.625, 5.15625], [-175.625, 4.875], [-175.9375, 4.625], [-176.21875, 4.96875]], [[-175.5625, 5.0], [-175.46875, 5.09375], [-175.46875, 5.0], [-175.5625, 5.0]], [[-175.03125, 4.875], [-174.90625, 5.0], [-174.90625, 4.90625], [-175.03125, 4.875]], [[-173.0625, 5.0], [-172.6875, 4.78125], [-172.75, 4.3125], [-172.46875, 3.875], [-172.65625, 3.96875], [-172.96875, 3.75], [-173.46875, 3.875], [-173.5, 4.15625], [-173.0625, 5.0]], [[-29.625, 4.90625], [-29.53125, 5.0], [-29.53125, 4.90625], [-29.625, 4.90625]], [[-28.875, 4.96875], [-28.71875, 4.96875], [-28.6875, 4.78125], [-28.84375, 4.8125], [-28.875, 4.96875]], [[-32.59375, 4.78125], [-32.1875, 4.875], [-32.03125, 4.5625], [-32.5625, 4.15625], [-32.59375, 4.78125]], [[172.4375, 4.84375], [172.65625, 4.8125], [172.65625, 4.6875], [172.4375, 4.6875], [172.4375, 4.84375]], [[-179.34375, 4.8125], [-179.03125, 4.59375], [-179.125, 4.3125], [-179.25, 4.3125], [-179.28125, 4.5625], [-179.5, 4.5], [-179.34375, 4.8125]], [[-29.625, 4.71875], [-29.53125, 4.8125], [-29.53125, 4.71875], [-29.625, 4.71875]], [[-29.09375, 4.8125], [-28.5625, 4.46875], [-28.65625, 4.25], [-29.0, 4.34375], [-29.09375, 4.8125]], [[-30.9375, 4.78125], [-30.78125, 4.46875], [-30.8125, 4.0], [-31.125, 4.53125], [-30.9375, 4.78125]], [[-177.6875, 4.4375], [-177.5625, 4.5625], [-177.53125, 4.4375], [-177.6875, 4.4375]], [[171.96875, 4.5625], [172.21875, 4.34375], [172.0625, 4.0625], [171.9375, 4.09375], [171.96875, 4.5625]], [[91.375, 4.40625], [91.53125, 4.53125], [91.53125, 4.4375], [91.375, 4.40625]], [[-178.875, 4.375], [-178.78125, 4.5], [-178.78125, 4.375], [-178.875, 4.375]], [[-175.375, 4.375], [-175.21875, 4.46875], [-175.21875, 4.34375], [-175.375, 4.375]], [[-33.1875, 4.25], [-32.96875, 4.4375], [-32.96875, 4.1875], [-33.1875, 4.25]], [[-178.0625, 4.3125], [-177.90625, 4.40625], [-177.90625, 4.3125], [-178.0625, 4.3125]], [[90.9375, 4.34375], [91.15625, 4.0625], [91.09375, 3.84375], [90.96875, 3.84375], [90.9375, 4.34375]], [[-178.96875, 4.3125], [-178.59375, 4.25], [-178.625, 3.71875], [-178.3125, 3.75], [-178.34375, 3.40625], [-178.6875, 3.21875], [-178.875, 3.28125], [-178.96875, 3.5625], [-179.0, 3.8125], [-178.8125, 3.96875], [-178.84375, 4.1875], [-179.09375, 4.125], [-178.96875, 4.3125]], [[-31.46875, 4.3125], [-31.28125, 4.28125], [-31.125, 3.71875], [-31.40625, 3.21875], [-31.4375, 2.4375], [-32.1875, 2.21875], [-32.65625, 2.90625], [-32.3125, 3.25], [-32.15625, 3.71875], [-31.46875, 4.3125]], [[-172.40625, 4.21875], [-172.15625, 4.21875], [-172.15625, 4.03125], [-172.375, 4.03125], [-172.40625, 4.21875]], [[-179.5, 4.15625], [-179.375, 4.125], [-179.40625, 4.0], [-179.5, 4.0], [-179.5, 4.15625]], [[-178.5, 4.0625], [-178.28125, 4.03125], [-178.5, 3.96875], [-178.5, 4.0625]], [[-173.8125, 4.0], [-173.75, 4.125], [-173.71875, 4.0], [-173.8125, 4.0]], [[-155.40625, 4.09375], [-155.25, 4.0625], [-155.1875, 3.71875], [-155.4375, 3.875], [-155.40625, 4.09375]], [[83.65625, 3.9375], [83.75, 4.03125], [83.75, 3.9375], [83.65625, 3.9375]], [[-172.09375, 3.875], [-171.84375, 3.84375], [-171.90625, 3.59375], [-172.125, 3.625], [-172.09375, 3.875]], [[-173.71875, 3.75], [-173.625, 3.84375], [-173.625, 3.75], [-173.71875, 3.75]], [[91.25, 3.8125], [91.40625, 3.75], [91.25, 3.65625], [91.25, 3.8125]], [[-30.875, 3.625], [-30.6875, 3.8125], [-30.71875, 3.5625], [-30.875, 3.625]], [[87.78125, 3.8125], [88.125, 3.8125], [88.15625, 3.625], [87.90625, 3.5], [87.65625, 3.65625], [87.78125, 3.8125]], [[-163.1875, 3.6875], [-163.09375, 3.78125], [-163.09375, 3.6875], [-163.1875, 3.6875]], [[-28.25, 3.5625], [-28.15625, 3.78125], [-28.0625, 3.5625], [-28.25, 3.5625]], [[-29.4375, 3.5625], [-29.34375, 3.75], [-29.34375, 3.5625], [-29.4375, 3.5625]], [[87.4375, 3.71875], [87.625, 3.71875], [87.5625, 3.4375], [87.4375, 3.4375], [87.4375, 3.71875]], [[-172.625, 3.6875], [-172.40625, 3.5], [-172.875, 3.3125], [-172.875, 3.53125], [-172.625, 3.6875]], [[88.9375, 3.59375], [89.03125, 3.6875], [89.03125, 3.59375], [88.9375, 3.59375]], [[-27.3125, 3.5625], [-27.0, 3.46875], [-26.65625, 3.0], [-26.78125, 2.75], [-27.03125, 2.8125], [-27.0625, 3.15625], [-27.3125, 3.0625], [-27.21875, 3.21875], [-27.4375, 3.40625], [-27.3125, 3.5625]], [[-28.09375, 3.53125], [-27.90625, 3.5], [-27.875, 3.3125], [-27.96875, 3.3125], [-28.09375, 3.53125]], [[-165.5625, 3.375], [-165.40625, 3.25], [-165.65625, 3.1875], [-165.65625, 3.28125], [-165.5625, 3.375]], [[-164.21875, 3.25], [-164.0, 3.09375], [-163.65625, 3.125], [-163.71875, 2.875], [-164.15625, 2.90625], [-164.21875, 3.25]], [[-172.90625, 3.09375], [-172.625, 3.09375], [-172.8125, 2.78125], [-172.625, 2.5], [-173.0, 2.75], [-172.90625, 3.09375]], [[-165.28125, 3.125], [-165.125, 2.875], [-165.375, 2.78125], [-165.53125, 2.96875], [-165.28125, 3.125]], [[-164.9375, 2.96875], [-164.8125, 3.125], [-164.84375, 2.96875], [-164.9375, 2.96875]], [[-175.25, 2.875], [-175.125, 3.0625], [-175.15625, 2.875], [-175.25, 2.875]], [[-165.9375, 2.78125], [-165.8125, 3.03125], [-165.8125, 2.78125], [-165.9375, 2.78125]], [[-154.625, 3.03125], [-154.46875, 3.0], [-154.375, 2.71875], [-154.625, 2.75], [-154.625, 3.03125]], [[-179.03125, 2.96875], [-178.875, 2.9375], [-178.84375, 2.75], [-179.03125, 2.75], [-179.03125, 2.96875]], [[-164.5625, 2.875], [-164.46875, 2.96875], [-164.46875, 2.875], [-164.5625, 2.875]], [[-172.625, 2.9375], [-172.375, 2.875], [-172.34375, 2.59375], [-172.5625, 2.59375], [-172.625, 2.9375]], [[-164.59375, 2.8125], [-164.46875, 2.78125], [-164.5, 2.59375], [-164.59375, 2.59375], [-164.59375, 2.8125]], [[-19.8125, 2.71875], [-19.6875, 2.8125], [-19.6875, 2.71875], [-19.8125, 2.71875]], [[-164.9375, 2.5625], [-164.875, 2.6875], [-164.84375, 2.5625], [-164.9375, 2.5625]], [[-179.125, 2.625], [-178.96875, 2.59375], [-178.96875, 2.46875], [-179.09375, 2.46875], [-179.125, 2.625]], [[-151.6875, 2.46875], [-151.59375, 2.625], [-151.59375, 2.46875], [-151.6875, 2.46875]], [[-178.28125, 2.53125], [-177.875, 2.5625], [-177.90625, 2.375], [-178.28125, 2.34375], [-178.28125, 2.53125]], [[-178.6875, 2.40625], [-178.5625, 2.53125], [-178.5625, 2.40625], [-178.6875, 2.40625]], [[-165.46875, 2.40625], [-165.375, 2.5], [-165.375, 2.40625], [-165.46875, 2.40625]], [[-165.15625, 2.34375], [-165.0625, 2.4375], [-165.0625, 2.34375], [-165.15625, 2.34375]], [[-165.0625, 2.3125], [-164.875, 2.28125], [-164.8125, 2.125], [-165.03125, 2.03125], [-165.0625, 2.3125]], [[-166.25, 2.21875], [-166.03125, 1.96875], [-166.34375, 1.875], [-166.4375, 2.15625], [-166.25, 2.21875]], [[-166.78125, 2.09375], [-166.6875, 2.1875], [-166.6875, 2.09375], [-166.78125, 2.09375]], [[-164.375, 2.0625], [-164.21875, 2.1875], [-164.21875, 2.0625], [-164.375, 2.0625]], [[-172.625, 2.0], [-172.5, 2.15625], [-172.4375, 1.96875], [-172.625, 2.0]], [[-163.28125, 1.875], [-163.125, 1.96875], [-163.125, 1.84375], [-163.28125, 1.875]], [[-36.15625, 1.84375], [-36.0625, 1.9375], [-36.0625, 1.84375], [-36.15625, 1.84375]], [[-166.75, 1.90625], [-166.5625, 1.90625], [-166.625, 1.6875], [-166.71875, 1.6875], [-166.75, 1.90625]], [[-166.1875, 1.6875], [-166.0625, 1.78125], [-166.0625, 1.6875], [-166.1875, 1.6875]], [[-166.03125, 1.71875], [-165.90625, 1.6875], [-165.90625, 1.53125], [-166.0, 1.53125], [-166.03125, 1.71875]], [[-166.4375, 1.65625], [-166.1875, 1.5625], [-166.34375, 1.34375], [-166.4375, 1.34375], [-166.4375, 1.65625]], [[-165.6875, 1.46875], [-165.5625, 1.5625], [-165.5625, 1.46875], [-165.6875, 1.46875]], [[-17.5625, 1.46875], [-17.40625, 1.3125], [-17.5, 0.875], [-17.6875, 1.0625], [-17.5625, 1.46875]], [[-151.71875, 1.3125], [-151.46875, 1.09375], [-151.3125, 0.28125], [-151.78125, 0.625], [-151.71875, 1.3125]], [[-167.375, 1.21875], [-167.21875, 1.1875], [-167.21875, 1.09375], [-167.375, 1.09375], [-167.375, 1.21875]], [[-35.8125, 1.09375], [-35.6875, 1.09375], [-35.71875, 0.875], [-35.8125, 0.875], [-35.8125, 1.09375]], [[-166.96875, 0.9375], [-166.875, 1.03125], [-166.875, 0.9375], [-166.96875, 0.9375]], [[-32.375, 0.375], [-32.28125, 0.46875], [-32.28125, 0.375], [-32.375, 0.375]], [[-164.625, 0.34375], [-164.21875, 0.3125], [-164.21875, 0.0625], [-164.40625, -0.09375], [-164.71875, 0.0], [-164.6875, 0.125], [-164.46875, 0.0625], [-164.625, 0.34375]], [[-166.75, 0.03125], [-166.625, 0.125], [-166.625, 0.03125], [-166.75, 0.03125]], [[-168.4375, 0.09375], [-168.25, 0.0625], [-168.28125, -0.125], [-168.375, -0.125], [-168.4375, 0.09375]], [[-165.96875, -0.125], [-165.8125, -0.15625], [-165.875, -0.40625], [-166.03125, -0.375], [-165.96875, -0.125]], [[-17.5625, -0.125], [-17.25, -0.46875], [-17.28125, -0.90625], [-17.625, -1.0], [-17.75, -0.8125], [-17.71875, -0.96875], [-17.96875, -0.96875], [-18.03125, -0.4375], [-17.84375, -0.40625], [-17.90625, -0.625], [-17.75, -0.625], [-17.5625, -0.125]], [[-166.34375, -0.15625], [-166.125, -0.25], [-166.125, -0.5], [-166.34375, -0.53125], [-166.34375, -0.15625]], [[-168.4375, -0.34375], [-168.3125, -0.21875], [-168.3125, -0.34375], [-168.4375, -0.34375]], [[-167.03125, -0.4375], [-166.9375, -0.34375], [-166.9375, -0.4375], [-167.03125, -0.4375]], [[-36.0, -0.46875], [-35.90625, -0.375], [-35.90625, -0.46875], [-36.0, -0.46875]], [[-166.78125, -0.5], [-166.625, -0.53125], [-166.59375, -0.6875], [-166.71875, -0.6875], [-166.78125, -0.5]], [[170.6875, -0.75], [170.8125, -0.65625], [170.8125, -0.75], [170.6875, -0.75]], [[-166.0625, -0.8125], [-165.78125, -0.875], [-165.875, -1.125], [-166.03125, -1.09375], [-166.0625, -0.8125]], [[-167.75, -1.03125], [-167.65625, -0.90625], [-167.65625, -1.03125], [-167.75, -1.03125]], [[-166.90625, -1.21875], [-166.78125, -0.90625], [-166.78125, -1.21875], [-166.90625, -1.21875]], [[-167.15625, -1.6875], [-166.90625, -1.375], [-166.8125, -2.0], [-166.59375, -2.125], [-166.6875, -2.375], [-166.9375, -2.375], [-166.9375, -1.90625], [-167.15625, -1.6875]], [[-167.6875, -1.59375], [-167.59375, -1.4375], [-167.59375, -1.59375], [-167.6875, -1.59375]], [[-166.125, -1.53125], [-166.03125, -1.4375], [-166.03125, -1.53125], [-166.125, -1.53125]], [[-167.8125, -1.59375], [-167.71875, -1.5], [-167.71875, -1.59375], [-167.8125, -1.59375]], [[-165.71875, -1.53125], [-165.5, -1.65625], [-165.5, -2.125], [-166.15625, -2.15625], [-165.71875, -1.53125]], [[-166.84375, -1.6875], [-166.6875, -1.5625], [-166.71875, -1.71875], [-166.84375, -1.6875]], [[170.3125, -1.65625], [170.40625, -1.5625], [170.40625, -1.65625], [170.3125, -1.65625]], [[-166.28125, -1.90625], [-166.1875, -1.8125], [-166.1875, -1.90625], [-166.28125, -1.90625]], [[-167.90625, -1.9375], [-167.8125, -1.84375], [-167.8125, -1.9375], [-167.90625, -1.9375]], [[170.0, -1.96875], [170.09375, -1.875], [170.09375, -1.96875], [170.0, -1.96875]], [[-168.0, -2.25], [-167.90625, -2.125], [-167.90625, -2.25], [-168.0, -2.25]], [[-169.09375, -2.46875], [-168.875, -2.25], [-168.84375, -2.4375], [-169.09375, -2.46875]], [[-167.25, -2.34375], [-167.09375, -2.25], [-167.09375, -2.34375], [-167.25, -2.34375]], [[-168.59375, -2.625], [-168.46875, -2.4375], [-168.46875, -2.625], [-168.59375, -2.625]], [[169.0625, -2.75], [169.34375, -2.625], [169.28125, -2.90625], [169.0625, -2.75]], [[-25.21875, -2.6875], [-25.09375, -2.8125], [-25.375, -3.03125], [-25.375, -2.875], [-25.21875, -2.6875]], [[-168.21875, -2.75], [-168.09375, -2.875], [-168.375, -3.09375], [-168.40625, -2.875], [-168.21875, -2.75]], [[-34.5, -2.8125], [-34.28125, -2.875], [-34.28125, -3.0], [-34.5625, -3.0625], [-34.5, -2.8125]], [[169.59375, -2.90625], [169.6875, -2.8125], [169.6875, -2.90625], [169.59375, -2.90625]], [[-25.59375, -3.0625], [-25.5, -2.90625], [-25.5, -3.0625], [-25.59375, -3.0625]], [[-167.09375, -3.125], [-166.96875, -3.0], [-166.96875, -3.15625], [-167.09375, -3.125]], [[-25.59375, -3.09375], [-25.4375, -3.09375], [-25.46875, -3.28125], [-25.5625, -3.28125], [-25.59375, -3.09375]], [[-168.375, -3.15625], [-168.03125, -3.21875], [-168.3125, -3.34375], [-168.375, -3.15625]], [[-26.5, -3.9375], [-26.34375, -3.75], [-26.34375, -4.03125], [-26.5, -3.9375]], [[-167.59375, -4.09375], [-167.4375, -3.96875], [-167.4375, -4.0625], [-167.59375, -4.09375]], [[-26.78125, -4.1875], [-26.625, -4.1875], [-26.625, -4.34375], [-26.8125, -4.34375], [-26.78125, -4.1875]], [[-25.375, -4.4375], [-24.96875, -4.25], [-25.125, -4.40625], [-25.0625, -4.625], [-25.4375, -4.8125], [-25.375, -4.4375]], [[-27.40625, -4.46875], [-27.3125, -4.375], [-27.3125, -4.46875], [-27.40625, -4.46875]], [[-27.4375, -4.8125], [-27.1875, -4.9375], [-27.3125, -5.5625], [-27.53125, -5.65625], [-27.53125, -5.875], [-27.8125, -5.84375], [-28.03125, -5.40625], [-27.4375, -4.8125]], [[-30.1875, -6.46875], [-30.09375, -6.375], [-30.09375, -6.46875], [-30.1875, -6.46875]], [[-26.78125, -6.75], [-26.5, -6.625], [-26.5, -6.8125], [-26.78125, -6.75]], [[-49.0, -6.75], [-48.09375, -7.25], [-47.71875, -7.0625], [-47.78125, -7.6875], [-48.40625, -7.6875], [-48.25, -7.40625], [-49.84375, -7.59375], [-49.46875, -6.96875], [-49.0, -6.75]], [[-33.6875, -7.0625], [-33.46875, -7.0625], [-33.5, -7.3125], [-33.6875, -7.28125], [-33.6875, -7.0625]], [[-32.03125, -7.3125], [-31.9375, -7.21875], [-31.9375, -7.3125], [-32.03125, -7.3125]], [[-29.21875, -7.375], [-29.0, -7.375], [-29.21875, -7.46875], [-29.21875, -7.375]], [[-33.21875, -7.625], [-33.09375, -7.40625], [-33.125, -7.625], [-33.21875, -7.625]], [[-29.03125, -7.4375], [-28.875, -7.46875], [-28.875, -7.625], [-29.0625, -7.625], [-29.03125, -7.4375]], [[-29.8125, -8.1875], [-29.6875, -8.09375], [-29.6875, -8.1875], [-29.8125, -8.1875]], [[-37.59375, -9.53125], [-37.0625, -9.84375], [-37.4375, -10.21875], [-37.625, -10.1875], [-37.59375, -9.53125]], [[-32.71875, -9.90625], [-32.53125, -9.78125], [-32.53125, -9.875], [-32.71875, -9.90625]], [[-72.21875, -11.1875], [-72.125, -11.09375], [-72.125, -11.1875], [-72.21875, -11.1875]], [[-39.4375, -11.09375], [-39.125, -11.375], [-39.375, -11.875], [-39.53125, -11.75], [-39.4375, -11.09375]], [[-69.125, -11.28125], [-68.71875, -11.40625], [-68.625, -11.5625], [-69.0, -11.53125], [-69.125, -11.28125]], [[-35.09375, -11.71875], [-35.0, -11.625], [-35.0, -11.71875], [-35.09375, -11.71875]], [[-49.78125, -13.3125], [-49.6875, -13.21875], [-49.6875, -13.3125], [-49.78125, -13.3125]], [[-44.28125, -13.78125], [-44.1875, -13.6875], [-44.1875, -13.78125], [-44.28125, -13.78125]], [[-56.1875, -14.125], [-55.40625, -14.375], [-53.59375, -14.59375], [-52.78125, -14.8125], [-52.71875, -14.96875], [-55.21875, -14.84375], [-56.21875, -14.5625], [-56.1875, -14.125]], [[-48.125, -14.59375], [-47.96875, -14.59375], [-47.96875, -14.75], [-48.09375, -14.75], [-48.125, -14.59375]], [[-51.3125, -15.0], [-51.15625, -14.90625], [-51.15625, -15.0], [-51.3125, -15.0]], [[-50.25, -15.03125], [-50.15625, -14.9375], [-50.15625, -15.03125], [-50.25, -15.03125]], [[-47.75, -15.125], [-47.5625, -15.125], [-47.5, -15.25], [-47.71875, -15.34375], [-47.75, -15.125]], [[-44.25, -15.3125], [-43.90625, -15.28125], [-43.96875, -15.5], [-44.21875, -15.5], [-44.25, -15.3125]], [[-47.03125, -15.625], [-46.8125, -15.65625], [-46.5625, -15.96875], [-46.3125, -15.78125], [-46.15625, -15.84375], [-46.09375, -16.15625], [-46.25, -16.15625], [-46.40625, -16.625], [-46.6875, -16.5], [-47.03125, -15.625]], [[-47.21875, -16.34375], [-47.15625, -16.1875], [-47.09375, -16.34375], [-47.21875, -16.34375]], [[-45.625, -16.34375], [-45.375, -16.25], [-45.375, -16.34375], [-45.625, -16.34375]], [[-50.3125, -16.375], [-50.21875, -16.28125], [-50.21875, -16.375], [-50.3125, -16.375]], [[-49.78125, -16.28125], [-49.65625, -16.3125], [-49.65625, -16.5], [-49.75, -16.5], [-49.78125, -16.28125]], [[-46.1875, -16.34375], [-46.0, -16.5], [-46.1875, -16.53125], [-46.1875, -16.34375]], [[-46.53125, -17.375], [-46.34375, -17.25], [-46.34375, -17.34375], [-46.53125, -17.375]]]}}, {"type": "Feature", "properties": {"level_m": -2400, "area_km2": 47408442.7}, "geometry": {"type": "Polygon", "coordinates": [[[-174.78125, 88.96875], [-174.875, 88.75], [-176.375, 88.71875], [-176.53125, 88.4375], [-176.40625, 88.1875], [-179.96875, 88.125], [-179.96875, 15.8125], [-179.8125, 15.75], [-179.96875, 15.1875], [-179.96875, -1.1875], [-179.4375, -0.9375], [-178.9375, -1.1875], [-178.6875, -1.0], [-178.6875, -0.71875], [-178.46875, -0.625], [-178.65625, -0.21875], [-179.28125, -0.15625], [-179.5, 0.5625], [-178.46875, 0.9375], [-178.09375, 1.28125], [-176.6875, 1.40625], [-176.6875, 1.28125], [-176.40625, 1.28125], [-176.03125, 1.0], [-175.625, 1.125], [-175.5, 0.625], [-175.375, 0.65625], [-175.25, 0.40625], [-174.625, 0.3125], [-174.40625, -0.0625], [-174.03125, -0.28125], [-174.375, -1.0], [-174.65625, -1.0], [-174.78125, -0.65625], [-175.0, -0.5625], [-174.90625, -1.375], [-174.5625, -1.5625], [-174.65625, -1.75], [-174.34375, -2.03125], [-174.0625, -2.03125], [-173.9375, -1.78125], [-174.0625, -1.71875], [-174.0, -1.4375], [-174.28125, -1.4375], [-174.375, -1.125], [-174.15625, -1.125], [-174.09375, -0.78125], [-173.8125, -0.84375], [-173.75, -0.65625], [-173.4375, -0.75], [-173.4375, -1.46875], [-173.8125, -1.59375], [-173.125, -1.71875], [-173.15625, -1.96875], [-173.3125, -2.03125], [-173.25, -2.1875], [-173.5, -2.1875], [-173.5625, -2.0], [-174.0625, -2.15625], [-174.28125, -2.375], [-174.0625, -2.625], [-173.8125, -2.59375], [-173.78125, -2.40625], [-173.40625, -2.78125], [-172.78125, -2.71875], [-172.34375, -2.125], [-171.34375, -1.78125], [-171.0625, -1.875], [-170.53125, -1.75], [-170.125, -2.125], [-169.96875, -2.0625], [-169.71875, -3.0625], [-170.09375, -3.5625], [-170.15625, -4.0], [-169.78125, -4.4375], [-170.0, -4.75], [-169.84375, -4.8125], [-169.875, -5.03125], [-170.53125, -6.21875], [-171.28125, -6.5625], [-171.34375, -6.875], [-171.59375, -6.6875], [-172.15625, -7.0], [-172.0, -7.71875], [-172.21875, -7.78125], [-172.25, -8.15625], [-172.03125, -8.75], [-171.78125, -8.6875], [-171.8125, -8.34375], [-171.625, -8.28125], [-171.6875, -8.46875], [-171.25, -8.78125], [-171.3125, -8.25], [-171.75, -8.15625], [-171.59375, -7.84375], [-171.21875, -8.0], [-171.125, -7.53125], [-171.28125, -7.40625], [-170.8125, -7.4375], [-170.8125, -7.71875], [-170.53125, -7.59375], [-170.5625, -7.875], [-170.25, -8.03125], [-170.09375, -7.6875], [-170.34375, -7.46875], [-170.15625, -7.4375], [-170.1875, -7.28125], [-169.8125, -7.0], [-169.59375, -6.9375], [-169.5625, -7.4375], [-169.25, -7.09375], [-168.90625, -7.125], [-168.875, -6.5625], [-169.09375, -6.4375], [-169.15625, -6.15625], [-168.90625, -6.375], [-168.375, -6.4375], [-168.21875, -6.875], [-167.9375, -6.8125], [-167.90625, -6.5625], [-168.15625, -6.375], [-167.71875, -6.28125], [-167.5625, -6.09375], [-167.53125, -5.75], [-167.71875, -5.5625], [-167.65625, -5.15625], [-167.46875, -5.53125], [-167.25, -5.53125], [-167.15625, -5.71875], [-167.09375, -5.59375], [-166.5625, -5.65625], [-166.65625, -5.3125], [-166.46875, -5.375], [-166.46875, -5.09375], [-166.25, -5.09375], [-166.125, -5.46875], [-165.9375, -5.25], [-165.96875, -5.59375], [-165.625, -5.625], [-165.28125, -5.5], [-165.34375, -5.25], [-164.84375, -5.34375], [-164.59375, -5.21875], [-164.40625, -5.59375], [-164.4375, -5.25], [-164.1875, -5.09375], [-164.0, -5.25], [-164.15625, -5.71875], [-163.625, -6.3125], [-163.5, -6.15625], [-163.09375, -6.25], [-163.0, -6.125], [-162.75, -6.34375], [-162.5, -6.25], [-162.53125, -6.09375], [-162.34375, -6.0625], [-162.375, -5.65625], [-161.84375, -5.71875], [-161.6875, -5.90625], [-161.34375, -5.8125], [-161.90625, -5.65625], [-161.84375, -5.34375], [-161.5, -5.40625], [-161.5625, -5.65625], [-161.3125, -5.625], [-161.21875, -5.4375], [-160.8125, -5.4375], [-161.53125, -5.0625], [-161.6875, -4.8125], [-162.0, -4.75], [-162.28125, -4.9375], [-162.65625, -4.59375], [-163.0625, -3.75], [-162.875, -3.53125], [-163.0, -3.46875], [-162.90625, -2.96875], [-163.21875, -2.90625], [-163.25, -2.53125], [-163.5, -2.40625], [-163.46875, -2.09375], [-163.28125, -1.9375], [-163.5, -1.78125], [-163.40625, -1.59375], [-161.09375, -3.1875], [-160.875, -3.375], [-160.875, -3.625], [-160.3125, -4.03125], [-160.3125, -4.21875], [-159.5625, -4.5625], [-159.65625, -4.8125], [-159.375, -4.875], [-159.28125, -4.40625], [-159.40625, -4.15625], [-159.25, -4.0625], [-159.46875, -3.90625], [-159.78125, -4.0625], [-160.40625, -3.1875], [-160.90625, -2.84375], [-160.84375, -2.5], [-161.125, -2.34375], [-161.25, -1.96875], [-161.6875, -1.53125], [-161.71875, -0.9375], [-162.03125, -0.9375], [-162.0625, -0.59375], [-162.5625, -0.15625], [-162.78125, 1.15625], [-161.40625, 0.5625], [-160.96875, 0.15625], [-161.40625, 0.78125], [-161.3125, 1.0625], [-161.53125, 1.0], [-161.875, 1.28125], [-161.65625, 1.375], [-161.25, 1.15625], [-161.28125, 1.40625], [-161.96875, 1.78125], [-162.3125, 2.6875], [-162.125, 3.75], [-161.90625, 3.8125], [-161.90625, 3.4375], [-161.8125, 3.5625], [-161.53125, 3.46875], [-161.4375, 3.6875], [-161.09375, 3.84375], [-161.125, 4.0625], [-160.6875, 4.125], [-160.75, 4.34375], [-160.4375, 4.4375], [-160.5625, 4.15625], [-160.25, 4.15625], [-159.5, 4.71875], [-159.09375, 4.75], [-159.15625, 4.40625], [-159.0, 4.40625], [-159.03125, 4.78125], [-158.84375, 4.84375], [-158.9375, 5.09375], [-158.8125, 5.0625], [-158.59375, 5.90625], [-158.09375, 6.15625], [-157.8125, 6.15625], [-157.46875, 5.90625], [-157.28125, 6.09375], [-157.1875, 5.75], [-156.40625, 5.1875], [-156.1875, 3.125], [-155.84375, 2.65625], [-155.8125, 2.09375], [-156.1875, 1.6875], [-156.40625, 1.71875], [-156.53125, 1.6875], [-156.125, 1.4375], [-155.65625, 1.5625], [-155.40625, 1.25], [-155.125, 1.25], [-155.125, 0.4375], [-155.53125, -0.125], [-155.1875, -0.125], [-154.78125, -0.78125], [-154.75, -1.125], [-154.90625, -1.21875], [-154.8125, -2.09375], [-154.96875, -2.1875], [-154.6875, -2.34375], [-154.90625, -2.8125], [-154.8125, -3.5625], [-154.28125, -3.46875], [-154.03125, -3.59375], [-154.125, -3.1875], [-153.875, -3.125], [-153.5625, -3.21875], [-153.4375, -3.4375], [-152.3125, -3.625], [-152.125, -3.78125], [-152.3125, -3.5625], [-152.1875, -3.34375], [-152.625, -2.90625], [-152.90625, -2.90625], [-153.25, -2.53125], [-153.5, -2.5], [-153.40625, -2.25], [-153.8125, -2.15625], [-153.75, -1.84375], [-153.5, -1.84375], [-153.4375, -1.59375], [-153.25, -1.875], [-152.25, -2.03125], [-152.40625, -2.28125], [-152.0625, -2.625], [-151.8125, -2.53125], [-151.5625, -2.75], [-151.40625, -2.5625], [-151.3125, -2.8125], [-151.125, -2.84375], [-151.03125, -3.25], [-151.28125, -3.28125], [-151.34375, -3.46875], [-151.65625, -3.5], [-151.5, -3.34375], [-151.625, -3.0625], [-151.96875, -3.15625], [-151.90625, -3.53125], [-151.25, -3.8125], [-151.65625, -4.1875], [-151.9375, -4.75], [-151.5625, -4.25], [-151.15625, -4.03125], [-151.125, -3.75], [-150.90625, -3.71875], [-150.875, -4.4375], [-150.5, -4.34375], [-150.46875, -5.34375], [-150.21875, -4.78125], [-150.34375, -4.53125], [-150.25, -4.1875], [-149.03125, -4.4375], [-148.84375, -4.6875], [-148.71875, -4.5625], [-148.34375, -4.84375], [-148.15625, -4.78125], [-148.15625, -5.0625], [-148.03125, -4.90625], [-146.9375, -5.0625], [-147.1875, -4.84375], [-147.1875, -4.5625], [-147.03125, -4.34375], [-146.625, -4.28125], [-147.0, -4.15625], [-147.03125, -3.78125], [-147.40625, -3.65625], [-147.40625, -3.5], [-148.625, -2.5], [-149.3125, -0.96875], [-149.59375, 0.53125], [-149.59375, 1.0], [-149.46875, 1.0], [-147.8125, 0.1875], [-147.59375, 0.21875], [-147.65625, 0.40625], [-147.28125, 0.28125], [-147.71875, 0.75], [-147.625, 1.53125], [-147.34375, 1.6875], [-147.09375, 1.5625], [-146.71875, 2.0625], [-146.15625, 2.34375], [-146.15625, 2.53125], [-145.53125, 2.4375], [-145.53125, 2.71875], [-146.09375, 3.03125], [-146.21875, 3.875], [-146.78125, 4.34375], [-147.65625, 5.78125], [-147.6875, 6.1875], [-148.03125, 6.4375], [-148.03125, 6.75], [-147.875, 6.875], [-147.875, 7.6875], [-147.6875, 8.0625], [-147.21875, 8.375], [-146.875, 8.3125], [-146.78125, 8.03125], [-146.25, 8.0625], [-146.125, 7.6875], [-145.8125, 7.5625], [-145.78125, 7.3125], [-144.34375, 5.34375], [-144.0, 5.34375], [-144.03125, 5.84375], [-143.71875, 5.84375], [-143.59375, 5.6875], [-142.96875, 5.71875], [-142.875, 5.875], [-143.09375, 6.28125], [-142.34375, 6.0], [-142.28125, 6.3125], [-141.59375, 6.375], [-141.5625, 6.625], [-141.34375, 6.5], [-141.28125, 6.65625], [-141.96875, 6.84375], [-142.15625, 6.78125], [-142.1875, 6.53125], [-142.53125, 6.5], [-142.34375, 6.71875], [-142.375, 6.90625], [-142.625, 6.90625], [-142.40625, 7.125], [-142.59375, 7.375], [-142.46875, 7.71875], [-142.59375, 8.0], [-142.875, 7.84375], [-143.0, 7.9375], [-142.96875, 8.15625], [-142.65625, 8.34375], [-142.625, 8.53125], [-142.84375, 8.46875], [-142.84375, 8.6875], [-142.625, 8.84375], [-142.46875, 8.75], [-142.40625, 8.90625], [-142.40625, 9.03125], [-142.625, 8.96875], [-142.65625, 9.21875], [-142.84375, 9.21875], [-142.46875, 11.15625], [-142.71875, 11.15625], [-142.65625, 11.46875], [-143.59375, 11.875], [-143.6875, 12.28125], [-143.46875, 12.4375], [-143.5625, 12.84375], [-143.90625, 13.21875], [-144.125, 13.15625], [-144.40625, 13.40625], [-144.4375, 14.15625], [-144.59375, 14.15625], [-144.59375, 13.9375], [-144.78125, 14.09375], [-144.6875, 14.25], [-144.84375, 14.53125], [-144.5625, 15.15625], [-145.21875, 15.25], [-145.0625, 15.40625], [-145.21875, 15.625], [-145.1875, 15.9375], [-145.59375, 15.875], [-145.28125, 16.25], [-144.65625, 16.40625], [-144.0, 16.1875], [-144.09375, 16.5625], [-143.9375, 16.53125], [-143.90625, 16.75], [-144.15625, 16.5625], [-144.4375, 16.59375], [-144.8125, 16.90625], [-144.78125, 17.15625], [-145.15625, 17.375], [-145.3125, 17.96875], [-144.875, 17.59375], [-144.875, 17.40625], [-144.78125, 17.46875], [-144.875, 17.875], [-145.03125, 17.84375], [-144.90625, 18.03125], [-145.0, 18.28125], [-144.8125, 18.40625], [-145.0625, 18.40625], [-145.125, 18.65625], [-145.25, 18.6875], [-145.25, 18.34375], [-145.5, 18.0625], [-145.78125, 17.9375], [-145.6875, 17.75], [-145.9375, 17.8125], [-145.625, 18.25], [-145.71875, 18.65625], [-145.9375, 18.6875], [-145.9375, 18.96875], [-145.71875, 18.90625], [-145.34375, 19.125], [-145.0, 18.875], [-144.90625, 18.5625], [-144.3125, 18.5], [-144.28125, 18.65625], [-144.40625, 18.6875], [-144.375, 18.875], [-144.875, 19.03125], [-145.0625, 19.4375], [-145.875, 19.90625], [-145.9375, 20.21875], [-146.4375, 20.46875], [-146.90625, 21.09375], [-146.75, 21.84375], [-146.5625, 21.5625], [-146.59375, 21.21875], [-146.34375, 21.375], [-146.375, 22.125], [-146.1875, 22.28125], [-146.1875, 22.625], [-146.40625, 23.0], [-146.28125, 23.09375], [-146.25, 23.78125], [-146.375, 23.75], [-146.40625, 24.0], [-146.5, 23.75], [-146.75, 23.78125], [-146.5625, 24.3125], [-146.34375, 24.125], [-146.28125, 24.59375], [-146.46875, 24.59375], [-146.5625, 24.375], [-146.75, 24.5], [-146.8125, 24.3125], [-147.0, 24.40625], [-146.84375, 24.71875], [-146.84375, 25.34375], [-147.03125, 25.46875], [-147.03125, 25.78125], [-146.75, 25.84375], [-146.875, 26.75], [-146.46875, 27.09375], [-146.0, 27.125], [-145.5625, 27.40625], [-145.53125, 27.59375], [-146.21875, 27.40625], [-145.9375, 27.625], [-146.03125, 27.96875], [-145.6875, 28.0625], [-145.65625, 28.40625], [-145.8125, 28.625], [-145.28125, 28.8125], [-145.21875, 27.9375], [-144.8125, 28.21875], [-144.84375, 28.46875], [-145.1875, 28.59375], [-145.1875, 29.0625], [-144.4375, 29.6875], [-144.5, 29.9375], [-144.3125, 30.09375], [-144.40625, 30.21875], [-143.5, 30.4375], [-143.34375, 30.71875], [-142.4375, 30.5625], [-142.0, 30.0625], [-141.6875, 30.21875], [-141.8125, 30.46875], [-140.71875, 30.71875], [-140.78125, 30.5625], [-140.4375, 30.25], [-139.53125, 29.9375], [-139.625, 29.6875], [-139.40625, 29.6875], [-139.3125, 29.78125], [-139.4375, 29.78125], [-139.46875, 30.03125], [-139.34375, 30.15625], [-138.34375, 30.21875], [-138.3125, 29.8125], [-138.15625, 30.3125], [-138.96875, 30.4375], [-138.84375, 30.71875], [-138.3125, 30.5625], [-138.3125, 30.75], [-137.15625, 31.03125], [-137.375, 31.21875], [-137.5625, 31.0625], [-138.4375, 30.9375], [-138.40625, 31.15625], [-138.21875, 31.1875], [-138.25, 31.4375], [-137.9375, 31.40625], [-137.1875, 31.75], [-138.625, 31.59375], [-138.53125, 31.96875], [-138.25, 32.09375], [-138.59375, 32.15625], [-138.46875, 32.78125], [-138.65625, 32.78125], [-138.625, 32.5625], [-138.8125, 32.5625], [-138.90625, 32.15625], [-138.75, 32.0], [-139.125, 31.84375], [-138.875, 31.84375], [-138.96875, 31.6875], [-139.875, 31.6875], [-140.6875, 32.0], [-140.75, 32.15625], [-141.0625, 32.0625], [-141.46875, 32.34375], [-141.4375, 32.46875], [-141.125, 32.4375], [-141.40625, 32.75], [-141.25, 33.15625], [-141.625, 33.3125], [-141.875, 32.84375], [-141.8125, 33.375], [-142.5625, 33.75], [-142.75, 34.21875], [-142.6875, 34.78125], [-142.03125, 35.46875], [-142.03125, 35.71875], [-141.46875, 35.84375], [-141.4375, 36.0625], [-141.8125, 36.25], [-141.53125, 36.75], [-141.59375, 36.96875], [-141.375, 37.15625], [-141.46875, 37.75], [-141.03125, 37.96875], [-140.84375, 38.375], [-140.65625, 38.375], [-140.53125, 38.59375], [-139.46875, 38.40625], [-140.34375, 38.65625], [-140.34375, 38.78125], [-139.6875, 39.25], [-139.09375, 39.3125], [-138.9375, 39.71875], [-137.3125, 39.84375], [-136.8125, 40.03125], [-137.1875, 40.9375], [-137.1875, 41.09375], [-137.0, 41.09375], [-136.84375, 41.34375], [-136.8125, 41.6875], [-137.03125, 41.90625], [-136.90625, 42.6875], [-137.34375, 43.46875], [-137.5625, 43.46875], [-137.4375, 43.8125], [-137.6875, 44.1875], [-137.6875, 44.375], [-137.4375, 44.46875], [-137.5, 44.875], [-137.3125, 45.15625], [-137.8125, 45.34375], [-137.21875, 45.5], [-137.3125, 45.71875], [-137.125, 46.03125], [-137.1875, 46.3125], [-136.9375, 46.375], [-137.125, 46.71875], [-136.6875, 46.71875], [-136.1875, 47.15625], [-135.875, 47.0625], [-135.6875, 47.3125], [-135.84375, 47.46875], [-135.25, 47.6875], [-135.4375, 47.875], [-134.875, 47.9375], [-134.71875, 48.21875], [-133.96875, 48.34375], [-134.15625, 48.59375], [-133.96875, 48.6875], [-133.8125, 49.09375], [-133.46875, 48.9375], [-133.625, 49.125], [-133.15625, 49.125], [-133.1875, 49.28125], [-133.375, 49.28125], [-133.25, 49.53125], [-133.34375, 49.78125], [-133.78125, 49.9375], [-133.3125, 50.0], [-133.4375, 50.25], [-133.25, 50.40625], [-132.9375, 50.34375], [-132.96875, 50.5625], [-133.1875, 50.59375], [-133.125, 51.0], [-132.5625, 50.875], [-132.375, 51.09375], [-131.6875, 51.15625], [-131.53125, 51.40625], [-131.1875, 51.3125], [-130.9375, 51.53125], [-130.78125, 52.03125], [-129.90625, 52.21875], [-130.0625, 52.4375], [-129.90625, 52.75], [-128.40625, 52.9375], [-128.375, 53.125], [-127.90625, 53.4375], [-127.9375, 53.625], [-127.6875, 53.59375], [-127.75, 53.90625], [-127.53125, 54.0], [-127.5625, 54.15625], [-127.0, 54.21875], [-126.84375, 54.46875], [-125.75, 54.40625], [-125.5625, 54.59375], [-125.28125, 54.59375], [-125.28125, 54.8125], [-125.09375, 54.8125], [-125.09375, 55.0], [-124.9375, 55.03125], [-125.1875, 55.1875], [-125.09375, 55.40625], [-124.6875, 55.40625], [-124.71875, 55.5625], [-124.25, 55.8125], [-123.75, 55.78125], [-123.6875, 56.0], [-122.46875, 55.78125], [-122.09375, 55.875], [-122.03125, 56.09375], [-121.6875, 56.15625], [-121.5, 56.03125], [-121.25, 56.125], [-121.3125, 56.34375], [-120.28125, 56.4375], [-120.15625, 56.59375], [-117.90625, 56.59375], [-117.40625, 56.6875], [-117.3125, 56.875], [-117.09375, 56.875], [-117.03125, 56.6875], [-116.5, 56.875], [-116.46875, 57.125], [-115.96875, 57.0], [-115.5625, 57.1875], [-115.0, 57.03125], [-114.15625, 57.09375], [-113.5, 56.84375], [-113.34375, 56.96875], [-112.5625, 56.84375], [-112.34375, 56.90625], [-112.53125, 57.25], [-112.1875, 57.34375], [-110.90625, 57.21875], [-110.21875, 57.40625], [-109.125, 57.03125], [-109.0, 57.09375], [-109.09375, 57.34375], [-108.78125, 57.375], [-108.34375, 57.0], [-107.9375, 56.90625], [-107.25, 57.375], [-106.96875, 57.21875], [-106.0, 57.5], [-105.46875, 57.375], [-105.15625, 57.5625], [-104.3125, 57.25], [-103.9375, 57.5625], [-103.25, 57.6875], [-103.1875, 57.90625], [-103.0, 57.875], [-102.90625, 57.59375], [-102.75, 58.09375], [-102.90625, 58.46875], [-102.15625, 58.3125], [-100.46875, 58.84375], [-100.34375, 58.59375], [-100.21875, 58.875], [-99.78125, 58.875], [-99.6875, 58.34375], [-99.59375, 58.75], [-99.09375, 58.96875], [-98.6875, 59.0], [-98.71875, 58.8125], [-98.125, 58.78125], [-97.0, 59.21875], [-96.8125, 59.1875], [-96.875, 58.96875], [-95.90625, 59.0625], [-95.90625, 58.9375], [-94.71875, 59.0], [-94.5625, 58.78125], [-94.0625, 58.875], [-94.0625, 58.75], [-92.96875, 58.34375], [-92.71875, 58.5625], [-92.28125, 58.5], [-92.4375, 58.25], [-91.9375, 58.5], [-91.78125, 58.4375], [-91.8125, 58.25], [-90.96875, 58.15625], [-90.75, 57.9375], [-90.4375, 57.90625], [-90.625, 57.5625], [-90.3125, 57.8125], [-89.875, 57.59375], [-89.4375, 57.6875], [-89.5625, 57.21875], [-89.40625, 57.34375], [-88.90625, 57.25], [-88.9375, 57.09375], [-88.5, 57.0], [-88.40625, 56.6875], [-87.84375, 56.5625], [-87.8125, 56.375], [-87.1875, 56.15625], [-86.6875, 55.65625], [-86.8125, 55.3125], [-86.5625, 55.4375], [-86.21875, 55.125], [-85.78125, 55.09375], [-85.59375, 54.71875], [-85.4375, 54.71875], [-85.46875, 55.1875], [-85.1875, 55.25], [-85.34375, 54.59375], [-85.53125, 54.53125], [-85.1875, 54.25], [-85.0625, 53.75], [-84.875, 53.71875], [-85.0, 53.4375], [-84.75, 53.53125], [-84.34375, 53.34375], [-84.09375, 52.6875], [-83.53125, 52.6875], [-83.5, 52.3125], [-83.25, 52.21875], [-83.4375, 51.84375], [-83.1875, 51.6875], [-83.1875, 51.5], [-83.375, 51.46875], [-83.6875, 50.90625], [-83.5, 50.3125], [-82.71875, 50.25], [-82.71875, 50.09375], [-82.3125, 50.3125], [-82.28125, 50.09375], [-82.5, 49.875], [-82.125, 49.75], [-81.53125, 49.96875], [-81.34375, 49.71875], [-80.59375, 49.6875], [-79.9375, 49.09375], [-79.125, 48.75], [-77.25, 48.625], [-76.90625, 48.40625], [-77.03125, 47.5625], [-76.15625, 47.90625], [-75.5, 47.90625], [-75.40625, 48.0625], [-74.8125, 48.0], [-74.8125, 48.28125], [-74.0625, 48.375], [-73.90625, 48.34375], [-73.9375, 48.125], [-73.71875, 48.125], [-71.90625, 48.40625], [-71.15625, 49.0625], [-71.25, 48.6875], [-71.53125, 48.53125], [-71.28125, 48.3125], [-71.625, 48.03125], [-71.625, 47.90625], [-71.28125, 47.8125], [-70.9375, 47.96875], [-71.25, 48.125], [-71.25, 48.3125], [-70.8125, 48.6875], [-70.78125, 48.84375], [-70.96875, 48.84375], [-70.875, 49.09375], [-70.625, 49.0], [-70.40625, 49.25], [-70.15625, 49.15625], [-69.03125, 49.5625], [-69.25, 49.625], [-69.28125, 49.84375], [-68.59375, 50.0625], [-68.5625, 50.5625], [-68.15625, 50.625], [-68.03125, 50.9375], [-67.90625, 50.75], [-67.59375, 50.75], [-67.28125, 50.53125], [-67.25, 50.875], [-67.34375, 51.0], [-67.59375, 50.9375], [-67.5625, 51.15625], [-67.78125, 51.21875], [-67.40625, 51.96875], [-66.34375, 52.15625], [-66.0, 52.46875], [-65.90625, 52.78125], [-65.625, 52.9375], [-65.5, 52.84375], [-65.6875, 52.4375], [-65.4375, 52.0625], [-64.9375, 51.875], [-64.21875, 51.96875], [-63.78125, 52.1875], [-63.78125, 52.59375], [-64.3125, 53.09375], [-63.59375, 53.125], [-63.5625, 53.0], [-63.25, 52.96875], [-63.1875, 52.5625], [-62.8125, 52.46875], [-62.78125, 52.125], [-63.09375, 52.0625], [-62.875, 51.875], [-63.46875, 51.875], [-63.59375, 51.65625], [-63.375, 51.53125], [-63.0, 51.625], [-62.8125, 51.34375], [-62.46875, 51.375], [-62.4375, 51.03125], [-62.1875, 50.90625], [-62.34375, 50.65625], [-61.25, 50.9375], [-61.65625, 50.09375], [-61.5, 50.09375], [-61.5625, 49.71875], [-61.09375, 49.78125], [-61.21875, 49.40625], [-59.84375, 49.59375], [-59.75, 49.25], [-59.15625, 49.03125], [-59.125, 48.6875], [-58.9375, 48.71875], [-58.71875, 48.25], [-58.25, 48.1875], [-58.1875, 47.90625], [-57.84375, 47.9375], [-57.21875, 47.6875], [-57.15625, 46.6875], [-57.1875, 46.53125], [-57.4375, 46.59375], [-57.46875, 46.09375], [-57.0625, 45.3125], [-56.5625, 45.15625], [-56.125, 45.28125], [-55.71875, 44.8125], [-55.5, 44.84375], [-55.5, 44.5], [-55.09375, 44.34375], [-54.71875, 44.59375], [-54.34375, 44.15625], [-54.0625, 44.1875], [-54.0625, 43.90625], [-53.78125, 43.90625], [-53.9375, 44.25], [-53.84375, 44.40625], [-53.125, 43.40625], [-53.09375, 43.1875], [-53.75, 42.875], [-54.0, 42.3125], [-53.625, 41.875], [-52.78125, 41.6875], [-52.78125, 41.4375], [-53.21875, 41.375], [-53.40625, 41.09375], [-53.59375, 40.5], [-53.59375, 39.71875], [-53.75, 39.6875], [-53.6875, 39.25], [-53.90625, 39.21875], [-53.71875, 39.125], [-53.71875, 38.75], [-54.09375, 38.59375], [-53.875, 38.375], [-53.96875, 38.03125], [-54.1875, 38.0625], [-54.1875, 37.90625], [-54.375, 37.875], [-54.34375, 37.625], [-54.53125, 37.5625], [-54.375, 36.75], [-54.5625, 36.25], [-54.3125, 36.15625], [-54.21875, 35.59375], [-53.875, 35.4375], [-54.4375, 35.15625], [-54.5, 34.75], [-54.03125, 34.5], [-54.21875, 34.09375], [-54.0, 33.875], [-54.3125, 33.8125], [-53.96875, 33.71875], [-54.1875, 33.34375], [-54.15625, 32.84375], [-53.75, 32.40625], [-54.34375, 32.125], [-54.71875, 32.28125], [-54.71875, 32.125], [-55.15625, 31.875], [-55.5625, 31.84375], [-55.8125, 31.5625], [-55.625, 31.375], [-55.71875, 30.9375], [-56.09375, 30.96875], [-56.21875, 31.34375], [-56.0, 31.34375], [-55.96875, 31.53125], [-56.28125, 31.59375], [-56.3125, 31.75], [-57.75, 31.625], [-58.15625, 31.21875], [-58.96875, 31.0], [-58.875, 30.84375], [-59.03125, 30.8125], [-59.25, 30.875], [-59.1875, 31.1875], [-59.34375, 31.3125], [-59.53125, 30.90625], [-59.78125, 30.875], [-59.46875, 30.59375], [-60.21875, 30.28125], [-60.8125, 29.5], [-61.1875, 27.9375], [-62.5625, 26.8125], [-63.40625, 26.5625], [-64.5625, 26.53125], [-66.21875, 27.09375], [-68.25, 27.21875], [-69.0, 26.9375], [-69.90625, 26.21875], [-70.625, 26.0625], [-70.21875, 26.0], [-69.71875, 26.15625], [-68.4375, 26.96875], [-67.4375, 26.96875], [-66.4375, 26.875], [-64.8125, 26.15625], [-62.90625, 25.71875], [-62.75, 25.71875], [-62.8125, 25.875], [-61.96875, 25.84375], [-61.4375, 25.6875], [-61.3125, 25.46875], [-62.71875, 24.53125], [-62.90625, 24.5625], [-62.9375, 24.40625], [-64.4375, 23.75], [-65.125, 23.3125], [-65.21875, 23.09375], [-65.90625, 23.0625], [-65.9375, 22.9375], [-65.5, 22.90625], [-65.53125, 22.78125], [-66.28125, 22.6875], [-66.1875, 22.9375], [-66.3125, 22.9375], [-66.5, 22.625], [-66.90625, 22.5625], [-68.65625, 22.71875], [-69.71875, 22.28125], [-71.15625, 22.3125], [-72.09375, 21.84375], [-71.9375, 21.71875], [-72.21875, 21.15625], [-72.53125, 21.03125], [-72.625, 20.78125], [-72.3125, 20.875], [-71.875, 21.53125], [-71.4375, 21.875], [-69.5625, 22.03125], [-68.5625, 22.4375], [-67.125, 22.28125], [-65.03125, 22.4375], [-64.875, 22.59375], [-62.96875, 22.96875], [-62.0, 23.40625], [-60.25, 23.71875], [-59.5, 24.1875], [-59.15625, 24.03125], [-59.03125, 24.1875], [-59.25, 24.5625], [-59.125, 24.8125], [-57.6875, 25.46875], [-57.25, 25.21875], [-56.40625, 25.90625], [-55.96875, 25.84375], [-55.5, 25.5], [-55.40625, 25.25], [-54.84375, 25.03125], [-54.65625, 24.625], [-54.09375, 24.09375], [-53.71875, 24.15625], [-53.375, 24.0], [-53.40625, 23.34375], [-53.15625, 22.65625], [-53.3125, 21.21875], [-52.90625, 20.40625], [-53.21875, 20.28125], [-53.375, 19.84375], [-53.6875, 19.59375], [-53.53125, 19.4375], [-53.90625, 19.0625], [-53.78125, 18.96875], [-53.5625, 19.21875], [-53.125, 19.1875], [-52.96875, 18.84375], [-53.8125, 18.1875], [-53.875, 17.8125], [-54.25, 17.6875], [-53.96875, 17.65625], [-53.53125, 18.09375], [-52.6875, 18.3125], [-52.3125, 18.15625], [-52.4375, 17.96875], [-52.1875, 17.78125], [-52.1875, 17.125], [-52.3125, 16.9375], [-52.28125, 16.28125], [-52.46875, 16.28125], [-52.46875, 16.09375], [-52.34375, 16.0], [-52.1875, 16.40625], [-51.9375, 16.59375], [-51.90625, 15.53125], [-51.71875, 15.6875], [-51.78125, 15.9375], [-51.625, 15.9375], [-51.59375, 15.5], [-51.25, 15.28125], [-50.9375, 14.59375], [-50.46875, 14.40625], [-50.40625, 13.90625], [-50.0, 13.96875], [-49.34375, 13.75], [-49.375, 13.59375], [-49.8125, 13.4375], [-49.90625, 12.875], [-49.71875, 12.6875], [-49.21875, 12.65625], [-48.9375, 12.875], [-48.875, 13.21875], [-48.0625, 13.25], [-47.65625, 12.6875], [-47.5625, 12.125], [-47.0625, 11.90625], [-47.125, 11.40625], [-47.03125, 11.59375], [-46.90625, 11.4375], [-46.5, 11.53125], [-46.0625, 11.0625], [-45.75, 11.21875], [-45.875, 10.90625], [-45.65625, 11.03125], [-45.5625, 10.90625], [-44.96875, 10.875], [-44.875, 10.65625], [-44.28125, 10.875], [-44.03125, 10.28125], [-43.59375, 10.0625], [-43.25, 10.25], [-43.125, 9.875], [-42.59375, 9.78125], [-42.5625, 10.09375], [-42.15625, 10.0625], [-42.09375, 8.875], [-42.3125, 8.34375], [-42.1875, 7.96875], [-42.3125, 7.71875], [-42.25, 7.28125], [-42.40625, 7.125], [-42.375, 6.46875], [-43.21875, 6.0], [-43.46875, 5.5], [-44.0, 5.125], [-44.21875, 4.5625], [-44.09375, 4.0], [-43.875, 3.90625], [-43.75, 3.4375], [-43.40625, 3.0625], [-43.59375, 1.71875], [-44.78125, 1.28125], [-45.15625, 0.5625], [-46.1875, 0.65625], [-46.40625, 0.46875], [-46.6875, -0.25], [-46.3125, -0.84375], [-46.40625, -1.125], [-46.28125, -1.46875], [-45.9375, -1.46875], [-45.03125, -0.65625], [-44.46875, 0.84375], [-43.53125, 1.65625], [-43.46875, 2.5], [-43.21875, 3.1875], [-43.53125, 3.40625], [-43.6875, 3.90625], [-44.0, 4.1875], [-44.03125, 4.5625], [-43.84375, 5.0625], [-43.34375, 5.34375], [-43.03125, 5.90625], [-42.21875, 6.375], [-42.09375, 6.84375], [-41.71875, 7.09375], [-41.71875, 7.5625], [-41.21875, 7.9375], [-41.1875, 8.28125], [-40.53125, 8.5625], [-40.1875, 9.0625], [-39.84375, 9.09375], [-39.59375, 9.53125], [-39.59375, 9.28125], [-39.3125, 8.90625], [-38.8125, 8.6875], [-38.65625, 8.0625], [-38.09375, 8.0], [-38.125, 6.03125], [-37.375, 6.1875], [-37.375, 7.0], [-36.96875, 6.9375], [-36.9375, 6.59375], [-37.28125, 6.1875], [-37.34375, 5.71875], [-37.5625, 5.65625], [-37.5625, 5.09375], [-37.75, 4.9375], [-37.25, 4.6875], [-36.6875, 4.8125], [-36.625, 3.6875], [-36.21875, 2.71875], [-36.375, 2.40625], [-36.84375, 2.0625], [-37.09375, 1.5625], [-37.0, 0.9375], [-37.125, 1.125], [-37.4375, 1.15625], [-37.34375, 1.375], [-38.21875, 1.28125], [-38.40625, 1.0], [-38.6875, 0.96875], [-38.96875, -0.03125], [-38.84375, -1.125], [-38.5625, -1.28125], [-38.15625, -1.1875], [-38.0, -1.375], [-37.375, 0.03125], [-36.6875, 0.375], [-36.375, 0.03125], [-36.125, 0.0], [-36.4375, -0.25], [-36.4375, -0.875], [-35.90625, -0.875], [-35.71875, -0.6875], [-35.75, -0.375], [-35.5, -0.375], [-35.3125, -0.6875], [-35.28125, -1.34375], [-35.09375, -1.78125], [-34.875, -1.90625], [-35.25, -2.375], [-35.46875, -3.0625], [-36.375, -4.09375], [-36.6875, -4.6875], [-36.75, -5.40625], [-37.09375, -5.8125], [-37.34375, -5.9375], [-37.6875, -5.75], [-37.78125, -5.34375], [-37.4375, -5.25], [-37.09375, -5.4375], [-37.09375, -5.3125], [-37.28125, -5.125], [-37.78125, -5.0625], [-37.96875, -5.59375], [-37.78125, -6.09375], [-38.5, -6.84375], [-39.09375, -7.21875], [-39.5, -6.96875], [-39.6875, -7.1875], [-39.875, -7.15625], [-39.84375, -7.40625], [-40.0, -7.5], [-41.46875, -7.71875], [-42.90625, -8.375], [-43.4375, -8.25], [-43.46875, -8.0625], [-43.78125, -7.9375], [-43.84375, -7.65625], [-44.4375, -7.34375], [-44.40625, -6.78125], [-44.6875, -6.65625], [-44.9375, -7.3125], [-45.25, -7.25], [-45.5, -7.53125], [-46.15625, -7.75], [-46.1875, -7.4375], [-46.59375, -7.28125], [-46.75, -7.0], [-47.0625, -6.9375], [-47.09375, -6.75], [-47.34375, -6.71875], [-47.5, -6.40625], [-47.96875, -6.65625], [-49.03125, -6.03125], [-49.65625, -6.21875], [-50.125, -7.21875], [-51.8125, -7.34375], [-52.375, -7.8125], [-52.375, -8.53125], [-52.0, -8.78125], [-50.6875, -8.40625], [-49.0625, -8.6875], [-47.40625, -8.625], [-46.875, -8.78125], [-46.90625, -9.125], [-46.625, -9.65625], [-46.3125, -9.375], [-46.375, -9.09375], [-45.75, -9.0625], [-45.4375, -8.46875], [-45.15625, -8.5], [-44.96875, -8.75], [-44.28125, -8.6875], [-43.1875, -9.09375], [-42.53125, -9.0], [-42.09375, -8.625], [-41.21875, -8.28125], [-40.8125, -8.28125], [-40.6875, -8.875], [-40.53125, -8.875], [-40.4375, -8.625], [-39.5625, -8.4375], [-39.53125, -8.78125], [-39.84375, -8.96875], [-39.8125, -9.21875], [-40.15625, -9.9375], [-40.71875, -10.53125], [-40.40625, -10.8125], [-40.34375, -11.375], [-40.75, -11.84375], [-40.6875, -12.09375], [-40.90625, -12.75], [-42.3125, -13.15625], [-42.875, -13.40625], [-43.0625, -13.6875], [-43.46875, -13.6875], [-43.65625, -13.84375], [-43.90625, -13.71875], [-43.8125, -13.375], [-44.78125, -13.40625], [-44.78125, -13.1875], [-45.03125, -12.96875], [-45.625, -12.84375], [-45.6875, -13.1875], [-45.96875, -13.28125], [-46.03125, -13.5625], [-45.875, -13.59375], [-45.6875, -13.28125], [-45.5, -13.28125], [-45.25, -13.5], [-45.0625, -13.46875], [-44.84375, -13.96875], [-45.71875, -14.25], [-46.21875, -14.09375], [-46.5, -14.3125], [-47.03125, -14.03125], [-47.125, -14.25], [-47.0, -14.46875], [-47.1875, -14.71875], [-47.375, -14.71875], [-47.90625, -14.15625], [-48.125, -14.15625], [-48.09375, -14.40625], [-48.28125, -14.4375], [-48.46875, -14.25], [-48.65625, -14.40625], [-49.125, -14.28125], [-49.15625, -13.96875], [-48.9375, -13.65625], [-49.40625, -13.5], [-49.3125, -12.96875], [-49.15625, -12.96875], [-49.125, -13.21875], [-48.90625, -13.15625], [-48.84375, -13.46875], [-48.65625, -13.46875], [-48.34375, -13.03125], [-47.96875, -12.96875], [-47.84375, -12.96875], [-47.78125, -13.28125], [-47.5625, -13.3125], [-47.46875, -13.0625], [-47.59375, -12.84375], [-47.25, -12.65625], [-46.96875, -12.71875], [-46.875, -12.53125], [-46.78125, -12.65625], [-46.9375, -12.71875], [-46.90625, -12.9375], [-46.09375, -12.625], [-46.125, -12.1875], [-45.875, -11.96875], [-46.09375, -12.0], [-46.375, -11.53125], [-47.84375, -11.96875], [-48.78125, -11.84375], [-49.53125, -12.25], [-50.15625, -12.28125], [-50.625, -12.71875], [-51.46875, -13.0], [-51.53125, -13.1875], [-51.84375, -13.3125], [-51.90625, -13.65625], [-52.3125, -13.875], [-52.53125, -14.3125], [-52.78125, -14.34375], [-53.28125, -14.03125], [-55.6875, -13.9375], [-56.40625, -13.625], [-56.65625, -13.65625], [-56.78125, -13.9375], [-57.0, -13.9375], [-57.375, -13.71875], [-57.59375, -13.3125], [-58.03125, -13.25], [-58.1875, -13.0625], [-59.4375, -12.90625], [-59.65625, -13.15625], [-60.0625, -13.15625], [-60.34375, -13.03125], [-60.3125, -12.84375], [-60.53125, -12.6875], [-60.96875, -12.84375], [-61.125, -12.6875], [-61.375, -12.71875], [-61.4375, -12.5625], [-62.875, -12.25], [-62.875, -12.125], [-63.34375, -12.125], [-63.5625, -11.90625], [-63.96875, -12.0], [-64.03125, -11.84375], [-64.71875, -11.8125], [-64.90625, -11.625], [-65.3125, -11.59375], [-65.3125, -11.46875], [-65.84375, -11.5], [-67.40625, -11.09375], [-68.25, -10.53125], [-68.59375, -10.59375], [-68.9375, -10.3125], [-69.34375, -10.40625], [-69.59375, -10.28125], [-69.6875, -10.0], [-70.0625, -9.9375], [-70.4375, -9.53125], [-71.09375, -9.3125], [-71.65625, -8.8125], [-71.71875, -8.25], [-71.46875, -8.125], [-71.46875, -7.84375], [-72.0625, -7.34375], [-71.46875, -7.375], [-71.4375, -7.0625], [-71.03125, -7.0625], [-71.0625, -6.78125], [-71.53125, -6.75], [-71.53125, -6.59375], [-71.25, -6.3125], [-69.8125, -6.46875], [-69.0625, -6.6875], [-69.0625, -6.96875], [-68.875, -7.0625], [-68.5625, -6.9375], [-67.09375, -7.0], [-66.5, -7.34375], [-65.71875, -7.40625], [-65.3125, -7.71875], [-64.34375, -7.8125], [-64.3125, -7.59375], [-64.625, -7.3125], [-65.28125, -7.3125], [-66.0, -6.875], [-66.46875, -6.90625], [-67.21875, -6.5], [-68.5, -6.25], [-68.84375, -5.90625], [-70.125, -5.75], [-71.28125, -5.28125], [-71.28125, -5.15625], [-71.65625, -5.34375], [-71.125, -4.4375], [-70.84375, -4.4375], [-70.75, -4.78125], [-70.21875, -4.71875], [-70.21875, -4.34375], [-70.78125, -4.03125], [-70.875, -3.75], [-71.34375, -3.5], [-71.34375, -3.34375], [-73.375, -3.34375], [-73.5, -3.5625], [-73.3125, -3.65625], [-73.0, -3.59375], [-72.75, -3.78125], [-72.40625, -3.65625], [-72.375, -3.8125], [-71.84375, -4.0], [-71.875, -4.4375], [-72.78125, -6.375], [-72.90625, -5.875], [-73.0625, -5.78125], [-73.1875, -6.71875], [-73.40625, -7.125], [-73.75, -7.03125], [-73.78125, -6.65625], [-74.0625, -6.375], [-74.34375, -6.46875], [-74.03125, -6.9375], [-74.25, -7.21875], [-74.0, -7.625], [-73.4375, -7.59375], [-73.25, -7.75], [-72.34375, -7.875], [-72.40625, -8.125], [-72.875, -7.90625], [-73.28125, -8.0], [-73.1875, -8.21875], [-72.71875, -8.375], [-72.375, -8.3125], [-72.3125, -8.53125], [-72.5, -8.71875], [-72.6875, -8.5625], [-73.5, -8.53125], [-73.96875, -8.15625], [-75.78125, -8.03125], [-75.78125, -8.46875], [-74.8125, -8.40625], [-74.84375, -8.5625], [-75.21875, -8.8125], [-75.40625, -8.71875], [-76.3125, -8.9375], [-76.5, -8.8125], [-76.5, -8.46875], [-76.0, -8.0], [-77.15625, -7.9375], [-77.90625, -7.65625], [-78.6875, -7.78125], [-78.9375, -7.4375], [-79.46875, -7.28125], [-81.03125, -7.5], [-80.65625, -7.9375], [-79.78125, -7.96875], [-78.75, -8.34375], [-78.5, -8.28125], [-78.46875, -8.40625], [-78.875, -8.5], [-80.25, -8.375], [-81.34375, -7.90625], [-82.5, -7.78125], [-82.96875, -7.5], [-83.84375, -7.53125], [-83.625, -7.78125], [-83.09375, -7.75], [-82.28125, -8.09375], [-80.21875, -8.40625], [-79.75, -8.75], [-77.3125, -9.15625], [-76.25, -9.5625], [-76.15625, -9.4375], [-76.28125, -9.21875], [-75.09375, -9.375], [-74.84375, -9.8125], [-74.46875, -9.78125], [-74.15625, -9.96875], [-73.9375, -9.875], [-73.84375, -10.15625], [-73.46875, -10.15625], [-73.1875, -10.5625], [-72.71875, -10.5], [-72.6875, -11.09375], [-73.125, -11.28125], [-73.21875, -11.75], [-73.09375, -11.9375], [-72.8125, -11.65625], [-72.78125, -11.90625], [-72.53125, -12.0], [-72.625, -11.65625], [-72.375, -11.40625], [-72.09375, -12.0], [-71.75, -11.78125], [-71.59375, -11.84375], [-71.6875, -12.09375], [-70.9375, -12.4375], [-70.40625, -12.3125], [-69.96875, -12.53125], [-70.1875, -12.84375], [-69.90625, -12.875], [-69.8125, -13.09375], [-70.125, -13.15625], [-70.5, -12.9375], [-71.34375, -13.15625], [-72.0625, -12.875], [-72.4375, -12.25], [-72.78125, -12.4375], [-72.78125, -12.625], [-72.3125, -13.15625], [-71.4375, -13.5625], [-70.625, -13.4375], [-70.0625, -13.65625], [-69.90625, -13.34375], [-69.40625, -13.25], [-69.03125, -12.90625], [-68.625, -12.8125], [-68.1875, -13.21875], [-67.03125, -13.25], [-65.71875, -13.6875], [-64.21875, -13.8125], [-64.0, -14.0], [-62.875, -14.1875], [-62.875, -14.03125], [-63.59375, -13.75], [-64.25, -13.75], [-64.90625, -13.46875], [-65.8125, -13.375], [-67.1875, -12.78125], [-67.96875, -12.8125], [-68.625, -12.3125], [-69.0, -12.53125], [-69.1875, -12.4375], [-68.75, -12.21875], [-68.6875, -12.0], [-67.09375, -12.4375], [-66.1875, -12.46875], [-65.90625, -12.65625], [-65.03125, -12.59375], [-64.6875, -12.84375], [-64.34375, -12.75], [-62.9375, -13.28125], [-62.46875, -13.1875], [-62.25, -13.375], [-61.9375, -13.3125], [-61.59375, -13.6875], [-61.09375, -13.6875], [-60.90625, -13.875], [-60.0, -13.875], [-60.1875, -13.625], [-59.75, -13.625], [-59.125, -13.9375], [-58.90625, -14.28125], [-57.46875, -14.625], [-56.84375, -15.125], [-56.375, -15.15625], [-56.03125, -15.5], [-55.59375, -15.65625], [-55.09375, -15.53125], [-54.75, -15.65625], [-54.3125, -15.375], [-53.78125, -15.375], [-53.34375, -15.6875], [-52.34375, -15.75], [-52.25, -15.625], [-50.71875, -15.65625], [-50.625, -15.4375], [-49.96875, -15.375], [-49.8125, -15.78125], [-50.21875, -15.75], [-50.78125, -16.1875], [-50.53125, -16.75], [-49.84375, -16.875], [-49.65625, -16.6875], [-49.34375, -16.9375], [-48.59375, -17.09375], [-48.5, -16.84375], [-48.0, -16.625], [-47.6875, -17.3125], [-47.25, -17.53125], [-46.59375, -17.46875], [-46.59375, -18.0625], [-46.09375, -17.84375], [-46.0625, -17.46875], [-45.34375, -17.40625], [-45.25, -17.03125], [-44.8125, -16.90625], [-44.84375, -16.53125], [-42.15625, -16.28125], [-41.65625, -15.9375], [-41.5625, -15.34375], [-41.875, -14.8125], [-41.59375, -14.625], [-41.59375, -14.125], [-41.21875, -13.53125], [-39.78125, -13.375], [-39.28125, -13.15625], [-39.0625, -12.90625], [-39.0, -12.4375], [-38.59375, -12.03125], [-38.28125, -11.96875], [-37.53125, -11.09375], [-37.09375, -10.96875], [-36.90625, -10.53125], [-36.53125, -10.78125], [-36.0, -10.71875], [-35.8125, -10.875], [-35.8125, -12.125], [-35.09375, -12.125], [-34.71875, -11.5625], [-34.375, -11.53125], [-34.3125, -11.75], [-34.09375, -11.78125], [-33.96875, -11.46875], [-33.3125, -11.4375], [-33.28125, -11.28125], [-33.53125, -11.1875], [-33.21875, -10.9375], [-33.625, -10.875], [-33.5625, -10.65625], [-32.28125, -10.09375], [-32.34375, -9.96875], [-31.75, -9.9375], [-31.59375, -9.8125], [-31.59375, -9.53125], [-31.03125, -9.59375], [-30.84375, -9.375], [-30.84375, -9.0], [-30.0625, -8.78125], [-30.03125, -8.59375], [-29.625, -8.71875], [-29.28125, -8.59375], [-28.8125, -8.875], [-28.875, -9.15625], [-28.625, -9.0625], [-28.375, -9.25], [-28.09375, -8.96875], [-28.125, -8.78125], [-27.71875, -8.75], [-27.6875, -8.5], [-27.0, -8.5625], [-27.1875, -8.125], [-27.09375, -7.5625], [-26.875, -7.65625], [-26.84375, -7.40625], [-27.0625, -7.4375], [-27.09375, -7.25], [-26.375, -7.0], [-26.21875, -6.71875], [-26.0625, -6.75], [-26.0625, -6.5625], [-26.21875, -6.5625], [-26.3125, -6.34375], [-26.96875, -6.46875], [-27.125, -6.34375], [-26.0, -5.84375], [-25.03125, -5.71875], [-24.65625, -5.4375], [-24.3125, -4.4375], [-24.5625, -4.40625], [-24.46875, -4.1875], [-24.625, -4.03125], [-24.96875, -4.0625], [-25.0, -3.75], [-24.65625, -3.75], [-24.40625, -3.5625], [-24.84375, -3.25], [-24.90625, -2.84375], [-24.65625, -2.78125], [-24.25, -2.96875], [-24.21875, -2.6875], [-24.03125, -2.59375], [-24.75, -2.21875], [-24.78125, -2.375], [-25.5, -2.53125], [-25.46875, -2.78125], [-25.90625, -2.5625], [-26.28125, -2.6875], [-26.3125, -3.0], [-26.59375, -3.3125], [-26.78125, -3.3125], [-26.90625, -2.65625], [-26.46875, -2.625], [-26.65625, -2.5625], [-26.71875, -1.84375], [-26.5625, -1.65625], [-26.03125, -1.65625], [-26.09375, -1.25], [-26.46875, -1.15625], [-26.40625, -1.5625], [-27.03125, -1.53125], [-27.09375, -1.75], [-27.4375, -1.8125], [-28.96875, -1.5625], [-28.875, -1.875], [-29.0, -2.09375], [-29.375, -2.03125], [-29.4375, -1.8125], [-30.03125, -1.71875], [-30.03125, -2.6875], [-29.6875, -2.84375], [-29.21875, -2.78125], [-28.90625, -3.03125], [-29.03125, -3.21875], [-28.90625, -3.625], [-29.21875, -3.84375], [-29.3125, -4.1875], [-29.1875, -5.3125], [-29.03125, -5.25], [-28.96875, -5.40625], [-29.21875, -5.71875], [-29.40625, -5.6875], [-29.53125, -6.40625], [-29.65625, -6.40625], [-29.5625, -6.1875], [-29.75, -6.15625], [-29.90625, -5.625], [-30.09375, -5.625], [-30.125, -5.96875], [-30.28125, -5.96875], [-30.78125, -6.53125], [-32.28125, -6.28125], [-33.875, -6.3125], [-33.96875, -5.9375], [-34.5, -5.6875], [-34.5, -5.34375], [-34.34375, -5.1875], [-34.40625, -4.84375], [-35.0, -4.78125], [-34.96875, -4.0], [-34.625, -3.59375], [-34.3125, -3.59375], [-34.3125, -3.3125], [-34.125, -3.15625], [-33.46875, -3.25], [-33.125, -2.5], [-32.6875, -2.625], [-32.40625, -2.375], [-32.5, -1.9375], [-32.1875, -1.75], [-32.15625, -1.4375], [-32.46875, -1.59375], [-32.78125, -1.5625], [-32.90625, -1.375], [-32.25, -0.8125], [-32.21875, -0.46875], [-31.90625, -0.9375], [-31.90625, -1.34375], [-31.5625, -1.0625], [-31.71875, -0.78125], [-31.875, -0.78125], [-32.03125, -0.21875], [-32.28125, -0.28125], [-32.28125, 0.1875], [-32.0625, 0.375], [-31.9375, 0.90625], [-32.375, 1.6875], [-32.125, 1.625], [-31.9375, 1.96875], [-31.59375, 1.6875], [-31.15625, 1.9375], [-31.0, 2.78125], [-30.71875, 2.875], [-30.46875, 3.5625], [-30.46875, 3.90625], [-30.625, 3.96875], [-30.59375, 4.875], [-29.75, 4.25], [-29.71875, 3.59375], [-29.09375, 3.34375], [-29.09375, 3.03125], [-29.28125, 2.90625], [-29.4375, 2.40625], [-28.96875, 2.0], [-28.84375, 1.5625], [-28.5, 1.625], [-28.15625, 1.1875], [-27.84375, 1.28125], [-27.96875, 1.625], [-27.75, 1.65625], [-27.8125, 2.0], [-28.03125, 2.03125], [-28.375, 1.78125], [-28.25, 2.34375], [-27.84375, 2.75], [-27.8125, 2.34375], [-27.125, 1.96875], [-26.84375, 1.96875], [-26.78125, 2.125], [-26.96875, 2.375], [-26.6875, 2.625], [-26.4375, 2.625], [-26.125, 2.0], [-25.96875, 2.0], [-26.15625, 1.03125], [-25.9375, 0.8125], [-25.53125, 0.78125], [-25.25, 1.09375], [-25.3125, 1.59375], [-24.5, 1.65625], [-24.21875, 1.96875], [-24.5625, 2.5625], [-24.53125, 3.34375], [-24.78125, 3.5625], [-24.59375, 4.5625], [-23.65625, 5.5625], [-23.3125, 5.625], [-23.375, 5.8125], [-22.875, 6.15625], [-22.8125, 6.4375], [-22.34375, 6.90625], [-22.03125, 6.90625], [-22.03125, 7.125], [-21.65625, 7.0], [-21.625, 7.21875], [-21.5, 6.71875], [-21.0, 6.84375], [-20.6875, 6.34375], [-20.21875, 6.3125], [-20.1875, 6.5], [-20.0, 6.5], [-19.3125, 6.1875], [-19.1875, 5.875], [-19.1875, 6.0625], [-18.9375, 5.96875], [-18.8125, 5.5], [-18.375, 5.0625], [-18.3125, 4.1875], [-17.96875, 3.90625], [-17.96875, 3.40625], [-18.15625, 3.28125], [-18.09375, 2.96875], [-19.09375, 2.8125], [-19.28125, 3.40625], [-19.5625, 3.46875], [-19.625, 3.71875], [-19.78125, 3.6875], [-19.71875, 4.03125], [-20.0, 4.15625], [-19.8125, 4.4375], [-20.125, 4.6875], [-20.46875, 4.6875], [-20.4375, 4.84375], [-21.0, 4.78125], [-21.21875, 5.0625], [-21.59375, 4.71875], [-21.8125, 4.71875], [-21.8125, 4.875], [-21.96875, 4.71875], [-22.3125, 4.78125], [-22.53125, 4.65625], [-22.5, 4.4375], [-22.34375, 4.46875], [-22.1875, 4.21875], [-22.21875, 3.90625], [-22.6875, 3.9375], [-22.6875, 3.78125], [-22.9375, 3.65625], [-22.96875, 3.375], [-22.78125, 3.3125], [-22.9375, 2.9375], [-23.3125, 3.0625], [-23.25, 2.84375], [-23.5, 2.34375], [-23.375, 1.59375], [-23.21875, 1.40625], [-22.84375, 1.53125], [-22.8125, 1.1875], [-22.59375, 1.28125], [-22.6875, 1.59375], [-22.5, 1.5625], [-22.375, 1.25], [-22.125, 1.4375], [-22.09375, 0.96875], [-22.3125, 1.09375], [-22.28125, 0.65625], [-21.65625, 0.375], [-21.15625, 0.5], [-20.875, 0.375], [-19.78125, 0.90625], [-19.09375, 2.125], [-18.96875, 2.65625], [-17.90625, 2.8125], [-17.78125, 2.53125], [-18.25, 0.96875], [-18.25, 0.65625], [-18.0625, 0.5625], [-18.1875, 0.5], [-18.15625, 0.15625], [-19.375, -1.03125], [-20.09375, -0.96875], [-20.15625, -1.09375], [-20.5625, -1.09375], [-20.4375, -0.5], [-20.625, -0.5], [-20.8125, -0.875], [-20.96875, -0.8125], [-21.0, -1.03125], [-21.28125, -1.21875], [-20.75, -1.40625], [-20.5, -1.75], [-20.125, -1.75], [-20.09375, -1.90625], [-19.75, -1.9375], [-19.5, -1.71875], [-19.09375, -1.65625], [-18.90625, -2.0625], [-19.15625, -2.15625], [-19.15625, -2.46875], [-19.3125, -2.4375], [-19.09375, -2.78125], [-19.15625, -3.15625], [-18.65625, -2.59375], [-18.65625, -3.125], [-18.1875, -3.59375], [-17.875, -3.53125], [-17.78125, -2.78125], [-17.625, -2.8125], [-17.375, -2.53125], [-17.125, -2.65625], [-17.0625, -2.5], [-16.84375, -2.5], [-16.75, -2.78125], [-16.5, -2.9375], [-16.40625, -2.8125], [-16.0625, -2.875], [-15.875, -3.21875], [-15.5625, -3.25], [-15.1875, -3.53125], [-14.90625, -3.15625], [-14.0625, -3.1875], [-14.34375, -3.03125], [-14.9375, -3.03125], [-14.84375, -2.8125], [-15.03125, -2.78125], [-15.0625, -2.59375], [-15.34375, -2.59375], [-15.1875, -2.09375], [-14.90625, -2.5], [-14.4375, -2.4375], [-13.71875, -2.625], [-13.8125, -2.28125], [-14.0625, -2.34375], [-14.3125, -2.15625], [-14.28125, -1.8125], [-14.0625, -1.8125], [-14.0, -1.5625], [-14.125, -1.28125], [-14.03125, -1.0625], [-13.84375, -1.03125], [-14.03125, -0.5625], [-14.1875, -0.53125], [-14.15625, -1.0625], [-14.625, -1.125], [-14.65625, -1.3125], [-14.875, -1.3125], [-14.875, -0.96875], [-15.21875, -0.78125], [-15.15625, -0.59375], [-14.84375, -0.9375], [-14.59375, -0.78125], [-14.8125, -0.09375], [-14.625, 0.1875], [-14.90625, 0.0625], [-14.78125, 0.8125], [-15.03125, 0.59375], [-15.46875, 0.8125], [-15.90625, 0.6875], [-15.90625, 1.03125], [-15.65625, 1.125], [-15.78125, 1.78125], [-15.1875, 2.15625], [-15.21875, 2.84375], [-15.6875, 3.25], [-15.84375, 3.59375], [-15.84375, 3.90625], [-15.5, 3.78125], [-15.59375, 4.15625], [-16.28125, 4.40625], [-16.8125, 4.1875], [-17.4375, 4.46875], [-17.46875, 4.9375], [-17.71875, 5.03125], [-17.71875, 5.71875], [-17.5625, 5.71875], [-17.59375, 5.84375], [-18.59375, 6.4375], [-18.5, 6.59375], [-18.65625, 6.625], [-18.53125, 6.875], [-18.46875, 6.59375], [-18.125, 6.53125], [-17.9375, 6.75], [-18.03125, 7.0625], [-18.40625, 7.09375], [-18.625, 6.90625], [-18.78125, 7.15625], [-19.125, 7.28125], [-19.375, 7.0], [-19.75, 7.15625], [-19.34375, 7.46875], [-19.53125, 7.96875], [-20.0625, 7.8125], [-20.40625, 8.28125], [-20.59375, 8.25], [-20.59375, 8.0625], [-21.09375, 8.125], [-21.0625, 8.28125], [-20.40625, 8.46875], [-20.125, 8.40625], [-19.9375, 8.4375], [-20.28125, 8.59375], [-20.96875, 8.40625], [-21.71875, 8.5625], [-21.5625, 9.0], [-21.84375, 9.0625], [-22.0, 8.875], [-22.125, 9.125], [-22.0, 9.34375], [-21.75, 9.375], [-21.71875, 9.8125], [-21.5625, 9.78125], [-21.75, 10.125], [-21.90625, 10.15625], [-22.1875, 9.53125], [-22.59375, 9.53125], [-22.8125, 9.34375], [-23.21875, 9.90625], [-23.65625, 10.0625], [-23.96875, 10.4375], [-24.53125, 10.375], [-24.8125, 10.625], [-25.25, 10.4375], [-25.34375, 10.5625], [-25.125, 11.125], [-25.1875, 11.5], [-25.0625, 11.5], [-25.0625, 11.6875], [-24.71875, 11.625], [-25.15625, 12.21875], [-25.03125, 12.375], [-25.03125, 12.125], [-24.65625, 12.125], [-24.875, 12.3125], [-24.625, 12.625], [-24.71875, 13.40625], [-24.4375, 13.1875], [-24.21875, 13.21875], [-23.71875, 13.78125], [-23.59375, 14.375], [-23.375, 14.3125], [-23.03125, 14.53125], [-22.625, 14.3125], [-22.46875, 14.375], [-22.625, 14.5], [-22.6875, 15.0625], [-22.96875, 15.15625], [-22.9375, 15.3125], [-22.625, 15.25], [-22.40625, 14.40625], [-22.28125, 14.40625], [-22.25, 14.75], [-21.90625, 14.75], [-21.875, 14.46875], [-21.6875, 14.34375], [-21.40625, 14.34375], [-21.25, 14.53125], [-20.9375, 14.375], [-20.6875, 14.5], [-20.8125, 14.875], [-21.21875, 14.75], [-21.375, 15.03125], [-21.6875, 15.0625], [-21.6875, 15.5625], [-22.21875, 15.875], [-21.75, 16.0], [-21.71875, 16.3125], [-21.53125, 16.34375], [-21.59375, 16.59375], [-21.3125, 16.46875], [-21.3125, 16.75], [-21.15625, 16.8125], [-20.84375, 16.8125], [-20.15625, 16.34375], [-20.34375, 16.5], [-20.3125, 16.84375], [-20.625, 16.90625], [-20.5, 17.15625], [-21.03125, 17.15625], [-21.40625, 16.78125], [-21.71875, 16.96875], [-21.71875, 17.28125], [-21.03125, 17.25], [-20.9375, 17.59375], [-21.09375, 17.875], [-21.59375, 17.96875], [-21.75, 18.53125], [-21.5625, 18.6875], [-21.40625, 18.1875], [-21.0, 18.34375], [-21.03125, 18.53125], [-20.625, 18.59375], [-20.625, 18.75], [-20.375, 18.59375], [-20.25, 18.8125], [-20.09375, 18.75], [-19.96875, 18.875], [-20.03125, 19.09375], [-20.625, 19.0625], [-20.71875, 19.21875], [-21.03125, 19.25], [-20.96875, 19.5], [-20.46875, 19.28125], [-20.25, 19.53125], [-20.375, 19.84375], [-20.9375, 20.09375], [-20.375, 20.125], [-20.15625, 19.90625], [-19.28125, 20.375], [-19.375, 20.875], [-19.71875, 21.375], [-19.3125, 21.625], [-19.3125, 21.84375], [-19.65625, 22.0], [-20.0625, 21.75], [-20.09375, 22.0], [-19.9375, 22.65625], [-19.03125, 23.09375], [-19.3125, 24.3125], [-19.03125, 24.25], [-18.8125, 23.96875], [-18.71875, 23.59375], [-18.90625, 23.46875], [-18.96875, 22.65625], [-18.625, 22.4375], [-18.625, 22.25], [-18.25, 22.34375], [-18.1875, 22.15625], [-18.0, 22.34375], [-17.15625, 22.1875], [-16.65625, 22.3125], [-16.5, 22.125], [-15.59375, 22.09375], [-15.25, 21.53125], [-15.3125, 21.25], [-14.90625, 20.90625], [-14.96875, 20.625], [-14.65625, 19.75], [-13.84375, 19.25], [-13.625, 19.0], [-13.65625, 18.78125], [-13.3125, 18.625], [-13.40625, 19.53125], [-13.625, 19.78125], [-14.15625, 19.875], [-14.53125, 20.40625], [-14.59375, 21.1875], [-15.25, 22.0625], [-15.0625, 22.28125], [-15.1875, 22.625], [-15.53125, 22.65625], [-15.8125, 22.3125], [-18.09375, 22.9375], [-18.1875, 23.28125], [-17.75, 23.25], [-17.96875, 23.53125], [-17.78125, 23.84375], [-17.84375, 24.15625], [-17.375, 24.21875], [-17.46875, 24.625], [-17.09375, 24.875], [-17.40625, 25.125], [-17.34375, 25.28125], [-17.5625, 25.34375], [-17.59375, 25.5625], [-17.25, 25.375], [-16.75, 25.53125], [-16.5, 25.4375], [-16.375, 25.78125], [-16.59375, 26.15625], [-16.4375, 26.15625], [-16.0, 25.65625], [-15.90625, 25.15625], [-15.71875, 24.96875], [-15.40625, 25.3125], [-15.65625, 25.90625], [-15.53125, 25.75], [-15.375, 25.84375], [-15.25, 25.59375], [-15.03125, 25.6875], [-14.9375, 26.0625], [-14.65625, 26.09375], [-14.65625, 25.84375], [-14.5, 25.8125], [-14.34375, 26.25], [-14.53125, 26.4375], [-14.34375, 26.34375], [-14.0, 26.5], [-13.4375, 26.21875], [-13.375, 26.40625], [-13.25, 26.375], [-13.40625, 25.5], [-13.1875, 25.5625], [-13.25, 25.75], [-13.09375, 25.6875], [-13.25, 25.96875], [-13.0625, 26.0], [-12.90625, 25.875], [-12.78125, 25.25], [-12.5, 25.25], [-12.59375, 25.875], [-11.8125, 25.8125], [-11.53125, 26.15625], [-10.4375, 25.875], [-10.4375, 26.09375], [-10.1875, 25.96875], [-10.09375, 26.25], [-9.53125, 25.8125], [-9.4375, 26.09375], [-9.84375, 26.625], [-9.875, 27.0], [-9.59375, 27.78125], [-9.3125, 27.8125], [-9.5, 27.59375], [-9.375, 27.21875], [-9.625, 27.375], [-9.71875, 27.1875], [-9.21875, 26.75], [-8.90625, 26.90625], [-8.8125, 27.25], [-8.6875, 27.25], [-8.71875, 27.5], [-8.25, 27.34375], [-8.0, 27.625], [-8.21875, 27.90625], [-7.96875, 28.375], [-8.0625, 28.6875], [-8.4375, 28.8125], [-8.21875, 29.03125], [-8.90625, 29.34375], [-9.0625, 29.28125], [-9.125, 29.71875], [-8.84375, 29.625], [-8.4375, 29.75], [-8.125, 29.375], [-7.78125, 29.40625], [-7.6875, 29.6875], [-7.3125, 29.625], [-7.0625, 29.34375], [-6.6875, 29.40625], [-6.875, 29.59375], [-6.78125, 29.9375], [-6.96875, 30.0625], [-6.96875, 30.375], [-6.65625, 30.21875], [-6.6875, 30.46875], [-6.125, 30.90625], [-6.125, 31.09375], [-5.53125, 31.25], [-5.3125, 31.5], [-5.09375, 31.40625], [-4.8125, 31.5625], [-4.65625, 31.34375], [-3.90625, 31.5], [-4.0, 32.46875], [-4.25, 32.34375], [-4.71875, 32.5625], [-4.90625, 32.5], [-5.0, 32.6875], [-4.0625, 32.75], [-3.90625, 33.0625], [-3.6875, 32.625], [-2.1875, 32.625], [-1.8125, 32.90625], [-1.625, 32.84375], [-1.71875, 33.75], [-1.34375, 33.65625], [-1.0, 33.84375], [-0.75, 34.1875], [-0.90625, 34.59375], [-0.65625, 34.84375], [0.6875, 34.84375], [0.75, 35.25], [1.0, 35.375], [1.0, 35.53125], [1.0625, 35.28125], [1.28125, 35.21875], [1.28125, 35.0], [1.78125, 34.84375], [2.125, 34.96875], [2.0625, 35.40625], [2.21875, 35.40625], [2.46875, 35.0], [2.65625, 35.0], [2.71875, 35.1875], [3.09375, 35.15625], [3.0, 35.5], [3.375, 35.4375], [3.59375, 35.625], [3.53125, 35.90625], [3.03125, 35.875], [3.09375, 36.28125], [3.4375, 36.21875], [3.71875, 36.46875], [3.8125, 37.0], [4.125, 37.15625], [4.03125, 37.53125], [5.25, 37.46875], [5.125, 37.6875], [4.71875, 37.71875], [4.5, 38.15625], [4.59375, 38.03125], [5.03125, 38.15625], [5.125, 37.96875], [5.53125, 38.0], [5.71875, 37.46875], [6.375, 37.53125], [6.5, 37.90625], [6.6875, 37.90625], [6.625, 37.59375], [6.84375, 37.46875], [8.0, 37.46875], [8.21875, 37.6875], [8.28125, 37.34375], [9.0, 37.28125], [9.03125, 37.125], [9.125, 37.375], [9.90625, 37.1875], [10.125, 37.0], [10.0, 36.65625], [10.21875, 36.4375], [10.25, 36.78125], [10.625, 36.75], [10.5, 37.15625], [10.65625, 37.28125], [10.71875, 38.03125], [11.25, 38.46875], [11.125, 38.75], [10.8125, 38.84375], [10.9375, 39.1875], [11.46875, 39.0625], [11.65625, 39.15625], [11.65625, 39.625], [12.21875, 39.4375], [12.4375, 39.65625], [12.78125, 39.65625], [12.8125, 39.53125], [13.28125, 39.5625], [13.40625, 39.40625], [13.75, 39.6875], [13.8125, 40.0625], [14.5625, 40.0625], [14.46875, 40.3125], [14.0, 40.3125], [13.96875, 40.53125], [13.6875, 40.59375], [13.6875, 40.78125], [13.8125, 40.78125], [13.6875, 41.15625], [14.0, 41.125], [14.125, 40.90625], [14.71875, 40.90625], [14.59375, 40.4375], [15.28125, 40.28125], [15.53125, 39.53125], [15.90625, 39.40625], [15.8125, 39.15625], [16.09375, 39.21875], [16.65625, 38.78125], [17.375, 38.84375], [17.28125, 39.125], [17.625, 39.1875], [17.78125, 39.40625], [17.875, 39.21875], [18.59375, 39.21875], [18.5625, 39.0625], [20.0, 39.3125], [20.1875, 39.15625], [20.5, 39.21875], [20.21875, 38.9375], [20.15625, 38.40625], [19.71875, 37.90625], [19.75, 37.65625], [18.40625, 37.4375], [17.90625, 37.875], [17.375, 37.8125], [17.375, 37.9375], [16.9375, 38.03125], [16.09375, 37.78125], [15.96875, 37.96875], [15.59375, 37.4375], [15.28125, 37.34375], [15.0, 36.84375], [14.0625, 37.1875], [14.0625, 37.375], [13.90625, 37.40625], [13.90625, 37.1875], [13.59375, 37.0625], [13.34375, 36.71875], [12.65625, 36.46875], [12.53125, 36.0625], [12.71875, 35.6875], [12.09375, 35.46875], [11.875, 35.21875], [11.5, 35.28125], [11.6875, 34.9375], [12.6875, 34.75], [12.96875, 35.09375], [12.8125, 35.375], [12.96875, 35.59375], [14.0625, 35.0], [14.0625, 35.125], [15.03125, 35.5], [15.0, 35.90625], [15.125, 36.03125], [15.0, 36.34375], [15.3125, 36.4375], [15.34375, 36.09375], [15.59375, 36.03125], [15.34375, 35.84375], [16.0625, 35.59375], [16.1875, 35.15625], [16.46875, 35.1875], [16.84375, 34.90625], [16.78125, 34.28125], [16.46875, 34.1875], [16.5625, 33.375], [17.1875, 33.1875], [17.28125, 32.96875], [17.75, 33.15625], [17.96875, 33.03125], [18.03125, 33.25], [17.65625, 33.34375], [17.65625, 34.03125], [17.34375, 34.15625], [17.40625, 34.53125], [17.09375, 34.625], [16.96875, 34.96875], [16.6875, 35.09375], [16.8125, 35.1875], [17.03125, 35.0625], [17.03125, 35.1875], [16.6875, 35.46875], [16.21875, 35.46875], [16.0625, 35.71875], [15.8125, 35.78125], [15.71875, 36.125], [15.46875, 36.21875], [15.5625, 36.8125], [15.875, 36.90625], [16.0625, 37.3125], [17.03125, 37.5625], [17.65625, 36.90625], [17.5625, 36.53125], [17.6875, 36.375], [18.03125, 36.34375], [18.6875, 37.0], [20.4375, 37.15625], [20.0, 37.34375], [20.09375, 37.53125], [20.59375, 37.5], [20.21875, 37.8125], [20.78125, 38.125], [20.78125, 38.5], [20.96875, 38.78125], [21.84375, 39.125], [22.1875, 38.9375], [22.46875, 38.53125], [22.9375, 38.3125], [23.0, 38.125], [22.71875, 38.125], [22.78125, 38.0], [23.1875, 37.96875], [23.375, 37.75], [23.46875, 37.28125], [22.96875, 37.3125], [22.8125, 36.875], [23.03125, 36.84375], [22.78125, 36.46875], [23.0625, 36.25], [23.375, 36.34375], [23.40625, 36.46875], [23.59375, 36.4375], [23.5625, 36.28125], [23.8125, 36.34375], [23.75, 36.1875], [23.46875, 36.21875], [23.1875, 35.96875], [23.28125, 35.84375], [23.625, 35.90625], [24.03125, 36.21875], [24.15625, 36.53125], [24.375, 36.5625], [24.1875, 36.71875], [24.375, 37.09375], [24.28125, 37.3125], [24.65625, 37.1875], [24.8125, 37.375], [24.8125, 37.53125], [24.40625, 37.6875], [24.21875, 38.0], [23.6875, 37.875], [23.5, 37.96875], [23.5, 38.09375], [23.96875, 38.125], [23.96875, 38.375], [24.84375, 38.6875], [25.125, 38.9375], [25.03125, 39.59375], [25.15625, 39.59375], [25.125, 39.78125], [25.375, 39.90625], [25.375, 40.0625], [24.84375, 39.875], [24.78125, 40.03125], [25.09375, 40.15625], [24.59375, 40.1875], [24.65625, 40.34375], [25.0, 40.28125], [25.21875, 40.46875], [26.1875, 40.625], [26.34375, 40.875], [26.28125, 41.0625], [26.5625, 41.15625], [26.6875, 41.40625], [27.46875, 40.90625], [28.34375, 41.28125], [28.75, 41.28125], [28.625, 41.09375], [28.6875, 40.65625], [28.5, 40.71875], [28.3125, 40.5], [28.0, 40.6875], [27.71875, 40.625], [27.59375, 40.4375], [27.65625, 40.125], [27.9375, 40.0625], [27.84375, 39.75], [28.0625, 39.75], [28.21875, 39.46875], [28.46875, 39.375], [28.4375, 39.1875], [28.75, 39.0], [28.71875, 38.53125], [29.90625, 38.28125], [30.0, 38.53125], [29.625, 38.46875], [29.3125, 38.59375], [29.3125, 38.75], [30.0625, 39.0], [30.5, 39.375], [30.59375, 39.84375], [30.34375, 40.03125], [30.5625, 40.0625], [30.625, 40.28125], [29.78125, 41.15625], [28.90625, 41.4375], [28.875, 41.875], [28.71875, 42.0], [28.875, 42.59375], [29.28125, 42.59375], [29.3125, 42.34375], [29.125, 42.1875], [29.34375, 42.03125], [30.0, 42.03125], [29.9375, 41.75], [30.3125, 41.3125], [32.875, 41.34375], [33.5, 41.03125], [33.5625, 40.78125], [33.84375, 40.75], [33.84375, 41.1875], [34.21875, 41.3125], [33.78125, 41.625], [33.78125, 41.96875], [34.375, 41.875], [34.40625, 41.34375], [34.65625, 41.25], [34.71875, 41.5], [35.375, 41.8125], [35.09375, 42.25], [35.4375, 42.21875], [35.8125, 43.15625], [36.875, 43.4375], [37.0625, 43.84375], [38.15625, 44.21875], [38.28125, 44.53125], [38.875, 44.46875], [39.5625, 44.90625], [39.0, 44.8125], [38.3125, 45.0625], [37.53125, 45.03125], [37.125, 45.1875], [37.3125, 45.5625], [38.09375, 45.75], [38.84375, 45.59375], [39.40625, 45.875], [40.15625, 45.96875], [40.71875, 45.8125], [40.625, 45.59375], [40.8125, 45.53125], [41.28125, 45.625], [41.3125, 45.46875], [41.0625, 45.40625], [41.03125, 45.25], [41.28125, 45.0625], [41.59375, 45.15625], [41.4375, 44.90625], [41.59375, 44.5], [40.75, 44.21875], [40.0, 44.1875], [39.8125, 43.59375], [40.0, 43.40625], [40.5625, 43.3125], [41.1875, 43.75], [41.46875, 43.1875], [41.75, 43.125], [41.75, 42.8125], [41.96875, 42.8125], [42.28125, 42.03125], [42.65625, 41.96875], [43.15625, 42.1875], [43.1875, 41.53125], [43.375, 41.125], [43.75, 40.9375], [43.75, 40.84375], [43.625, 40.84375], [43.5625, 40.75], [44.25, 40.625], [44.21875, 40.75], [45.1875, 40.875], [45.65625, 41.15625], [45.875, 41.5], [45.75, 42.5], [44.65625, 42.8125], [43.375, 42.625], [43.59375, 43.34375], [43.53125, 43.625], [43.75, 43.71875], [43.8125, 44.0], [45.03125, 44.03125], [45.34375, 44.1875], [44.84375, 44.6875], [44.8125, 44.90625], [45.28125, 45.0625], [45.25, 45.59375], [45.875, 45.625], [45.8125, 45.1875], [45.4375, 45.1875], [45.6875, 44.96875], [45.59375, 44.5], [46.375, 44.75], [47.625, 44.625], [48.0625, 44.34375], [47.78125, 44.0625], [47.9375, 43.875], [47.84375, 43.625], [48.53125, 43.46875], [48.84375, 42.3125], [48.40625, 42.0], [48.25, 41.59375], [47.6875, 41.4375], [47.6875, 41.3125], [48.53125, 41.3125], [48.6875, 41.625], [49.21875, 41.8125], [49.46875, 42.25], [50.0, 42.25], [50.28125, 42.5625], [50.6875, 42.53125], [50.78125, 42.21875], [50.6875, 41.90625], [50.4375, 41.875], [50.3125, 41.59375], [50.75, 41.34375], [51.34375, 41.3125], [51.375, 41.0], [51.875, 40.84375], [53.0, 40.9375], [53.25, 40.65625], [54.21875, 40.6875], [54.46875, 40.96875], [54.3125, 41.3125], [54.71875, 41.5625], [55.40625, 41.78125], [56.25, 41.71875], [56.09375, 41.5], [56.15625, 41.3125], [55.9375, 41.40625], [55.90625, 41.21875], [57.03125, 41.15625], [57.28125, 40.90625], [57.03125, 40.5625], [57.5, 40.53125], [57.65625, 40.3125], [57.3125, 40.21875], [56.96875, 40.375], [56.9375, 40.6875], [56.75, 40.78125], [56.625, 40.5625], [55.96875, 40.5], [55.71875, 40.125], [56.125, 39.6875], [55.8125, 39.5], [55.84375, 39.21875], [56.625, 38.8125], [56.875, 38.84375], [56.78125, 38.59375], [57.21875, 38.59375], [57.4375, 38.375], [57.96875, 38.40625], [58.3125, 38.15625], [58.90625, 38.375], [58.6875, 38.71875], [58.875, 38.9375], [58.59375, 39.1875], [58.09375, 39.1875], [58.0625, 39.5], [57.84375, 39.6875], [58.28125, 39.65625], [58.4375, 39.8125], [58.6875, 39.5625], [59.09375, 39.65625], [58.96875, 39.84375], [59.125, 39.96875], [58.875, 40.0625], [58.84375, 40.40625], [59.09375, 40.53125], [59.125, 40.0625], [59.3125, 40.03125], [59.21875, 39.78125], [59.375, 39.625], [58.96875, 39.25], [59.09375, 39.21875], [59.09375, 38.75], [59.3125, 38.34375], [59.0, 38.375], [58.65625, 38.15625], [58.53125, 37.875], [58.59375, 37.6875], [59.03125, 37.5625], [59.125, 37.28125], [58.46875, 36.96875], [58.4375, 36.75], [58.0625, 36.8125], [57.96875, 36.53125], [57.65625, 36.4375], [57.875, 36.75], [57.625, 36.8125], [57.71875, 37.15625], [57.53125, 37.15625], [57.46875, 37.5], [57.71875, 37.40625], [57.75, 37.59375], [57.53125, 37.625], [57.375, 38.03125], [56.90625, 38.09375], [57.03125, 37.84375], [56.78125, 37.78125], [56.84375, 37.53125], [56.65625, 37.53125], [56.75, 37.28125], [56.15625, 37.125], [55.96875, 36.875], [55.90625, 36.40625], [56.125, 36.15625], [57.40625, 36.03125], [57.625, 36.15625], [58.0625, 35.75], [58.3125, 35.75], [58.125, 36.21875], [58.40625, 36.46875], [58.15625, 36.4375], [58.125, 36.5625], [58.65625, 36.5625], [58.59375, 36.875], [59.25, 36.84375], [59.375, 36.625], [59.90625, 36.53125], [59.6875, 36.65625], [59.71875, 36.84375], [60.65625, 36.84375], [60.78125, 37.125], [60.96875, 37.15625], [60.90625, 37.5], [61.5, 37.34375], [61.5625, 37.75], [61.03125, 38.1875], [61.0625, 38.46875], [61.1875, 38.46875], [61.5625, 38.125], [61.5625, 38.6875], [60.84375, 38.84375], [60.875, 39.125], [60.53125, 39.15625], [60.5625, 39.28125], [60.9375, 39.1875], [61.1875, 39.5], [61.1875, 39.84375], [61.4375, 39.9375], [62.53125, 39.875], [62.75, 39.71875], [62.75, 39.53125], [63.25, 39.3125], [63.125, 39.0625], [63.40625, 38.75], [63.6875, 38.9375], [63.6875, 39.15625], [64.03125, 39.125], [64.125, 38.96875], [64.21875, 39.28125], [64.46875, 39.0625], [64.71875, 39.125], [64.8125, 38.8125], [65.28125, 38.78125], [65.28125, 39.0625], [65.5, 39.03125], [65.5625, 38.8125], [65.9375, 38.875], [66.03125, 38.1875], [66.40625, 37.9375], [66.6875, 38.15625], [66.625, 38.4375], [66.90625, 38.53125], [66.875, 38.71875], [67.0625, 38.71875], [67.1875, 38.53125], [67.5, 38.59375], [67.71875, 38.09375], [68.21875, 38.1875], [68.03125, 38.0625], [68.15625, 37.6875], [68.53125, 37.71875], [68.84375, 37.53125], [68.875, 37.8125], [69.09375, 37.75], [69.09375, 37.59375], [69.375, 37.4375], [69.4375, 36.78125], [69.625, 36.75], [70.15625, 36.03125], [70.46875, 36.3125], [70.625, 36.03125], [70.96875, 36.09375], [71.15625, 35.96875], [71.25, 36.25], [71.8125, 36.375], [71.8125, 36.5625], [71.9375, 36.5625], [72.03125, 36.375], [72.34375, 36.375], [72.34375, 35.9375], [72.90625, 35.84375], [73.21875, 35.59375], [73.40625, 35.65625], [73.40625, 36.03125], [73.21875, 36.21875], [73.34375, 36.3125], [73.625, 35.875], [74.0, 36.0], [74.21875, 35.5625], [74.9375, 35.6875], [75.59375, 35.53125], [75.21875, 35.34375], [75.25, 35.09375], [74.84375, 35.21875], [74.8125, 35.03125], [74.53125, 35.03125], [74.0, 34.65625], [74.3125, 34.6875], [74.53125, 34.3125], [74.9375, 34.34375], [74.9375, 33.96875], [75.1875, 34.09375], [75.125, 34.28125], [75.46875, 34.4375], [75.40625, 34.625], [75.71875, 34.625], [75.4375, 34.28125], [75.6875, 33.96875], [75.1875, 33.96875], [75.40625, 33.59375], [75.21875, 33.5], [75.28125, 33.1875], [75.6875, 33.25], [75.53125, 33.09375], [75.59375, 32.8125], [76.09375, 32.9375], [76.125, 32.75], [76.5, 32.75], [76.71875, 32.46875], [76.90625, 32.53125], [76.9375, 32.78125], [77.15625, 32.8125], [77.25, 32.5625], [77.46875, 32.5625], [77.4375, 32.28125], [77.71875, 32.21875], [77.8125, 32.46875], [78.09375, 32.5], [77.9375, 32.28125], [78.03125, 31.8125], [78.375, 31.875], [78.375, 32.0], [78.84375, 31.96875], [78.46875, 31.78125], [78.5, 31.25], [79.46875, 30.9375], [79.125, 30.625], [78.78125, 30.625], [78.875, 30.375], [78.375, 30.1875], [78.4375, 29.875], [79.125, 30.09375], [79.125, 30.34375], [79.375, 30.375], [79.46875, 30.75], [79.84375, 30.75], [79.78125, 30.5], [80.0, 30.1875], [79.875, 30.0], [80.125, 29.78125], [80.40625, 29.9375], [80.15625, 30.0], [80.125, 30.4375], [80.71875, 30.625], [80.84375, 30.40625], [80.6875, 30.15625], [80.84375, 30.15625], [81.0625, 30.40625], [80.90625, 30.625], [81.0, 30.78125], [81.4375, 30.5], [81.4375, 30.28125], [81.21875, 30.1875], [81.34375, 29.84375], [81.25, 29.34375], [81.46875, 29.53125], [81.46875, 29.375], [81.96875, 29.21875], [82.3125, 29.3125], [82.34375, 29.09375], [82.5, 29.28125], [82.71875, 29.25], [82.78125, 29.0625], [83.15625, 29.25], [84.21875, 28.625], [84.53125, 28.0], [84.53125, 27.53125], [84.71875, 27.4375], [84.6875, 27.125], [84.78125, 27.25], [85.3125, 27.25], [85.53125, 27.0], [85.5625, 26.59375], [85.8125, 26.625], [86.1875, 26.40625], [86.1875, 26.0625], [85.78125, 25.875], [86.03125, 25.375], [86.625, 25.125], [86.625, 24.625], [86.03125, 24.4375], [86.1875, 24.1875], [85.875, 24.1875], [86.125, 24.0], [85.75, 23.59375], [85.25, 23.625], [85.09375, 23.1875], [84.625, 23.25], [84.5625, 22.96875], [84.6875, 22.84375], [84.21875, 22.875], [84.0625, 23.1875], [83.6875, 22.875], [83.59375, 22.4375], [83.0, 22.53125], [82.90625, 22.3125], [82.71875, 22.28125], [82.6875, 22.5], [82.1875, 22.46875], [82.0625, 22.1875], [82.1875, 21.75], [81.8125, 21.8125], [82.15625, 21.53125], [82.0, 21.25], [81.59375, 21.21875], [81.59375, 21.40625], [81.25, 21.5], [81.09375, 21.8125], [80.84375, 21.78125], [80.6875, 21.5625], [80.71875, 21.1875], [80.5, 21.28125], [80.09375, 20.90625], [80.3125, 20.3125], [80.03125, 20.3125], [79.71875, 20.59375], [78.96875, 20.5], [78.75, 20.125], [78.8125, 19.625], [78.0, 19.125], [78.09375, 18.5625], [78.5, 18.4375], [78.34375, 17.96875], [77.96875, 18.03125], [78.09375, 18.53125], [77.4375, 18.6875], [77.3125, 18.4375], [77.40625, 18.125], [77.8125, 17.9375], [77.09375, 17.625], [77.375, 17.5], [77.3125, 17.34375], [77.09375, 17.375], [76.9375, 17.6875], [76.5625, 17.6875], [76.5625, 17.46875], [77.0625, 17.28125], [76.84375, 16.90625], [76.625, 17.125], [76.15625, 17.0625], [76.21875, 16.875], [76.46875, 16.84375], [76.4375, 16.5], [76.6875, 16.59375], [76.90625, 16.15625], [77.28125, 16.0], [77.0, 15.4375], [77.0, 15.09375], [77.25, 14.84375], [77.21875, 14.40625], [77.65625, 13.875], [77.6875, 13.21875], [78.3125, 12.84375], [78.125, 12.65625], [78.28125, 11.90625], [78.21875, 11.375], [78.4375, 11.0625], [78.59375, 10.25], [78.5, 9.875], [78.8125, 9.71875], [78.59375, 9.3125], [79.1875, 8.09375], [79.1875, 7.75], [79.5, 7.625], [79.78125, 6.875], [80.09375, 6.75], [80.21875, 6.4375], [80.53125, 6.46875], [80.4375, 6.3125], [80.625, 6.0], [80.96875, 5.75], [81.4375, 5.71875], [81.4375, 5.59375], [81.0625, 5.5], [81.0, 5.0625], [81.15625, 4.9375], [81.65625, 5.0625], [81.65625, 4.5625], [81.9375, 4.375], [81.96875, 4.0], [82.34375, 3.90625], [82.65625, 3.59375], [83.0625, 3.5625], [83.15625, 3.3125], [83.5625, 3.46875], [84.1875, 3.0625], [84.78125, 2.9375], [85.125, 3.09375], [85.125, 3.375], [85.28125, 3.5], [85.75, 3.1875], [85.53125, 2.9375], [85.75, 2.5625], [86.09375, 2.6875], [86.0625, 3.21875], [86.34375, 3.375], [86.5625, 2.9375], [87.0, 3.0], [87.03125, 3.21875], [87.21875, 3.28125], [87.53125, 2.8125], [88.4375, 3.09375], [88.59375, 2.8125], [88.8125, 2.78125], [89.5625, 3.1875], [89.78125, 2.90625], [90.21875, 2.84375], [90.1875, 3.0], [90.40625, 3.09375], [90.40625, 2.78125], [90.8125, 2.75], [91.125, 2.90625], [91.15625, 3.09375], [90.625, 3.5], [91.0625, 3.625], [91.0625, 3.4375], [91.5, 3.5], [91.53125, 3.125], [91.78125, 2.875], [92.1875, 2.8125], [92.15625, 3.1875], [91.9375, 3.0], [92.125, 3.34375], [92.0625, 3.59375], [92.375, 3.53125], [92.4375, 3.0625], [92.625, 3.125], [92.53125, 3.25], [92.65625, 3.53125], [92.5, 3.90625], [91.875, 3.96875], [91.9375, 4.28125], [92.21875, 4.34375], [92.4375, 4.15625], [92.96875, 4.28125], [92.9375, 4.59375], [92.75, 4.65625], [92.875, 4.9375], [93.46875, 4.65625], [94.0, 4.8125], [94.34375, 5.1875], [94.375, 5.6875], [94.53125, 5.4375], [94.78125, 5.40625], [94.6875, 6.1875], [94.84375, 6.40625], [95.34375, 6.25], [95.15625, 6.0], [95.25, 5.65625], [95.65625, 5.65625], [95.75, 5.96875], [95.625, 6.21875], [96.0, 6.46875], [95.90625, 6.6875], [96.21875, 6.75], [96.09375, 6.65625], [96.21875, 6.3125], [96.59375, 6.3125], [96.59375, 6.75], [96.375, 6.71875], [96.40625, 7.1875], [96.5625, 7.34375], [97.09375, 7.40625], [97.65625, 7.25], [97.53125, 7.53125], [98.0, 7.375], [98.125, 7.5625], [97.96875, 7.71875], [98.09375, 8.25], [98.34375, 8.25], [98.28125, 8.0], [98.59375, 8.34375], [98.875, 8.125], [98.90625, 8.25], [99.09375, 8.15625], [99.0625, 8.375], [99.25, 8.34375], [99.09375, 8.5625], [99.21875, 8.9375], [99.34375, 8.9375], [99.46875, 8.59375], [99.6875, 8.5625], [99.65625, 8.90625], [99.84375, 9.15625], [100.0, 9.0], [100.0625, 9.125], [99.78125, 9.375], [100.125, 9.4375], [100.0, 9.71875], [100.1875, 9.71875], [100.1875, 9.875], [100.0, 10.0625], [100.0625, 10.75], [99.9375, 10.21875], [99.8125, 10.1875], [99.34375, 10.65625], [99.375, 11.125], [99.65625, 11.46875], [100.0, 11.53125], [100.0, 11.6875], [100.375, 11.6875], [100.4375, 11.5625], [100.125, 11.5], [99.9375, 11.21875], [100.09375, 11.03125], [100.34375, 11.03125], [100.59375, 10.6875], [100.8125, 10.75], [100.8125, 10.5625], [101.15625, 10.625], [101.28125, 11.34375], [101.0625, 11.375], [100.96875, 11.65625], [101.375, 11.46875], [101.625, 11.84375], [102.625, 11.875], [101.96875, 12.375], [102.1875, 12.4375], [102.03125, 12.6875], [102.28125, 12.875], [102.15625, 13.28125], [102.5, 13.375], [102.5625, 13.625], [102.71875, 13.625], [102.6875, 13.84375], [103.25, 13.8125], [103.09375, 13.59375], [103.3125, 13.46875], [103.53125, 13.5], [103.40625, 13.71875], [103.84375, 13.46875], [103.71875, 13.59375], [103.78125, 14.125], [103.96875, 14.03125], [104.28125, 14.1875], [104.21875, 14.59375], [104.40625, 14.59375], [104.5, 14.8125], [104.71875, 14.8125], [104.84375, 14.53125], [105.125, 14.5625], [105.21875, 14.84375], [105.5625, 14.6875], [105.78125, 15.0625], [106.28125, 14.8125], [106.375, 14.96875], [106.65625, 14.90625], [106.65625, 15.125], [106.96875, 15.3125], [107.25, 15.1875], [107.125, 14.78125], [108.09375, 14.78125], [108.15625, 14.625], [108.0, 14.5], [108.5, 14.46875], [108.46875, 14.1875], [108.65625, 14.15625], [108.875, 14.5], [108.53125, 14.8125], [108.53125, 15.03125], [108.625, 15.15625], [109.03125, 15.09375], [109.09375, 15.3125], [109.53125, 15.5], [109.6875, 15.15625], [110.15625, 15.375], [110.3125, 14.8125], [110.53125, 14.6875], [110.9375, 14.75], [110.90625, 14.65625], [110.9375, 14.59375], [111.25, 15.0], [111.78125, 15.0625], [112.03125, 14.5], [112.25, 14.71875], [112.28125, 14.40625], [112.5, 14.5], [112.5, 14.34375], [112.84375, 14.1875], [113.0625, 14.34375], [113.125, 14.03125], [113.78125, 14.21875], [113.8125, 13.78125], [114.125, 13.5625], [113.96875, 13.40625], [114.21875, 13.15625], [114.15625, 12.65625], [114.59375, 12.25], [115.3125, 12.40625], [115.5625, 12.90625], [115.6875, 12.90625], [115.625, 12.625], [116.0625, 12.78125], [116.125, 12.65625], [116.59375, 12.65625], [116.75, 12.4375], [117.03125, 12.75], [117.40625, 12.28125], [116.96875, 12.25], [117.09375, 12.0625], [116.84375, 11.90625], [116.90625, 11.59375], [117.34375, 11.8125], [118.03125, 11.25], [118.53125, 11.40625], [119.125, 11.21875], [119.34375, 11.40625], [119.8125, 11.4375], [120.0625, 11.125], [120.40625, 11.15625], [120.53125, 10.90625], [121.0, 10.84375], [120.84375, 10.5625], [121.28125, 10.3125], [121.9375, 10.21875], [122.03125, 10.0], [122.1875, 10.0625], [122.09375, 9.8125], [122.59375, 9.25], [122.75, 9.5625], [123.21875, 9.25], [122.78125, 9.09375], [122.6875, 8.6875], [122.9375, 8.46875], [123.25, 8.84375], [123.40625, 8.71875], [123.59375, 8.8125], [123.65625, 8.46875], [124.03125, 8.1875], [124.0625, 7.84375], [124.4375, 8.0], [124.40625, 8.25], [124.90625, 8.21875], [124.875, 8.5625], [124.65625, 8.75], [124.625, 9.28125], [124.78125, 9.3125], [124.96875, 8.90625], [125.40625, 9.0], [125.5, 8.78125], [126.25, 8.75], [126.28125, 8.5625], [126.46875, 8.5625], [127.09375, 9.375], [127.46875, 10.28125], [128.0, 10.40625], [128.03125, 9.6875], [127.6875, 9.53125], [127.5625, 9.15625], [127.28125, 9.0625], [127.09375, 8.5625], [127.09375, 8.1875], [127.4375, 7.96875], [126.9375, 7.25], [127.0, 6.96875], [126.78125, 6.53125], [127.0, 6.5625], [127.15625, 6.3125], [127.71875, 6.28125], [128.03125, 6.5], [128.40625, 6.375], [129.15625, 7.3125], [129.46875, 7.28125], [129.59375, 6.53125], [130.09375, 6.46875], [130.09375, 6.71875], [130.21875, 6.71875], [130.34375, 6.65625], [130.28125, 6.40625], [130.5, 6.40625], [130.5, 6.28125], [131.625, 6.53125], [131.59375, 6.25], [131.9375, 5.65625], [131.75, 5.625], [131.5625, 5.15625], [131.96875, 5.0], [132.09375, 4.59375], [131.84375, 4.28125], [132.15625, 4.15625], [132.25, 3.75], [132.5, 3.65625], [132.5, 3.28125], [132.75, 3.15625], [132.8125, 2.875], [133.0625, 2.9375], [132.71875, 2.25], [132.03125, 2.78125], [132.0, 2.40625], [132.1875, 2.40625], [132.0625, 2.25], [132.46875, 1.8125], [132.84375, 1.84375], [133.25, 1.65625], [133.71875, 1.875], [134.21875, 1.5], [134.40625, 1.5625], [134.28125, 0.9375], [133.5625, 0.5625], [133.5625, 0.375], [133.9375, 0.34375], [134.40625, 0.75], [134.34375, 0.40625], [134.03125, 0.28125], [133.90625, -0.03125], [133.90625, -0.28125], [134.25, -0.46875], [134.09375, -0.78125], [134.1875, -1.34375], [134.5625, -1.3125], [134.5625, -1.59375], [134.8125, -1.375], [135.34375, -2.0], [135.375, -2.3125], [135.6875, -2.3125], [135.78125, -3.0], [135.46875, -3.125], [135.5, -3.4375], [135.875, -3.1875], [135.96875, -3.53125], [136.125, -3.5625], [136.09375, -3.8125], [136.4375, -4.125], [137.0625, -4.03125], [136.53125, -4.96875], [136.6875, -5.78125], [137.3125, -6.28125], [138.34375, -6.15625], [138.375, -5.90625], [138.71875, -5.71875], [138.875, -5.34375], [138.78125, -4.59375], [138.25, -4.1875], [137.625, -4.03125], [137.53125, -3.8125], [137.6875, -3.625], [138.0, -3.96875], [138.75, -4.1875], [138.75, -3.90625], [138.46875, -3.5625], [138.53125, -3.25], [138.1875, -3.15625], [138.1875, -2.9375], [138.5, -2.6875], [138.75, -2.75], [138.90625, -2.53125], [139.71875, -2.5625], [140.125, -2.875], [140.09375, -2.65625], [140.3125, -2.625], [140.8125, -2.78125], [141.0, -3.0], [141.09375, -2.84375], [140.96875, -2.65625], [141.125, -2.65625], [141.1875, -2.84375], [141.6875, -2.96875], [141.9375, -2.875], [142.0625, -3.0], [141.96875, -3.53125], [142.125, -3.6875], [142.0, -3.78125], [142.28125, -3.625], [142.8125, -3.8125], [143.5, -3.75], [142.4375, -3.59375], [142.21875, -2.5], [142.6875, -2.40625], [142.96875, -2.8125], [142.9375, -2.5], [143.1875, -2.59375], [143.1875, -0.78125], [143.65625, -0.34375], [143.46875, -0.1875], [143.53125, 0.5], [143.125, 0.875], [143.125, 1.0625], [144.15625, 1.375], [145.21875, 1.125], [145.96875, 0.59375], [146.125, 0.75], [146.96875, 0.59375], [146.96875, 0.34375], [147.59375, -0.3125], [147.8125, -0.78125], [149.125, -1.875], [149.0625, -2.5625], [149.4375, -2.65625], [149.21875, -2.96875], [149.5625, -3.0], [149.5, -3.375], [149.75, -3.40625], [149.6875, -3.6875], [150.125, -3.75], [150.46875, -4.4375], [150.6875, -4.5], [150.78125, -5.03125], [150.59375, -5.03125], [150.5625, -5.46875], [151.3125, -5.4375], [151.8125, -5.75], [152.625, -5.375], [152.9375, -5.46875], [153.375, -5.09375], [153.34375, -5.65625], [153.6875, -5.84375], [153.875, -5.28125], [153.75, -4.71875], [153.65625, -4.59375], [153.40625, -4.65625], [153.40625, -4.4375], [153.3125, -4.625], [152.90625, -4.59375], [152.84375, -4.28125], [153.09375, -4.1875], [152.90625, -4.0625], [152.90625, -4.21875], [152.75, -4.21875], [152.625, -3.96875], [152.84375, -3.9375], [153.0, -3.625], [152.5625, -3.875], [152.375, -3.75], [152.40625, -3.5], [152.5625, -3.46875], [152.46875, -3.28125], [152.125, -3.28125], [152.0625, -3.4375], [151.78125, -3.28125], [151.78125, -3.15625], [152.1875, -3.15625], [152.09375, -2.78125], [152.3125, -2.875], [152.125, -2.6875], [152.125, -2.28125], [151.6875, -1.90625], [151.0, -1.9375], [150.90625, -1.5], [151.21875, -1.28125], [150.875, -0.90625], [150.5625, -1.1875], [150.71875, -1.5625], [150.53125, -1.5625], [150.40625, -1.96875], [149.75, -2.09375], [149.5, -1.71875], [150.34375, -1.65625], [150.28125, -1.25], [150.6875, -0.6875], [150.59375, -0.125], [149.96875, 0.40625], [150.0, 0.78125], [151.3125, 0.84375], [151.65625, 1.1875], [152.28125, 1.46875], [152.59375, 1.90625], [153.09375, 2.1875], [153.59375, 2.15625], [154.59375, 1.09375], [154.625, 0.46875], [155.0625, -0.15625], [155.4375, -1.28125], [155.78125, -1.6875], [155.6875, -1.9375], [156.0, -2.09375], [155.875, -2.84375], [156.21875, -2.65625], [156.25, -3.03125], [156.625, -2.96875], [156.5625, -3.21875], [156.71875, -3.4375], [156.78125, -3.1875], [157.1875, -3.25], [157.34375, -3.96875], [157.53125, -3.875], [157.53125, -4.0625], [157.625, -3.875], [158.625, -3.875], [159.0625, -4.1875], [158.75, -4.75], [158.1875, -4.75], [158.0625, -4.96875], [158.09375, -5.21875], [158.59375, -5.4375], [158.5625, -5.78125], [159.09375, -5.46875], [159.15625, -5.78125], [159.40625, -5.96875], [160.0625, -6.0625], [160.3125, -5.96875], [160.3125, -5.8125], [159.84375, -5.875], [160.0, -5.5625], [159.84375, -5.125], [160.1875, -5.0625], [160.1875, -4.84375], [160.4375, -4.8125], [160.53125, -4.625], [160.6875, -4.8125], [160.875, -4.4375], [161.1875, -4.5625], [161.5625, -4.1875], [161.96875, -4.5625], [162.0, -4.9375], [162.25, -5.03125], [162.21875, -4.90625], [162.46875, -4.78125], [162.40625, -4.5625], [162.6875, -4.53125], [162.9375, -5.46875], [163.09375, -4.96875], [163.15625, -5.5], [163.5, -5.46875], [163.75, -5.625], [163.84375, -5.46875], [163.96875, -5.71875], [164.53125, -6.0625], [164.59375, -6.34375], [164.625, -6.1875], [164.78125, -6.1875], [165.125, -6.40625], [165.5625, -7.46875], [165.75, -7.46875], [165.78125, -7.8125], [166.53125, -7.59375], [166.71875, -7.625], [166.84375, -8.0], [167.5625, -7.90625], [167.59375, -8.4375], [167.6875, -8.59375], [168.0, -8.59375], [168.09375, -9.15625], [168.8125, -9.3125], [168.8125, -9.5625], [168.40625, -9.65625], [168.875, -9.90625], [168.75, -10.21875], [169.09375, -10.625], [169.21875, -10.6875], [169.65625, -10.28125], [170.28125, -10.59375], [170.53125, -10.46875], [170.6875, -10.09375], [170.5625, -10.0], [170.65625, -9.59375], [170.8125, -9.3125], [171.09375, -9.34375], [170.8125, -10.15625], [171.0, -10.21875], [170.9375, -10.375], [171.875, -11.0625], [172.40625, -10.96875], [172.53125, -11.25], [173.03125, -11.28125], [172.875, -11.375], [173.0, -11.5], [172.9375, -11.71875], [173.28125, -12.1875], [173.75, -11.71875], [173.28125, -11.75], [173.28125, -11.0625], [172.9375, -11.0625], [173.0, -10.78125], [173.15625, -10.8125], [173.09375, -10.40625], [172.71875, -10.4375], [172.59375, -10.59375], [172.6875, -10.8125], [172.34375, -10.78125], [172.15625, -10.5625], [171.75, -10.625], [171.59375, -10.1875], [171.90625, -9.84375], [172.46875, -10.0], [172.65625, -9.78125], [172.78125, -10.03125], [173.03125, -10.0], [172.84375, -9.75], [172.96875, -9.375], [172.6875, -8.8125], [172.6875, -8.1875], [172.875, -7.6875], [173.5, -7.0625], [173.28125, -7.25], [172.75, -7.15625], [172.5, -6.46875], [172.625, -5.875], [173.03125, -5.59375], [173.53125, -5.625], [174.4375, -6.53125], [174.75, -6.59375], [174.9375, -7.0], [175.34375, -6.90625], [175.59375, -7.03125], [176.125, -7.4375], [176.125, -7.625], [176.25, -7.75], [176.3125, -7.21875], [176.0625, -6.65625], [175.40625, -6.09375], [175.34375, -5.53125], [175.59375, -4.90625], [175.9375, -4.71875], [176.15625, -4.1875], [176.25, -4.4375], [176.40625, -4.125], [176.65625, -4.0625], [177.03125, -4.28125], [177.625, -4.09375], [177.8125, -4.1875], [178.78125, -3.15625], [179.0625, -2.53125], [179.96875, -1.90625], [179.96875, 13.90625], [179.8125, 13.75], [179.90625, 13.375], [179.78125, 13.09375], [179.21875, 12.5625], [178.59375, 11.5625], [178.21875, 11.5], [178.75, 12.5625], [179.375, 13.21875], [179.96875, 14.6875], [179.96875, 88.125], [175.75, 88.21875], [175.4375, 88.09375], [174.3125, 88.21875], [171.09375, 87.96875], [165.71875, 88.1875], [155.40625, 87.96875], [154.6875, 88.0625], [153.5625, 87.96875], [153.15625, 87.71875], [152.46875, 87.71875], [151.53125, 87.96875], [149.21875, 87.875], [146.6875, 88.09375], [142.875, 87.6875], [137.625, 88.125], [135.53125, 88.125], [134.15625, 87.875], [133.46875, 87.53125], [132.59375, 87.71875], [131.625, 87.59375], [128.8125, 87.75], [128.8125, 87.625], [128.125, 87.34375], [127.75, 87.625], [127.125, 87.71875], [125.0, 87.625], [124.59375, 87.375], [124.125, 87.34375], [121.875, 87.34375], [121.3125, 87.53125], [119.09375, 87.34375], [117.9375, 87.34375], [117.46875, 87.5], [114.96875, 87.34375], [114.75, 87.40625], [114.53125, 87.875], [114.28125, 87.9375], [113.0, 87.90625], [112.3125, 87.59375], [110.6875, 87.40625], [109.875, 87.375], [109.59375, 87.53125], [108.90625, 87.3125], [108.40625, 87.34375], [108.21875, 87.625], [107.875, 87.71875], [106.8125, 87.3125], [105.4375, 87.25], [104.875, 87.34375], [104.15625, 87.90625], [102.75, 87.71875], [101.03125, 87.71875], [98.28125, 87.96875], [96.375, 87.96875], [95.9375, 87.65625], [95.375, 87.5625], [95.90625, 87.46875], [97.6875, 87.6875], [98.03125, 87.28125], [99.21875, 87.46875], [99.875, 87.21875], [99.875, 87.09375], [99.3125, 87.0625], [84.15625, 87.21875], [83.21875, 87.5], [81.84375, 87.3125], [81.5625, 87.53125], [79.0625, 87.34375], [78.65625, 87.65625], [75.78125, 87.46875], [75.5, 87.875], [75.25, 87.9375], [74.15625, 87.90625], [73.96875, 87.625], [73.0, 87.9375], [67.6875, 87.90625], [64.46875, 88.15625], [62.96875, 88.125], [62.4375, 87.9375], [63.3125, 87.5625], [66.5625, 87.625], [67.09375, 87.25], [67.09375, 87.09375], [64.9375, 87.09375], [61.0625, 87.21875], [59.8125, 87.65625], [56.53125, 87.375], [54.9375, 87.4375], [54.6875, 87.84375], [54.21875, 87.96875], [51.34375, 87.40625], [46.96875, 87.3125], [46.4375, 87.4375], [46.03125, 87.875], [49.5625, 88.1875], [50.625, 88.1875], [50.59375, 87.96875], [50.8125, 87.9375], [52.21875, 88.0], [51.78125, 88.09375], [51.8125, 88.34375], [51.59375, 88.375], [50.4375, 88.28125], [44.59375, 88.46875], [44.3125, 88.4375], [44.21875, 88.125], [43.9375, 88.09375], [43.71875, 88.5], [41.9375, 88.53125], [41.3125, 88.5], [40.90625, 88.28125], [41.5, 87.96875], [42.34375, 87.875], [42.28125, 87.75], [40.5625, 87.71875], [39.4375, 87.9375], [33.65625, 87.875], [31.03125, 88.03125], [30.0625, 87.96875], [30.0625, 87.8125], [29.84375, 87.75], [27.375, 87.75], [26.03125, 88.0625], [22.78125, 87.96875], [21.125, 88.28125], [18.90625, 88.09375], [16.6875, 88.09375], [16.375, 88.25], [16.15625, 88.125], [14.21875, 88.03125], [13.875, 88.28125], [13.53125, 88.0625], [12.09375, 88.0625], [10.46875, 88.3125], [7.53125, 88.21875], [6.34375, 88.34375], [5.59375, 88.28125], [5.53125, 88.0625], [2.34375, 88.0625], [0.3125, 88.1875], [-2.8125, 88.125], [-6.0, 88.4375], [-12.15625, 88.0625], [-13.9375, 88.3125], [-14.6875, 88.1875], [-21.375, 88.3125], [-26.71875, 88.1875], [-28.75, 88.40625], [-32.84375, 88.5], [-33.625, 88.375], [-34.6875, 88.5625], [-35.40625, 88.4375], [-35.40625, 88.5625], [-35.59375, 88.5625], [-35.84375, 88.28125], [-36.46875, 88.03125], [-40.0625, 88.09375], [-40.90625, 88.25], [-41.125, 88.0], [-41.71875, 87.96875], [-42.84375, 88.21875], [-43.3125, 88.03125], [-44.78125, 88.1875], [-46.625, 87.78125], [-49.59375, 87.71875], [-51.0625, 87.875], [-54.21875, 87.6875], [-54.21875, 87.90625], [-52.5, 88.0], [-52.28125, 88.21875], [-54.46875, 88.25], [-55.90625, 88.125], [-55.75, 87.8125], [-56.53125, 87.65625], [-58.34375, 87.78125], [-59.1875, 87.625], [-64.78125, 87.40625], [-66.15625, 87.46875], [-67.15625, 87.8125], [-67.6875, 87.8125], [-68.53125, 87.3125], [-70.28125, 87.40625], [-72.78125, 87.15625], [-85.53125, 86.96875], [-85.4375, 87.09375], [-90.875, 87.1875], [-93.40625, 87.53125], [-94.53125, 87.90625], [-96.15625, 87.875], [-96.90625, 87.625], [-97.59375, 87.59375], [-98.625, 87.90625], [-99.90625, 87.8125], [-100.4375, 87.96875], [-103.96875, 88.0625], [-104.25, 87.84375], [-103.96875, 87.6875], [-104.09375, 87.28125], [-104.84375, 87.125], [-107.09375, 87.125], [-117.34375, 87.3125], [-118.625, 87.5625], [-127.3125, 87.96875], [-129.25, 87.9375], [-130.53125, 87.71875], [-133.28125, 88.0], [-137.125, 87.8125], [-139.9375, 88.03125], [-142.46875, 88.0625], [-142.84375, 87.90625], [-144.15625, 87.90625], [-148.3125, 88.125], [-153.3125, 88.0625], [-157.25, 88.375], [-174.78125, 88.96875]], [[-174.5625, 88.5], [-174.4375, 88.46875], [-174.4375, 88.34375], [-174.59375, 88.34375], [-174.5625, 88.5]], [[-175.90625, 88.25], [-174.625, 88.375], [-174.625, 88.28125], [-175.90625, 88.25]], [[5.9375, 88.09375], [6.0625, 88.1875], [6.0625, 88.09375], [5.9375, 88.09375]], [[5.625, 88.0625], [5.78125, 88.15625], [5.78125, 88.0625], [5.625, 88.0625]], [[43.90625, 87.96875], [45.75, 87.875], [45.75, 87.78125], [44.6875, 87.53125], [43.1875, 87.78125], [43.90625, 87.96875]], [[-102.875, 87.5], [-102.71875, 87.4375], [-102.75, 87.21875], [-103.0, 87.21875], [-102.875, 87.5]], [[-102.46875, 87.1875], [-102.0, 87.28125], [-102.0, 87.1875], [-102.46875, 87.1875]], [[-87.0625, 86.9375], [-86.03125, 87.03125], [-86.03125, 86.9375], [-87.0625, 86.9375]], [[-91.5, 58.375], [-91.40625, 58.46875], [-91.40625, 58.375], [-91.5, 58.375]], [[-91.34375, 58.375], [-91.25, 58.46875], [-91.25, 58.375], [-91.34375, 58.375]], [[-85.125, 54.5625], [-85.03125, 54.65625], [-85.03125, 54.5625], [-85.125, 54.5625]], [[-65.96875, 53.5], [-65.375, 53.5625], [-65.34375, 53.21875], [-66.65625, 52.84375], [-66.625, 53.03125], [-65.96875, 53.5]], [[-64.75, 53.125], [-64.4375, 53.1875], [-64.40625, 53.0625], [-64.75, 53.125]], [[-132.84375, 51.1875], [-132.6875, 51.28125], [-132.6875, 51.1875], [-132.84375, 51.1875]], [[-81.84375, 50.40625], [-81.59375, 50.59375], [-81.5625, 50.46875], [-81.84375, 50.40625]], [[-69.9375, 49.84375], [-69.78125, 49.96875], [-69.78125, 49.875], [-69.9375, 49.84375]], [[-74.90625, 49.71875], [-74.8125, 49.8125], [-74.8125, 49.71875], [-74.90625, 49.71875]], [[-80.09375, 49.6875], [-79.71875, 49.625], [-79.71875, 49.53125], [-80.0625, 49.5], [-80.09375, 49.6875]], [[-71.3125, 49.5], [-71.15625, 49.40625], [-71.75, 48.8125], [-72.59375, 48.90625], [-72.5625, 49.0625], [-72.09375, 49.15625], [-71.84375, 49.375], [-71.40625, 49.3125], [-71.3125, 49.5]], [[-70.1875, 49.46875], [-70.0, 49.40625], [-70.1875, 49.34375], [-70.1875, 49.46875]], [[-70.78125, 49.375], [-70.6875, 49.46875], [-70.6875, 49.375], [-70.78125, 49.375]], [[-75.53125, 48.96875], [-75.28125, 49.0625], [-75.28125, 48.90625], [-75.53125, 48.96875]], [[-73.03125, 48.84375], [-72.5, 48.75], [-72.46875, 48.59375], [-71.96875, 48.5625], [-72.59375, 48.3125], [-73.75, 48.4375], [-73.03125, 48.84375]], [[44.1875, 47.96875], [44.40625, 48.125], [44.40625, 47.9375], [44.1875, 47.96875]], [[51.03125, 47.65625], [51.21875, 47.625], [51.21875, 47.5], [51.03125, 47.46875], [51.03125, 47.65625]], [[50.03125, 47.40625], [50.15625, 47.375], [50.125, 47.25], [50.03125, 47.25], [50.03125, 47.40625]], [[32.8125, 47.3125], [33.0, 47.28125], [32.8125, 47.21875], [32.8125, 47.3125]], [[33.90625, 47.15625], [34.0625, 47.125], [34.0625, 47.0], [33.96875, 47.0], [33.90625, 47.15625]], [[54.6875, 47.15625], [54.90625, 47.15625], [54.9375, 47.0], [54.65625, 47.0], [54.6875, 47.15625]], [[51.40625, 47.09375], [51.875, 46.71875], [51.0625, 46.4375], [50.625, 46.78125], [51.1875, 46.84375], [51.40625, 47.09375]], [[56.46875, 46.96875], [56.625, 47.09375], [56.59375, 46.96875], [56.46875, 46.96875]], [[38.46875, 46.96875], [38.625, 46.9375], [38.625, 46.78125], [38.3125, 46.75], [38.46875, 46.96875]], [[45.34375, 46.8125], [45.5625, 46.59375], [45.15625, 46.5625], [45.15625, 46.65625], [45.34375, 46.8125]], [[40.9375, 46.78125], [41.5, 46.625], [41.5, 46.53125], [40.84375, 46.34375], [40.9375, 46.78125]], [[50.0625, 46.78125], [50.3125, 46.71875], [50.34375, 46.375], [50.59375, 46.15625], [50.75, 46.375], [51.1875, 46.40625], [51.59375, 46.0], [51.5625, 45.65625], [51.1875, 45.53125], [51.125, 45.8125], [50.84375, 45.96875], [50.25, 45.75], [49.34375, 45.6875], [49.0, 46.25], [49.90625, 46.3125], [50.0625, 46.78125]], [[38.78125, 46.75], [38.96875, 46.75], [39.1875, 46.4375], [38.96875, 46.375], [38.96875, 46.5625], [38.65625, 46.46875], [38.78125, 46.75]], [[27.8125, 46.71875], [28.0625, 46.6875], [28.15625, 46.4375], [27.8125, 46.4375], [27.8125, 46.71875]], [[33.78125, 46.5625], [33.9375, 46.71875], [34.0625, 46.5], [33.78125, 46.5625]], [[53.15625, 46.59375], [53.90625, 46.34375], [53.65625, 45.84375], [53.78125, 45.46875], [53.21875, 45.125], [53.3125, 44.78125], [53.78125, 44.8125], [53.65625, 44.59375], [53.875, 44.3125], [53.71875, 44.34375], [53.5, 43.96875], [53.1875, 44.28125], [52.84375, 44.28125], [52.90625, 44.09375], [52.5625, 44.09375], [52.5625, 43.9375], [52.84375, 43.8125], [53.21875, 43.9375], [53.8125, 43.71875], [53.625, 43.46875], [52.96875, 43.46875], [52.8125, 43.03125], [52.53125, 43.09375], [52.15625, 42.8125], [51.9375, 43.09375], [51.625, 43.125], [51.21875, 43.6875], [50.78125, 43.90625], [50.78125, 44.1875], [51.625, 44.375], [51.9375, 44.59375], [52.53125, 44.34375], [52.8125, 44.5], [52.3125, 45.0], [51.78125, 44.8125], [51.90625, 44.9375], [51.78125, 45.125], [52.28125, 45.15625], [52.21875, 45.3125], [52.4375, 45.53125], [52.40625, 46.1875], [52.8125, 46.28125], [52.8125, 46.4375], [53.0625, 46.40625], [53.15625, 46.59375]], [[45.71875, 46.5625], [45.9375, 46.53125], [45.9375, 46.40625], [45.625, 46.375], [45.71875, 46.5625]], [[50.625, 46.40625], [50.71875, 46.5], [50.71875, 46.40625], [50.625, 46.40625]], [[46.125, 46.28125], [46.25, 46.40625], [46.25, 46.28125], [46.125, 46.28125]], [[46.40625, 46.15625], [46.5625, 46.3125], [46.625, 46.15625], [46.40625, 46.15625]], [[-137.59375, 46.03125], [-137.46875, 46.15625], [-137.5, 46.03125], [-137.59375, 46.03125]], [[164.59375, 46.125], [164.78125, 46.125], [164.78125, 46.0], [164.59375, 46.0], [164.59375, 46.125]], [[47.375, 46.09375], [47.625, 46.0625], [47.6875, 45.9375], [47.4375, 45.875], [47.375, 46.09375]], [[27.59375, 45.8125], [27.71875, 45.96875], [27.71875, 45.8125], [27.59375, 45.8125]], [[28.3125, 45.90625], [28.71875, 45.8125], [28.5, 45.4375], [28.25, 45.5], [28.3125, 45.90625]], [[37.34375, 45.71875], [37.5, 45.875], [37.53125, 45.75], [37.34375, 45.71875]], [[47.90625, 45.75], [48.03125, 45.84375], [48.03125, 45.75], [47.90625, 45.75]], [[47.0, 45.78125], [47.34375, 45.59375], [47.25, 45.15625], [46.78125, 45.1875], [46.75, 45.5], [47.0, 45.78125]], [[47.71875, 45.78125], [47.90625, 45.625], [47.53125, 45.53125], [47.53125, 45.6875], [47.71875, 45.78125]], [[30.0625, 45.71875], [30.46875, 45.71875], [30.46875, 45.625], [30.28125, 45.5], [30.0625, 45.71875]], [[29.15625, 45.53125], [29.71875, 45.5], [29.71875, 45.34375], [29.03125, 45.25], [29.15625, 45.53125]], [[48.5625, 45.4375], [48.75, 45.40625], [48.75, 45.3125], [48.46875, 45.28125], [48.5625, 45.4375]], [[51.15625, 45.28125], [51.375, 45.25], [51.375, 45.125], [51.09375, 45.125], [51.15625, 45.28125]], [[46.34375, 45.25], [46.5, 45.1875], [46.46875, 45.0625], [46.34375, 45.0625], [46.34375, 45.25]], [[43.875, 45.21875], [44.03125, 45.21875], [44.0625, 45.09375], [43.90625, 45.0625], [43.875, 45.21875]], [[50.84375, 45.21875], [51.0625, 45.21875], [51.0625, 45.09375], [50.84375, 45.0625], [50.84375, 45.21875]], [[43.1875, 45.15625], [43.6875, 44.90625], [43.6875, 44.71875], [43.40625, 44.65625], [43.1875, 45.15625]], [[27.78125, 44.96875], [27.875, 45.0625], [27.875, 44.96875], [27.78125, 44.96875]], [[24.5625, 45.03125], [24.84375, 44.9375], [24.90625, 44.65625], [24.5, 44.75], [24.5625, 45.03125]], [[42.28125, 44.78125], [42.5, 45.0], [42.625, 44.8125], [42.28125, 44.78125]], [[44.65625, 44.875], [44.71875, 45.0], [44.75, 44.875], [44.65625, 44.875]], [[26.28125, 44.71875], [26.34375, 44.84375], [26.375, 44.71875], [26.28125, 44.71875]], [[54.53125, 44.84375], [54.71875, 44.6875], [54.4375, 44.5], [54.125, 44.625], [54.53125, 44.84375]], [[165.0625, 44.84375], [165.1875, 44.84375], [165.21875, 44.71875], [165.09375, 44.6875], [165.0625, 44.84375]], [[28.9375, 44.71875], [29.03125, 44.8125], [29.03125, 44.71875], [28.9375, 44.71875]], [[43.9375, 44.65625], [44.09375, 44.78125], [44.125, 44.65625], [43.9375, 44.65625]], [[42.375, 44.5625], [42.46875, 44.65625], [42.46875, 44.5625], [42.375, 44.5625]], [[44.4375, 44.34375], [44.78125, 44.46875], [44.875, 44.28125], [44.625, 44.21875], [44.4375, 44.34375]], [[54.125, 44.46875], [54.34375, 44.28125], [54.96875, 44.21875], [54.96875, 44.0625], [54.8125, 44.125], [54.71875, 43.875], [53.96875, 43.625], [53.9375, 43.78125], [54.34375, 44.0], [54.3125, 44.21875], [54.03125, 44.25], [54.125, 44.46875]], [[37.5625, 44.34375], [37.6875, 44.4375], [37.6875, 44.34375], [37.5625, 44.34375]], [[60.75, 44.21875], [60.84375, 44.3125], [60.84375, 44.21875], [60.75, 44.21875]], [[165.125, 44.28125], [165.3125, 44.25], [165.25, 44.0], [165.40625, 43.6875], [165.25, 43.3125], [165.46875, 43.21875], [165.3125, 42.96875], [165.34375, 42.4375], [165.65625, 42.34375], [165.71875, 42.15625], [165.28125, 42.0625], [165.15625, 41.78125], [165.40625, 41.59375], [165.34375, 41.1875], [165.5625, 40.875], [165.46875, 40.5], [165.8125, 39.71875], [165.84375, 39.1875], [165.53125, 38.5], [165.25, 38.5625], [164.34375, 37.59375], [164.375, 37.375], [164.6875, 37.34375], [164.4375, 37.0], [164.71875, 36.78125], [164.46875, 36.25], [164.65625, 36.0625], [164.71875, 34.8125], [164.53125, 34.34375], [164.25, 34.3125], [164.3125, 34.625], [164.125, 34.9375], [164.21875, 35.40625], [164.0625, 35.59375], [164.21875, 36.3125], [163.65625, 36.59375], [163.75, 38.25], [164.03125, 38.71875], [163.65625, 38.9375], [164.15625, 39.0625], [164.1875, 39.21875], [164.875, 39.21875], [164.875, 39.5625], [164.5, 39.59375], [164.4375, 39.8125], [164.8125, 39.71875], [164.625, 39.96875], [165.28125, 40.03125], [165.09375, 40.46875], [165.3125, 40.96875], [164.8125, 41.28125], [165.1875, 42.21875], [164.75, 42.46875], [164.84375, 42.0], [164.53125, 41.90625], [164.4375, 42.03125], [164.4375, 42.3125], [164.8125, 42.6875], [164.59375, 43.03125], [164.625, 43.71875], [165.09375, 44.0625], [165.125, 44.28125]], [[50.5625, 43.78125], [50.6875, 43.90625], [50.6875, 43.78125], [50.5625, 43.78125]], [[55.125, 43.8125], [55.25, 43.90625], [55.25, 43.8125], [55.125, 43.8125]], [[23.96875, 43.71875], [24.1875, 43.8125], [24.1875, 43.71875], [23.96875, 43.71875]], [[42.59375, 43.8125], [42.84375, 43.8125], [42.875, 43.65625], [42.65625, 43.65625], [42.59375, 43.8125]], [[48.8125, 43.65625], [49.0, 43.75], [48.96875, 43.625], [48.8125, 43.65625]], [[28.71875, 43.75], [28.84375, 43.75], [28.875, 43.46875], [28.71875, 43.5], [28.71875, 43.75]], [[164.3125, 43.75], [164.5, 43.71875], [164.4375, 43.53125], [164.21875, 43.5625], [164.3125, 43.75]], [[59.53125, 43.65625], [59.6875, 43.65625], [59.6875, 43.5], [59.5, 43.5], [59.53125, 43.65625]], [[48.90625, 43.5], [49.09375, 43.5], [49.09375, 43.40625], [48.96875, 43.375], [48.90625, 43.5]], [[24.78125, 43.46875], [24.96875, 43.4375], [25.03125, 43.25], [24.8125, 43.3125], [24.78125, 43.46875]], [[57.96875, 43.34375], [58.0625, 43.4375], [58.0625, 43.34375], [57.96875, 43.34375]], [[54.4375, 43.34375], [54.625, 43.09375], [54.40625, 42.875], [53.9375, 43.03125], [53.90625, 42.875], [53.5625, 42.8125], [53.84375, 43.3125], [54.125, 43.21875], [54.4375, 43.34375]], [[24.125, 43.1875], [24.21875, 43.3125], [24.25, 43.1875], [24.125, 43.1875]], [[163.59375, 43.1875], [163.71875, 43.3125], [163.6875, 43.1875], [163.59375, 43.1875]], [[-52.625, 43.21875], [-52.40625, 43.15625], [-52.40625, 43.03125], [-52.625, 43.09375], [-52.625, 43.21875]], [[41.78125, 43.0625], [41.90625, 43.21875], [41.875, 43.0625], [41.78125, 43.0625]], [[25.28125, 43.09375], [25.625, 42.90625], [25.5625, 42.71875], [25.125, 42.5625], [25.09375, 42.875], [25.28125, 43.09375]], [[55.09375, 43.09375], [55.34375, 42.90625], [55.375, 42.53125], [55.875, 42.40625], [55.90625, 42.21875], [54.90625, 42.40625], [55.15625, 42.71875], [54.8125, 42.71875], [54.75, 42.90625], [55.09375, 43.09375]], [[51.25, 42.96875], [51.4375, 43.0625], [51.4375, 42.96875], [51.25, 42.96875]], [[23.84375, 42.96875], [24.03125, 42.96875], [24.03125, 42.875], [23.84375, 42.84375], [23.84375, 42.96875]], [[26.0625, 42.90625], [26.46875, 42.84375], [26.5625, 42.53125], [26.28125, 42.46875], [25.96875, 42.65625], [26.0625, 42.90625]], [[49.84375, 42.71875], [50.03125, 42.8125], [50.0, 42.6875], [49.84375, 42.71875]], [[57.1875, 42.84375], [57.53125, 42.75], [57.53125, 42.59375], [57.03125, 42.4375], [57.1875, 42.84375]], [[52.875, 42.71875], [53.0, 42.8125], [53.0, 42.71875], [52.875, 42.71875]], [[-52.0, 42.78125], [-51.875, 42.78125], [-51.9375, 42.53125], [-52.03125, 42.53125], [-52.0, 42.78125]], [[33.9375, 42.75], [34.125, 42.71875], [34.125, 42.53125], [34.0, 42.5625], [33.9375, 42.75]], [[53.0625, 42.71875], [53.3125, 42.6875], [53.34375, 42.5], [53.03125, 42.5625], [53.0625, 42.71875]], [[24.34375, 42.6875], [24.53125, 42.6875], [24.59375, 42.5625], [24.21875, 42.46875], [24.34375, 42.6875]], [[62.78125, 42.53125], [63.25, 42.53125], [63.28125, 42.375], [62.78125, 42.53125]], [[165.875, 42.5], [165.96875, 42.59375], [165.96875, 42.5], [165.875, 42.5]], [[61.90625, 42.53125], [62.125, 42.46875], [61.96875, 42.1875], [62.03125, 41.78125], [62.3125, 41.5625], [62.875, 41.46875], [62.8125, 41.25], [62.25, 41.1875], [62.3125, 40.90625], [62.59375, 40.90625], [62.59375, 40.5625], [62.125, 40.84375], [62.125, 41.125], [61.6875, 41.5], [61.78125, 41.25], [61.59375, 41.28125], [61.3125, 41.03125], [61.90625, 40.9375], [62.0, 40.75], [61.53125, 40.75], [61.46875, 40.9375], [61.21875, 40.5625], [60.90625, 40.5625], [60.71875, 41.625], [61.25, 41.78125], [61.4375, 41.46875], [61.5625, 41.65625], [61.875, 41.5625], [61.90625, 41.71875], [61.5625, 41.75], [61.5, 41.9375], [61.53125, 42.125], [61.84375, 42.0625], [61.90625, 42.53125]], [[61.1875, 42.5], [61.53125, 42.46875], [61.53125, 42.28125], [61.21875, 42.34375], [61.1875, 42.5]], [[54.6875, 42.3125], [54.78125, 42.40625], [54.78125, 42.3125], [54.6875, 42.3125]], [[57.875, 42.375], [58.125, 42.375], [58.125, 42.1875], [57.875, 42.125], [57.875, 42.375]], [[23.90625, 42.21875], [23.96875, 42.34375], [24.0, 42.21875], [23.90625, 42.21875]], [[43.09375, 42.21875], [43.1875, 42.34375], [43.1875, 42.21875], [43.09375, 42.21875]], [[63.3125, 42.3125], [63.5, 42.25], [63.5, 42.09375], [63.34375, 42.15625], [63.3125, 42.3125]], [[29.8125, 42.1875], [29.90625, 42.28125], [29.90625, 42.1875], [29.8125, 42.1875]], [[161.40625, 42.1875], [161.5, 42.28125], [161.5, 42.1875], [161.40625, 42.1875]], [[51.28125, 42.25], [51.40625, 42.15625], [51.21875, 41.96875], [50.9375, 41.96875], [51.28125, 42.25]], [[52.5, 42.03125], [53.125, 42.25], [53.09375, 41.8125], [52.59375, 41.875], [52.5, 42.03125]], [[56.1875, 42.21875], [56.40625, 42.1875], [56.40625, 42.09375], [56.0625, 42.0625], [56.1875, 42.21875]], [[75.65625, 42.0625], [75.75, 42.15625], [75.75, 42.0625], [75.65625, 42.0625]], [[161.625, 42.15625], [161.84375, 41.9375], [161.5, 41.65625], [161.59375, 41.78125], [161.625, 42.15625]], [[26.3125, 41.9375], [26.46875, 42.09375], [26.4375, 41.90625], [26.3125, 41.9375]], [[18.71875, 41.875], [19.5625, 42.03125], [19.9375, 40.8125], [20.5625, 40.5625], [20.25, 40.40625], [19.875, 40.46875], [19.9375, 40.0625], [19.59375, 39.71875], [19.15625, 40.0], [19.25, 40.34375], [18.9375, 40.90625], [18.96875, 41.21875], [18.5625, 41.625], [18.71875, 41.875]], [[63.34375, 41.78125], [63.5, 42.03125], [63.5, 41.78125], [63.34375, 41.78125]], [[53.71875, 41.96875], [53.875, 41.96875], [53.875, 41.875], [53.75, 41.84375], [53.71875, 41.96875]], [[55.09375, 41.875], [55.34375, 41.96875], [55.34375, 41.875], [55.09375, 41.875]], [[17.96875, 41.9375], [18.125, 41.90625], [18.125, 41.8125], [18.0, 41.8125], [17.96875, 41.9375]], [[54.28125, 41.9375], [54.625, 41.9375], [54.6875, 41.75], [54.25, 41.65625], [54.28125, 41.9375]], [[51.9375, 41.90625], [52.1875, 41.90625], [52.25, 41.75], [52.0, 41.71875], [51.9375, 41.90625]], [[27.375, 41.78125], [27.53125, 41.78125], [27.5, 41.59375], [27.34375, 41.59375], [27.375, 41.78125]], [[30.15625, 41.78125], [30.34375, 41.78125], [30.4375, 41.5625], [30.25, 41.59375], [30.15625, 41.78125]], [[44.375, 41.65625], [44.5, 41.78125], [44.53125, 41.625], [44.375, 41.65625]], [[-52.71875, 41.625], [-52.5, 41.75], [-52.5, 41.65625], [-52.71875, 41.625]], [[59.75, 41.75], [59.90625, 41.625], [59.59375, 41.28125], [59.4375, 41.46875], [59.75, 41.75]], [[27.875, 41.6875], [28.34375, 41.59375], [28.34375, 41.5], [27.875, 41.5625], [27.875, 41.6875]], [[160.625, 41.59375], [160.75, 41.6875], [160.75, 41.59375], [160.625, 41.59375]], [[51.6875, 41.625], [51.9375, 41.625], [52.0625, 41.40625], [51.8125, 41.34375], [51.6875, 41.625]], [[56.40625, 41.46875], [56.53125, 41.5625], [56.53125, 41.46875], [56.40625, 41.46875]], [[56.375, 41.28125], [56.78125, 41.5625], [56.75, 41.40625], [56.375, 41.28125]], [[160.96875, 41.53125], [161.3125, 41.53125], [161.3125, 41.40625], [161.125, 41.4375], [161.21875, 41.1875], [160.96875, 41.21875], [160.96875, 41.53125]], [[51.375, 41.34375], [51.53125, 41.46875], [51.5625, 41.34375], [51.375, 41.34375]], [[18.125, 41.34375], [18.28125, 41.4375], [18.28125, 41.34375], [18.125, 41.34375]], [[59.21875, 41.4375], [59.375, 41.3125], [59.1875, 41.03125], [58.875, 41.0], [58.78125, 41.1875], [58.25, 41.09375], [58.34375, 41.3125], [59.15625, 41.28125], [59.21875, 41.4375]], [[17.625, 41.375], [17.90625, 41.25], [17.125, 40.6875], [17.28125, 40.53125], [17.21875, 40.15625], [17.46875, 39.625], [17.34375, 39.65625], [17.21875, 39.40625], [16.59375, 39.53125], [16.40625, 39.21875], [16.25, 39.25], [15.9375, 39.625], [16.1875, 40.375], [15.90625, 40.53125], [15.4375, 40.5], [15.40625, 40.875], [16.40625, 41.09375], [16.75, 41.34375], [17.375, 40.96875], [17.625, 41.375]], [[60.1875, 41.0], [60.3125, 41.09375], [60.3125, 41.0], [60.1875, 41.0]], [[60.53125, 40.96875], [60.71875, 40.96875], [60.71875, 40.875], [60.59375, 40.84375], [60.53125, 40.96875]], [[160.75, 40.78125], [161.125, 40.9375], [161.09375, 40.75], [160.9375, 40.5], [160.75, 40.5], [160.75, 40.78125]], [[59.25, 40.90625], [60.0625, 40.84375], [59.875, 40.5625], [60.1875, 39.84375], [59.9375, 39.84375], [59.625, 39.59375], [59.6875, 39.75], [59.5625, 39.71875], [59.5, 40.0625], [59.78125, 40.46875], [59.5625, 40.5], [59.53125, 40.6875], [59.25, 40.65625], [59.25, 40.90625]], [[62.78125, 40.8125], [62.90625, 40.90625], [62.90625, 40.8125], [62.78125, 40.8125]], [[57.90625, 40.6875], [58.53125, 40.59375], [58.75, 40.28125], [58.15625, 40.15625], [58.0625, 40.40625], [57.78125, 40.34375], [57.65625, 40.53125], [57.90625, 40.6875]], [[23.4375, 40.53125], [23.5625, 40.65625], [23.5625, 40.53125], [23.4375, 40.53125]], [[23.84375, 40.65625], [24.0625, 40.65625], [24.21875, 40.34375], [23.8125, 40.5], [23.84375, 40.65625]], [[58.65625, 40.53125], [58.75, 40.625], [58.75, 40.53125], [58.65625, 40.53125]], [[20.625, 40.4375], [20.71875, 40.53125], [20.71875, 40.4375], [20.625, 40.4375]], [[20.75, 40.5], [21.09375, 40.375], [21.125, 40.25], [20.96875, 40.25], [20.75, 40.5]], [[23.15625, 40.375], [23.46875, 40.3125], [23.5, 40.09375], [22.4375, 40.125], [22.5, 40.28125], [23.03125, 40.25], [23.15625, 40.375]], [[21.4375, 40.34375], [21.75, 40.34375], [21.75, 40.1875], [21.5625, 40.125], [21.4375, 40.34375]], [[56.78125, 40.1875], [56.875, 40.28125], [56.875, 40.1875], [56.78125, 40.1875]], [[22.125, 40.125], [22.34375, 39.9375], [22.21875, 39.75], [22.0625, 39.75], [22.125, 40.125]], [[61.65625, 40.0], [61.78125, 40.125], [61.78125, 40.03125], [61.65625, 40.0]], [[64.25, 40.0], [64.40625, 40.09375], [64.40625, 40.0], [64.25, 40.0]], [[60.78125, 39.84375], [60.90625, 39.96875], [60.90625, 39.875], [60.78125, 39.84375]], [[65.28125, 39.75], [65.5625, 39.96875], [65.53125, 39.625], [65.28125, 39.75]], [[160.65625, 39.875], [160.78125, 39.96875], [160.78125, 39.875], [160.65625, 39.875]], [[60.96875, 39.78125], [61.0625, 39.875], [61.0625, 39.78125], [60.96875, 39.78125]], [[60.59375, 39.53125], [60.6875, 39.625], [60.6875, 39.53125], [60.59375, 39.53125]], [[60.40625, 39.46875], [60.53125, 39.4375], [60.5, 39.3125], [60.40625, 39.3125], [60.40625, 39.46875]], [[21.0, 39.375], [21.375, 39.28125], [21.375, 39.1875], [21.03125, 39.15625], [21.0, 39.375]], [[57.1875, 39.25], [57.34375, 39.34375], [57.3125, 39.21875], [57.1875, 39.25]], [[63.53125, 39.25], [63.625, 39.34375], [63.625, 39.25], [63.53125, 39.25]], [[64.6875, 39.1875], [64.78125, 39.28125], [64.78125, 39.1875], [64.6875, 39.1875]], [[59.21875, 39.09375], [59.40625, 39.21875], [59.40625, 39.125], [59.21875, 39.09375]], [[10.5625, 39.15625], [10.71875, 39.125], [10.71875, 39.0], [10.59375, 39.0], [10.5625, 39.15625]], [[65.71875, 39.0], [65.8125, 39.125], [65.84375, 39.0], [65.71875, 39.0]], [[67.28125, 39.125], [67.46875, 39.125], [67.46875, 38.96875], [67.25, 38.96875], [67.28125, 39.125]], [[57.71875, 38.90625], [57.8125, 39.0], [57.8125, 38.90625], [57.71875, 38.90625]], [[67.09375, 38.9375], [67.28125, 38.9375], [67.28125, 38.84375], [67.0, 38.75], [67.09375, 38.9375]], [[57.1875, 38.65625], [57.28125, 38.8125], [57.28125, 38.65625], [57.1875, 38.65625]], [[163.3125, 38.6875], [163.40625, 38.78125], [163.40625, 38.6875], [163.3125, 38.6875]], [[163.0, 38.53125], [163.15625, 38.71875], [163.125, 38.53125], [163.0, 38.53125]], [[66.21875, 38.46875], [66.3125, 38.5625], [66.3125, 38.46875], [66.21875, 38.46875]], [[60.3125, 38.46875], [60.5, 38.40625], [60.3125, 38.34375], [60.3125, 38.46875]], [[60.59375, 38.40625], [60.6875, 38.5], [60.6875, 38.40625], [60.59375, 38.40625]], [[6.71875, 38.25], [6.84375, 38.40625], [6.8125, 38.25], [6.71875, 38.25]], [[60.6875, 38.28125], [60.78125, 38.375], [60.78125, 38.28125], [60.6875, 38.28125]], [[72.6875, 38.21875], [72.78125, 38.3125], [72.78125, 38.21875], [72.6875, 38.21875]], [[7.59375, 38.28125], [7.75, 38.25], [7.75, 37.96875], [7.625, 37.96875], [7.59375, 38.28125]], [[69.65625, 38.15625], [69.75, 38.25], [69.75, 38.15625], [69.65625, 38.15625]], [[1.03125, 38.125], [1.125, 38.21875], [1.125, 38.125], [1.03125, 38.125]], [[70.96875, 38.03125], [71.25, 37.96875], [71.21875, 37.78125], [71.03125, 37.78125], [71.21875, 37.5], [70.875, 37.09375], [70.53125, 37.125], [70.3125, 37.53125], [70.96875, 38.03125]], [[69.21875, 37.84375], [69.3125, 38.0], [69.3125, 37.84375], [69.21875, 37.84375]], [[2.1875, 37.96875], [2.28125, 37.8125], [1.71875, 37.78125], [1.8125, 37.9375], [2.1875, 37.96875]], [[57.0625, 37.84375], [57.25, 37.84375], [57.3125, 37.6875], [57.1875, 37.65625], [57.0625, 37.84375]], [[57.125, 37.4375], [57.25, 37.53125], [57.28125, 37.40625], [57.125, 37.4375]], [[71.46875, 37.34375], [71.84375, 37.375], [71.84375, 37.21875], [71.46875, 37.1875], [71.46875, 37.34375]], [[56.78125, 37.125], [57.21875, 37.28125], [57.125, 37.0], [56.78125, 37.125]], [[59.125, 37.09375], [59.25, 37.1875], [59.25, 37.09375], [59.125, 37.09375]], [[57.28125, 37.15625], [57.46875, 37.125], [57.5, 36.96875], [57.34375, 37.0], [57.28125, 37.15625]], [[71.46875, 37.15625], [71.9375, 36.90625], [71.9375, 36.75], [71.625, 36.6875], [71.625, 36.5], [71.125, 36.59375], [71.125, 36.71875], [71.5, 36.78125], [71.46875, 37.15625]], [[71.15625, 37.125], [71.34375, 37.125], [71.375, 37.0], [71.125, 36.96875], [71.15625, 37.125]], [[73.1875, 36.90625], [73.375, 37.0], [73.34375, 36.875], [73.1875, 36.90625]], [[56.4375, 36.71875], [56.53125, 36.875], [56.59375, 36.6875], [56.4375, 36.71875]], [[1.3125, 36.59375], [1.46875, 36.5625], [1.4375, 36.40625], [1.34375, 36.40625], [1.3125, 36.59375]], [[164.6875, 36.46875], [164.8125, 36.5625], [164.8125, 36.46875], [164.6875, 36.46875]], [[72.78125, 36.53125], [72.9375, 36.5], [72.84375, 36.3125], [72.75, 36.3125], [72.78125, 36.53125]], [[162.15625, 36.53125], [162.5625, 36.3125], [162.0625, 35.96875], [161.6875, 36.0625], [161.71875, 36.34375], [162.15625, 36.53125]], [[1.5, 36.5], [1.65625, 36.5], [1.65625, 36.375], [1.53125, 36.375], [1.5, 36.5]], [[23.15625, 36.375], [23.3125, 36.5], [23.3125, 36.375], [23.15625, 36.375]], [[70.03125, 36.28125], [70.1875, 36.40625], [70.15625, 36.28125], [70.03125, 36.28125]], [[1.8125, 36.28125], [2.28125, 36.375], [2.375, 36.125], [1.9375, 35.96875], [1.78125, 36.0625], [1.8125, 36.28125]], [[57.25, 36.34375], [57.40625, 36.34375], [57.40625, 36.1875], [57.21875, 36.1875], [57.25, 36.34375]], [[75.46875, 36.03125], [75.5625, 36.21875], [75.65625, 36.03125], [75.46875, 36.03125]], [[0.875, 35.875], [0.96875, 35.96875], [0.96875, 35.875], [0.875, 35.875]], [[75.875, 35.8125], [75.96875, 35.9375], [75.96875, 35.8125], [75.875, 35.8125]], [[75.375, 35.0625], [75.46875, 35.15625], [75.46875, 35.0625], [75.375, 35.0625]], [[74.90625, 34.9375], [75.0, 35.0625], [75.03125, 34.9375], [74.90625, 34.9375]], [[-1.5625, 34.96875], [-1.4375, 34.84375], [-1.90625, 34.59375], [-1.9375, 34.71875], [-1.5625, 34.96875]], [[161.28125, 34.625], [161.40625, 34.5], [161.15625, 34.375], [161.15625, 34.46875], [161.28125, 34.625]], [[161.03125, 34.34375], [161.15625, 34.21875], [160.84375, 34.15625], [160.84375, 34.25], [161.03125, 34.34375]], [[-4.03125, 34.21875], [-3.8125, 34.25], [-3.8125, 34.15625], [-4.03125, 34.21875]], [[76.40625, 34.28125], [76.65625, 34.25], [76.65625, 33.8125], [76.34375, 33.9375], [76.40625, 34.28125]], [[161.5, 34.28125], [161.8125, 34.03125], [161.96875, 34.21875], [162.3125, 34.21875], [162.46875, 34.03125], [162.40625, 33.78125], [162.59375, 33.25], [162.53125, 32.875], [162.28125, 32.78125], [162.34375, 32.03125], [161.90625, 31.71875], [162.03125, 31.34375], [162.40625, 31.46875], [162.40625, 31.28125], [162.25, 30.96875], [161.9375, 31.0], [161.78125, 30.53125], [161.21875, 30.5], [161.0, 29.875], [161.5, 29.96875], [161.65625, 29.125], [161.96875, 28.90625], [161.84375, 28.8125], [161.875, 28.21875], [162.0625, 27.5625], [162.21875, 27.53125], [162.15625, 27.40625], [161.90625, 27.46875], [162.03125, 27.09375], [162.625, 26.78125], [162.8125, 26.375], [163.125, 26.40625], [163.15625, 26.09375], [164.03125, 25.8125], [164.09375, 25.375], [164.4375, 25.15625], [164.28125, 24.71875], [164.46875, 24.53125], [164.71875, 24.75], [164.90625, 24.625], [164.5625, 23.28125], [164.8125, 22.5625], [164.53125, 22.21875], [164.8125, 22.09375], [164.96875, 21.90625], [164.90625, 21.75], [165.0625, 21.71875], [165.0625, 21.03125], [165.3125, 20.53125], [164.90625, 20.34375], [165.0, 19.84375], [164.84375, 19.8125], [164.75, 19.09375], [165.0, 18.71875], [165.59375, 18.84375], [165.59375, 18.6875], [165.03125, 17.90625], [164.8125, 16.53125], [164.5625, 16.21875], [163.96875, 16.125], [163.9375, 15.78125], [163.71875, 15.8125], [163.65625, 15.65625], [163.71875, 15.46875], [163.3125, 15.25], [163.84375, 15.125], [163.75, 14.90625], [164.03125, 14.9375], [164.09375, 15.09375], [164.21875, 14.84375], [164.90625, 15.03125], [164.84375, 14.6875], [165.03125, 14.5], [164.84375, 14.21875], [165.34375, 14.21875], [165.40625, 14.03125], [165.25, 14.0], [165.28125, 13.8125], [165.15625, 13.9375], [164.34375, 13.9375], [164.84375, 13.75], [164.875, 13.46875], [164.6875, 13.34375], [164.75, 13.125], [164.15625, 12.96875], [164.21875, 12.5625], [163.71875, 12.71875], [163.4375, 12.09375], [162.96875, 12.1875], [163.0, 11.96875], [162.75, 11.8125], [162.8125, 11.40625], [162.34375, 11.4375], [162.1875, 11.125], [162.0, 11.40625], [161.8125, 11.40625], [161.6875, 11.125], [162.0, 11.03125], [161.8125, 10.75], [161.90625, 10.59375], [161.5, 10.5], [161.34375, 10.65625], [161.34375, 10.09375], [160.84375, 9.78125], [160.3125, 10.1875], [159.875, 10.1875], [159.65625, 10.5625], [159.8125, 10.78125], [159.6875, 10.9375], [159.0, 10.59375], [158.9375, 10.09375], [159.25, 10.1875], [159.40625, 9.90625], [159.28125, 9.5625], [159.5625, 9.34375], [159.0625, 9.4375], [159.15625, 8.8125], [158.8125, 9.09375], [158.34375, 8.53125], [158.3125, 9.125], [158.46875, 9.15625], [158.1875, 9.1875], [158.28125, 9.4375], [158.15625, 9.84375], [158.46875, 9.75], [158.65625, 9.78125], [157.71875, 10.0625], [157.5, 10.59375], [157.5625, 10.875], [157.21875, 10.9375], [156.625, 10.625], [155.8125, 10.9375], [156.3125, 10.65625], [156.3125, 10.5], [156.21875, 10.625], [155.9375, 10.53125], [155.25, 10.75], [154.875, 10.5625], [154.4375, 10.0], [154.25, 10.09375], [154.21875, 9.875], [154.03125, 9.96875], [153.90625, 9.84375], [153.90625, 10.21875], [153.6875, 10.28125], [153.625, 10.53125], [153.40625, 10.375], [153.0, 10.5625], [152.4375, 10.34375], [152.375, 10.1875], [152.28125, 10.4375], [152.09375, 10.25], [151.5, 10.4375], [151.40625, 10.28125], [150.78125, 10.25], [150.53125, 9.96875], [150.34375, 9.96875], [150.4375, 10.28125], [150.125, 10.34375], [150.0, 10.0], [150.0, 10.125], [149.15625, 10.15625], [149.03125, 10.375], [148.53125, 9.9375], [147.78125, 10.03125], [147.375, 9.8125], [147.125, 10.0625], [147.03125, 9.875], [146.5625, 9.78125], [146.71875, 9.34375], [146.90625, 9.34375], [146.90625, 9.15625], [146.625, 8.96875], [145.28125, 9.625], [145.15625, 9.5625], [145.25, 9.15625], [144.75, 9.21875], [144.65625, 9.0], [143.5, 9.75], [142.75, 9.375], [142.875, 10.125], [142.59375, 9.96875], [142.3125, 10.53125], [142.25, 10.21875], [142.03125, 10.09375], [141.75, 10.34375], [141.5, 10.1875], [141.25, 10.4375], [141.1875, 10.21875], [140.84375, 10.3125], [140.8125, 9.96875], [140.40625, 10.3125], [139.9375, 10.03125], [140.09375, 10.65625], [139.6875, 10.625], [139.75, 11.0625], [139.40625, 11.15625], [138.71875, 10.84375], [138.5, 10.9375], [137.5625, 10.46875], [137.53125, 10.71875], [137.75, 10.84375], [137.875, 11.25], [137.84375, 11.71875], [136.9375, 11.90625], [136.84375, 12.125], [137.0, 12.3125], [137.0, 12.6875], [136.6875, 12.84375], [136.78125, 13.21875], [136.5625, 13.46875], [136.3125, 13.40625], [136.15625, 13.625], [135.65625, 13.78125], [135.875, 14.1875], [135.71875, 14.25], [135.625, 14.84375], [135.34375, 15.03125], [135.59375, 15.59375], [135.5625, 16.5625], [135.375, 16.5], [135.375, 16.625], [135.71875, 17.0], [135.5625, 17.3125], [135.8125, 17.46875], [135.71875, 17.78125], [135.875, 18.0], [135.5625, 18.0], [135.6875, 18.34375], [135.4375, 18.4375], [135.3125, 18.84375], [135.34375, 19.09375], [135.46875, 19.09375], [135.375, 20.375], [135.8125, 20.28125], [135.96875, 20.5], [135.875, 20.75], [135.375, 20.71875], [135.375, 20.875], [135.5, 21.15625], [135.9375, 21.25], [135.625, 21.25], [135.84375, 21.625], [135.5625, 21.90625], [135.53125, 22.3125], [135.71875, 22.59375], [135.65625, 22.75], [135.96875, 23.0625], [136.09375, 23.71875], [136.3125, 23.9375], [136.28125, 24.5625], [136.65625, 24.84375], [136.59375, 25.0], [136.90625, 24.9375], [136.65625, 25.0625], [136.6875, 25.21875], [136.90625, 25.0625], [137.46875, 24.96875], [137.03125, 25.09375], [136.875, 25.34375], [137.1875, 25.53125], [137.125, 25.8125], [137.625, 25.9375], [137.59375, 26.71875], [138.1875, 27.25], [138.0625, 27.78125], [138.34375, 28.125], [138.3125, 28.3125], [138.9375, 28.4375], [139.0625, 28.15625], [139.5625, 27.875], [139.9375, 27.96875], [139.46875, 28.125], [138.96875, 28.625], [138.46875, 28.78125], [139.1875, 29.8125], [139.6875, 29.78125], [139.5625, 29.96875], [139.625, 30.375], [140.1875, 30.78125], [140.53125, 30.84375], [141.5, 31.59375], [142.90625, 31.75], [144.25, 32.125], [145.53125, 32.03125], [146.5625, 32.28125], [146.75, 32.46875], [148.46875, 32.46875], [149.84375, 33.34375], [151.09375, 33.21875], [151.875, 32.71875], [152.0, 32.21875], [152.21875, 32.09375], [152.78125, 32.59375], [153.40625, 32.59375], [153.59375, 32.90625], [153.875, 32.90625], [153.875, 33.09375], [154.15625, 32.96875], [154.28125, 33.3125], [154.65625, 33.375], [154.875, 33.625], [155.3125, 33.6875], [155.625, 33.59375], [155.6875, 33.40625], [156.21875, 33.375], [156.8125, 33.53125], [156.8125, 33.84375], [156.96875, 33.71875], [157.5625, 33.84375], [157.59375, 33.625], [157.84375, 33.625], [157.84375, 33.3125], [158.25, 33.4375], [158.59375, 33.1875], [159.15625, 33.25], [159.375, 32.6875], [160.34375, 32.4375], [160.40625, 32.5625], [160.65625, 32.5], [160.53125, 32.84375], [160.6875, 32.8125], [160.71875, 32.96875], [160.96875, 32.78125], [161.65625, 32.84375], [161.59375, 33.15625], [161.875, 33.375], [161.75, 33.46875], [161.84375, 33.84375], [161.625, 33.84375], [161.21875, 33.46875], [161.4375, 33.75], [161.5, 34.0625], [161.375, 34.21875], [161.5, 34.28125]], [[164.15625, 34.09375], [164.28125, 34.21875], [164.28125, 34.09375], [164.15625, 34.09375]], [[75.8125, 34.09375], [75.96875, 34.03125], [75.90625, 33.875], [75.8125, 33.875], [75.8125, 34.09375]], [[157.46875, 33.96875], [157.625, 34.0625], [157.625, 33.96875], [157.46875, 33.96875]], [[-4.21875, 34.0], [-3.90625, 33.9375], [-3.9375, 33.1875], [-4.40625, 33.1875], [-4.34375, 33.4375], [-4.5625, 33.5], [-4.5625, 33.71875], [-4.4375, 33.6875], [-4.21875, 34.0]], [[157.21875, 33.90625], [157.3125, 34.0], [157.3125, 33.90625], [157.21875, 33.90625]], [[75.5, 33.75], [75.625, 33.875], [75.625, 33.75], [75.5, 33.75]], [[-4.96875, 33.5625], [-4.875, 33.65625], [-4.875, 33.5625], [-4.96875, 33.5625]], [[76.46875, 33.4375], [76.59375, 33.5625], [76.59375, 33.4375], [76.46875, 33.4375]], [[-5.5625, 33.09375], [-4.96875, 33.40625], [-5.1875, 33.09375], [-5.09375, 32.84375], [-5.15625, 32.625], [-5.3125, 32.625], [-5.53125, 32.78125], [-5.5625, 33.09375]], [[76.9375, 33.21875], [77.0625, 32.90625], [76.5625, 32.75], [76.53125, 33.0625], [76.9375, 33.21875]], [[161.28125, 32.96875], [161.375, 33.0625], [161.375, 32.96875], [161.28125, 32.96875]], [[-141.90625, 32.71875], [-141.78125, 32.8125], [-141.78125, 32.71875], [-141.90625, 32.71875]], [[77.6875, 32.59375], [77.8125, 32.6875], [77.84375, 32.53125], [77.6875, 32.59375]], [[-6.09375, 32.15625], [-5.96875, 31.8125], [-6.15625, 31.71875], [-6.15625, 31.46875], [-6.46875, 31.3125], [-6.5625, 32.0], [-6.09375, 32.15625]], [[-5.6875, 31.90625], [-5.59375, 32.09375], [-5.5625, 31.90625], [-5.6875, 31.90625]], [[167.40625, 31.8125], [167.6875, 31.71875], [167.6875, 31.4375], [167.25, 31.5], [167.40625, 31.8125]], [[-138.78125, 31.5], [-138.6875, 31.625], [-138.6875, 31.5], [-138.78125, 31.5]], [[162.5625, 31.53125], [162.6875, 31.625], [162.6875, 31.53125], [162.5625, 31.53125]], [[-140.15625, 31.46875], [-140.03125, 31.5625], [-140.03125, 31.46875], [-140.15625, 31.46875]], [[-139.03125, 31.40625], [-138.90625, 31.5625], [-138.90625, 31.40625], [-139.03125, 31.40625]], [[-139.25, 31.375], [-139.15625, 31.46875], [-139.15625, 31.375], [-139.25, 31.375]], [[166.8125, 31.34375], [167.5625, 31.3125], [167.625, 30.8125], [167.1875, 30.9375], [166.71875, 30.84375], [166.75, 31.03125], [166.96875, 31.0625], [166.8125, 31.34375]], [[-139.65625, 31.21875], [-139.5625, 31.34375], [-139.5625, 31.21875], [-139.65625, 31.21875]], [[79.3125, 31.3125], [79.59375, 31.25], [79.59375, 31.15625], [79.25, 31.125], [79.3125, 31.3125]], [[-138.78125, 31.15625], [-138.65625, 31.28125], [-138.6875, 31.15625], [-138.78125, 31.15625]], [[-143.5625, 31.125], [-143.375, 31.21875], [-143.375, 31.09375], [-143.5625, 31.125]], [[79.96875, 31.1875], [80.28125, 31.0625], [80.28125, 30.96875], [79.96875, 30.96875], [79.96875, 31.1875]], [[-139.8125, 31.0625], [-139.6875, 31.15625], [-139.6875, 31.0625], [-139.8125, 31.0625]], [[-143.25, 31.03125], [-143.09375, 31.125], [-143.09375, 31.03125], [-143.25, 31.03125]], [[-139.5625, 30.9375], [-139.3125, 31.09375], [-139.3125, 31.0], [-139.5625, 30.9375]], [[-53.15625, 30.84375], [-53.03125, 31.0625], [-53.0625, 30.84375], [-53.15625, 30.84375]], [[-144.0625, 30.90625], [-143.9375, 31.0], [-143.9375, 30.90625], [-144.0625, 30.90625]], [[-7.71875, 30.8125], [-7.46875, 30.9375], [-7.4375, 30.8125], [-7.71875, 30.8125]], [[-144.53125, 30.8125], [-144.4375, 30.90625], [-144.4375, 30.8125], [-144.53125, 30.8125]], [[-7.96875, 30.8125], [-7.84375, 30.90625], [-7.84375, 30.8125], [-7.96875, 30.8125]], [[80.0625, 30.875], [80.71875, 30.875], [80.71875, 30.78125], [80.0, 30.5625], [80.0625, 30.875]], [[81.4375, 30.78125], [81.59375, 30.78125], [81.5625, 30.625], [81.40625, 30.625], [81.4375, 30.78125]], [[-139.4375, 30.5], [-139.3125, 30.59375], [-139.3125, 30.5], [-139.4375, 30.5]], [[161.90625, 30.59375], [162.0625, 30.59375], [162.09375, 30.4375], [161.78125, 30.25], [161.90625, 30.59375]], [[-139.125, 30.40625], [-139.03125, 30.5], [-139.03125, 30.40625], [-139.125, 30.40625]], [[-139.90625, 30.375], [-139.71875, 30.46875], [-139.71875, 30.375], [-139.90625, 30.375]], [[-138.9375, 30.34375], [-138.78125, 30.28125], [-138.9375, 30.25], [-138.9375, 30.34375]], [[-8.03125, 30.34375], [-7.5625, 30.25], [-7.5625, 30.0625], [-7.96875, 29.96875], [-8.15625, 30.1875], [-8.03125, 30.34375]], [[162.75, 29.96875], [162.84375, 30.0625], [162.84375, 29.96875], [162.75, 29.96875]], [[-144.65625, 29.65625], [-144.5625, 29.75], [-144.5625, 29.65625], [-144.65625, 29.65625]], [[-145.65625, 29.5], [-145.53125, 29.625], [-145.53125, 29.46875], [-145.65625, 29.5]], [[-145.0625, 29.46875], [-144.96875, 29.59375], [-144.96875, 29.46875], [-145.0625, 29.46875]], [[-145.09375, 29.28125], [-145.0, 29.375], [-145.0, 29.28125], [-145.09375, 29.28125]], [[-59.59375, 29.0625], [-58.15625, 29.34375], [-58.15625, 29.03125], [-57.875, 29.0], [-58.125, 28.875], [-58.09375, 28.65625], [-57.84375, 28.78125], [-57.6875, 28.625], [-56.875, 28.6875], [-56.90625, 28.25], [-55.875, 27.90625], [-55.96875, 27.6875], [-55.625, 27.65625], [-55.46875, 27.15625], [-55.84375, 26.875], [-56.09375, 26.875], [-56.09375, 27.09375], [-56.4375, 27.21875], [-56.71875, 27.0], [-56.875, 26.59375], [-57.09375, 26.5625], [-57.03125, 26.1875], [-57.53125, 26.15625], [-57.875, 25.875], [-58.15625, 25.96875], [-59.25, 25.78125], [-59.3125, 26.15625], [-59.625, 26.34375], [-59.84375, 26.21875], [-59.59375, 26.125], [-59.59375, 25.8125], [-59.96875, 25.84375], [-60.46875, 26.15625], [-61.15625, 26.03125], [-61.1875, 26.15625], [-60.5625, 26.75], [-60.5, 27.21875], [-60.09375, 27.4375], [-60.40625, 28.21875], [-60.15625, 28.78125], [-59.59375, 29.0625]], [[-145.65625, 29.03125], [-145.5625, 29.125], [-145.5625, 29.03125], [-145.65625, 29.03125]], [[-145.5, 28.96875], [-145.375, 29.0625], [-145.375, 28.96875], [-145.5, 28.96875]], [[-145.75, 28.78125], [-145.625, 28.875], [-145.625, 28.78125], [-145.75, 28.78125]], [[-146.15625, 27.96875], [-146.0625, 28.0625], [-146.0625, 27.96875], [-146.15625, 27.96875]], [[-8.78125, 27.75], [-8.5625, 27.84375], [-8.5625, 27.71875], [-8.78125, 27.75]], [[-60.5, 27.6875], [-60.28125, 27.5625], [-60.28125, 27.4375], [-60.5, 27.46875], [-60.5, 27.6875]], [[-146.375, 27.375], [-146.25, 27.53125], [-146.28125, 27.375], [-146.375, 27.375]], [[-146.65625, 27.28125], [-146.53125, 27.4375], [-146.5625, 27.28125], [-146.65625, 27.28125]], [[-12.09375, 27.28125], [-11.90625, 27.1875], [-12.0, 27.0], [-12.09375, 27.0], [-12.09375, 27.28125]], [[-12.34375, 26.8125], [-12.03125, 26.625], [-12.4375, 26.5], [-12.53125, 26.15625], [-12.6875, 26.15625], [-12.78125, 26.375], [-12.34375, 26.8125]], [[-14.4375, 26.46875], [-14.34375, 26.5625], [-14.34375, 26.46875], [-14.4375, 26.46875]], [[-147.0625, 26.28125], [-146.96875, 26.375], [-146.96875, 26.28125], [-147.0625, 26.28125]], [[-17.28125, 26.1875], [-17.15625, 26.28125], [-17.15625, 26.1875], [-17.28125, 26.1875]], [[-17.03125, 26.09375], [-16.9375, 26.1875], [-16.9375, 26.09375], [-17.03125, 26.09375]], [[-13.0625, 26.0], [-12.9375, 26.09375], [-12.9375, 26.0], [-13.0625, 26.0]], [[-12.5625, 25.9375], [-12.46875, 26.0625], [-12.46875, 25.9375], [-12.5625, 25.9375]], [[164.1875, 25.75], [164.3125, 25.90625], [164.375, 25.6875], [164.1875, 25.75]], [[-147.1875, 25.65625], [-147.09375, 25.75], [-147.09375, 25.65625], [-147.1875, 25.65625]], [[-54.71875, 25.625], [-54.34375, 25.53125], [-54.03125, 25.1875], [-54.5, 24.96875], [-54.84375, 25.46875], [-54.71875, 25.625]], [[164.40625, 25.53125], [164.5625, 25.40625], [164.53125, 25.25], [164.4375, 25.25], [164.40625, 25.53125]], [[169.84375, 25.3125], [170.0, 25.25], [170.0, 24.96875], [170.15625, 24.96875], [170.15625, 24.53125], [169.96875, 24.53125], [169.84375, 25.3125]], [[-61.5625, 24.78125], [-60.5, 24.84375], [-60.40625, 24.71875], [-61.5625, 24.65625], [-61.5625, 24.78125]], [[175.90625, 24.5625], [176.03125, 24.5625], [176.03125, 24.40625], [175.9375, 24.40625], [175.90625, 24.5625]], [[-61.9375, 24.5], [-60.96875, 24.25], [-63.3125, 23.28125], [-63.46875, 23.28125], [-63.3125, 23.375], [-63.46875, 23.5625], [-63.625, 23.1875], [-64.25, 23.09375], [-63.46875, 23.84375], [-61.9375, 24.5]], [[-147.0, 24.28125], [-146.84375, 24.25], [-146.875, 24.0625], [-146.96875, 24.0625], [-147.0, 24.28125]], [[176.1875, 24.0], [176.3125, 24.125], [176.28125, 24.0], [176.1875, 24.0]], [[-147.1875, 23.78125], [-147.0625, 23.78125], [-147.03125, 23.46875], [-147.125, 23.46875], [-147.1875, 23.78125]], [[171.375, 23.625], [171.46875, 23.28125], [171.25, 23.1875], [171.21875, 23.5], [171.375, 23.625]], [[-146.46875, 23.59375], [-146.28125, 23.59375], [-146.28125, 23.5], [-146.46875, 23.40625], [-146.46875, 23.59375]], [[-146.5, 23.1875], [-146.40625, 23.28125], [-146.40625, 23.1875], [-146.5, 23.1875]], [[-146.5, 22.875], [-146.375, 22.84375], [-146.375, 22.71875], [-146.5, 22.71875], [-146.5, 22.875]], [[167.71875, 22.84375], [167.84375, 22.84375], [167.84375, 22.59375], [167.75, 22.59375], [167.71875, 22.84375]], [[167.3125, 22.5625], [167.40625, 22.65625], [167.40625, 22.5625], [167.3125, 22.5625]], [[167.8125, 22.3125], [167.90625, 22.40625], [167.90625, 22.3125], [167.8125, 22.3125]], [[-146.8125, 22.25], [-146.71875, 22.375], [-146.71875, 22.25], [-146.8125, 22.25]], [[-146.96875, 22.125], [-146.875, 22.25], [-146.875, 22.125], [-146.96875, 22.125]], [[167.40625, 22.03125], [167.5625, 22.25], [167.625, 22.0], [167.40625, 22.03125]], [[167.21875, 21.59375], [167.3125, 22.0], [167.375, 21.59375], [167.21875, 21.59375]], [[-146.9375, 21.875], [-146.84375, 21.96875], [-146.84375, 21.875], [-146.9375, 21.875]], [[-21.46875, 21.84375], [-21.34375, 21.78125], [-21.375, 21.625], [-21.53125, 21.625], [-21.46875, 21.84375]], [[80.90625, 21.46875], [81.0, 21.625], [81.0625, 21.4375], [80.90625, 21.46875]], [[172.9375, 21.625], [173.375, 21.40625], [173.59375, 21.09375], [173.65625, 20.59375], [173.40625, 20.21875], [172.96875, 20.3125], [173.0, 21.15625], [172.8125, 21.375], [172.9375, 21.625]], [[-21.28125, 21.3125], [-21.09375, 21.3125], [-21.09375, 21.1875], [-21.28125, 21.1875], [-21.28125, 21.3125]], [[82.4375, 21.3125], [82.59375, 21.25], [82.59375, 20.9375], [82.34375, 21.0], [82.4375, 21.3125]], [[-22.25, 20.90625], [-22.09375, 20.875], [-22.03125, 20.625], [-22.25, 20.78125], [-22.25, 20.90625]], [[-21.1875, 20.59375], [-21.09375, 20.78125], [-21.09375, 20.59375], [-21.1875, 20.59375]], [[-147.03125, 20.5], [-146.875, 20.625], [-146.875, 20.53125], [-147.03125, 20.5]], [[-20.0625, 20.0625], [-19.96875, 20.15625], [-19.96875, 20.0625], [-20.0625, 20.0625]], [[165.125, 20.03125], [165.1875, 20.15625], [165.21875, 20.03125], [165.125, 20.03125]], [[173.375, 19.96875], [173.5, 20.125], [173.5, 19.96875], [173.375, 19.96875]], [[-20.96875, 19.625], [-20.78125, 19.875], [-20.84375, 19.625], [-20.96875, 19.625]], [[165.6875, 19.53125], [165.78125, 19.625], [165.78125, 19.53125], [165.6875, 19.53125]], [[79.84375, 19.40625], [80.0, 19.53125], [80.0, 19.40625], [79.84375, 19.40625]], [[-22.34375, 19.5], [-22.09375, 19.28125], [-21.6875, 19.4375], [-21.5625, 19.34375], [-21.75, 18.96875], [-22.0625, 18.90625], [-22.34375, 19.5]], [[173.3125, 19.46875], [173.53125, 19.4375], [173.5625, 19.09375], [173.125, 19.15625], [172.9375, 19.03125], [172.90625, 19.28125], [173.1875, 19.28125], [173.3125, 19.46875]], [[-146.0, 19.28125], [-145.84375, 19.28125], [-145.84375, 19.125], [-146.0, 19.125], [-146.0, 19.28125]], [[-21.65625, 18.75], [-21.4375, 18.84375], [-21.4375, 18.75], [-21.65625, 18.75]], [[-22.03125, 18.625], [-21.9375, 18.71875], [-21.9375, 18.625], [-22.03125, 18.625]], [[172.15625, 18.46875], [172.3125, 18.46875], [172.34375, 18.34375], [172.21875, 18.3125], [172.15625, 18.46875]], [[171.875, 18.1875], [172.1875, 18.15625], [172.0625, 17.625], [171.75, 17.71875], [171.71875, 17.40625], [171.40625, 17.25], [171.4375, 17.0], [171.3125, 16.96875], [171.21875, 17.8125], [171.625, 17.75], [171.65625, 17.9375], [171.84375, 17.875], [171.875, 18.1875]], [[-146.25, 17.625], [-146.15625, 17.75], [-146.125, 17.625], [-146.25, 17.625]], [[169.46875, 17.40625], [169.59375, 17.625], [169.5625, 17.40625], [169.46875, 17.40625]], [[-51.21875, 17.3125], [-51.09375, 17.53125], [-51.09375, 17.28125], [-51.21875, 17.3125]], [[169.3125, 17.21875], [169.5, 17.21875], [169.625, 16.875], [170.0625, 17.21875], [170.28125, 17.21875], [170.40625, 16.9375], [169.875, 16.46875], [169.8125, 16.1875], [169.5, 16.21875], [169.1875, 15.9375], [169.09375, 15.5625], [168.90625, 15.53125], [168.9375, 15.78125], [168.40625, 15.6875], [168.375, 15.84375], [169.1875, 16.65625], [169.3125, 17.21875]], [[76.9375, 16.9375], [77.09375, 17.09375], [77.0625, 16.9375], [76.9375, 16.9375]], [[-51.15625, 16.90625], [-51.0, 16.59375], [-51.15625, 16.0625], [-51.3125, 16.0], [-51.34375, 16.46875], [-51.125, 16.6875], [-51.15625, 16.90625]], [[178.0, 16.90625], [178.1875, 16.6875], [177.84375, 16.03125], [177.375, 14.03125], [177.5, 13.09375], [177.3125, 11.8125], [177.15625, 11.6875], [177.3125, 11.15625], [176.90625, 11.1875], [176.625, 11.65625], [176.1875, 11.875], [176.34375, 12.03125], [176.53125, 11.8125], [176.875, 11.875], [176.78125, 12.65625], [177.125, 13.4375], [177.0, 13.5], [176.90625, 14.21875], [177.3125, 15.09375], [177.28125, 15.625], [177.9375, 16.40625], [178.0, 16.90625]], [[77.25, 16.65625], [77.375, 16.8125], [77.40625, 16.6875], [77.25, 16.65625]], [[-22.0625, 16.46875], [-21.9375, 16.5625], [-21.9375, 16.46875], [-22.0625, 16.46875]], [[-24.25, 16.0625], [-24.03125, 16.03125], [-24.125, 15.6875], [-24.3125, 15.6875], [-24.25, 16.0625]], [[-22.375, 15.75], [-22.28125, 15.84375], [-22.28125, 15.75], [-22.375, 15.75]], [[170.125, 15.84375], [170.34375, 15.75], [170.375, 15.5625], [170.125, 15.71875], [170.125, 15.84375]], [[170.40625, 15.84375], [170.53125, 15.84375], [170.5, 15.65625], [170.40625, 15.65625], [170.40625, 15.84375]], [[165.3125, 15.8125], [165.5625, 15.75], [165.5625, 15.5], [165.40625, 15.40625], [165.21875, 15.40625], [165.3125, 15.8125]], [[168.1875, 15.78125], [168.28125, 15.65625], [168.125, 15.53125], [167.53125, 15.28125], [167.6875, 15.625], [168.1875, 15.78125]], [[-145.59375, 15.46875], [-145.40625, 15.6875], [-145.375, 15.5], [-145.59375, 15.46875]], [[-24.125, 15.6875], [-23.84375, 15.625], [-23.84375, 15.46875], [-24.09375, 15.5625], [-24.125, 15.6875]], [[-22.625, 15.5625], [-22.53125, 15.65625], [-22.53125, 15.5625], [-22.625, 15.5625]], [[-26.25, 15.625], [-25.96875, 15.59375], [-25.71875, 15.0], [-26.09375, 14.375], [-26.28125, 14.4375], [-26.78125, 13.96875], [-26.875, 14.21875], [-26.71875, 14.21875], [-26.6875, 14.375], [-27.21875, 14.28125], [-27.46875, 14.625], [-27.65625, 14.5625], [-27.8125, 15.09375], [-27.375, 15.15625], [-27.21875, 15.59375], [-27.09375, 15.59375], [-27.09375, 14.6875], [-26.90625, 14.59375], [-26.4375, 14.78125], [-26.25, 15.09375], [-26.375, 15.34375], [-26.25, 15.625]], [[110.4375, 15.5625], [110.59375, 15.53125], [110.5625, 15.34375], [110.375, 15.34375], [110.4375, 15.5625]], [[168.65625, 15.40625], [168.71875, 15.5625], [168.78125, 15.40625], [168.65625, 15.40625]], [[-24.71875, 15.25], [-24.59375, 15.4375], [-24.625, 15.25], [-24.71875, 15.25]], [[106.40625, 15.34375], [106.53125, 15.34375], [106.65625, 15.125], [106.4375, 15.125], [106.40625, 15.34375]], [[169.0, 15.125], [169.125, 15.34375], [169.09375, 15.125], [169.0, 15.125]], [[168.71875, 14.875], [168.8125, 15.0], [168.8125, 14.875], [168.71875, 14.875]], [[170.28125, 14.90625], [170.375, 15.0], [170.375, 14.90625], [170.28125, 14.90625]], [[-179.6875, 14.6875], [-179.59375, 14.8125], [-179.5625, 14.6875], [-179.6875, 14.6875]], [[165.34375, 14.8125], [165.53125, 14.8125], [165.53125, 14.71875], [165.34375, 14.6875], [165.34375, 14.8125]], [[165.59375, 14.78125], [165.71875, 14.59375], [165.5, 14.46875], [165.46875, 14.59375], [165.59375, 14.78125]], [[170.8125, 14.40625], [171.0625, 14.78125], [171.15625, 14.25], [170.8125, 14.40625]], [[165.09375, 14.59375], [165.1875, 14.6875], [165.1875, 14.59375], [165.09375, 14.59375]], [[112.96875, 14.625], [113.1875, 14.59375], [113.1875, 14.5], [113.0, 14.5], [112.96875, 14.625]], [[171.40625, 14.46875], [171.5625, 14.46875], [171.8125, 14.09375], [171.21875, 14.03125], [171.40625, 14.46875]], [[-179.90625, 14.34375], [-179.8125, 14.4375], [-179.8125, 14.34375], [-179.90625, 14.34375]], [[-49.4375, 14.375], [-49.25, 14.3125], [-49.375, 13.9375], [-49.5625, 14.0625], [-49.4375, 14.375]], [[103.4375, 13.90625], [103.59375, 14.21875], [103.59375, 13.90625], [103.4375, 13.90625]], [[171.15625, 13.84375], [171.25, 13.9375], [171.25, 13.84375], [171.15625, 13.84375]], [[-24.5625, 13.8125], [-24.4375, 13.90625], [-24.4375, 13.8125], [-24.5625, 13.8125]], [[171.03125, 13.78125], [171.125, 13.875], [171.125, 13.78125], [171.03125, 13.78125]], [[114.875, 13.4375], [115.03125, 13.53125], [115.03125, 13.4375], [114.875, 13.4375]], [[114.4375, 13.375], [114.59375, 13.46875], [114.59375, 13.375], [114.4375, 13.375]], [[-32.5, 13.21875], [-32.21875, 13.21875], [-32.1875, 13.03125], [-32.5, 13.0625], [-32.5, 13.21875]], [[176.875, 13.09375], [176.96875, 13.1875], [176.96875, 13.09375], [176.875, 13.09375]], [[-26.375, 13.125], [-26.0625, 12.84375], [-26.125, 12.625], [-26.25, 12.625], [-26.375, 13.125]], [[-144.0625, 12.96875], [-143.90625, 13.09375], [-143.90625, 12.90625], [-144.0625, 12.96875]], [[-33.28125, 12.9375], [-33.1875, 13.0625], [-33.1875, 12.9375], [-33.28125, 12.9375]], [[-32.03125, 13.0625], [-31.5, 12.96875], [-31.46875, 12.6875], [-31.09375, 12.21875], [-30.9375, 12.21875], [-30.90625, 11.96875], [-30.75, 12.0625], [-30.59375, 11.84375], [-30.34375, 12.0], [-30.375, 11.65625], [-30.65625, 11.5625], [-30.375, 11.4375], [-31.125, 11.3125], [-31.3125, 11.0], [-31.34375, 10.53125], [-31.0625, 10.0625], [-30.59375, 9.9375], [-30.125, 10.09375], [-29.8125, 10.5], [-29.8125, 10.78125], [-29.375, 10.90625], [-29.375, 11.3125], [-29.03125, 11.40625], [-29.03125, 11.0], [-29.21875, 10.84375], [-29.15625, 10.5625], [-29.375, 10.375], [-29.21875, 10.34375], [-29.21875, 9.96875], [-29.53125, 9.875], [-29.53125, 9.5625], [-29.78125, 9.53125], [-29.84375, 9.1875], [-29.5625, 8.8125], [-29.4375, 8.90625], [-29.21875, 8.78125], [-28.96875, 9.03125], [-28.875, 8.90625], [-29.53125, 8.40625], [-29.71875, 8.5], [-29.6875, 8.875], [-30.09375, 8.9375], [-30.21875, 9.34375], [-30.6875, 9.28125], [-30.84375, 9.59375], [-30.96875, 9.4375], [-30.875, 9.25], [-31.15625, 9.15625], [-31.75, 9.9375], [-31.65625, 10.5625], [-31.8125, 11.0625], [-31.4375, 11.59375], [-31.34375, 12.15625], [-31.46875, 12.5625], [-32.03125, 13.0625]], [[-47.21875, 12.90625], [-47.125, 13.0], [-47.125, 12.90625], [-47.21875, 12.90625]], [[-32.96875, 12.9375], [-32.8125, 12.84375], [-33.34375, 12.28125], [-33.34375, 12.625], [-32.96875, 12.9375]], [[-143.875, 12.84375], [-143.65625, 12.75], [-143.6875, 12.5625], [-143.875, 12.5625], [-143.8125, 12.3125], [-143.96875, 12.34375], [-143.875, 12.84375]], [[-35.03125, 12.75], [-34.9375, 12.84375], [-34.9375, 12.75], [-35.03125, 12.75]], [[171.40625, 12.8125], [171.59375, 12.78125], [171.65625, 12.4375], [171.5, 12.40625], [171.40625, 12.8125]], [[175.375, 12.8125], [175.53125, 12.78125], [175.46875, 12.59375], [175.375, 12.59375], [175.375, 12.8125]], [[-174.59375, 12.5625], [-174.5, 12.65625], [-174.5, 12.5625], [-174.59375, 12.5625]], [[101.125, 12.53125], [101.34375, 12.65625], [101.28125, 12.4375], [101.125, 12.53125]], [[-25.40625, 12.34375], [-25.3125, 12.5], [-25.3125, 12.34375], [-25.40625, 12.34375]], [[176.375, 12.375], [176.46875, 12.1875], [176.125, 12.125], [176.125, 12.21875], [176.375, 12.375]], [[-35.21875, 12.25], [-35.125, 12.34375], [-35.125, 12.25], [-35.21875, 12.25]], [[-26.4375, 12.15625], [-26.34375, 12.3125], [-26.34375, 12.15625], [-26.4375, 12.15625]], [[-33.96875, 12.28125], [-33.875, 11.875], [-34.28125, 11.40625], [-34.25, 11.71875], [-34.375, 11.8125], [-34.09375, 11.96875], [-33.96875, 12.28125]], [[-174.71875, 12.0], [-174.625, 12.25], [-174.59375, 11.96875], [-174.71875, 12.0]], [[117.875, 12.15625], [118.0625, 12.125], [117.875, 12.0625], [117.875, 12.15625]], [[163.59375, 12.1875], [163.96875, 12.125], [163.96875, 11.96875], [163.625, 11.8125], [163.71875, 12.0], [163.59375, 12.1875]], [[176.0, 11.9375], [176.09375, 12.09375], [176.09375, 11.9375], [176.0, 11.9375]], [[163.09375, 11.78125], [163.1875, 11.96875], [163.1875, 11.78125], [163.09375, 11.78125]], [[-25.65625, 11.875], [-25.3125, 11.8125], [-25.6875, 11.625], [-25.65625, 11.875]], [[-29.9375, 11.90625], [-29.8125, 11.71875], [-29.53125, 11.875], [-29.28125, 11.875], [-29.21875, 11.71875], [-29.5, 11.71875], [-29.59375, 11.4375], [-29.8125, 11.375], [-30.125, 11.59375], [-29.9375, 11.90625]], [[176.03125, 11.78125], [176.125, 11.875], [176.125, 11.78125], [176.03125, 11.78125]], [[170.21875, 11.78125], [170.9375, 11.65625], [170.9375, 11.46875], [170.5, 11.5], [170.0625, 11.28125], [170.21875, 11.78125]], [[162.9375, 11.5], [163.03125, 11.59375], [163.03125, 11.5], [162.9375, 11.5]], [[-41.1875, 11.5], [-41.03125, 11.4375], [-41.0, 11.28125], [-41.125, 11.28125], [-41.1875, 11.5]], [[-143.21875, 11.375], [-143.125, 11.46875], [-143.125, 11.375], [-143.21875, 11.375]], [[-34.875, 11.4375], [-34.40625, 11.40625], [-34.4375, 11.15625], [-34.84375, 11.25], [-34.875, 11.4375]], [[-29.59375, 11.1875], [-29.5, 11.375], [-29.5, 11.1875], [-29.59375, 11.1875]], [[121.59375, 11.1875], [121.6875, 11.28125], [121.6875, 11.1875], [121.59375, 11.1875]], [[101.0, 11.0625], [101.09375, 11.21875], [101.09375, 11.0625], [101.0, 11.0625]], [[169.84375, 11.09375], [169.96875, 11.21875], [169.9375, 11.09375], [169.84375, 11.09375]], [[-34.34375, 10.84375], [-33.78125, 11.125], [-33.84375, 10.78125], [-33.65625, 10.5], [-33.375, 10.40625], [-33.28125, 10.125], [-33.90625, 10.375], [-34.21875, 10.21875], [-34.375, 9.9375], [-34.34375, 9.5625], [-33.96875, 9.28125], [-34.21875, 9.09375], [-34.4375, 9.28125], [-34.5625, 9.75], [-34.84375, 9.90625], [-34.625, 9.875], [-34.46875, 10.25], [-34.53125, 10.5625], [-34.375, 10.5625], [-34.34375, 10.84375]], [[-41.46875, 10.96875], [-41.3125, 10.90625], [-41.0625, 10.40625], [-41.3125, 10.4375], [-41.5, 10.71875], [-41.46875, 10.96875]], [[169.6875, 10.9375], [169.8125, 10.84375], [169.625, 10.5], [169.5625, 10.71875], [169.6875, 10.9375]], [[132.40625, 10.8125], [132.53125, 10.78125], [132.5, 10.59375], [132.40625, 10.59375], [132.40625, 10.8125]], [[-40.9375, 10.6875], [-40.78125, 10.59375], [-40.9375, 10.53125], [-40.9375, 10.6875]], [[127.90625, 10.5625], [128.15625, 10.5625], [127.90625, 10.46875], [127.90625, 10.5625]], [[159.46875, 10.625], [159.5625, 10.5], [159.40625, 10.40625], [159.46875, 10.5], [159.46875, 10.625]], [[131.90625, 10.59375], [132.09375, 10.5625], [132.15625, 10.40625], [131.90625, 10.40625], [131.90625, 10.59375]], [[127.5, 10.40625], [127.625, 10.53125], [127.625, 10.40625], [127.5, 10.40625]], [[169.625, 10.4375], [169.75, 10.40625], [169.75, 10.15625], [169.65625, 10.15625], [169.625, 10.4375]], [[-42.375, 10.375], [-42.125, 10.34375], [-42.15625, 10.15625], [-42.28125, 10.15625], [-42.375, 10.375]], [[137.59375, 10.28125], [137.6875, 10.375], [137.6875, 10.28125], [137.59375, 10.28125]], [[-35.34375, 10.21875], [-35.25, 10.34375], [-35.25, 10.21875], [-35.34375, 10.21875]], [[159.3125, 10.34375], [159.4375, 10.3125], [159.4375, 10.09375], [159.3125, 10.09375], [159.3125, 10.34375]], [[131.75, 10.125], [131.9375, 10.21875], [131.9375, 10.09375], [131.75, 10.125]], [[137.28125, 10.125], [137.5625, 10.1875], [137.59375, 9.96875], [137.25, 9.875], [137.28125, 10.125]], [[-41.90625, 10.125], [-40.15625, 9.875], [-40.375, 9.125], [-41.21875, 8.75], [-41.53125, 8.40625], [-41.75, 8.4375], [-41.71875, 8.6875], [-41.84375, 8.84375], [-41.78125, 8.59375], [-41.90625, 8.46875], [-42.03125, 8.71875], [-41.8125, 9.0], [-41.90625, 10.125]], [[130.0, 10.125], [130.1875, 10.0], [130.8125, 10.09375], [131.0625, 9.9375], [130.75, 9.71875], [129.1875, 9.46875], [129.25, 10.0], [129.5, 9.9375], [129.625, 10.09375], [129.59375, 9.9375], [129.8125, 9.8125], [129.96875, 9.875], [130.0, 10.125]], [[159.8125, 10.09375], [160.09375, 9.96875], [160.09375, 9.75], [159.75, 9.9375], [159.8125, 10.09375]], [[128.5, 9.96875], [128.71875, 9.96875], [128.71875, 9.84375], [128.5, 9.8125], [128.5, 9.96875]], [[157.71875, 9.84375], [157.8125, 9.9375], [157.8125, 9.84375], [157.71875, 9.84375]], [[-24.625, 9.59375], [-24.03125, 9.875], [-23.90625, 9.46875], [-23.59375, 9.34375], [-23.65625, 8.9375], [-23.4375, 9.0625], [-23.15625, 8.96875], [-23.0, 8.3125], [-23.15625, 7.40625], [-23.5, 7.4375], [-23.4375, 7.59375], [-24.125, 7.96875], [-24.5, 8.8125], [-24.125, 9.25], [-24.21875, 9.625], [-24.5, 9.5625], [-24.46875, 9.125], [-24.65625, 9.03125], [-24.625, 9.59375]], [[153.6875, 9.71875], [153.78125, 9.8125], [153.78125, 9.71875], [153.6875, 9.71875]], [[169.90625, 9.59375], [170.15625, 9.8125], [170.09375, 9.4375], [169.90625, 9.59375]], [[-22.0, 9.75], [-21.8125, 9.5625], [-21.9375, 9.40625], [-22.0625, 9.40625], [-22.0, 9.75]], [[99.0625, 9.5625], [99.15625, 9.6875], [99.15625, 9.5625], [99.0625, 9.5625]], [[140.78125, 9.59375], [141.9375, 9.40625], [141.78125, 8.46875], [140.78125, 8.375], [140.78125, 9.59375]], [[149.59375, 9.4375], [149.6875, 9.53125], [149.6875, 9.4375], [149.59375, 9.4375]], [[128.53125, 9.46875], [128.6875, 9.4375], [128.6875, 9.34375], [128.53125, 9.34375], [128.53125, 9.46875]], [[125.40625, 9.25], [125.5, 9.34375], [125.5, 9.25], [125.40625, 9.25]], [[160.71875, 9.3125], [160.96875, 9.28125], [160.9375, 9.0], [160.75, 9.03125], [160.71875, 9.3125]], [[-33.625, 9.1875], [-33.5, 9.28125], [-33.5, 9.1875], [-33.625, 9.1875]], [[-42.0, 9.0], [-41.90625, 9.21875], [-41.90625, 9.0], [-42.0, 9.0]], [[159.3125, 9.0625], [159.5, 9.21875], [159.53125, 9.0625], [159.3125, 9.0625]], [[140.46875, 9.03125], [140.59375, 9.1875], [140.5625, 9.03125], [140.46875, 9.03125]], [[-29.625, 9.03125], [-29.5, 9.125], [-29.5, 9.03125], [-29.625, 9.03125]], [[-27.78125, 9.09375], [-27.6875, 8.875], [-27.90625, 8.78125], [-27.90625, 8.875], [-27.78125, 9.09375]], [[-37.0, 8.78125], [-36.78125, 9.0], [-36.75, 8.75], [-37.0, 8.78125]], [[142.71875, 8.84375], [142.84375, 9.0], [142.875, 8.84375], [142.71875, 8.84375]], [[160.9375, 8.8125], [161.03125, 8.9375], [161.03125, 8.8125], [160.9375, 8.8125]], [[-25.75, 8.875], [-25.25, 8.65625], [-24.71875, 8.78125], [-24.375, 7.875], [-23.75, 7.59375], [-23.40625, 7.125], [-23.5625, 6.78125], [-23.875, 6.625], [-23.84375, 6.3125], [-24.0625, 5.875], [-24.5625, 5.40625], [-25.0625, 4.4375], [-25.28125, 4.40625], [-25.15625, 4.1875], [-25.3125, 3.875], [-24.96875, 4.21875], [-25.15625, 3.53125], [-25.5, 3.75], [-25.4375, 3.5625], [-25.59375, 3.46875], [-25.75, 3.46875], [-25.9375, 3.8125], [-26.4375, 3.96875], [-26.625, 3.78125], [-27.09375, 3.75], [-27.15625, 3.9375], [-27.53125, 3.9375], [-28.03125, 4.46875], [-27.71875, 4.90625], [-27.59375, 4.90625], [-27.59375, 4.71875], [-27.21875, 4.625], [-26.1875, 4.875], [-25.90625, 5.34375], [-25.9375, 6.40625], [-26.78125, 6.8125], [-27.46875, 6.71875], [-27.9375, 5.96875], [-27.78125, 4.9375], [-28.1875, 4.625], [-28.71875, 5.28125], [-28.9375, 6.375], [-29.09375, 6.40625], [-29.1875, 6.6875], [-29.40625, 6.65625], [-29.71875, 6.90625], [-29.875, 7.375], [-29.6875, 8.15625], [-29.1875, 7.4375], [-28.5625, 7.5625], [-28.46875, 8.1875], [-27.8125, 8.4375], [-27.9375, 8.71875], [-27.25, 8.125], [-26.71875, 8.09375], [-26.40625, 8.0], [-26.3125, 7.78125], [-26.125, 7.8125], [-26.0, 8.71875], [-25.8125, 8.65625], [-25.75, 8.875]], [[159.40625, 8.78125], [159.5625, 8.71875], [159.40625, 8.6875], [159.40625, 8.78125]], [[124.09375, 8.78125], [124.1875, 8.625], [124.03125, 8.5625], [124.03125, 8.65625], [124.09375, 8.78125]], [[-28.8125, 8.6875], [-28.53125, 8.625], [-28.4375, 8.21875], [-28.8125, 8.5], [-28.8125, 8.6875]], [[159.71875, 8.5625], [159.9375, 8.6875], [159.9375, 8.59375], [159.71875, 8.5625]], [[161.8125, 8.65625], [161.9375, 8.625], [161.9375, 8.40625], [161.75, 8.46875], [161.8125, 8.65625]], [[98.5, 8.5625], [98.75, 8.53125], [98.78125, 8.375], [98.53125, 8.4375], [98.5, 8.5625]], [[98.96875, 8.40625], [99.03125, 8.53125], [99.0625, 8.40625], [98.96875, 8.40625]], [[124.3125, 8.40625], [124.40625, 8.5], [124.40625, 8.40625], [124.3125, 8.40625]], [[-36.875, 8.28125], [-36.59375, 8.15625], [-36.59375, 8.0625], [-36.84375, 8.0], [-36.875, 8.28125]], [[-26.40625, 8.09375], [-26.3125, 8.21875], [-26.3125, 8.09375], [-26.40625, 8.09375]], [[127.40625, 8.09375], [127.53125, 8.21875], [127.53125, 8.125], [127.40625, 8.09375]], [[-158.15625, 8.15625], [-157.96875, 8.09375], [-157.84375, 7.59375], [-158.09375, 7.65625], [-158.15625, 8.15625]], [[96.3125, 7.84375], [96.59375, 7.5], [96.34375, 7.53125], [96.125, 7.34375], [96.09375, 7.71875], [96.3125, 7.84375]], [[151.65625, 7.8125], [151.96875, 7.625], [151.71875, 7.15625], [151.375, 7.28125], [151.21875, 7.53125], [151.34375, 7.75], [151.65625, 7.8125]], [[-20.21875, 7.46875], [-20.125, 7.59375], [-20.125, 7.46875], [-20.21875, 7.46875]], [[162.5625, 7.28125], [163.15625, 7.15625], [163.1875, 6.96875], [162.78125, 6.90625], [162.5625, 7.28125]], [[163.3125, 7.125], [163.46875, 7.09375], [163.46875, 7.0], [163.34375, 7.0], [163.3125, 7.125]], [[-32.625, 6.875], [-32.09375, 6.59375], [-32.03125, 6.28125], [-32.1875, 6.28125], [-32.25, 6.0625], [-32.0, 6.0], [-31.96875, 5.84375], [-32.21875, 5.8125], [-32.5625, 6.03125], [-33.25, 5.65625], [-33.09375, 4.65625], [-33.40625, 4.40625], [-33.21875, 3.84375], [-33.46875, 3.03125], [-34.09375, 3.28125], [-34.59375, 3.0625], [-34.8125, 3.375], [-35.3125, 3.34375], [-35.25, 3.75], [-35.40625, 3.9375], [-35.78125, 3.84375], [-35.71875, 3.34375], [-36.21875, 3.5625], [-36.21875, 4.4375], [-35.96875, 4.59375], [-35.84375, 5.125], [-35.34375, 5.46875], [-35.03125, 6.34375], [-34.15625, 6.4375], [-34.0, 6.25], [-33.46875, 6.25], [-33.40625, 6.40625], [-32.75, 6.5625], [-32.625, 6.875]], [[130.6875, 6.8125], [130.875, 6.8125], [130.875, 6.65625], [130.6875, 6.65625], [130.6875, 6.8125]], [[160.5625, 6.46875], [160.65625, 6.625], [160.65625, 6.46875], [160.5625, 6.46875]], [[-157.59375, 6.40625], [-157.5, 6.5625], [-157.5, 6.40625], [-157.59375, 6.40625]], [[160.625, 6.3125], [160.71875, 6.40625], [160.71875, 6.3125], [160.625, 6.3125]], [[-29.25, 6.25], [-29.15625, 6.375], [-29.15625, 6.25], [-29.25, 6.25]], [[-29.25, 6.0625], [-29.1875, 6.21875], [-29.15625, 6.0625], [-29.25, 6.0625]], [[94.5, 6.09375], [94.65625, 6.21875], [94.65625, 6.125], [94.5, 6.09375]], [[132.0, 5.625], [132.09375, 5.71875], [132.09375, 5.625], [132.0, 5.625]], [[-28.9375, 5.4375], [-28.90625, 5.59375], [-28.84375, 5.4375], [-28.9375, 5.4375]], [[132.5, 5.25], [132.625, 5.34375], [132.625, 5.25], [132.5, 5.25]], [[132.3125, 5.1875], [132.40625, 5.28125], [132.40625, 5.1875], [132.3125, 5.1875]], [[132.15625, 5.21875], [132.25, 5.0], [132.0625, 4.84375], [132.09375, 5.09375], [132.15625, 5.21875]], [[160.46875, 4.8125], [160.59375, 4.9375], [160.59375, 4.8125], [160.46875, 4.8125]], [[-32.5625, 4.71875], [-32.125, 4.78125], [-32.0625, 4.5625], [-32.5625, 4.15625], [-32.5625, 4.71875]], [[-173.03125, 4.75], [-172.9375, 4.4375], [-173.25, 4.34375], [-173.3125, 4.53125], [-173.0625, 4.59375], [-173.03125, 4.75]], [[-29.0625, 4.75], [-28.75, 4.625], [-28.625, 4.375], [-29.0, 4.375], [-29.0625, 4.75]], [[132.375, 4.59375], [132.53125, 4.5625], [132.59375, 4.25], [132.3125, 4.21875], [132.375, 4.59375]], [[170.71875, 4.59375], [171.0, 4.5], [171.125, 4.15625], [170.59375, 4.1875], [170.71875, 4.59375]], [[-160.34375, 4.375], [-160.0625, 4.53125], [-160.0625, 4.4375], [-160.34375, 4.375]], [[-30.96875, 4.53125], [-30.8125, 4.4375], [-30.84375, 4.15625], [-30.96875, 4.1875], [-30.96875, 4.53125]], [[159.75, 4.375], [159.875, 4.5], [159.90625, 4.375], [159.75, 4.375]], [[159.5, 4.125], [159.65625, 4.375], [159.65625, 4.0625], [159.5, 4.125]], [[-33.15625, 4.34375], [-32.96875, 4.3125], [-32.96875, 4.21875], [-33.125, 4.21875], [-33.15625, 4.34375]], [[-31.46875, 4.28125], [-31.3125, 4.25], [-31.15625, 3.59375], [-31.46875, 3.28125], [-31.5, 2.4375], [-32.09375, 2.21875], [-32.625, 2.875], [-32.15625, 3.6875], [-31.46875, 4.28125]], [[-161.25, 4.25], [-161.0, 4.21875], [-161.0, 4.125], [-161.3125, 4.03125], [-161.25, 4.25]], [[-17.53125, 3.96875], [-17.25, 3.96875], [-17.15625, 3.8125], [-16.46875, 3.9375], [-16.0, 3.59375], [-16.0, 3.28125], [-16.53125, 3.0], [-16.6875, 2.40625], [-16.4375, 1.9375], [-16.0625, 1.71875], [-16.21875, 1.34375], [-16.84375, 1.59375], [-17.3125, 2.09375], [-17.4375, 2.375], [-17.3125, 3.15625], [-17.53125, 3.96875]], [[-146.375, 3.65625], [-146.34375, 3.875], [-146.28125, 3.65625], [-146.375, 3.65625]], [[87.78125, 3.78125], [88.09375, 3.75], [88.09375, 3.625], [87.84375, 3.625], [87.78125, 3.78125]], [[161.375, 3.65625], [161.46875, 3.78125], [161.46875, 3.65625], [161.375, 3.65625]], [[140.25, 3.65625], [140.78125, 3.46875], [140.875, 3.03125], [141.03125, 3.09375], [140.875, 2.0], [140.6875, 1.71875], [139.875, 2.4375], [139.625, 3.03125], [139.6875, 3.21875], [139.5625, 3.21875], [140.25, 3.65625]], [[171.75, 3.46875], [172.03125, 3.46875], [172.125, 3.0625], [171.59375, 3.125], [171.75, 3.46875]], [[-176.125, 3.4375], [-176.0, 3.40625], [-176.0, 3.28125], [-176.09375, 3.28125], [-176.125, 3.4375]], [[-27.8125, 3.1875], [-27.65625, 3.09375], [-27.6875, 2.78125], [-27.78125, 2.78125], [-27.8125, 3.1875]], [[152.25, 3.125], [152.9375, 2.9375], [152.96875, 2.65625], [153.21875, 2.65625], [153.28125, 2.46875], [151.03125, 1.4375], [150.125, 1.40625], [150.09375, 1.71875], [150.34375, 1.78125], [150.375, 1.9375], [150.125, 2.21875], [150.34375, 2.28125], [150.34375, 2.46875], [150.71875, 2.28125], [150.96875, 2.8125], [152.25, 3.125]], [[133.46875, 2.9375], [133.625, 2.9375], [133.59375, 2.75], [133.46875, 2.78125], [133.46875, 2.9375]], [[-175.71875, 2.6875], [-175.5625, 2.84375], [-175.5, 2.65625], [-175.71875, 2.6875]], [[142.3125, 2.75], [142.5, 2.8125], [142.5, 2.71875], [142.3125, 2.75]], [[133.71875, 2.5625], [133.875, 2.5625], [133.875, 2.4375], [133.75, 2.4375], [133.71875, 2.5625]], [[-20.5625, 2.4375], [-20.375, 2.4375], [-20.15625, 2.15625], [-20.15625, 1.90625], [-20.5625, 2.4375]], [[132.21875, 2.28125], [132.3125, 2.40625], [132.3125, 2.28125], [132.21875, 2.28125]], [[134.0, 2.34375], [134.28125, 2.34375], [134.28125, 2.25], [134.0, 2.15625], [134.0, 2.34375]], [[141.5, 2.1875], [141.71875, 2.0625], [141.65625, 1.875], [141.53125, 1.875], [141.5, 2.1875]], [[134.28125, 2.0], [134.375, 2.125], [134.375, 2.0], [134.28125, 2.0]], [[133.625, 1.90625], [133.71875, 2.0], [133.71875, 1.90625], [133.625, 1.90625]], [[134.71875, 1.96875], [135.09375, 1.90625], [135.21875, 1.59375], [134.875, 1.40625], [134.65625, 1.46875], [134.4375, 1.78125], [134.59375, 1.75], [134.71875, 1.96875]], [[140.9375, 1.9375], [141.125, 1.875], [141.15625, 1.03125], [140.84375, 1.21875], [141.0, 1.5], [140.9375, 1.9375]], [[141.875, 1.78125], [142.0, 1.90625], [142.0, 1.75], [141.875, 1.78125]], [[135.96875, 1.375], [136.25, 1.3125], [136.21875, 1.03125], [135.84375, 1.09375], [135.96875, 1.375]], [[-37.9375, 1.21875], [-37.78125, 1.21875], [-37.78125, 1.125], [-37.90625, 1.09375], [-37.9375, 1.21875]], [[-20.71875, 1.1875], [-20.5, 1.125], [-20.71875, 1.0], [-20.71875, 1.1875]], [[-163.71875, 1.0], [-163.625, 1.09375], [-163.625, 1.0], [-163.71875, 1.0]], [[-153.9375, 1.0], [-153.84375, 1.09375], [-153.84375, 1.0], [-153.9375, 1.0]], [[-164.09375, 1.0], [-163.625, 0.78125], [-163.53125, 0.3125], [-163.625, 0.3125], [-164.09375, 1.0]], [[136.5, 1.0], [136.625, 0.96875], [136.75, 0.71875], [136.46875, 0.8125], [136.5, 1.0]], [[-153.59375, 0.5], [-153.3125, 0.4375], [-153.3125, 0.34375], [-153.5, 0.3125], [-153.59375, 0.5]], [[139.09375, 0.5], [139.25, 0.46875], [139.25, 0.28125], [139.15625, 0.28125], [139.09375, 0.5]], [[-36.46875, 0.28125], [-36.375, 0.375], [-36.375, 0.28125], [-36.46875, 0.28125]], [[143.28125, 0.15625], [143.46875, 0.34375], [143.4375, 0.125], [143.28125, 0.15625]], [[-164.46875, 0.15625], [-164.375, 0.28125], [-164.34375, 0.15625], [-164.46875, 0.15625]], [[-45.9375, 0.25], [-45.65625, 0.25], [-45.625, 0.03125], [-45.875, -0.03125], [-45.9375, 0.25]], [[179.53125, 0.15625], [179.75, -0.0625], [179.65625, -0.4375], [179.4375, -0.28125], [179.09375, -0.65625], [179.21875, -0.03125], [179.53125, 0.15625]], [[-46.0625, 0.03125], [-45.96875, 0.125], [-45.96875, 0.03125], [-46.0625, 0.03125]], [[139.03125, -0.15625], [139.40625, 0.03125], [139.3125, -0.34375], [139.09375, -0.4375], [139.03125, -0.15625]], [[-163.65625, 0.0], [-163.53125, 0.0], [-163.53125, -0.1875], [-163.78125, -0.40625], [-163.65625, 0.0]], [[-46.125, 0.0], [-45.84375, -0.09375], [-45.84375, -0.34375], [-46.34375, -0.40625], [-46.3125, -0.21875], [-46.0625, -0.3125], [-46.125, 0.0]], [[137.96875, 0.0], [138.375, 0.0], [138.375, -0.25], [138.25, -0.15625], [138.1875, -0.34375], [138.25, -0.5625], [138.40625, -0.34375], [138.5625, -0.40625], [138.375, -1.03125], [138.0, -1.0], [137.78125, -0.59375], [137.8125, -0.28125], [138.0625, -0.25], [137.96875, 0.0]], [[138.78125, 0.0], [138.96875, -0.0625], [138.90625, -0.3125], [138.78125, -0.25], [138.78125, 0.0]], [[138.53125, -0.15625], [138.625, -0.0625], [138.625, -0.15625], [138.53125, -0.15625]], [[-45.65625, -0.09375], [-45.4375, -0.1875], [-45.4375, -0.34375], [-45.59375, -0.34375], [-45.65625, -0.09375]], [[139.46875, -0.25], [139.59375, -0.125], [139.59375, -0.25], [139.46875, -0.25]], [[-162.8125, -0.28125], [-162.71875, -0.1875], [-162.71875, -0.28125], [-162.8125, -0.28125]], [[136.8125, -0.28125], [137.09375, -0.3125], [137.25, -0.65625], [137.0, -0.78125], [137.03125, -1.0], [136.84375, -1.21875], [136.5625, -1.21875], [136.40625, -1.09375], [136.40625, -0.75], [136.65625, -0.65625], [136.8125, -0.28125]], [[-17.5, -0.46875], [-17.40625, -0.375], [-17.40625, -0.46875], [-17.5, -0.46875]], [[138.71875, -0.375], [139.15625, -0.8125], [139.1875, -1.0625], [139.5, -1.1875], [139.5, -1.34375], [139.1875, -1.34375], [139.25, -1.65625], [139.03125, -1.78125], [138.78125, -1.75], [138.75, -1.34375], [138.9375, -1.09375], [138.625, -0.9375], [138.71875, -0.375]], [[-153.0, -0.46875], [-152.78125, -0.59375], [-152.8125, -0.84375], [-153.15625, -0.65625], [-153.0, -0.46875]], [[-163.9375, -0.5], [-163.78125, -1.0625], [-164.125, -0.96875], [-164.03125, -0.71875], [-164.5, -0.84375], [-164.53125, -0.65625], [-163.9375, -0.5]], [[-17.5, -0.59375], [-17.3125, -0.6875], [-17.3125, -0.90625], [-17.6875, -0.8125], [-17.5, -0.59375]], [[-164.84375, -0.625], [-164.65625, -0.625], [-164.625, -0.75], [-164.84375, -0.75], [-164.84375, -0.625]], [[-15.53125, -0.625], [-15.25, -0.65625], [-15.25, -0.78125], [-15.5625, -0.90625], [-15.53125, -0.625]], [[134.34375, -0.875], [134.4375, -0.75], [134.4375, -0.875], [134.34375, -0.875]], [[178.4375, -0.8125], [178.65625, -0.90625], [178.625, -1.125], [178.03125, -1.59375], [177.71875, -2.46875], [177.84375, -2.46875], [178.1875, -1.65625], [178.78125, -1.28125], [178.9375, -0.84375], [179.15625, -0.90625], [179.0, -1.625], [179.1875, -1.625], [179.5625, -1.15625], [179.65625, -1.28125], [179.28125, -1.71875], [178.65625, -1.875], [178.6875, -2.15625], [178.34375, -2.8125], [178.6875, -2.71875], [178.6875, -3.0625], [178.3125, -3.125], [178.25, -3.4375], [177.71875, -4.03125], [177.1875, -4.03125], [177.375, -3.6875], [176.90625, -3.875], [176.4375, -3.53125], [176.6875, -3.03125], [176.6875, -2.5625], [177.125, -2.125], [177.09375, -1.96875], [177.59375, -1.8125], [177.5625, -1.625], [177.96875, -1.15625], [178.40625, -1.09375], [178.4375, -0.8125]], [[-16.6875, -1.125], [-15.875, -1.0], [-15.78125, -1.375], [-16.0625, -1.6875], [-16.0625, -2.0], [-16.3125, -2.09375], [-16.25, -1.46875], [-16.5625, -1.53125], [-16.6875, -1.125]], [[135.46875, -1.03125], [135.6875, -1.03125], [135.71875, -1.15625], [135.46875, -1.15625], [135.46875, -1.03125]], [[177.5, -1.03125], [177.625, -1.1875], [177.25, -1.5], [177.28125, -1.34375], [177.5, -1.03125]], [[-38.09375, -1.15625], [-38.0, -1.0625], [-38.0, -1.15625], [-38.09375, -1.15625]], [[-18.4375, -1.0625], [-18.3125, -1.1875], [-18.5, -1.28125], [-18.53125, -1.15625], [-18.4375, -1.0625]], [[-152.8125, -1.1875], [-152.21875, -1.1875], [-152.25, -1.65625], [-152.75, -1.4375], [-152.8125, -1.1875]], [[-19.96875, -1.09375], [-19.78125, -1.09375], [-19.78125, -1.1875], [-20.0, -1.25], [-19.96875, -1.09375]], [[137.0, -1.28125], [137.25, -1.125], [137.25, -1.34375], [137.0, -1.28125]], [[136.15625, -1.15625], [136.5, -1.21875], [136.5625, -1.53125], [136.15625, -1.5625], [136.15625, -1.15625]], [[-171.40625, -1.1875], [-171.0625, -1.3125], [-171.0625, -1.4375], [-171.53125, -1.75], [-171.71875, -1.71875], [-171.71875, -1.40625], [-171.40625, -1.1875]], [[-18.0, -1.21875], [-17.375, -1.25], [-17.46875, -1.90625], [-17.875, -1.625], [-17.84375, -1.375], [-18.0, -1.40625], [-18.0, -1.21875]], [[138.34375, -1.34375], [138.46875, -1.21875], [138.46875, -1.34375], [138.34375, -1.34375]], [[-18.3125, -1.34375], [-18.1875, -1.25], [-18.1875, -1.34375], [-18.3125, -1.34375]], [[150.0, -1.34375], [150.09375, -1.25], [150.09375, -1.34375], [150.0, -1.34375]], [[135.6875, -1.34375], [135.875, -1.34375], [136.0, -1.625], [135.71875, -1.71875], [135.6875, -1.34375]], [[-14.96875, -1.375], [-14.875, -1.46875], [-15.0, -1.6875], [-15.40625, -1.625], [-14.96875, -1.375]], [[-17.09375, -1.40625], [-16.875, -1.40625], [-16.8125, -1.53125], [-17.0625, -1.6875], [-17.09375, -1.40625]], [[-15.6875, -1.5625], [-15.5625, -1.40625], [-15.59375, -1.5625], [-15.6875, -1.5625]], [[137.6875, -1.59375], [137.84375, -1.40625], [137.8125, -1.59375], [137.6875, -1.59375]], [[138.28125, -1.40625], [138.46875, -1.59375], [138.1875, -1.8125], [138.1875, -2.0], [138.3125, -2.0], [138.15625, -2.125], [138.25, -2.5], [137.9375, -2.65625], [137.9375, -1.71875], [138.28125, -1.40625]], [[-16.71875, -1.53125], [-16.625, -1.4375], [-16.625, -1.53125], [-16.71875, -1.53125]], [[136.75, -1.4375], [136.96875, -1.4375], [136.90625, -1.65625], [136.75, -1.625], [136.75, -1.4375]], [[-15.875, -1.625], [-15.78125, -1.5], [-15.78125, -1.625], [-15.875, -1.625]], [[135.4375, -1.78125], [135.53125, -1.59375], [135.5625, -1.78125], [135.4375, -1.78125]], [[-19.78125, -1.71875], [-19.625, -1.625], [-19.625, -1.71875], [-19.78125, -1.71875]], [[140.9375, -1.625], [141.3125, -1.75], [141.3125, -1.875], [141.03125, -1.78125], [140.84375, -1.90625], [140.9375, -1.625]], [[-19.0, -1.6875], [-18.71875, -1.78125], [-18.78125, -2.0], [-18.90625, -1.96875], [-19.0, -1.6875]], [[-14.40625, -1.8125], [-14.3125, -1.71875], [-14.3125, -1.8125], [-14.40625, -1.8125]], [[140.21875, -1.84375], [140.3125, -1.75], [140.3125, -1.84375], [140.21875, -1.84375]], [[-27.875, -1.78125], [-27.6875, -1.90625], [-27.71875, -2.6875], [-27.90625, -2.65625], [-27.71875, -2.875], [-28.0, -2.84375], [-28.03125, -2.65625], [-28.3125, -2.5625], [-28.40625, -2.1875], [-28.75, -2.09375], [-28.625, -1.875], [-27.875, -1.78125]], [[-17.34375, -1.90625], [-17.21875, -1.78125], [-17.21875, -1.875], [-17.34375, -1.90625]], [[139.40625, -1.96875], [139.625, -1.84375], [139.65625, -2.09375], [139.40625, -1.96875]], [[-16.6875, -2.0625], [-16.59375, -1.9375], [-16.59375, -2.0625], [-16.6875, -2.0625]], [[-17.15625, -2.0625], [-17.0, -1.96875], [-16.96875, -2.09375], [-17.15625, -2.0625]], [[140.3125, -2.0625], [140.4375, -1.96875], [140.46875, -2.09375], [140.3125, -2.0625]], [[141.25, -2.09375], [141.34375, -2.0], [141.34375, -2.09375], [141.25, -2.09375]], [[178.84375, -2.0], [178.96875, -2.125], [178.78125, -2.21875], [178.78125, -2.125], [178.84375, -2.0]], [[-18.71875, -2.03125], [-18.53125, -2.28125], [-18.8125, -2.4375], [-18.875, -2.15625], [-18.71875, -2.03125]], [[140.46875, -2.125], [141.375, -2.25], [141.4375, -2.4375], [140.9375, -2.5625], [140.5, -2.28125], [140.46875, -2.125]], [[141.78125, -2.1875], [141.875, -2.0625], [141.90625, -2.1875], [141.78125, -2.1875]], [[-16.15625, -2.09375], [-15.96875, -2.09375], [-15.8125, -2.34375], [-16.09375, -2.6875], [-16.34375, -2.75], [-16.15625, -2.09375]], [[139.59375, -2.125], [139.75, -2.125], [139.78125, -2.5], [139.59375, -2.4375], [139.59375, -2.125]], [[-17.125, -2.25], [-17.03125, -2.15625], [-17.03125, -2.25], [-17.125, -2.25]], [[-154.25, -2.1875], [-153.78125, -2.1875], [-153.59375, -2.5], [-154.15625, -2.34375], [-154.25, -2.1875]], [[-19.0625, -2.375], [-18.9375, -2.21875], [-18.9375, -2.375], [-19.0625, -2.375]], [[-18.3125, -2.28125], [-18.09375, -2.375], [-18.40625, -2.6875], [-18.4375, -2.5625], [-18.3125, -2.28125]], [[-28.875, -2.46875], [-28.75, -2.34375], [-28.75, -2.5], [-28.875, -2.46875]], [[178.65625, -2.5], [178.78125, -2.34375], [178.75, -2.5], [178.65625, -2.5]], [[-16.75, -2.375], [-16.5, -2.375], [-16.4375, -2.5625], [-16.75, -2.59375], [-16.75, -2.375]], [[-161.90625, -2.53125], [-161.8125, -2.4375], [-161.8125, -2.53125], [-161.90625, -2.53125]], [[-19.03125, -2.4375], [-18.90625, -2.53125], [-19.09375, -2.65625], [-19.09375, -2.5625], [-19.03125, -2.4375]], [[160.625, -2.65625], [160.71875, -2.5625], [160.71875, -2.65625], [160.625, -2.65625]], [[137.0625, -2.625], [137.3125, -2.6875], [137.28125, -3.5], [136.625, -3.625], [136.625, -3.25], [137.09375, -3.0625], [137.0625, -2.625]], [[156.40625, -2.78125], [156.5625, -2.65625], [156.5625, -2.75], [156.40625, -2.78125]], [[149.5, -2.84375], [149.5625, -2.71875], [149.59375, -2.84375], [149.5, -2.84375]], [[-15.78125, -2.90625], [-15.6875, -2.8125], [-15.6875, -2.90625], [-15.78125, -2.90625]], [[-153.40625, -2.90625], [-153.1875, -2.90625], [-152.8125, -3.28125], [-153.5, -3.09375], [-153.40625, -2.90625]], [[156.9375, -3.0625], [157.0625, -2.96875], [157.0625, -3.0625], [156.9375, -3.0625]], [[150.40625, -3.15625], [150.5, -3.0625], [150.5, -3.15625], [150.40625, -3.15625]], [[150.21875, -3.4375], [150.28125, -3.1875], [150.375, -3.53125], [150.21875, -3.4375]], [[160.21875, -3.5625], [160.40625, -3.40625], [160.46875, -3.59375], [160.21875, -3.5625]], [[158.21875, -3.53125], [158.375, -3.5625], [158.375, -3.71875], [158.15625, -3.75], [158.21875, -3.53125]], [[163.0, -3.6875], [163.125, -3.59375], [163.125, -3.6875], [163.0, -3.6875]], [[150.5625, -3.71875], [150.65625, -3.625], [150.65625, -3.71875], [150.5625, -3.71875]], [[157.9375, -3.71875], [158.03125, -3.625], [158.03125, -3.71875], [157.9375, -3.71875]], [[151.59375, -3.8125], [151.71875, -3.6875], [151.71875, -3.8125], [151.59375, -3.8125]], [[136.9375, -3.875], [137.0625, -3.71875], [137.0625, -3.90625], [136.9375, -3.875]], [[150.375, -3.90625], [150.46875, -3.8125], [150.46875, -3.90625], [150.375, -3.90625]], [[-147.75, -4.0], [-147.65625, -3.875], [-147.65625, -4.0], [-147.75, -4.0]], [[-24.75, -4.3125], [-24.59375, -4.15625], [-24.59375, -4.3125], [-24.75, -4.3125]], [[-26.09375, -4.375], [-26.0, -4.28125], [-26.0, -4.375], [-26.09375, -4.375]], [[159.1875, -4.34375], [159.375, -4.4375], [159.375, -4.625], [159.46875, -4.5], [159.71875, -4.59375], [159.59375, -4.875], [159.4375, -4.84375], [159.4375, -5.125], [159.09375, -4.9375], [159.21875, -4.75], [158.9375, -4.78125], [159.1875, -4.34375]], [[160.46875, -4.5625], [160.5625, -4.46875], [160.5625, -4.5625], [160.46875, -4.5625]], [[-166.65625, -4.78125], [-166.53125, -4.625], [-166.5625, -4.78125], [-166.65625, -4.78125]], [[150.8125, -4.625], [151.0625, -4.6875], [151.0625, -4.8125], [150.75, -4.8125], [150.8125, -4.625]], [[-165.90625, -4.8125], [-165.8125, -4.71875], [-165.8125, -4.8125], [-165.90625, -4.8125]], [[137.65625, -4.71875], [138.28125, -4.9375], [138.40625, -5.40625], [138.25, -5.15625], [138.125, -5.46875], [137.9375, -5.5], [137.40625, -5.21875], [137.65625, -4.71875]], [[152.90625, -4.90625], [153.03125, -4.78125], [153.0, -4.90625], [152.90625, -4.90625]], [[158.875, -4.9375], [159.0, -4.84375], [159.0, -4.9375], [158.875, -4.9375]], [[159.625, -5.0], [159.8125, -4.90625], [159.8125, -5.0625], [159.625, -5.0]], [[-167.875, -5.125], [-167.75, -4.96875], [-167.71875, -5.125], [-167.875, -5.125]], [[-27.625, -5.03125], [-27.5, -5.1875], [-27.625, -5.625], [-27.8125, -5.71875], [-27.96875, -5.40625], [-27.75, -5.4375], [-27.625, -5.03125]], [[-161.875, -5.25], [-161.75, -5.125], [-161.75, -5.25], [-161.875, -5.25]], [[-27.46875, -5.375], [-27.3125, -5.25], [-27.3125, -5.34375], [-27.46875, -5.375]], [[158.71875, -5.25], [158.90625, -5.28125], [158.90625, -5.375], [158.75, -5.40625], [158.71875, -5.25]], [[-25.59375, -5.28125], [-25.28125, -5.375], [-25.59375, -5.53125], [-25.59375, -5.6875], [-26.0, -5.78125], [-25.59375, -5.28125]], [[-166.96875, -5.3125], [-166.71875, -5.3125], [-166.6875, -5.59375], [-166.90625, -5.5], [-166.96875, -5.3125]], [[-71.90625, -5.3125], [-71.6875, -5.34375], [-71.6875, -5.4375], [-71.875, -5.4375], [-71.90625, -5.3125]], [[-165.5625, -5.4375], [-165.46875, -5.34375], [-165.46875, -5.4375], [-165.5625, -5.4375]], [[174.21875, -5.46875], [174.3125, -5.375], [174.3125, -5.46875], [174.21875, -5.46875]], [[-71.1875, -5.5625], [-71.03125, -5.71875], [-71.4375, -5.75], [-71.4375, -6.25], [-71.875, -6.5625], [-72.09375, -6.25], [-71.8125, -5.6875], [-71.1875, -5.5625]], [[-26.21875, -5.5625], [-26.03125, -5.5625], [-26.03125, -5.6875], [-26.3125, -5.78125], [-26.21875, -5.5625]], [[167.9375, -5.65625], [168.03125, -5.8125], [167.65625, -6.53125], [168.125, -6.5625], [168.15625, -6.8125], [168.09375, -6.96875], [167.5625, -6.96875], [167.40625, -6.78125], [167.5, -6.46875], [167.375, -6.15625], [167.5, -5.71875], [167.78125, -5.8125], [167.9375, -5.65625]], [[-70.9375, -5.8125], [-70.875, -5.6875], [-70.84375, -5.8125], [-70.9375, -5.8125]], [[164.6875, -6.125], [164.78125, -6.03125], [164.78125, -6.125], [164.6875, -6.125]], [[-37.625, -6.125], [-37.40625, -6.15625], [-37.625, -6.21875], [-37.625, -6.125]], [[-68.96875, -6.1875], [-68.5625, -6.34375], [-68.5625, -6.46875], [-69.0, -6.5], [-68.96875, -6.1875]], [[-48.90625, -6.375], [-48.78125, -6.28125], [-48.78125, -6.375], [-48.90625, -6.375]], [[-48.96875, -6.84375], [-48.375, -7.03125], [-48.15625, -7.28125], [-47.8125, -7.28125], [-47.8125, -7.5625], [-48.28125, -7.6875], [-48.15625, -7.3125], [-48.625, -7.46875], [-49.625, -7.46875], [-49.40625, -6.96875], [-49.09375, -7.0], [-48.96875, -6.84375]], [[-72.25, -7.40625], [-72.09375, -7.3125], [-72.09375, -7.40625], [-72.25, -7.40625]], [[-27.28125, -7.625], [-27.15625, -7.625], [-27.21875, -7.84375], [-27.3125, -7.84375], [-27.28125, -7.625]], [[-74.53125, -8.53125], [-74.4375, -8.4375], [-74.4375, -8.53125], [-74.53125, -8.53125]], [[-31.84375, -8.5], [-31.65625, -8.625], [-31.75, -8.9375], [-31.46875, -9.03125], [-31.53125, -9.40625], [-31.6875, -9.59375], [-32.15625, -9.5625], [-32.21875, -8.8125], [-31.84375, -8.5]], [[-74.46875, -8.5625], [-74.25, -8.78125], [-74.28125, -8.8125], [-74.40625, -8.8125], [-74.40625, -8.84375], [-74.53125, -8.84375], [-74.53125, -8.875], [-74.625, -8.875], [-74.65625, -8.6875], [-74.46875, -8.5625]], [[-74.75, -8.96875], [-74.625, -8.875], [-74.625, -8.96875], [-74.75, -8.96875]], [[-31.28125, -9.0], [-31.125, -8.875], [-31.09375, -9.0], [-31.28125, -9.0]], [[171.125, -9.0625], [171.21875, -8.96875], [171.21875, -9.0625], [171.125, -9.0625]], [[168.75, -9.21875], [168.875, -9.125], [168.90625, -9.25], [168.75, -9.21875]], [[171.9375, -9.4375], [172.125, -9.5], [172.125, -9.65625], [171.78125, -9.75], [171.9375, -9.4375]], [[-37.5625, -9.5625], [-37.3125, -9.875], [-37.125, -9.875], [-37.125, -9.96875], [-37.53125, -10.0], [-37.5625, -9.5625]], [[171.6875, -9.875], [171.8125, -9.78125], [171.8125, -9.875], [171.6875, -9.875]], [[-37.59375, -10.1875], [-37.5, -10.09375], [-37.5, -10.1875], [-37.59375, -10.1875]], [[171.34375, -10.28125], [171.5625, -10.15625], [171.53125, -10.3125], [171.34375, -10.28125]], [[171.3125, -10.5], [171.40625, -10.34375], [171.40625, -10.5], [171.3125, -10.5]], [[172.65625, -11.09375], [172.84375, -10.9375], [172.84375, -11.125], [172.65625, -11.09375]], [[173.0, -11.09375], [173.15625, -11.125], [173.15625, -11.21875], [173.0, -11.21875], [173.0, -11.09375]], [[-69.09375, -11.3125], [-68.75, -11.40625], [-68.71875, -11.53125], [-69.0, -11.5], [-69.09375, -11.3125]], [[-34.28125, -11.53125], [-33.96875, -11.3125], [-34.0, -11.46875], [-34.28125, -11.53125]], [[-39.375, -11.375], [-39.1875, -11.375], [-39.15625, -11.53125], [-39.46875, -11.75], [-39.375, -11.375]], [[-49.65625, -13.09375], [-49.5, -12.96875], [-49.5, -13.0625], [-49.65625, -13.09375]], [[-56.1875, -14.15625], [-55.375, -14.40625], [-53.53125, -14.625], [-52.75, -14.9375], [-55.1875, -14.8125], [-56.21875, -14.53125], [-56.1875, -14.15625]], [[-46.6875, -14.625], [-46.53125, -14.46875], [-46.5, -14.59375], [-46.6875, -14.625]], [[-47.75, -14.625], [-47.65625, -14.5], [-47.65625, -14.625], [-47.75, -14.625]], [[-48.09375, -14.71875], [-48.0, -14.59375], [-48.0, -14.71875], [-48.09375, -14.71875]], [[-44.15625, -15.4375], [-44.0625, -15.34375], [-44.0625, -15.4375], [-44.15625, -15.4375]], [[-46.84375, -15.78125], [-46.625, -16.0], [-46.25, -15.9375], [-46.1875, -16.0625], [-46.6875, -16.25], [-46.84375, -15.78125]]]}}, {"type": "Feature", "properties": {"level_m": -2000, "area_km2": 52683497.7}, "geometry": {"type": "Polygon", "coordinates": [[[-38.40625, 89.96875], [-38.46875, 89.78125], [-38.90625, 89.75], [-40.65625, 89.8125], [-45.125, 89.5625], [-50.5625, 89.65625], [-55.09375, 89.4375], [-67.15625, 89.28125], [-74.90625, 88.84375], [-75.40625, 88.9375], [-79.59375, 88.625], [-79.59375, 88.4375], [-80.84375, 88.5625], [-83.9375, 88.40625], [-133.65625, 89.25], [-179.96875, 89.375], [-179.96875, -2.65625], [-179.5625, -2.125], [-179.34375, -2.25], [-179.0, -2.03125], [-178.46875, -2.0], [-178.625, -1.8125], [-178.15625, -1.90625], [-177.3125, -1.59375], [-177.25, -1.875], [-176.53125, -2.0625], [-176.375, -2.40625], [-176.5, -2.84375], [-176.40625, -3.09375], [-175.78125, -2.875], [-175.78125, -2.4375], [-175.625, -2.46875], [-175.53125, -3.25], [-175.6875, -3.25], [-175.6875, -3.40625], [-175.0625, -3.28125], [-174.53125, -3.5], [-174.5, -3.3125], [-174.71875, -3.09375], [-174.5625, -3.15625], [-174.5, -2.96875], [-173.90625, -2.78125], [-173.90625, -3.34375], [-174.0625, -3.625], [-173.875, -3.59375], [-173.71875, -4.09375], [-173.5625, -3.625], [-173.4375, -4.03125], [-172.84375, -3.875], [-172.75, -3.40625], [-172.875, -3.125], [-172.59375, -2.96875], [-172.53125, -3.1875], [-172.25, -2.84375], [-171.40625, -2.78125], [-171.0625, -2.5625], [-170.5, -2.6875], [-170.34375, -2.59375], [-169.90625, -3.09375], [-170.21875, -3.46875], [-170.21875, -4.21875], [-169.96875, -4.3125], [-169.96875, -4.5], [-170.21875, -4.71875], [-170.46875, -5.90625], [-170.8125, -6.28125], [-171.375, -6.15625], [-171.375, -6.71875], [-171.96875, -6.65625], [-172.1875, -6.96875], [-172.0625, -7.6875], [-172.28125, -7.71875], [-172.4375, -8.03125], [-172.15625, -8.78125], [-172.40625, -9.15625], [-172.875, -9.25], [-173.0625, -9.125], [-173.59375, -8.1875], [-174.0, -7.875], [-174.15625, -8.40625], [-174.125, -9.1875], [-173.90625, -9.78125], [-173.5625, -10.1875], [-173.34375, -10.96875], [-173.90625, -10.59375], [-174.09375, -10.1875], [-174.34375, -10.34375], [-174.96875, -10.1875], [-175.15625, -10.5625], [-175.46875, -10.625], [-176.3125, -10.0], [-176.96875, -9.9375], [-177.0625, -10.09375], [-176.78125, -10.1875], [-177.1875, -10.4375], [-176.96875, -10.59375], [-176.375, -10.34375], [-176.21875, -10.625], [-175.5, -11.0], [-175.46875, -11.28125], [-174.84375, -11.125], [-174.6875, -11.34375], [-174.09375, -11.3125], [-174.0, -11.0625], [-173.8125, -11.0625], [-174.0, -11.40625], [-173.6875, -11.4375], [-173.71875, -11.125], [-173.21875, -11.25], [-172.75, -10.78125], [-172.625, -11.09375], [-172.34375, -11.1875], [-172.15625, -10.8125], [-172.25, -10.53125], [-171.96875, -10.5], [-171.71875, -10.0], [-171.46875, -9.96875], [-171.5, -9.5], [-170.84375, -9.4375], [-170.96875, -8.96875], [-170.65625, -8.65625], [-170.6875, -8.34375], [-170.53125, -8.53125], [-170.03125, -8.46875], [-169.6875, -7.8125], [-169.21875, -8.09375], [-168.75, -7.9375], [-169.0, -7.8125], [-168.75, -7.6875], [-168.78125, -7.25], [-168.5625, -7.21875], [-168.15625, -7.5625], [-168.21875, -6.9375], [-167.96875, -6.9375], [-167.78125, -6.71875], [-167.4375, -6.90625], [-167.09375, -6.0625], [-166.5625, -6.0], [-166.34375, -5.75], [-165.75, -6.03125], [-165.8125, -6.40625], [-165.59375, -6.40625], [-165.59375, -6.21875], [-165.375, -6.40625], [-165.125, -6.34375], [-164.96875, -6.125], [-164.625, -6.59375], [-164.1875, -6.625], [-164.1875, -7.09375], [-164.0, -7.25], [-163.46875, -7.25], [-163.0625, -6.875], [-162.875, -6.96875], [-162.65625, -6.71875], [-162.375, -6.71875], [-162.25, -6.875], [-162.25, -6.6875], [-162.125, -6.6875], [-161.9375, -6.75], [-161.9375, -6.9375], [-162.28125, -7.0], [-162.34375, -7.25], [-162.1875, -7.4375], [-161.625, -7.40625], [-161.4375, -7.25], [-160.96875, -7.65625], [-161.0, -7.46875], [-160.75, -7.40625], [-161.1875, -7.15625], [-160.96875, -6.625], [-161.21875, -5.6875], [-161.1875, -5.5625], [-160.46875, -5.625], [-160.4375, -5.3125], [-160.90625, -5.25], [-161.4375, -4.96875], [-161.59375, -4.71875], [-161.8125, -4.71875], [-161.8125, -4.46875], [-162.375, -3.5625], [-162.3125, -3.375], [-162.78125, -3.0], [-163.0625, -2.03125], [-162.84375, -2.0], [-161.75, -3.0625], [-161.15625, -3.3125], [-160.71875, -3.96875], [-159.96875, -4.4375], [-160.125, -4.84375], [-159.8125, -4.90625], [-159.75, -5.4375], [-160.125, -5.59375], [-160.0625, -6.0625], [-160.25, -6.25], [-159.78125, -6.1875], [-159.78125, -5.78125], [-159.375, -5.84375], [-159.6875, -5.375], [-159.53125, -4.96875], [-159.25, -4.9375], [-159.125, -4.15625], [-159.46875, -3.90625], [-159.4375, -3.71875], [-159.84375, -3.875], [-160.0, -3.4375], [-160.65625, -2.84375], [-160.59375, -2.5625], [-160.84375, -2.34375], [-161.0, -1.84375], [-161.28125, -1.71875], [-161.21875, -1.28125], [-161.59375, -1.3125], [-161.59375, -0.46875], [-161.875, -0.625], [-161.84375, -0.25], [-162.125, -0.03125], [-162.03125, 0.5625], [-161.78125, 0.34375], [-161.4375, 0.3125], [-160.84375, -0.25], [-160.5, -0.25], [-160.4375, 0.25], [-160.9375, 0.75], [-160.25, 1.09375], [-160.28125, 1.28125], [-160.5, 1.25], [-160.5625, 1.5625], [-160.875, 1.59375], [-160.71875, 1.3125], [-160.96875, 1.53125], [-160.75, 2.21875], [-160.84375, 2.5625], [-160.5, 2.9375], [-160.59375, 3.0625], [-160.875, 2.9375], [-160.6875, 3.46875], [-160.375, 3.46875], [-160.59375, 3.15625], [-159.96875, 3.1875], [-159.53125, 3.5625], [-158.875, 3.40625], [-158.53125, 3.65625], [-158.15625, 3.5625], [-158.0625, 3.375], [-157.625, 3.875], [-157.375, 3.875], [-156.875, 3.6875], [-156.84375, 3.5], [-157.46875, 3.65625], [-157.59375, 3.34375], [-156.4375, 3.4375], [-155.96875, 2.625], [-155.90625, 2.21875], [-156.21875, 1.75], [-156.59375, 1.8125], [-156.59375, 1.6875], [-156.21875, 1.375], [-155.6875, 1.375], [-155.3125, 1.15625], [-155.125, 0.6875], [-155.25, 0.21875], [-155.6875, -0.1875], [-155.28125, -0.21875], [-155.03125, -0.78125], [-155.09375, -2.0625], [-154.9375, -2.8125], [-155.21875, -3.375], [-154.9375, -3.375], [-154.84375, -3.75], [-154.625, -3.5], [-154.25, -3.53125], [-154.09375, -3.59375], [-154.125, -3.90625], [-153.78125, -4.0], [-153.71875, -3.6875], [-154.0625, -3.28125], [-153.875, -3.15625], [-153.21875, -3.46875], [-153.25, -3.65625], [-153.0, -3.53125], [-152.25, -3.6875], [-152.125, -4.53125], [-152.09375, -3.65625], [-151.5625, -3.71875], [-151.40625, -4.03125], [-151.6875, -4.15625], [-151.71875, -4.4375], [-152.1875, -4.875], [-152.0625, -5.0625], [-151.5625, -4.25], [-151.15625, -4.21875], [-151.125, -3.875], [-151.0, -3.84375], [-150.96875, -5.03125], [-150.84375, -4.5], [-150.53125, -4.46875], [-150.59375, -4.75], [-150.4375, -4.90625], [-150.53125, -5.71875], [-150.75, -6.09375], [-150.3125, -5.75], [-150.1875, -5.40625], [-150.25, -4.46875], [-149.59375, -5.25], [-149.21875, -5.125], [-149.1875, -4.8125], [-148.9375, -5.0], [-148.4375, -5.0], [-148.09375, -5.25], [-147.90625, -5.0625], [-147.875, -5.28125], [-147.65625, -5.40625], [-147.5625, -5.03125], [-147.3125, -5.03125], [-147.21875, -5.5], [-147.21875, -5.0625], [-147.0625, -5.21875], [-146.8125, -5.0], [-146.40625, -5.3125], [-145.96875, -5.25], [-145.9375, -5.03125], [-145.4375, -4.6875], [-145.4375, -4.5], [-145.15625, -4.5625], [-145.15625, -4.40625], [-145.40625, -4.125], [-146.96875, -3.75], [-148.09375, -2.78125], [-148.96875, -1.375], [-148.9375, -0.75], [-149.34375, 0.375], [-149.3125, 0.5], [-148.65625, 0.4375], [-147.375, -0.25], [-147.09375, -0.59375], [-146.65625, -0.6875], [-146.375, -0.5625], [-146.125, -0.6875], [-146.125, -0.40625], [-145.84375, -0.5], [-145.625, 0.0], [-145.6875, 0.28125], [-145.46875, 0.25], [-144.59375, -0.5], [-144.28125, -0.5], [-144.28125, -0.1875], [-144.0625, -0.125], [-144.3125, 0.125], [-144.84375, 0.1875], [-144.90625, 0.4375], [-144.625, 1.125], [-144.875, 1.40625], [-145.03125, 2.09375], [-146.65625, 4.40625], [-146.9375, 5.375], [-146.875, 6.09375], [-147.09375, 6.21875], [-146.9375, 7.15625], [-145.9375, 7.09375], [-145.59375, 6.78125], [-144.53125, 5.46875], [-144.1875, 4.78125], [-143.9375, 4.5], [-143.75, 4.5], [-143.65625, 4.03125], [-143.03125, 3.3125], [-142.71875, 3.21875], [-142.5, 2.8125], [-142.28125, 3.5], [-142.84375, 3.71875], [-142.6875, 3.78125], [-142.65625, 4.25], [-141.40625, 4.21875], [-141.71875, 4.625], [-142.03125, 4.65625], [-142.03125, 4.8125], [-141.75, 5.09375], [-141.5, 4.96875], [-140.59375, 5.4375], [-140.1875, 5.4375], [-140.09375, 5.625], [-140.3125, 5.9375], [-140.15625, 6.15625], [-140.28125, 6.65625], [-140.53125, 6.75], [-140.53125, 6.90625], [-140.9375, 6.9375], [-141.3125, 6.75], [-141.6875, 7.09375], [-141.40625, 7.0], [-141.21875, 7.28125], [-141.875, 7.3125], [-141.875, 7.5], [-141.4375, 7.625], [-141.59375, 7.6875], [-141.4375, 8.15625], [-141.78125, 8.75], [-141.75, 9.15625], [-142.09375, 9.4375], [-141.96875, 9.59375], [-142.0, 10.3125], [-142.15625, 10.5], [-141.78125, 10.5625], [-141.6875, 10.78125], [-142.09375, 11.53125], [-141.8125, 12.1875], [-141.875, 12.375], [-142.125, 12.59375], [-142.21875, 12.4375], [-142.40625, 12.5], [-142.375, 12.8125], [-142.6875, 12.46875], [-143.3125, 12.59375], [-143.46875, 12.8125], [-143.34375, 12.9375], [-143.34375, 13.65625], [-143.59375, 13.46875], [-143.625, 13.78125], [-143.875, 13.9375], [-143.8125, 14.125], [-143.46875, 14.0625], [-143.6875, 14.1875], [-143.75, 14.53125], [-143.25, 14.3125], [-143.21875, 14.5625], [-142.96875, 14.625], [-142.65625, 14.1875], [-142.1875, 14.125], [-142.1875, 14.34375], [-142.46875, 14.875], [-141.71875, 14.78125], [-141.5625, 14.5625], [-141.6875, 14.9375], [-142.8125, 15.0625], [-143.375, 15.25], [-143.375, 15.40625], [-143.21875, 15.625], [-142.21875, 15.59375], [-142.1875, 15.75], [-142.84375, 15.71875], [-142.875, 15.96875], [-142.0625, 16.46875], [-141.625, 16.40625], [-141.625, 16.15625], [-141.28125, 16.0], [-141.03125, 16.0625], [-141.0625, 16.5625], [-140.75, 16.875], [-140.59375, 17.34375], [-140.78125, 17.625], [-140.625, 17.9375], [-140.84375, 18.21875], [-141.125, 18.21875], [-141.34375, 18.53125], [-141.6875, 18.4375], [-141.65625, 18.65625], [-141.8125, 18.53125], [-141.84375, 18.125], [-142.625, 18.03125], [-142.5625, 18.3125], [-142.75, 18.3125], [-143.0625, 18.0625], [-143.03125, 18.25], [-143.40625, 18.28125], [-144.5625, 19.0], [-144.625, 19.34375], [-144.96875, 19.46875], [-145.0625, 19.75], [-145.375, 19.625], [-145.90625, 20.03125], [-145.875, 20.21875], [-146.1875, 20.34375], [-146.03125, 20.4375], [-145.8125, 20.25], [-145.875, 20.5], [-145.59375, 20.40625], [-145.78125, 20.6875], [-145.65625, 20.84375], [-145.75, 21.15625], [-145.5625, 21.25], [-145.46875, 21.84375], [-145.71875, 21.84375], [-145.875, 22.09375], [-145.75, 22.65625], [-145.625, 22.65625], [-145.84375, 23.21875], [-146.0, 23.25], [-145.96875, 23.8125], [-145.65625, 24.03125], [-145.84375, 24.53125], [-145.6875, 24.46875], [-145.3125, 25.0], [-145.03125, 25.0625], [-145.09375, 24.84375], [-145.03125, 24.78125], [-144.96875, 24.96875], [-144.75, 24.96875], [-144.65625, 25.21875], [-144.46875, 25.25], [-144.25, 23.96875], [-144.09375, 23.71875], [-144.0, 23.90625], [-143.84375, 23.75], [-143.8125, 23.96875], [-144.09375, 24.21875], [-143.9375, 24.53125], [-144.1875, 24.53125], [-144.0, 25.21875], [-143.8125, 25.28125], [-143.5625, 25.0], [-143.1875, 24.96875], [-143.21875, 25.1875], [-143.0625, 25.1875], [-143.15625, 25.4375], [-142.59375, 25.4375], [-142.625, 25.625], [-142.28125, 25.53125], [-141.59375, 25.84375], [-141.90625, 25.84375], [-141.6875, 26.3125], [-142.1875, 26.0625], [-142.0625, 26.3125], [-142.4375, 26.25], [-142.4375, 26.59375], [-142.75, 26.5], [-142.59375, 26.90625], [-142.15625, 26.90625], [-142.65625, 26.96875], [-142.65625, 27.125], [-142.5, 27.15625], [-142.65625, 27.3125], [-142.625, 27.6875], [-142.78125, 27.15625], [-142.9375, 27.3125], [-142.96875, 27.125], [-143.34375, 27.09375], [-143.4375, 27.375], [-143.09375, 27.375], [-143.15625, 27.65625], [-142.40625, 28.15625], [-142.875, 28.09375], [-142.28125, 28.8125], [-141.78125, 28.59375], [-142.25, 28.46875], [-142.34375, 28.28125], [-141.5625, 28.59375], [-141.53125, 28.28125], [-141.1875, 28.46875], [-141.1875, 28.125], [-140.875, 28.0625], [-140.75, 28.375], [-140.0, 28.4375], [-139.96875, 28.65625], [-140.15625, 28.71875], [-140.34375, 29.1875], [-140.5625, 29.125], [-140.625, 29.3125], [-141.25, 29.65625], [-141.125, 29.96875], [-140.5, 29.5], [-140.1875, 29.75], [-140.03125, 29.71875], [-140.0625, 29.46875], [-139.90625, 29.625], [-139.625, 29.4375], [-139.3125, 29.53125], [-139.1875, 29.3125], [-138.78125, 29.28125], [-138.65625, 28.9375], [-138.25, 28.96875], [-138.0625, 28.78125], [-137.53125, 28.71875], [-137.3125, 28.53125], [-137.3125, 28.3125], [-137.0, 28.15625], [-136.78125, 28.1875], [-136.71875, 28.40625], [-137.15625, 28.90625], [-137.15625, 29.59375], [-136.21875, 30.625], [-135.5, 30.65625], [-135.28125, 30.8125], [-135.25, 30.9375], [-135.71875, 30.875], [-135.53125, 31.09375], [-134.0625, 31.21875], [-133.53125, 31.5625], [-132.8125, 31.53125], [-132.78125, 31.375], [-132.625, 31.375], [-132.71875, 30.90625], [-132.59375, 30.6875], [-132.09375, 30.5], [-131.75, 30.03125], [-131.59375, 30.03125], [-131.5625, 29.71875], [-131.28125, 29.46875], [-130.96875, 29.8125], [-131.09375, 30.0625], [-130.65625, 30.3125], [-130.84375, 30.59375], [-130.9375, 31.90625], [-131.78125, 32.90625], [-132.34375, 33.1875], [-132.625, 33.53125], [-132.9375, 33.59375], [-133.5, 34.25], [-135.5, 35.09375], [-136.09375, 35.09375], [-136.09375, 35.25], [-136.34375, 35.125], [-136.40625, 35.28125], [-136.5625, 35.09375], [-136.875, 35.03125], [-136.9375, 35.15625], [-137.09375, 34.96875], [-137.28125, 35.0625], [-137.71875, 34.90625], [-137.90625, 34.5], [-137.5, 34.28125], [-137.53125, 33.875], [-137.65625, 33.84375], [-137.65625, 33.59375], [-138.03125, 33.40625], [-139.25, 33.34375], [-139.25, 33.59375], [-139.09375, 33.5625], [-138.875, 33.8125], [-139.125, 33.84375], [-139.0625, 34.03125], [-138.53125, 34.34375], [-138.3125, 34.28125], [-138.375, 34.46875], [-138.125, 34.4375], [-138.75, 34.78125], [-139.0625, 34.53125], [-139.9375, 34.3125], [-140.5, 33.625], [-141.28125, 33.5625], [-141.40625, 33.6875], [-141.78125, 33.28125], [-141.84375, 33.59375], [-142.1875, 33.625], [-142.59375, 33.90625], [-142.59375, 34.78125], [-142.40625, 34.78125], [-142.1875, 35.21875], [-141.84375, 35.375], [-141.84375, 35.59375], [-141.53125, 35.71875], [-141.40625, 36.0625], [-141.625, 36.34375], [-141.25, 36.4375], [-141.34375, 36.59375], [-141.0625, 36.65625], [-141.25, 36.84375], [-141.0625, 37.1875], [-141.25, 37.71875], [-140.375, 37.65625], [-140.875, 38.125], [-140.25, 38.28125], [-140.34375, 38.40625], [-139.28125, 38.40625], [-139.25, 38.59375], [-140.15625, 38.71875], [-139.25, 39.21875], [-138.875, 39.125], [-138.59375, 39.59375], [-135.15625, 39.875], [-135.46875, 40.875], [-135.8125, 40.875], [-135.84375, 41.0], [-135.6875, 41.3125], [-135.34375, 41.3125], [-135.0625, 41.5625], [-135.0625, 41.90625], [-135.25, 42.0], [-135.09375, 42.15625], [-135.15625, 42.625], [-134.875, 42.9375], [-134.90625, 43.34375], [-134.71875, 43.34375], [-134.625, 43.6875], [-134.5, 43.65625], [-134.625, 44.0625], [-134.21875, 44.1875], [-134.375, 44.3125], [-134.25, 44.65625], [-134.46875, 44.875], [-134.8125, 44.875], [-134.78125, 45.09375], [-134.34375, 45.1875], [-134.46875, 45.25], [-134.3125, 45.46875], [-134.375, 45.78125], [-133.4375, 45.375], [-133.40625, 45.5625], [-132.9375, 45.6875], [-132.78125, 46.0], [-132.3125, 46.03125], [-132.21875, 46.25], [-131.9375, 46.3125], [-132.0625, 46.53125], [-131.375, 46.65625], [-131.1875, 47.09375], [-130.8125, 47.15625], [-130.6875, 47.34375], [-130.84375, 47.46875], [-130.65625, 47.59375], [-130.9375, 47.71875], [-131.0, 48.0], [-130.65625, 48.1875], [-130.34375, 48.15625], [-130.3125, 48.4375], [-130.0625, 48.28125], [-130.0625, 48.75], [-129.5625, 48.71875], [-129.625, 48.875], [-129.375, 49.0], [-128.875, 48.9375], [-128.5, 49.25], [-128.5625, 49.46875], [-128.15625, 49.34375], [-128.03125, 49.5], [-127.78125, 49.46875], [-127.78125, 49.8125], [-127.15625, 49.84375], [-126.8125, 50.25], [-126.375, 50.0625], [-126.21875, 50.3125], [-125.875, 50.4375], [-126.09375, 50.6875], [-125.46875, 50.71875], [-125.46875, 50.90625], [-125.1875, 51.09375], [-124.46875, 51.125], [-124.3125, 51.46875], [-123.40625, 51.40625], [-123.25, 51.8125], [-122.9375, 51.78125], [-122.21875, 52.15625], [-121.9375, 52.0625], [-121.875, 52.375], [-120.96875, 52.5], [-121.1875, 53.0], [-120.84375, 53.0], [-120.6875, 53.3125], [-120.3125, 53.28125], [-120.375, 53.5625], [-118.65625, 53.6875], [-118.6875, 53.84375], [-118.25, 53.84375], [-117.59375, 54.25], [-116.6875, 54.03125], [-116.6875, 54.1875], [-116.53125, 54.21875], [-116.625, 54.375], [-116.15625, 54.34375], [-116.125, 54.59375], [-115.90625, 54.59375], [-115.84375, 54.4375], [-115.5625, 54.71875], [-115.0625, 54.71875], [-114.6875, 54.5], [-114.625, 54.78125], [-114.3125, 54.75], [-114.3125, 54.625], [-114.15625, 54.75], [-113.96875, 54.5], [-113.625, 54.46875], [-113.8125, 54.25], [-113.71875, 54.15625], [-113.34375, 54.5625], [-112.71875, 54.3125], [-112.125, 54.4375], [-111.84375, 54.25], [-111.65625, 54.375], [-111.75, 54.8125], [-111.28125, 54.8125], [-111.03125, 54.5625], [-110.71875, 54.71875], [-110.59375, 54.53125], [-109.84375, 54.8125], [-109.375, 54.375], [-108.84375, 54.625], [-108.21875, 54.4375], [-107.75, 54.90625], [-106.84375, 55.25], [-106.75, 55.5], [-106.375, 55.21875], [-105.65625, 55.65625], [-105.09375, 55.46875], [-105.0625, 55.25], [-104.75, 55.21875], [-104.46875, 55.40625], [-104.0, 55.40625], [-103.84375, 55.78125], [-103.5625, 55.90625], [-103.09375, 55.71875], [-102.9375, 56.1875], [-102.65625, 56.28125], [-102.09375, 56.0625], [-101.96875, 56.53125], [-101.65625, 56.625], [-100.96875, 56.59375], [-100.78125, 56.8125], [-100.28125, 56.90625], [-100.25, 56.5625], [-100.125, 56.84375], [-99.59375, 57.03125], [-99.34375, 57.03125], [-99.3125, 56.90625], [-98.84375, 57.0], [-98.8125, 57.15625], [-98.5, 57.25], [-98.5625, 57.4375], [-98.125, 57.3125], [-97.625, 57.5625], [-97.25, 57.28125], [-96.53125, 57.59375], [-96.0, 57.375], [-95.625, 57.5], [-95.6875, 57.09375], [-95.15625, 57.5625], [-95.0, 57.5625], [-95.0625, 57.34375], [-94.71875, 57.3125], [-94.34375, 57.53125], [-93.6875, 57.59375], [-93.53125, 57.40625], [-93.15625, 57.46875], [-93.1875, 57.1875], [-92.9375, 57.53125], [-92.28125, 57.40625], [-92.3125, 57.125], [-92.125, 57.21875], [-92.125, 57.09375], [-91.9375, 57.15625], [-91.625, 57.0625], [-91.59375, 56.875], [-91.375, 56.90625], [-91.6875, 56.34375], [-91.1875, 56.8125], [-90.625, 56.6875], [-90.75, 56.4375], [-90.46875, 56.3125], [-90.5625, 56.0], [-90.25, 56.28125], [-90.03125, 56.03125], [-89.78125, 56.125], [-89.6875, 55.9375], [-89.8125, 55.625], [-88.75, 55.125], [-88.78125, 54.75], [-88.0, 54.5625], [-88.28125, 54.25], [-88.03125, 53.46875], [-87.15625, 53.15625], [-86.4375, 53.25], [-86.5, 53.03125], [-86.3125, 53.0625], [-86.25, 52.8125], [-86.0625, 52.875], [-86.28125, 52.5625], [-85.96875, 52.71875], [-85.5, 52.59375], [-85.59375, 52.21875], [-85.125, 52.0625], [-84.96875, 51.53125], [-84.65625, 51.4375], [-84.6875, 51.21875], [-84.46875, 51.21875], [-84.28125, 51.0], [-84.28125, 50.40625], [-83.9375, 50.03125], [-83.625, 49.84375], [-82.875, 49.8125], [-82.6875, 49.3125], [-82.53125, 49.4375], [-82.6875, 49.625], [-82.5, 49.8125], [-82.09375, 49.6875], [-81.5625, 49.90625], [-81.375, 49.46875], [-81.21875, 49.65625], [-80.46875, 49.59375], [-79.96875, 49.09375], [-80.1875, 49.0], [-80.03125, 48.84375], [-78.34375, 48.53125], [-78.15625, 48.6875], [-77.3125, 48.625], [-76.9375, 48.40625], [-76.96875, 47.90625], [-77.25, 47.6875], [-77.1875, 47.40625], [-76.21875, 47.875], [-75.75, 47.8125], [-75.78125, 47.59375], [-75.5625, 47.5], [-75.09375, 47.90625], [-74.875, 47.8125], [-74.34375, 48.03125], [-72.46875, 48.21875], [-71.84375, 48.40625], [-71.34375, 48.90625], [-71.21875, 48.90625], [-71.28125, 48.6875], [-71.75, 48.34375], [-71.40625, 48.375], [-71.40625, 48.25], [-71.875, 47.9375], [-71.5, 47.75], [-70.8125, 47.90625], [-70.75, 48.03125], [-71.1875, 48.125], [-71.1875, 48.25], [-70.46875, 49.0], [-69.03125, 49.5], [-68.96875, 49.65625], [-69.15625, 49.84375], [-68.65625, 49.96875], [-68.5, 50.3125], [-68.25, 50.15625], [-67.5625, 50.15625], [-67.53125, 50.34375], [-67.15625, 50.375], [-66.78125, 50.8125], [-66.9375, 50.8125], [-67.0625, 51.5], [-67.25, 51.46875], [-67.21875, 51.8125], [-66.90625, 52.0], [-66.1875, 52.0], [-66.28125, 52.1875], [-65.96875, 52.375], [-65.71875, 52.875], [-65.59375, 52.875], [-65.6875, 52.25], [-65.34375, 51.9375], [-64.625, 51.84375], [-63.6875, 52.15625], [-64.15625, 51.84375], [-64.15625, 51.6875], [-64.53125, 51.5625], [-64.6875, 51.28125], [-64.53125, 51.125], [-64.5625, 50.8125], [-65.0625, 50.53125], [-64.84375, 50.4375], [-64.53125, 50.59375], [-64.5, 50.4375], [-65.25, 50.03125], [-63.9375, 50.59375], [-63.875, 50.4375], [-63.15625, 50.46875], [-63.1875, 50.3125], [-63.46875, 50.3125], [-63.4375, 50.09375], [-62.96875, 50.125], [-62.625, 50.375], [-61.90625, 50.34375], [-62.0625, 50.03125], [-61.90625, 50.0625], [-61.5625, 49.53125], [-63.03125, 49.125], [-63.84375, 48.6875], [-64.53125, 48.0625], [-64.75, 48.09375], [-65.375, 47.34375], [-65.65625, 47.34375], [-65.75, 47.15625], [-66.4375, 46.875], [-66.46875, 46.53125], [-66.78125, 46.3125], [-66.6875, 46.1875], [-66.875, 45.8125], [-66.25, 46.25], [-65.6875, 46.375], [-65.0625, 46.75], [-63.40625, 47.96875], [-62.59375, 48.28125], [-61.65625, 49.0], [-61.59375, 49.25], [-60.375, 49.25], [-60.65625, 48.90625], [-59.9375, 48.84375], [-59.875, 48.5625], [-60.0, 48.46875], [-59.75, 48.46875], [-59.71875, 48.3125], [-60.5, 48.28125], [-60.4375, 47.90625], [-60.59375, 47.78125], [-59.96875, 47.5625], [-59.6875, 47.65625], [-59.46875, 48.0625], [-59.21875, 48.0625], [-59.15625, 47.6875], [-59.34375, 47.4375], [-58.96875, 47.09375], [-58.59375, 47.125], [-58.6875, 46.875], [-59.09375, 47.03125], [-59.03125, 46.46875], [-58.84375, 46.1875], [-58.53125, 46.21875], [-58.46875, 46.09375], [-58.46875, 45.96875], [-58.875, 45.875], [-58.96875, 45.59375], [-58.5625, 45.34375], [-58.1875, 45.5], [-58.125, 45.21875], [-57.71875, 45.125], [-57.78125, 44.75], [-57.59375, 45.03125], [-57.3125, 45.0], [-57.40625, 44.65625], [-56.96875, 44.4375], [-56.84375, 44.125], [-56.59375, 44.21875], [-56.6875, 43.96875], [-56.5, 43.84375], [-55.75, 44.125], [-55.90625, 43.8125], [-55.25, 43.8125], [-55.40625, 43.6875], [-55.15625, 43.6875], [-55.375, 43.34375], [-55.25, 43.0], [-55.0625, 43.40625], [-54.75, 43.4375], [-53.90625, 42.96875], [-53.90625, 42.0], [-53.25, 41.6875], [-53.71875, 41.5625], [-53.78125, 41.34375], [-54.25, 41.28125], [-54.03125, 41.09375], [-54.1875, 40.96875], [-54.28125, 40.28125], [-54.40625, 40.25], [-54.25, 40.0], [-54.40625, 40.03125], [-54.5, 39.625], [-54.75, 39.5625], [-54.34375, 39.03125], [-54.375, 38.4375], [-54.59375, 38.46875], [-54.40625, 38.21875], [-54.78125, 38.25], [-54.625, 37.84375], [-54.90625, 36.46875], [-55.0625, 36.375], [-54.90625, 36.21875], [-55.15625, 36.125], [-55.0625, 35.84375], [-55.46875, 35.75], [-55.375, 35.40625], [-55.0, 35.4375], [-54.78125, 35.21875], [-54.4375, 35.3125], [-54.5, 34.6875], [-54.1875, 34.5], [-54.1875, 34.25], [-54.5, 34.125], [-54.34375, 33.9375], [-54.375, 33.625], [-55.03125, 33.4375], [-55.03125, 33.15625], [-54.8125, 33.0], [-54.375, 33.0625], [-53.96875, 32.5625], [-53.96875, 32.3125], [-54.125, 32.28125], [-54.34375, 32.75], [-54.71875, 32.6875], [-54.84375, 32.9375], [-55.15625, 32.21875], [-54.96875, 32.0], [-55.53125, 31.875], [-55.84375, 31.5], [-56.28125, 31.75], [-57.71875, 31.65625], [-58.8125, 31.03125], [-59.6875, 31.5625], [-60.09375, 31.625], [-60.28125, 31.875], [-61.15625, 31.8125], [-62.1875, 31.96875], [-62.84375, 31.65625], [-62.75, 31.1875], [-63.0, 30.9375], [-62.84375, 30.84375], [-62.5, 31.0], [-62.59375, 30.25], [-63.15625, 29.625], [-62.71875, 29.65625], [-62.6875, 29.53125], [-63.0625, 29.0625], [-63.1875, 28.4375], [-63.03125, 28.34375], [-62.90625, 28.46875], [-63.0, 27.96875], [-62.8125, 28.0], [-62.5625, 27.75], [-62.28125, 27.875], [-62.34375, 27.59375], [-63.21875, 27.59375], [-63.125, 27.4375], [-63.375, 27.25], [-62.75, 27.1875], [-63.0, 27.0625], [-62.875, 26.9375], [-63.34375, 27.0], [-63.40625, 26.78125], [-64.375, 26.71875], [-66.46875, 27.15625], [-66.5, 27.28125], [-68.21875, 27.25], [-68.8125, 27.09375], [-70.03125, 26.21875], [-71.59375, 26.1875], [-72.3125, 26.0], [-72.71875, 25.53125], [-72.6875, 25.15625], [-72.53125, 25.59375], [-72.15625, 25.875], [-70.0, 25.90625], [-68.5, 26.875], [-66.34375, 26.8125], [-64.90625, 26.15625], [-63.71875, 25.9375], [-62.875, 25.0], [-62.875, 24.5625], [-64.65625, 23.5625], [-65.6875, 23.125], [-66.28125, 23.15625], [-67.0, 22.65625], [-68.625, 22.75], [-69.625, 22.3125], [-70.28125, 22.5], [-70.40625, 22.375], [-71.25, 22.375], [-71.34375, 22.5], [-71.46875, 22.375], [-72.34375, 22.34375], [-72.21875, 22.1875], [-72.46875, 22.125], [-73.5, 22.3125], [-73.625, 22.21875], [-73.1875, 21.96875], [-73.46875, 22.0], [-73.5625, 21.8125], [-72.46875, 21.9375], [-72.65625, 21.71875], [-72.0, 21.65625], [-72.21875, 21.25], [-72.78125, 20.78125], [-73.53125, 20.71875], [-73.75, 20.5625], [-73.625, 20.5], [-73.75, 20.21875], [-73.71875, 19.40625], [-73.5, 20.15625], [-73.375, 20.1875], [-73.21875, 19.25], [-73.03125, 20.25], [-72.03125, 21.125], [-71.84375, 21.53125], [-71.5, 21.8125], [-71.03125, 21.9375], [-70.53125, 21.8125], [-70.53125, 21.96875], [-70.1875, 22.03125], [-69.6875, 21.96875], [-68.46875, 22.40625], [-66.78125, 22.25], [-62.875, 22.71875], [-62.0, 23.375], [-61.03125, 23.0625], [-60.9375, 23.25], [-60.125, 23.125], [-59.84375, 23.5], [-59.71875, 23.1875], [-59.5625, 23.1875], [-59.25, 23.59375], [-59.0, 23.59375], [-58.78125, 24.8125], [-58.5625, 25.0625], [-57.6875, 25.4375], [-57.46875, 25.15625], [-57.25, 25.1875], [-56.25, 25.84375], [-57.0625, 25.125], [-57.0625, 25.0], [-56.8125, 25.03125], [-55.96875, 25.8125], [-54.71875, 24.75], [-54.71875, 24.625], [-55.03125, 24.6875], [-55.0625, 24.4375], [-54.875, 24.3125], [-55.125, 24.25], [-55.125, 24.03125], [-55.375, 23.8125], [-55.3125, 22.8125], [-54.8125, 22.625], [-54.59375, 22.09375], [-54.75, 21.65625], [-54.5625, 21.25], [-54.84375, 21.0625], [-54.71875, 20.625], [-55.125, 20.6875], [-54.96875, 20.34375], [-55.0625, 19.90625], [-54.84375, 19.78125], [-55.0625, 19.375], [-54.40625, 19.34375], [-54.46875, 19.0625], [-54.71875, 19.0625], [-54.84375, 18.875], [-54.59375, 18.96875], [-54.40625, 18.625], [-53.9375, 18.5], [-53.875, 18.09375], [-53.96875, 17.78125], [-54.53125, 17.65625], [-54.78125, 17.40625], [-54.90625, 17.46875], [-55.15625, 17.21875], [-55.65625, 17.0625], [-55.03125, 17.15625], [-54.5, 17.53125], [-53.75, 17.71875], [-53.46875, 17.03125], [-53.78125, 17.09375], [-53.8125, 17.03125], [-53.375, 16.8125], [-53.0625, 16.84375], [-53.0, 16.25], [-52.5, 15.90625], [-52.25, 15.375], [-51.90625, 15.25], [-52.125, 14.96875], [-52.0, 14.53125], [-51.21875, 14.625], [-51.15625, 14.3125], [-50.78125, 13.96875], [-50.28125, 13.84375], [-49.9375, 13.40625], [-50.03125, 13.03125], [-49.71875, 12.625], [-48.78125, 12.75], [-48.71875, 12.4375], [-48.46875, 12.28125], [-48.09375, 12.4375], [-47.84375, 12.34375], [-47.875, 11.59375], [-47.53125, 11.40625], [-47.75, 11.125], [-47.5, 11.15625], [-47.09375, 10.53125], [-46.71875, 10.46875], [-46.71875, 9.78125], [-46.15625, 9.9375], [-46.375, 9.5], [-46.96875, 9.5], [-47.15625, 9.4375], [-47.34375, 9.25], [-47.09375, 9.375], [-46.53125, 9.3125], [-46.125, 9.5625], [-46.125, 9.4375], [-45.1875, 9.375], [-45.1875, 9.1875], [-45.03125, 9.21875], [-44.65625, 9.9375], [-44.5625, 9.5625], [-43.9375, 9.21875], [-44.09375, 8.75], [-43.84375, 8.5], [-43.5, 8.6875], [-43.375, 9.3125], [-43.1875, 9.34375], [-42.6875, 9.0], [-42.3125, 9.03125], [-42.21875, 7.90625], [-42.4375, 7.125], [-42.34375, 6.75], [-42.5, 6.6875], [-42.40625, 6.46875], [-43.21875, 6.03125], [-43.40625, 5.59375], [-43.96875, 5.1875], [-44.21875, 4.625], [-44.21875, 4.21875], [-43.875, 3.875], [-43.75, 3.40625], [-43.40625, 2.96875], [-43.625, 1.75], [-44.8125, 1.3125], [-45.28125, 0.5625], [-46.21875, 0.6875], [-46.4375, 0.46875], [-46.75, -0.375], [-46.40625, -0.78125], [-46.53125, -1.15625], [-46.375, -1.15625], [-46.28125, -1.53125], [-45.9375, -1.5], [-44.9375, -0.59375], [-44.90625, -0.15625], [-44.71875, -0.03125], [-44.46875, 0.8125], [-43.53125, 1.5625], [-43.46875, 2.40625], [-43.1875, 3.15625], [-43.53125, 3.4375], [-43.71875, 4.0], [-43.96875, 4.1875], [-44.0, 4.59375], [-43.84375, 5.03125], [-43.3125, 5.34375], [-43.0625, 5.84375], [-42.125, 6.46875], [-42.09375, 6.84375], [-41.6875, 7.09375], [-41.71875, 7.5625], [-41.375, 7.6875], [-41.15625, 8.28125], [-40.65625, 8.375], [-39.84375, 8.0], [-39.5625, 8.3125], [-39.34375, 8.09375], [-39.375, 5.8125], [-39.03125, 5.84375], [-38.96875, 5.59375], [-38.8125, 5.75], [-38.53125, 5.71875], [-38.3125, 6.0625], [-38.375, 6.53125], [-38.1875, 6.8125], [-38.0625, 6.3125], [-38.1875, 6.3125], [-38.125, 5.78125], [-38.28125, 5.28125], [-38.09375, 5.21875], [-37.5625, 5.5], [-37.5625, 5.09375], [-37.75, 5.0625], [-37.75, 4.875], [-37.125, 4.53125], [-36.78125, 4.53125], [-36.65625, 4.3125], [-36.59375, 3.46875], [-36.25, 2.84375], [-36.3125, 2.5], [-36.84375, 2.09375], [-37.125, 1.5], [-37.09375, 1.21875], [-37.3125, 1.15625], [-37.46875, 1.4375], [-38.375, 1.28125], [-38.40625, 1.03125], [-38.71875, 0.96875], [-38.78125, 0.375], [-39.0, 0.15625], [-38.84375, -1.15625], [-38.53125, -1.4375], [-37.9375, -1.3125], [-37.375, 0.0], [-37.15625, 0.0], [-36.78125, 0.34375], [-36.25, 0.0], [-36.5, -0.4375], [-36.4375, -0.90625], [-35.875, -0.875], [-35.6875, -0.625], [-35.71875, -0.375], [-35.5, -0.375], [-35.34375, -0.625], [-35.40625, -1.0625], [-35.125, -1.84375], [-34.90625, -1.8125], [-34.90625, -1.9375], [-35.25, -2.34375], [-35.46875, -3.03125], [-36.6875, -4.625], [-36.8125, -5.5], [-37.03125, -5.5625], [-37.3125, -5.09375], [-37.8125, -5.0625], [-38.0, -5.59375], [-37.8125, -6.09375], [-38.53125, -6.8125], [-39.5, -6.9375], [-39.90625, -7.125], [-39.96875, -7.46875], [-41.125, -7.59375], [-42.09375, -8.03125], [-42.3125, -7.96875], [-42.5, -8.25], [-42.90625, -8.34375], [-43.4375, -8.25], [-43.8125, -7.625], [-44.25, -7.46875], [-44.40625, -7.28125], [-44.34375, -6.75], [-44.625, -6.625], [-44.96875, -6.84375], [-44.9375, -7.28125], [-45.25, -7.21875], [-46.09375, -7.75], [-46.15625, -7.375], [-46.46875, -7.3125], [-46.75, -6.96875], [-47.34375, -6.6875], [-47.46875, -6.40625], [-47.96875, -6.625], [-48.59375, -6.1875], [-49.3125, -6.0], [-50.0, -6.625], [-50.125, -7.1875], [-51.84375, -7.34375], [-52.3125, -7.625], [-52.40625, -7.84375], [-52.375, -8.59375], [-51.84375, -8.84375], [-50.78125, -8.5625], [-50.6875, -8.40625], [-49.875, -8.65625], [-47.46875, -8.625], [-46.90625, -8.8125], [-46.75, -9.65625], [-46.375, -9.5625], [-46.3125, -9.28125], [-46.0625, -9.53125], [-46.25, -9.78125], [-46.0, -10.125], [-46.21875, -10.0625], [-46.3125, -10.21875], [-46.40625, -9.96875], [-46.5625, -10.09375], [-46.5, -10.5], [-46.0625, -10.65625], [-45.71875, -10.5625], [-45.90625, -9.875], [-45.65625, -9.625], [-45.78125, -9.53125], [-45.65625, -9.375], [-45.78125, -9.0625], [-45.5, -8.5], [-45.21875, -8.46875], [-44.96875, -8.78125], [-44.1875, -8.75], [-43.25, -9.28125], [-41.21875, -8.3125], [-40.90625, -8.34375], [-40.8125, -8.84375], [-40.65625, -8.90625], [-40.46875, -8.84375], [-40.4375, -8.625], [-39.59375, -8.46875], [-39.5625, -8.78125], [-39.875, -8.96875], [-39.84375, -9.28125], [-40.15625, -9.90625], [-40.71875, -10.4375], [-40.71875, -10.6875], [-40.4375, -10.8125], [-40.375, -11.40625], [-40.8125, -11.8125], [-40.8125, -12.25], [-41.375, -12.875], [-42.375, -13.15625], [-43.65625, -13.78125], [-43.875, -13.71875], [-43.75, -13.34375], [-43.9375, -13.375], [-44.125, -13.15625], [-44.25, -13.15625], [-44.25, -13.40625], [-44.75, -13.375], [-45.03125, -12.9375], [-45.6875, -12.8125], [-45.65625, -12.34375], [-45.53125, -12.3125], [-45.71875, -12.03125], [-45.65625, -11.875], [-46.09375, -11.90625], [-46.28125, -11.5], [-46.46875, -11.4375], [-47.84375, -11.9375], [-48.8125, -11.84375], [-49.5625, -12.25], [-50.125, -12.25], [-50.65625, -12.71875], [-51.8125, -13.21875], [-51.96875, -13.6875], [-52.34375, -13.84375], [-52.5625, -14.3125], [-52.78125, -14.3125], [-53.25, -14.0], [-55.5625, -13.9375], [-56.375, -13.625], [-56.71875, -13.65625], [-56.78125, -13.90625], [-56.9375, -13.9375], [-57.0, -13.78125], [-57.34375, -13.71875], [-57.375, -13.4375], [-57.5625, -13.40625], [-57.65625, -13.1875], [-58.0, -13.25], [-58.1875, -13.03125], [-58.90625, -13.03125], [-59.09375, -12.84375], [-59.53125, -12.90625], [-59.6875, -13.15625], [-60.125, -13.09375], [-60.53125, -12.65625], [-61.0, -12.8125], [-61.15625, -12.65625], [-61.40625, -12.6875], [-61.4375, -12.53125], [-62.40625, -12.34375], [-62.5, -12.1875], [-62.875, -12.25], [-62.90625, -12.03125], [-63.28125, -12.125], [-63.5625, -11.875], [-64.71875, -11.78125], [-64.90625, -11.59375], [-65.28125, -11.5625], [-65.28125, -11.4375], [-65.75, -11.46875], [-66.0625, -11.28125], [-66.28125, -11.34375], [-67.75, -10.9375], [-67.9375, -10.65625], [-68.375, -10.46875], [-68.59375, -10.53125], [-68.9375, -10.28125], [-69.375, -10.375], [-69.6875, -9.9375], [-70.03125, -9.9375], [-70.40625, -9.5], [-71.03125, -9.28125], [-71.21875, -9.0625], [-71.0625, -8.75], [-71.53125, -8.84375], [-71.625, -8.25], [-71.375, -8.0], [-71.96875, -7.375], [-71.34375, -7.375], [-71.40625, -7.09375], [-70.59375, -7.125], [-70.84375, -6.8125], [-71.5, -6.71875], [-71.25, -6.375], [-69.3125, -6.625], [-69.03125, -6.71875], [-69.09375, -6.96875], [-68.90625, -7.0625], [-67.09375, -7.0625], [-66.96875, -7.4375], [-66.71875, -7.46875], [-66.625, -7.21875], [-66.5, -7.40625], [-65.71875, -7.4375], [-65.3125, -7.75], [-64.6875, -7.90625], [-64.34375, -7.8125], [-64.3125, -7.5625], [-64.59375, -7.3125], [-65.25, -7.3125], [-65.3125, -7.15625], [-65.96875, -6.96875], [-65.96875, -6.84375], [-66.1875, -6.9375], [-66.21875, -6.8125], [-66.78125, -6.78125], [-67.28125, -6.40625], [-68.15625, -6.34375], [-68.8125, -5.90625], [-70.25, -5.6875], [-71.25, -5.28125], [-71.28125, -5.125], [-71.625, -5.28125], [-71.09375, -4.4375], [-70.84375, -4.4375], [-70.6875, -4.8125], [-70.1875, -4.75], [-70.1875, -4.34375], [-70.78125, -4.03125], [-70.84375, -3.71875], [-71.375, -3.28125], [-72.15625, -3.34375], [-72.59375, -3.15625], [-73.59375, -3.375], [-73.34375, -3.6875], [-72.9375, -3.625], [-72.78125, -3.8125], [-72.4375, -3.6875], [-72.375, -3.84375], [-71.84375, -4.03125], [-72.0625, -4.90625], [-72.28125, -5.03125], [-72.75, -6.28125], [-72.90625, -5.6875], [-72.6875, -5.0], [-72.96875, -5.25], [-73.65625, -5.25], [-73.46875, -5.5625], [-73.03125, -5.625], [-73.1875, -6.65625], [-73.40625, -7.0625], [-73.71875, -7.03125], [-73.78125, -6.53125], [-74.21875, -6.34375], [-74.28125, -6.15625], [-74.71875, -6.15625], [-74.625, -6.5625], [-74.40625, -6.5625], [-74.09375, -6.90625], [-74.28125, -7.09375], [-74.1875, -7.5], [-73.96875, -7.65625], [-73.375, -7.65625], [-73.40625, -7.84375], [-73.21875, -7.875], [-73.3125, -8.125], [-72.40625, -8.375], [-72.5, -8.625], [-73.4375, -8.53125], [-73.78125, -8.21875], [-74.40625, -8.0625], [-77.21875, -7.90625], [-77.9375, -7.625], [-78.6875, -7.75], [-78.9375, -7.40625], [-79.4375, -7.25], [-81.03125, -7.40625], [-81.25, -7.25], [-83.9375, -6.9375], [-84.25, -6.75], [-84.9375, -6.78125], [-85.0625, -6.9375], [-85.03125, -7.15625], [-84.78125, -7.28125], [-83.15625, -7.4375], [-83.96875, -7.5], [-83.78125, -7.78125], [-82.84375, -7.8125], [-82.375, -8.09375], [-80.34375, -8.4375], [-79.71875, -8.78125], [-78.15625, -9.15625], [-77.75, -9.09375], [-77.09375, -9.5], [-77.0, -9.3125], [-76.78125, -9.3125], [-75.90625, -9.65625], [-75.8125, -9.375], [-75.4375, -9.375], [-75.03125, -9.53125], [-74.75, -10.0], [-74.40625, -9.8125], [-73.875, -10.1875], [-73.46875, -10.25], [-73.21875, -10.59375], [-72.84375, -10.625], [-72.71875, -10.9375], [-72.9375, -11.21875], [-73.21875, -11.25], [-73.3125, -11.84375], [-73.03125, -11.96875], [-72.84375, -11.6875], [-72.71875, -12.75], [-72.03125, -13.40625], [-71.375, -13.59375], [-70.65625, -13.5], [-70.0625, -13.6875], [-69.875, -13.375], [-69.125, -13.15625], [-69.0, -12.90625], [-68.71875, -12.90625], [-68.25, -13.25], [-66.9375, -13.28125], [-66.75, -13.5], [-66.1875, -13.46875], [-65.75, -13.6875], [-64.40625, -13.8125], [-64.0, -14.03125], [-62.8125, -14.21875], [-62.875, -14.0], [-63.5625, -13.71875], [-64.21875, -13.71875], [-64.8125, -13.46875], [-66.0625, -13.28125], [-66.15625, -13.125], [-67.03125, -12.90625], [-67.3125, -12.59375], [-67.4375, -12.71875], [-67.65625, -12.5625], [-68.125, -12.65625], [-68.3125, -12.40625], [-68.6875, -12.3125], [-68.75, -12.03125], [-68.0, -12.28125], [-67.40625, -12.28125], [-66.875, -12.53125], [-66.1875, -12.5], [-65.9375, -12.6875], [-65.28125, -12.71875], [-65.0625, -12.59375], [-64.6875, -12.875], [-63.96875, -12.875], [-63.875, -13.03125], [-63.09375, -13.15625], [-62.9375, -13.3125], [-61.96875, -13.375], [-61.65625, -13.71875], [-61.125, -13.6875], [-60.875, -13.90625], [-60.0, -13.90625], [-60.0, -13.71875], [-59.84375, -13.6875], [-59.5, -13.75], [-59.125, -13.9375], [-58.96875, -14.28125], [-57.46875, -14.65625], [-57.125, -15.0], [-56.34375, -15.1875], [-56.09375, -15.5], [-55.625, -15.6875], [-55.125, -15.5625], [-54.75, -15.65625], [-54.25, -15.375], [-53.84375, -15.40625], [-53.21875, -15.75], [-50.6875, -15.6875], [-50.59375, -15.4375], [-50.0, -15.40625], [-49.875, -15.78125], [-50.25, -15.71875], [-50.84375, -16.21875], [-50.5625, -16.78125], [-49.96875, -16.90625], [-49.59375, -16.8125], [-48.5625, -17.15625], [-48.46875, -16.875], [-48.0, -16.65625], [-47.6875, -17.34375], [-47.25, -17.5625], [-46.625, -17.46875], [-46.5625, -17.78125], [-46.71875, -17.875], [-46.59375, -18.09375], [-46.4375, -18.0625], [-46.09375, -17.90625], [-46.03125, -17.5], [-45.3125, -17.4375], [-45.21875, -17.0625], [-44.8125, -17.0], [-44.71875, -16.625], [-44.4375, -16.4375], [-43.8125, -16.5], [-43.09375, -16.28125], [-42.625, -16.40625], [-41.6875, -16.0625], [-41.53125, -15.375], [-41.84375, -14.8125], [-41.53125, -14.59375], [-41.5625, -14.09375], [-41.1875, -13.53125], [-40.0, -13.4375], [-39.3125, -13.1875], [-39.09375, -13.0], [-38.9375, -12.4375], [-38.59375, -12.0625], [-38.25, -11.96875], [-37.5, -11.09375], [-37.125, -11.125], [-36.90625, -10.5625], [-36.53125, -10.8125], [-35.96875, -10.78125], [-35.8125, -10.90625], [-35.75, -11.65625], [-35.90625, -12.03125], [-35.78125, -12.15625], [-35.0625, -12.125], [-34.53125, -11.5625], [-34.40625, -11.5625], [-34.4375, -12.0], [-34.21875, -12.0], [-33.96875, -11.65625], [-33.71875, -11.65625], [-33.78125, -11.4375], [-33.21875, -11.59375], [-33.34375, -11.53125], [-33.1875, -11.28125], [-33.28125, -11.0625], [-33.09375, -10.96875], [-33.3125, -10.90625], [-33.28125, -10.53125], [-32.96875, -10.53125], [-32.625, -10.1875], [-31.65625, -9.90625], [-31.5625, -9.5625], [-30.9375, -9.5625], [-30.65625, -8.96875], [-30.28125, -9.0625], [-30.25, -8.84375], [-29.90625, -8.71875], [-29.875, -8.90625], [-29.71875, -8.75], [-29.3125, -8.75], [-29.15625, -9.03125], [-28.875, -8.96875], [-28.84375, -9.28125], [-28.78125, -9.09375], [-28.40625, -9.28125], [-28.0625, -8.90625], [-27.65625, -8.90625], [-27.5625, -8.625], [-27.0, -8.59375], [-26.96875, -8.3125], [-27.15625, -8.15625], [-26.96875, -8.0], [-26.75, -7.15625], [-26.03125, -6.875], [-26.03125, -6.21875], [-25.125, -5.71875], [-24.78125, -5.71875], [-24.25, -4.4375], [-24.28125, -4.1875], [-23.96875, -4.46875], [-23.5625, -4.40625], [-23.59375, -4.25], [-24.0, -4.25], [-23.875, -3.78125], [-23.46875, -3.71875], [-23.65625, -3.5], [-23.65625, -3.0625], [-23.90625, -2.9375], [-24.0625, -2.46875], [-24.34375, -2.4375], [-24.28125, -2.3125], [-24.65625, -2.09375], [-25.5, -2.375], [-25.84375, -2.0], [-25.9375, -2.5], [-26.125, -2.65625], [-26.4375, -2.625], [-26.71875, -2.125], [-26.625, -1.8125], [-25.5, -1.46875], [-26.0, -1.4375], [-26.0625, -1.25], [-26.40625, -1.1875], [-26.8125, -0.625], [-26.96875, -0.78125], [-26.75, -0.84375], [-26.625, -1.25], [-26.4375, -1.25], [-26.46875, -1.5625], [-27.0, -1.46875], [-27.1875, -1.25], [-27.28125, -1.4375], [-27.125, -1.5], [-27.15625, -1.75], [-28.21875, -1.71875], [-28.40625, -1.5], [-28.8125, -1.5625], [-28.75, -1.40625], [-28.90625, -1.3125], [-29.09375, -1.375], [-29.21875, -1.84375], [-29.875, -1.6875], [-29.96875, -0.96875], [-29.8125, -0.84375], [-29.84375, -0.5625], [-30.40625, -0.6875], [-30.46875, -0.53125], [-30.78125, -0.5], [-30.9375, -0.75], [-31.09375, -0.4375], [-31.53125, -0.25], [-31.8125, -0.34375], [-32.1875, 0.0625], [-32.21875, 0.28125], [-32.0625, 0.3125], [-31.875, 0.90625], [-32.0, 1.125], [-31.75, 1.15625], [-31.6875, 1.03125], [-31.40625, 1.3125], [-31.40625, 1.84375], [-31.1875, 1.9375], [-30.84375, 1.5], [-30.90625, 1.875], [-30.59375, 2.125], [-30.6875, 2.46875], [-30.40625, 3.78125], [-29.8125, 3.8125], [-29.65625, 3.5], [-29.125, 3.34375], [-29.46875, 2.40625], [-28.96875, 1.96875], [-28.90625, 1.53125], [-29.0625, 1.21875], [-28.71875, 1.5625], [-28.15625, 1.15625], [-27.8125, 1.25], [-27.90625, 1.625], [-27.75, 1.625], [-27.78125, 1.96875], [-28.34375, 1.96875], [-28.25, 2.3125], [-27.875, 2.65625], [-27.6875, 2.125], [-27.0625, 1.9375], [-26.75, 2.0], [-26.9375, 2.375], [-26.40625, 2.59375], [-26.03125, 1.59375], [-26.34375, 1.125], [-26.125, 0.15625], [-25.71875, 0.3125], [-25.53125, -0.03125], [-24.84375, -0.0625], [-24.6875, 0.125], [-24.6875, 0.90625], [-24.96875, 1.4375], [-24.75, 1.5], [-24.5625, 1.34375], [-24.46875, 1.75], [-24.25, 1.78125], [-24.21875, 1.9375], [-24.53125, 2.78125], [-24.46875, 3.59375], [-24.625, 4.34375], [-23.96875, 4.375], [-23.625, 5.03125], [-22.96875, 5.15625], [-23.03125, 5.4375], [-22.6875, 5.0625], [-22.28125, 5.15625], [-22.21875, 5.75], [-22.53125, 5.9375], [-22.25, 6.1875], [-21.78125, 6.21875], [-21.6875, 5.9375], [-21.3125, 5.875], [-21.15625, 6.28125], [-20.84375, 6.28125], [-20.84375, 6.0625], [-20.0625, 6.21875], [-19.84375, 5.96875], [-19.53125, 5.96875], [-19.15625, 5.4375], [-18.875, 5.5], [-18.78125, 5.0], [-18.4375, 5.03125], [-18.53125, 4.59375], [-18.3125, 4.03125], [-18.0, 3.78125], [-18.25, 3.375], [-18.1875, 2.9375], [-19.03125, 2.84375], [-19.0, 3.125], [-19.3125, 3.46875], [-19.28125, 4.0], [-19.4375, 4.1875], [-20.28125, 4.875], [-20.75, 4.875], [-20.90625, 5.125], [-21.25, 5.15625], [-22.03125, 4.8125], [-22.53125, 4.78125], [-22.5625, 4.59375], [-22.78125, 4.625], [-23.375, 3.53125], [-23.28125, 2.84375], [-23.5, 2.21875], [-23.40625, 1.625], [-23.21875, 1.40625], [-22.875, 1.40625], [-22.84375, 1.1875], [-22.375, 1.21875], [-22.3125, 0.625], [-21.40625, 0.3125], [-21.1875, 0.46875], [-20.84375, 0.375], [-19.8125, 0.84375], [-18.78125, 2.75], [-17.84375, 2.65625], [-18.0, 2.53125], [-18.28125, 0.46875], [-18.5625, 0.15625], [-18.4375, -0.0625], [-18.59375, -0.28125], [-18.875, -0.15625], [-18.90625, -0.34375], [-19.0625, -0.3125], [-19.09375, -0.625], [-19.34375, -0.53125], [-19.53125, -0.78125], [-19.84375, -0.6875], [-19.9375, -0.84375], [-20.28125, -0.78125], [-20.4375, -0.46875], [-20.6875, -0.5], [-21.03125, -0.8125], [-21.0, -1.03125], [-21.3125, -1.125], [-21.03125, -1.3125], [-21.34375, -1.53125], [-21.1875, -1.78125], [-21.8125, -1.5625], [-22.0, -1.25], [-22.5625, -1.5], [-22.6875, -1.78125], [-22.71875, -2.71875], [-22.4375, -2.75], [-22.375, -2.34375], [-21.21875, -2.46875], [-21.09375, -2.75], [-20.3125, -3.40625], [-20.125, -3.8125], [-19.90625, -3.78125], [-19.96875, -4.34375], [-19.53125, -4.53125], [-19.65625, -4.875], [-19.46875, -4.96875], [-19.375, -4.4375], [-19.28125, -4.78125], [-19.71875, -5.5625], [-20.125, -5.5625], [-20.4375, -5.75], [-20.375, -5.90625], [-20.03125, -5.9375], [-20.0625, -6.34375], [-20.59375, -6.46875], [-20.84375, -7.25], [-21.1875, -7.5625], [-21.15625, -7.78125], [-20.6875, -7.875], [-20.75, -8.15625], [-20.4375, -8.1875], [-20.40625, -8.4375], [-20.5625, -8.4375], [-20.625, -8.625], [-20.8125, -8.59375], [-21.03125, -8.25], [-21.25, -8.28125], [-21.4375, -7.96875], [-21.6875, -8.0625], [-21.8125, -8.53125], [-22.09375, -8.59375], [-22.3125, -9.0625], [-22.65625, -9.09375], [-22.6875, -8.875], [-22.8125, -9.09375], [-23.375, -9.125], [-23.78125, -8.96875], [-24.09375, -9.0625], [-23.75, -8.21875], [-24.0625, -8.375], [-24.3125, -8.3125], [-24.375, -8.125], [-23.1875, -7.1875], [-23.53125, -7.0], [-24.15625, -7.125], [-24.4375, -7.96875], [-24.90625, -8.15625], [-24.9375, -8.4375], [-25.09375, -8.46875], [-25.25, -9.46875], [-25.125, -9.3125], [-24.875, -9.34375], [-24.40625, -9.84375], [-24.0625, -9.78125], [-23.9375, -10.25], [-24.40625, -10.6875], [-24.53125, -10.5625], [-24.53125, -10.96875], [-24.78125, -10.8125], [-25.09375, -10.90625], [-25.0625, -11.15625], [-24.75, -11.1875], [-24.75, -11.3125], [-24.90625, -11.46875], [-25.21875, -11.3125], [-25.59375, -12.0625], [-25.375, -12.09375], [-25.25, -12.4375], [-24.71875, -12.28125], [-24.75, -12.65625], [-24.59375, -12.84375], [-24.46875, -12.46875], [-24.25, -12.40625], [-24.25, -12.71875], [-24.6875, -12.9375], [-24.59375, -13.21875], [-25.09375, -14.125], [-25.28125, -14.21875], [-25.375, -14.59375], [-26.15625, -14.90625], [-26.6875, -14.71875], [-26.8125, -15.0625], [-27.0, -15.0625], [-27.09375, -15.5], [-26.90625, -15.8125], [-27.375, -16.03125], [-27.5, -16.4375], [-27.34375, -16.78125], [-27.8125, -16.375], [-28.3125, -16.59375], [-28.1875, -17.0], [-28.375, -16.96875], [-28.34375, -17.15625], [-27.625, -17.125], [-27.6875, -17.59375], [-27.4375, -18.0], [-27.78125, -18.28125], [-27.65625, -17.8125], [-27.875, -17.3125], [-28.3125, -18.5], [-28.65625, -19.03125], [-29.0, -19.0], [-29.09375, -19.3125], [-29.46875, -19.4375], [-29.6875, -20.1875], [-29.53125, -20.15625], [-29.40625, -20.5], [-29.125, -20.375], [-28.6875, -20.46875], [-28.9375, -20.15625], [-28.5, -20.3125], [-28.03125, -20.25], [-27.84375, -20.0], [-27.9375, -19.5], [-27.03125, -19.125], [-26.71875, -19.15625], [-26.625, -18.59375], [-26.875, -18.125], [-26.5625, -17.875], [-26.625, -17.375], [-26.4375, -17.0625], [-26.59375, -17.03125], [-26.59375, -16.59375], [-26.40625, -16.53125], [-26.65625, -16.125], [-26.375, -16.25], [-25.9375, -16.03125], [-25.90625, -15.75], [-26.0625, -15.625], [-25.90625, -15.0625], [-25.28125, -14.8125], [-24.5, -13.9375], [-23.25, -14.09375], [-22.875, -13.6875], [-22.28125, -13.5], [-21.71875, -12.90625], [-21.6875, -12.625], [-21.53125, -12.78125], [-21.125, -12.46875], [-20.9375, -12.5], [-20.9375, -11.9375], [-20.40625, -11.21875], [-20.40625, -10.65625], [-19.6875, -10.40625], [-19.5625, -10.1875], [-19.4375, -10.1875], [-19.4375, -10.375], [-19.34375, -10.1875], [-19.03125, -10.25], [-18.59375, -9.8125], [-18.625, -9.625], [-19.1875, -9.75], [-19.46875, -9.21875], [-19.28125, -9.15625], [-19.15625, -9.375], [-18.9375, -9.375], [-18.5625, -9.1875], [-18.09375, -7.6875], [-18.28125, -7.75], [-18.5, -7.4375], [-18.84375, -7.78125], [-18.71875, -7.90625], [-18.375, -7.65625], [-18.53125, -8.40625], [-18.6875, -8.4375], [-18.8125, -8.15625], [-18.84375, -8.53125], [-19.21875, -8.46875], [-19.46875, -8.875], [-19.6875, -8.625], [-19.15625, -7.53125], [-18.96875, -7.53125], [-18.8125, -7.3125], [-19.21875, -7.03125], [-19.3125, -6.59375], [-19.15625, -6.25], [-19.21875, -6.09375], [-19.375, -6.125], [-18.9375, -5.15625], [-18.46875, -5.21875], [-18.40625, -4.84375], [-17.9375, -4.65625], [-17.875, -4.3125], [-17.4375, -4.1875], [-17.375, -4.3125], [-17.5625, -4.28125], [-17.59375, -4.4375], [-17.4375, -4.5], [-17.5, -4.9375], [-17.34375, -5.125], [-17.625, -5.1875], [-17.625, -5.375], [-17.15625, -5.28125], [-17.125, -5.65625], [-16.9375, -5.65625], [-16.8125, -5.9375], [-16.375, -5.96875], [-16.0625, -5.71875], [-16.125, -4.90625], [-15.875, -4.9375], [-16.0, -5.84375], [-16.5, -6.5], [-16.5, -6.65625], [-16.21875, -6.53125], [-16.125, -6.9375], [-16.0625, -6.6875], [-15.90625, -6.65625], [-16.0, -6.46875], [-15.84375, -6.4375], [-15.9375, -6.21875], [-15.65625, -5.8125], [-15.40625, -5.90625], [-15.28125, -5.65625], [-15.09375, -5.78125], [-15.09375, -5.53125], [-14.90625, -5.5], [-14.625, -5.96875], [-14.59375, -5.65625], [-13.8125, -5.53125], [-13.96875, -5.09375], [-13.5625, -4.90625], [-13.34375, -4.3125], [-13.4375, -3.96875], [-13.6875, -3.84375], [-13.3125, -3.6875], [-13.40625, -3.3125], [-13.0625, -3.34375], [-13.3125, -2.84375], [-13.09375, -2.71875], [-13.15625, -2.5625], [-12.875, -2.21875], [-13.34375, -1.96875], [-13.1875, -1.53125], [-13.53125, -1.4375], [-13.28125, -1.1875], [-13.4375, -0.71875], [-13.0625, -0.34375], [-12.4375, -0.34375], [-12.3125, 0.125], [-12.71875, 0.28125], [-12.71875, 0.625], [-12.875, 0.3125], [-13.40625, 0.40625], [-13.8125, 1.53125], [-13.6875, 1.84375], [-13.0625, 2.03125], [-13.03125, 2.3125], [-13.53125, 2.46875], [-13.46875, 2.90625], [-13.625, 3.0625], [-13.375, 3.15625], [-13.25, 3.03125], [-12.84375, 3.4375], [-12.9375, 3.875], [-12.625, 3.9375], [-12.625, 4.8125], [-12.8125, 4.96875], [-12.96875, 4.6875], [-13.4375, 4.6875], [-13.6875, 5.15625], [-13.46875, 4.0625], [-13.71875, 4.0], [-14.09375, 4.28125], [-14.125, 3.875], [-14.46875, 3.78125], [-14.6875, 4.125], [-14.875, 4.0625], [-15.125, 4.25], [-15.125, 4.40625], [-15.46875, 4.4375], [-15.53125, 4.25], [-15.9375, 4.21875], [-16.09375, 4.65625], [-16.0, 4.84375], [-16.15625, 4.84375], [-16.375, 5.46875], [-16.34375, 5.90625], [-16.65625, 5.6875], [-17.09375, 6.65625], [-17.0625, 6.90625], [-16.59375, 6.8125], [-16.59375, 7.0], [-16.125, 7.3125], [-16.21875, 6.90625], [-16.0, 6.8125], [-16.0, 6.46875], [-15.65625, 5.90625], [-15.4375, 5.84375], [-15.28125, 6.1875], [-15.34375, 6.96875], [-15.625, 6.96875], [-15.59375, 6.625], [-15.71875, 6.4375], [-15.875, 6.53125], [-15.6875, 7.46875], [-15.84375, 7.59375], [-15.875, 7.46875], [-16.25, 7.40625], [-16.625, 7.65625], [-16.40625, 8.3125], [-15.78125, 7.875], [-15.1875, 7.875], [-15.1875, 8.03125], [-14.875, 8.03125], [-15.1875, 8.8125], [-14.90625, 8.875], [-15.0625, 9.4375], [-14.75, 9.53125], [-14.71875, 10.03125], [-15.3125, 10.5625], [-15.0625, 11.34375], [-15.25, 11.75], [-15.65625, 11.90625], [-15.4375, 12.15625], [-15.5625, 12.6875], [-15.90625, 12.59375], [-16.0625, 12.71875], [-16.28125, 12.4375], [-16.15625, 12.28125], [-16.5, 11.8125], [-16.21875, 11.4375], [-16.28125, 10.78125], [-16.4375, 10.78125], [-16.4375, 10.53125], [-16.75, 10.5625], [-17.0, 10.34375], [-16.90625, 9.9375], [-16.5, 9.84375], [-16.5, 9.71875], [-16.6875, 9.625], [-16.6875, 9.375], [-17.375, 9.3125], [-17.375, 9.15625], [-17.15625, 9.0625], [-17.21875, 8.78125], [-17.4375, 8.78125], [-17.53125, 9.25], [-17.90625, 9.0], [-17.78125, 9.1875], [-17.9375, 9.46875], [-17.8125, 9.75], [-18.15625, 9.75], [-18.25, 9.9375], [-18.21875, 10.3125], [-18.09375, 9.96875], [-17.875, 9.96875], [-17.96875, 10.625], [-18.28125, 10.90625], [-18.53125, 10.5625], [-18.5625, 10.90625], [-18.8125, 10.90625], [-18.8125, 11.09375], [-18.375, 11.09375], [-18.5, 11.59375], [-18.78125, 11.71875], [-18.9375, 11.65625], [-19.03125, 11.09375], [-19.125, 11.25], [-19.375, 11.25], [-19.1875, 10.5625], [-19.5, 10.625], [-19.9375, 10.4375], [-19.65625, 10.8125], [-20.1875, 10.6875], [-20.21875, 11.0], [-20.40625, 10.90625], [-20.59375, 11.09375], [-20.71875, 11.03125], [-20.53125, 10.65625], [-20.6875, 10.15625], [-21.0625, 10.5625], [-21.46875, 10.28125], [-21.8125, 10.40625], [-22.375, 9.5625], [-22.6875, 9.40625], [-23.15625, 9.875], [-23.15625, 10.09375], [-23.40625, 10.125], [-23.15625, 10.3125], [-23.1875, 10.71875], [-23.0, 10.71875], [-22.96875, 10.90625], [-23.15625, 10.9375], [-23.21875, 10.75], [-24.21875, 10.75], [-24.4375, 10.40625], [-24.75, 10.5625], [-24.59375, 10.90625], [-23.1875, 11.03125], [-22.96875, 11.40625], [-22.75, 11.46875], [-22.75, 11.875], [-22.40625, 12.03125], [-22.34375, 12.4375], [-22.15625, 12.53125], [-22.21875, 13.03125], [-21.78125, 13.1875], [-21.59375, 13.53125], [-21.25, 13.34375], [-21.0625, 13.53125], [-21.09375, 13.71875], [-21.34375, 13.75], [-21.34375, 14.40625], [-21.15625, 14.5], [-20.78125, 14.34375], [-20.65625, 14.46875], [-20.53125, 15.25], [-20.25, 15.28125], [-20.09375, 14.96875], [-19.78125, 15.0625], [-19.78125, 15.1875], [-19.375, 15.21875], [-19.25, 15.625], [-19.0, 15.625], [-18.875, 16.1875], [-18.375, 16.03125], [-18.375, 16.375], [-17.875, 16.8125], [-18.125, 17.71875], [-18.40625, 17.6875], [-18.5, 18.375], [-18.3125, 18.375], [-18.28125, 18.5625], [-17.96875, 18.375], [-17.78125, 18.4375], [-17.6875, 18.875], [-17.34375, 19.21875], [-17.78125, 19.40625], [-17.9375, 19.96875], [-18.78125, 20.1875], [-18.71875, 20.3125], [-18.21875, 20.28125], [-18.0, 20.6875], [-18.0625, 21.09375], [-18.40625, 21.28125], [-18.84375, 21.1875], [-18.78125, 21.34375], [-18.15625, 21.5], [-17.65625, 21.84375], [-17.59375, 21.625], [-17.1875, 21.71875], [-17.15625, 21.90625], [-16.90625, 22.03125], [-16.84375, 21.8125], [-16.6875, 22.0], [-16.4375, 22.0], [-16.25, 21.71875], [-15.84375, 21.875], [-15.59375, 21.34375], [-16.0625, 21.125], [-15.21875, 20.84375], [-15.0, 20.40625], [-15.03125, 19.96875], [-14.78125, 19.59375], [-14.09375, 19.28125], [-13.875, 19.0], [-13.96875, 18.875], [-14.28125, 19.21875], [-14.75, 19.21875], [-15.03125, 18.90625], [-15.0, 18.375], [-14.15625, 17.8125], [-14.0, 18.0], [-14.0, 18.4375], [-13.75, 18.3125], [-13.53125, 18.5], [-13.59375, 18.21875], [-13.34375, 18.3125], [-13.3125, 17.96875], [-12.8125, 17.84375], [-12.625, 17.46875], [-12.25, 17.46875], [-12.0625, 17.59375], [-12.0625, 17.875], [-12.59375, 18.59375], [-12.15625, 18.5625], [-11.96875, 18.84375], [-12.3125, 18.9375], [-12.28125, 19.15625], [-12.625, 19.125], [-12.625, 19.28125], [-12.1875, 19.375], [-12.28125, 19.71875], [-12.65625, 19.75], [-12.625, 20.0625], [-12.0, 19.78125], [-12.09375, 20.0625], [-12.0, 20.15625], [-11.5625, 19.65625], [-10.78125, 20.0625], [-11.09375, 20.59375], [-11.5, 20.625], [-11.8125, 20.28125], [-12.03125, 20.28125], [-12.0, 20.53125], [-12.4375, 20.8125], [-12.28125, 21.0625], [-12.3125, 22.34375], [-11.6875, 23.34375], [-11.9375, 23.71875], [-11.9375, 24.125], [-11.53125, 24.71875], [-11.46875, 25.40625], [-11.15625, 25.28125], [-11.0, 24.96875], [-11.34375, 24.5], [-11.34375, 24.1875], [-10.9375, 23.75], [-10.1875, 23.8125], [-9.9375, 24.125], [-10.03125, 24.625], [-10.28125, 24.875], [-10.625, 24.9375], [-10.375, 25.4375], [-10.28125, 25.125], [-9.9375, 25.3125], [-9.90625, 25.03125], [-8.90625, 24.78125], [-8.90625, 24.53125], [-9.1875, 24.5625], [-9.1875, 24.6875], [-9.53125, 24.6875], [-9.65625, 24.53125], [-9.875, 23.96875], [-9.625, 23.6875], [-9.0, 23.71875], [-8.71875, 24.125], [-8.3125, 23.875], [-8.3125, 23.75], [-8.5, 23.75], [-8.46875, 23.46875], [-8.1875, 23.5625], [-8.09375, 23.4375], [-7.9375, 23.78125], [-7.6875, 23.875], [-7.65625, 23.59375], [-7.5, 23.71875], [-7.5, 23.4375], [-7.25, 23.34375], [-7.3125, 23.5625], [-6.875, 23.71875], [-6.9375, 23.375], [-6.6875, 23.40625], [-6.4375, 23.15625], [-6.0, 23.34375], [-6.03125, 22.9375], [-5.875, 22.6875], [-6.28125, 22.5625], [-5.96875, 22.25], [-5.1875, 22.5625], [-4.90625, 23.125], [-4.59375, 23.125], [-4.59375, 23.0], [-3.84375, 23.09375], [-3.6875, 23.6875], [-3.46875, 23.6875], [-3.21875, 23.0], [-2.9375, 22.84375], [-2.9375, 22.40625], [-2.75, 22.34375], [-2.6875, 22.5625], [-2.28125, 22.78125], [-2.25, 23.25], [-2.4375, 23.09375], [-2.46875, 23.53125], [-2.875, 23.8125], [-2.625, 23.8125], [-2.65625, 24.09375], [-2.1875, 24.28125], [-2.46875, 24.625], [-2.125, 24.75], [-1.6875, 24.65625], [-1.21875, 25.03125], [-1.03125, 25.3125], [-1.4375, 25.46875], [-1.53125, 25.6875], [-1.1875, 25.84375], [-1.0625, 25.625], [-0.84375, 25.6875], [-0.59375, 25.5], [-0.6875, 25.15625], [-0.4375, 25.21875], [-0.15625, 25.0625], [-0.34375, 24.90625], [-0.28125, 24.6875], [-0.0625, 24.6875], [0.3125, 25.03125], [0.4375, 24.75], [0.34375, 23.5625], [0.46875, 23.34375], [0.65625, 23.34375], [0.46875, 22.8125], [0.96875, 22.5625], [1.25, 22.75], [1.3125, 23.21875], [1.53125, 23.3125], [1.15625, 23.96875], [1.53125, 24.0], [1.625, 23.6875], [2.0625, 23.59375], [2.28125, 23.75], [2.25, 24.21875], [2.90625, 24.1875], [2.75, 23.90625], [2.46875, 23.90625], [2.46875, 23.71875], [2.75, 23.71875], [2.90625, 23.46875], [3.3125, 23.59375], [4.125, 23.28125], [4.09375, 22.90625], [4.59375, 22.84375], [4.8125, 22.25], [5.0, 22.53125], [5.21875, 22.5625], [5.28125, 22.40625], [5.375, 22.59375], [5.84375, 22.625], [5.8125, 23.40625], [6.15625, 23.5], [6.125, 23.28125], [6.40625, 23.125], [6.5, 22.84375], [6.875, 22.8125], [6.59375, 23.59375], [6.90625, 23.71875], [7.28125, 23.53125], [7.375, 23.28125], [7.0625, 22.90625], [7.34375, 22.6875], [6.84375, 22.375], [6.90625, 21.90625], [7.1875, 21.9375], [7.46875, 21.625], [7.625, 21.78125], [8.0, 21.65625], [8.40625, 21.78125], [8.4375, 21.5625], [8.15625, 21.53125], [8.71875, 21.09375], [9.03125, 20.625], [9.375, 20.8125], [9.34375, 21.25], [9.5, 21.21875], [9.625, 20.78125], [9.75, 20.8125], [9.75, 21.59375], [10.125, 21.3125], [10.65625, 21.375], [10.8125, 21.90625], [11.28125, 21.84375], [11.5625, 22.0], [11.625, 22.21875], [11.75, 22.21875], [11.84375, 21.875], [12.09375, 21.875], [12.40625, 22.125], [12.46875, 21.9375], [12.75, 21.84375], [12.6875, 21.15625], [12.90625, 21.21875], [13.3125, 22.03125], [13.15625, 22.375], [13.75, 22.40625], [13.875, 22.625], [14.34375, 22.5625], [14.4375, 22.6875], [14.46875, 23.0], [14.28125, 23.15625], [14.5, 23.15625], [14.71875, 23.40625], [14.40625, 23.4375], [14.3125, 23.84375], [14.4375, 23.84375], [14.53125, 23.46875], [14.75, 23.5625], [14.71875, 24.28125], [14.375, 24.625], [14.40625, 24.9375], [14.09375, 25.0], [13.9375, 25.71875], [13.46875, 26.0625], [12.59375, 26.0], [12.46875, 26.3125], [12.625, 26.5], [12.40625, 26.78125], [12.71875, 27.09375], [12.84375, 26.5], [13.1875, 26.46875], [13.375, 26.65625], [13.21875, 27.15625], [13.625, 26.90625], [13.9375, 26.9375], [14.34375, 25.9375], [14.3125, 25.03125], [14.59375, 25.0], [14.53125, 24.6875], [14.75, 24.625], [14.84375, 24.75], [14.65625, 24.96875], [14.75, 25.75], [15.34375, 25.34375], [15.4375, 24.84375], [15.9375, 24.875], [16.03125, 25.53125], [16.1875, 25.5625], [16.28125, 25.375], [16.375, 25.84375], [16.0625, 25.78125], [15.84375, 26.1875], [16.25, 26.0625], [16.21875, 26.3125], [16.40625, 26.40625], [16.40625, 26.59375], [16.21875, 26.6875], [15.90625, 26.53125], [15.6875, 26.78125], [15.40625, 26.78125], [15.09375, 27.03125], [15.03125, 28.125], [15.25, 28.21875], [15.78125, 28.0625], [15.8125, 28.78125], [16.0625, 29.25], [16.28125, 29.21875], [16.625, 29.53125], [16.0, 29.59375], [15.6875, 29.90625], [15.46875, 29.90625], [15.4375, 29.6875], [15.0625, 29.5625], [14.5625, 30.03125], [14.6875, 30.34375], [14.5625, 30.65625], [13.65625, 30.625], [13.40625, 31.28125], [14.09375, 31.40625], [14.15625, 31.75], [13.875, 31.96875], [13.46875, 31.9375], [13.40625, 32.15625], [13.09375, 32.09375], [13.34375, 31.6875], [13.0, 31.71875], [13.15625, 31.1875], [12.96875, 31.0], [12.46875, 32.1875], [12.0, 32.53125], [11.90625, 32.78125], [11.28125, 32.78125], [10.6875, 33.0625], [10.84375, 33.3125], [11.15625, 33.3125], [11.1875, 33.46875], [10.8125, 33.65625], [10.5625, 34.84375], [10.8125, 34.8125], [10.90625, 35.125], [11.125, 35.125], [11.15625, 34.875], [11.59375, 34.96875], [12.3125, 34.625], [12.6875, 34.6875], [13.0, 34.875], [13.0, 35.46875], [13.125, 35.46875], [13.8125, 35.15625], [13.9375, 34.6875], [14.25, 34.90625], [14.15625, 35.125], [14.875, 35.4375], [15.46875, 35.34375], [15.75, 35.1875], [15.71875, 34.96875], [16.15625, 34.8125], [16.8125, 34.78125], [16.78125, 34.3125], [16.4375, 34.1875], [16.5, 33.375], [17.15625, 33.15625], [17.3125, 32.96875], [17.21875, 32.65625], [17.40625, 32.71875], [17.5, 33.125], [17.84375, 33.09375], [17.90625, 32.84375], [17.625, 32.6875], [17.625, 32.40625], [17.25, 32.5625], [17.3125, 32.25], [17.625, 32.0625], [17.59375, 32.3125], [17.78125, 32.34375], [18.5625, 31.90625], [19.03125, 31.84375], [19.125, 31.5], [18.875, 31.4375], [18.78125, 31.6875], [18.59375, 31.6875], [18.46875, 31.40625], [18.5625, 31.25], [18.8125, 31.25], [18.6875, 30.6875], [19.25, 30.53125], [19.25, 30.84375], [19.8125, 30.84375], [20.28125, 31.1875], [20.3125, 31.59375], [20.03125, 31.3125], [19.75, 31.3125], [19.75, 31.15625], [19.3125, 31.15625], [19.15625, 31.96875], [18.5, 32.0625], [17.875, 32.375], [17.875, 32.5625], [18.28125, 32.78125], [18.0625, 33.15625], [18.65625, 32.9375], [18.40625, 33.25], [18.1875, 33.25], [18.21875, 33.65625], [17.6875, 33.78125], [17.6875, 33.90625], [18.15625, 33.875], [18.28125, 34.0], [18.25, 34.40625], [18.46875, 34.6875], [18.0625, 34.8125], [17.9375, 34.6875], [18.0, 34.40625], [17.6875, 34.3125], [17.65625, 34.0625], [17.4375, 34.09375], [17.4375, 34.53125], [17.28125, 34.6875], [17.40625, 35.15625], [17.25, 35.21875], [17.4375, 35.6875], [17.1875, 35.875], [17.21875, 35.5625], [16.96875, 35.5625], [16.53125, 35.6875], [16.34375, 35.9375], [16.65625, 35.8125], [16.6875, 36.09375], [17.15625, 36.125], [17.46875, 36.53125], [17.71875, 36.3125], [18.0, 36.3125], [18.25, 36.625], [18.5625, 36.65625], [18.71875, 36.96875], [19.59375, 37.09375], [19.59375, 36.78125], [19.875, 36.71875], [19.96875, 37.09375], [20.4375, 37.03125], [20.625, 37.625], [20.3125, 37.84375], [20.8125, 38.125], [20.84375, 38.59375], [21.03125, 38.59375], [21.09375, 38.8125], [21.875, 39.09375], [22.96875, 38.125], [22.5625, 38.1875], [22.46875, 38.0625], [22.0625, 38.3125], [21.21875, 38.34375], [21.59375, 38.0], [21.34375, 37.96875], [21.28125, 37.53125], [21.0625, 37.6875], [20.84375, 37.5625], [20.84375, 37.15625], [20.625, 36.84375], [20.0625, 36.5625], [20.21875, 36.1875], [20.03125, 35.9375], [20.15625, 35.71875], [19.96875, 35.28125], [20.90625, 35.4375], [20.8125, 35.09375], [21.09375, 34.875], [22.53125, 35.28125], [23.125, 35.125], [23.40625, 35.5625], [23.96875, 35.71875], [24.34375, 36.3125], [25.25, 36.25], [25.1875, 36.46875], [24.71875, 36.53125], [24.875, 37.53125], [24.375, 37.75], [24.375, 37.9375], [24.78125, 37.78125], [24.59375, 38.09375], [23.9375, 37.96875], [23.71875, 38.0625], [23.96875, 38.09375], [24.0, 38.34375], [25.09375, 38.84375], [25.09375, 39.4375], [25.4375, 39.21875], [25.78125, 39.21875], [25.71875, 39.4375], [25.375, 39.5], [25.34375, 39.875], [25.65625, 39.9375], [26.65625, 39.5625], [26.65625, 39.28125], [27.0625, 39.40625], [27.5625, 38.5625], [27.84375, 38.9375], [28.53125, 39.09375], [28.71875, 38.96875], [28.59375, 38.625], [29.0625, 38.3125], [29.25, 38.34375], [29.40625, 38.125], [29.28125, 38.03125], [28.96875, 38.28125], [28.03125, 38.4375], [27.53125, 38.15625], [27.15625, 38.21875], [27.3125, 37.9375], [28.15625, 38.125], [28.0625, 37.53125], [28.1875, 37.3125], [28.0, 37.0], [27.25, 37.09375], [27.03125, 37.28125], [26.59375, 37.21875], [26.40625, 36.875], [26.46875, 36.65625], [26.75, 36.53125], [26.71875, 36.34375], [26.5, 36.28125], [26.1875, 35.5625], [25.9375, 35.34375], [26.4375, 35.40625], [26.40625, 35.65625], [26.5625, 35.6875], [26.65625, 35.28125], [26.8125, 35.21875], [26.90625, 35.4375], [26.6875, 35.96875], [26.9375, 36.125], [27.125, 36.5625], [27.65625, 36.78125], [28.28125, 36.71875], [28.84375, 35.9375], [29.5, 35.875], [28.75, 36.34375], [28.84375, 36.65625], [28.71875, 36.75], [29.0, 36.6875], [29.0625, 36.9375], [29.3125, 36.84375], [29.59375, 37.0625], [29.84375, 37.0], [29.75, 37.25], [29.875, 37.4375], [30.625, 37.4375], [30.375, 37.75], [29.9375, 37.59375], [29.78125, 37.75], [30.0625, 38.09375], [30.28125, 38.09375], [30.25, 38.25], [30.0625, 38.25], [30.3125, 38.53125], [30.0, 38.71875], [30.03125, 38.96875], [30.40625, 39.3125], [30.65625, 39.28125], [30.5, 39.625], [30.96875, 39.625], [31.0625, 39.875], [30.59375, 40.46875], [30.125, 40.78125], [30.125, 41.0], [28.84375, 41.5625], [28.90625, 41.875], [28.75, 42.125], [29.03125, 42.59375], [29.25, 42.5625], [29.28125, 42.34375], [29.03125, 42.3125], [28.96875, 42.125], [30.0, 42.0], [29.84375, 41.78125], [30.0, 41.34375], [30.78125, 41.1875], [31.21875, 41.375], [32.25, 41.1875], [32.875, 41.3125], [33.40625, 41.03125], [33.4375, 40.71875], [34.09375, 40.25], [34.03125, 39.875], [33.78125, 39.75], [33.875, 39.5625], [34.375, 39.875], [35.1875, 39.78125], [35.375, 40.0], [34.875, 40.5], [34.6875, 41.21875], [34.71875, 41.46875], [35.1875, 41.78125], [35.65625, 41.75], [35.625, 41.5], [35.90625, 41.4375], [35.90625, 41.3125], [35.53125, 41.375], [35.4375, 41.3125], [36.1875, 40.59375], [36.25, 40.75], [36.8125, 40.78125], [36.6875, 40.5625], [36.4375, 40.59375], [36.28125, 40.4375], [36.40625, 40.1875], [36.75, 40.15625], [37.0, 40.4375], [37.6875, 40.125], [37.71875, 40.25], [37.28125, 40.40625], [37.4375, 40.59375], [37.09375, 40.71875], [37.21875, 41.09375], [36.78125, 41.09375], [36.65625, 41.28125], [36.6875, 41.65625], [36.90625, 41.875], [36.78125, 42.125], [37.09375, 42.40625], [36.78125, 42.59375], [36.5625, 42.28125], [36.21875, 42.375], [36.21875, 42.21875], [36.0, 42.15625], [36.0, 41.90625], [35.75, 41.8125], [35.4375, 41.96875], [35.59375, 42.75], [35.84375, 43.15625], [37.0, 43.40625], [37.125, 43.8125], [37.5625, 44.03125], [38.0, 44.03125], [38.3125, 44.5], [38.75, 44.375], [39.4375, 44.75], [39.8125, 44.75], [40.0625, 44.5], [40.0625, 44.21875], [39.75, 43.875], [39.90625, 43.40625], [40.625, 43.28125], [41.1875, 43.6875], [41.3125, 43.59375], [41.28125, 43.1875], [41.96875, 42.59375], [42.0, 42.03125], [42.8125, 41.90625], [43.0625, 42.09375], [43.28125, 41.1875], [42.96875, 41.0625], [43.09375, 41.0625], [43.03125, 40.71875], [43.34375, 40.5], [44.21875, 40.53125], [44.4375, 40.3125], [44.65625, 40.34375], [45.0, 40.53125], [44.84375, 40.78125], [45.375, 40.90625], [45.8125, 41.25], [46.0625, 41.6875], [45.84375, 42.1875], [45.9375, 42.53125], [45.5, 42.5625], [44.78125, 42.96875], [44.34375, 42.78125], [43.75, 42.9375], [44.0, 43.125], [43.78125, 43.125], [43.9375, 43.375], [43.625, 43.5625], [43.65625, 43.6875], [43.875, 43.625], [43.875, 44.03125], [44.0625, 44.03125], [44.15625, 43.8125], [44.3125, 44.0], [44.625, 44.0], [44.71875, 43.75], [44.875, 43.75], [45.0, 44.0], [46.375, 44.71875], [46.9375, 44.46875], [47.71875, 44.46875], [47.65625, 43.96875], [47.46875, 43.78125], [47.6875, 43.53125], [47.59375, 43.21875], [48.125, 43.40625], [48.15625, 43.1875], [48.5625, 43.15625], [48.34375, 42.84375], [48.625, 42.71875], [48.78125, 42.40625], [48.3125, 42.09375], [48.21875, 41.625], [47.84375, 41.5], [47.3125, 41.53125], [46.875, 41.3125], [46.90625, 41.6875], [46.53125, 41.5625], [46.21875, 41.71875], [46.1875, 40.96875], [46.40625, 40.6875], [46.625, 40.75], [46.8125, 40.53125], [47.78125, 40.71875], [47.65625, 41.03125], [48.5625, 41.25], [49.0, 41.6875], [49.21875, 41.71875], [49.34375, 41.5625], [49.40625, 42.09375], [50.09375, 42.1875], [50.09375, 42.375], [50.3125, 42.53125], [50.65625, 42.25], [50.25, 42.125], [50.34375, 41.875], [49.96875, 41.84375], [50.0625, 41.625], [51.28125, 41.09375], [51.34375, 40.9375], [51.875, 40.8125], [51.8125, 40.625], [51.375, 40.59375], [51.09375, 40.34375], [51.21875, 39.875], [51.75, 39.875], [52.25, 40.09375], [52.25, 40.34375], [51.90625, 40.5625], [52.0, 40.78125], [53.0, 40.90625], [52.71875, 40.71875], [53.1875, 40.625], [53.25, 40.46875], [53.59375, 40.46875], [53.8125, 40.65625], [54.3125, 40.59375], [54.5625, 41.0], [54.34375, 41.15625], [54.40625, 41.34375], [55.75, 41.5], [55.75, 41.25], [56.46875, 40.875], [56.46875, 40.71875], [56.0, 40.5625], [55.9375, 41.03125], [55.34375, 41.0], [55.28125, 40.71875], [55.65625, 40.5], [55.53125, 39.75], [55.8125, 39.40625], [55.78125, 39.21875], [56.46875, 38.90625], [56.53125, 38.625], [56.78125, 38.5625], [56.96875, 38.28125], [56.53125, 38.1875], [56.28125, 38.3125], [56.34375, 38.125], [56.5, 38.125], [56.4375, 37.53125], [56.6875, 37.28125], [56.25, 37.34375], [55.75, 36.71875], [56.09375, 36.0625], [57.0625, 36.09375], [57.15625, 35.78125], [57.875, 35.8125], [58.15625, 35.4375], [58.46875, 35.5], [58.8125, 35.25], [59.03125, 35.3125], [59.15625, 35.125], [59.28125, 35.375], [59.03125, 35.40625], [58.40625, 36.09375], [59.15625, 36.46875], [59.375, 36.34375], [60.28125, 36.46875], [61.125, 37.03125], [61.125, 37.28125], [61.3125, 37.28125], [61.1875, 36.9375], [61.53125, 37.03125], [61.53125, 36.84375], [61.71875, 36.75], [62.28125, 36.84375], [62.59375, 36.5], [62.59375, 36.28125], [62.21875, 36.4375], [62.0625, 36.21875], [62.5, 35.71875], [61.5, 35.59375], [61.375, 35.0625], [62.5, 35.09375], [62.53125, 35.28125], [62.15625, 35.53125], [62.34375, 35.59375], [62.53125, 35.3125], [62.78125, 35.46875], [62.75, 35.09375], [62.53125, 35.0625], [62.78125, 34.96875], [62.75, 34.78125], [62.21875, 34.90625], [62.5, 34.8125], [62.40625, 34.625], [62.5, 34.5], [63.03125, 34.71875], [62.96875, 35.21875], [63.40625, 35.34375], [63.34375, 35.03125], [63.84375, 35.03125], [63.8125, 35.4375], [64.09375, 35.4375], [64.15625, 35.125], [63.9375, 34.9375], [63.96875, 34.75], [63.375, 34.625], [63.375, 34.5], [63.59375, 34.53125], [63.5625, 34.375], [63.21875, 34.4375], [62.84375, 34.28125], [63.40625, 34.15625], [63.8125, 34.34375], [63.96875, 33.875], [64.125, 33.84375], [64.15625, 34.03125], [64.59375, 33.875], [64.5, 33.65625], [64.65625, 33.3125], [64.78125, 33.46875], [65.28125, 33.46875], [65.15625, 33.9375], [65.3125, 34.09375], [65.3125, 34.46875], [65.1875, 34.5625], [65.65625, 34.65625], [65.59375, 34.34375], [65.75, 34.21875], [66.1875, 34.46875], [66.5, 34.40625], [66.5, 34.28125], [66.3125, 34.3125], [66.15625, 34.125], [66.5625, 34.25], [66.875, 34.125], [67.15625, 34.25], [67.0, 34.5], [67.5, 34.4375], [67.65625, 34.59375], [67.65625, 34.9375], [68.1875, 34.96875], [68.34375, 34.625], [68.59375, 34.6875], [68.53125, 34.53125], [68.59375, 34.4375], [68.875, 34.53125], [68.90625, 34.71875], [68.75, 34.75], [68.75, 35.0], [68.46875, 35.03125], [68.5, 35.21875], [69.1875, 35.28125], [69.125, 34.96875], [69.3125, 34.90625], [69.4375, 34.59375], [69.28125, 34.4375], [69.625, 34.34375], [69.5625, 34.125], [69.6875, 34.0625], [69.90625, 34.5], [69.59375, 34.84375], [69.53125, 35.15625], [69.78125, 35.34375], [69.75, 35.59375], [70.03125, 35.6875], [70.5, 35.3125], [70.21875, 35.1875], [70.46875, 35.09375], [70.46875, 34.4375], [70.28125, 34.40625], [70.5625, 34.0625], [70.75, 34.0], [70.71875, 34.28125], [71.5, 34.1875], [71.5, 34.0625], [70.90625, 33.96875], [70.9375, 33.78125], [70.6875, 33.75], [70.75, 33.53125], [71.03125, 33.71875], [71.0625, 33.34375], [72.65625, 33.1875], [72.75, 33.0], [73.0625, 33.0625], [73.5625, 32.71875], [74.21875, 32.65625], [74.28125, 32.375], [74.0625, 32.0625], [73.78125, 32.09375], [73.78125, 32.3125], [73.625, 32.1875], [73.34375, 32.28125], [73.03125, 31.8125], [73.4375, 31.25], [73.6875, 31.375], [73.84375, 31.03125], [73.59375, 30.6875], [73.96875, 30.78125], [74.125, 30.40625], [73.6875, 30.03125], [73.875, 29.8125], [73.53125, 29.8125], [73.46875, 29.9375], [73.46875, 29.8125], [72.5625, 29.5], [72.9375, 29.15625], [73.8125, 29.15625], [73.875, 29.34375], [74.125, 29.34375], [74.3125, 29.125], [74.25, 28.8125], [74.625, 28.3125], [75.25, 28.5625], [75.15625, 28.71875], [74.75, 28.6875], [74.75, 28.9375], [74.96875, 29.0], [74.78125, 29.1875], [75.125, 29.15625], [75.25, 28.8125], [75.6875, 28.78125], [75.71875, 28.65625], [75.8125, 28.78125], [75.59375, 29.09375], [75.875, 29.09375], [76.03125, 28.78125], [76.15625, 29.1875], [75.96875, 29.15625], [75.9375, 29.28125], [76.5625, 29.28125], [76.625, 29.4375], [76.125, 29.4375], [75.65625, 29.6875], [76.09375, 29.75], [76.28125, 29.53125], [76.34375, 30.0625], [76.0625, 29.96875], [75.96875, 30.1875], [76.65625, 30.8125], [76.84375, 30.8125], [76.71875, 31.34375], [77.0625, 31.3125], [77.21875, 31.53125], [77.6875, 31.40625], [77.84375, 31.125], [77.84375, 30.90625], [77.59375, 30.96875], [77.53125, 30.84375], [77.59375, 30.5625], [78.03125, 30.1875], [77.96875, 29.8125], [78.125, 29.65625], [77.875, 29.1875], [77.9375, 29.03125], [78.09375, 29.1875], [78.21875, 29.0], [78.15625, 28.71875], [78.53125, 28.78125], [78.5, 28.9375], [78.625, 28.9375], [78.84375, 28.71875], [78.625, 28.46875], [79.15625, 28.34375], [79.71875, 28.5625], [79.9375, 28.3125], [80.5, 28.21875], [80.875, 28.40625], [81.125, 28.28125], [81.09375, 28.46875], [81.375, 28.4375], [81.40625, 28.6875], [81.59375, 28.5625], [81.78125, 28.65625], [81.78125, 28.46875], [82.3125, 28.5625], [82.375, 28.40625], [82.65625, 28.375], [82.6875, 28.1875], [82.09375, 28.0625], [82.28125, 27.8125], [82.625, 27.875], [82.90625, 27.625], [82.90625, 27.875], [82.6875, 28.0], [82.875, 28.4375], [83.25, 27.90625], [83.625, 27.84375], [83.5625, 27.65625], [83.1875, 27.65625], [83.1875, 27.34375], [83.4375, 27.375], [83.34375, 27.0625], [83.71875, 26.96875], [83.875, 26.6875], [84.375, 26.65625], [84.4375, 26.46875], [85.03125, 26.15625], [85.3125, 25.5625], [85.1875, 25.25], [85.03125, 25.21875], [85.15625, 24.84375], [84.9375, 24.875], [84.84375, 24.5625], [85.21875, 24.65625], [85.21875, 24.46875], [84.96875, 24.375], [84.78125, 24.53125], [84.6875, 24.1875], [84.5625, 24.1875], [84.5625, 24.375], [84.3125, 24.1875], [83.78125, 24.375], [83.71875, 24.15625], [83.34375, 24.0], [83.1875, 23.59375], [82.84375, 23.6875], [82.6875, 23.90625], [82.71875, 24.09375], [82.84375, 24.09375], [82.875, 23.875], [83.125, 23.90625], [83.03125, 24.125], [83.28125, 24.3125], [83.125, 24.65625], [82.78125, 24.21875], [82.21875, 24.21875], [82.1875, 24.0], [81.90625, 24.09375], [81.90625, 23.71875], [81.6875, 23.625], [81.78125, 23.3125], [81.65625, 23.3125], [81.59375, 22.8125], [81.375, 22.625], [81.46875, 22.4375], [80.59375, 22.125], [80.59375, 21.9375], [80.15625, 22.03125], [80.0, 21.625], [80.4375, 21.34375], [80.03125, 21.15625], [80.0, 20.8125], [79.71875, 20.84375], [79.59375, 20.65625], [78.90625, 20.5], [78.65625, 19.84375], [78.40625, 19.8125], [78.21875, 19.4375], [77.75, 19.375], [77.59375, 19.03125], [77.09375, 18.78125], [76.96875, 17.84375], [76.71875, 17.96875], [76.4375, 17.84375], [76.4375, 17.375], [76.6875, 17.3125], [76.71875, 17.15625], [76.25, 17.28125], [76.03125, 17.0625], [76.15625, 16.46875], [76.5, 16.21875], [76.40625, 15.8125], [76.53125, 15.78125], [76.53125, 14.84375], [76.78125, 14.875], [76.78125, 14.15625], [76.96875, 14.125], [76.875, 13.53125], [77.15625, 13.4375], [77.15625, 13.1875], [77.4375, 13.125], [77.4375, 12.90625], [77.84375, 12.84375], [77.53125, 12.5], [77.625, 12.09375], [77.96875, 11.9375], [77.8125, 11.40625], [78.1875, 10.28125], [78.15625, 9.875], [78.375, 9.71875], [78.375, 9.125], [78.6875, 8.5625], [78.6875, 8.1875], [78.875, 8.03125], [78.875, 7.625], [79.375, 7.40625], [79.46875, 6.90625], [79.96875, 6.625], [80.15625, 6.21875], [80.0, 6.0], [80.0625, 5.65625], [80.625, 5.53125], [81.375, 5.6875], [81.0, 5.5], [80.9375, 5.125], [81.0, 4.96875], [81.53125, 4.84375], [81.5625, 4.34375], [81.90625, 4.375], [81.9375, 3.8125], [81.75, 3.625], [81.90625, 3.3125], [82.25, 3.40625], [83.375, 3.21875], [83.5625, 3.4375], [84.25, 2.90625], [84.71875, 2.875], [84.6875, 2.65625], [84.84375, 2.84375], [85.40625, 2.9375], [85.40625, 2.65625], [85.6875, 2.40625], [86.21875, 2.53125], [86.09375, 3.21875], [86.25, 3.28125], [86.40625, 3.28125], [86.4375, 2.875], [87.0, 2.84375], [87.0625, 3.15625], [87.21875, 3.1875], [87.34375, 2.75], [87.75, 2.65625], [87.875, 2.34375], [88.21875, 2.4375], [88.09375, 2.84375], [88.25, 3.0], [88.4375, 3.0], [88.40625, 2.65625], [88.625, 2.625], [89.46875, 3.09375], [90.09375, 2.84375], [90.03125, 2.46875], [89.6875, 2.53125], [90.0625, 2.375], [90.28125, 2.78125], [90.8125, 2.65625], [91.125, 2.84375], [91.1875, 3.09375], [91.0, 3.40625], [91.46875, 3.4375], [91.4375, 3.1875], [91.78125, 2.84375], [92.375, 2.8125], [92.6875, 3.125], [92.6875, 3.53125], [92.4375, 3.96875], [91.90625, 3.96875], [91.96875, 4.25], [92.21875, 4.3125], [92.3125, 4.09375], [92.65625, 4.09375], [92.71875, 3.8125], [92.9375, 3.78125], [93.21875, 4.46875], [92.875, 4.6875], [92.90625, 4.84375], [93.125, 4.8125], [93.1875, 4.625], [93.8125, 4.65625], [94.03125, 4.84375], [94.25, 4.8125], [94.15625, 5.0], [94.4375, 5.0], [94.5625, 5.3125], [94.875, 5.34375], [94.9375, 5.09375], [95.3125, 5.15625], [95.21875, 5.4375], [95.0625, 5.28125], [94.875, 5.375], [94.78125, 6.1875], [94.90625, 6.3125], [95.3125, 6.25], [95.125, 6.0625], [95.09375, 5.71875], [95.625, 5.59375], [96.03125, 6.3125], [96.15625, 6.3125], [96.15625, 6.125], [96.625, 6.3125], [96.8125, 6.9375], [96.6875, 7.21875], [96.96875, 7.21875], [97.0, 7.34375], [97.375, 7.3125], [97.5, 7.15625], [97.90625, 7.28125], [98.21875, 6.96875], [98.375, 7.15625], [98.1875, 7.5625], [98.28125, 7.9375], [98.5625, 7.90625], [98.65625, 8.21875], [98.9375, 7.96875], [98.96875, 7.59375], [98.8125, 7.40625], [99.125, 7.34375], [98.90625, 6.375], [99.21875, 6.8125], [99.375, 7.53125], [99.65625, 7.5], [99.625, 7.15625], [99.875, 7.375], [100.71875, 7.25], [100.96875, 8.09375], [101.375, 8.40625], [101.53125, 8.6875], [101.4375, 9.0], [101.78125, 9.21875], [101.78125, 9.375], [101.65625, 9.375], [101.6875, 9.75], [101.4375, 9.5625], [100.3125, 9.5], [100.3125, 10.09375], [100.03125, 10.28125], [100.09375, 10.8125], [100.375, 10.875], [100.5625, 10.46875], [100.9375, 10.375], [101.40625, 10.65625], [101.34375, 11.15625], [101.71875, 11.3125], [101.71875, 11.59375], [102.28125, 11.46875], [102.9375, 11.71875], [103.3125, 11.53125], [103.1875, 11.65625], [103.28125, 11.875], [103.65625, 11.84375], [103.625, 12.125], [103.4375, 12.15625], [103.53125, 12.3125], [102.9375, 12.40625], [102.90625, 12.21875], [102.5625, 12.28125], [102.40625, 12.53125], [102.5, 12.9375], [103.34375, 12.8125], [103.5, 12.40625], [103.8125, 12.5], [103.875, 12.34375], [103.90625, 12.46875], [104.21875, 12.40625], [104.46875, 12.65625], [104.71875, 12.625], [104.84375, 12.90625], [105.03125, 12.90625], [105.1875, 12.6875], [105.21875, 13.0], [104.96875, 13.15625], [104.9375, 13.375], [105.46875, 13.375], [105.75, 13.21875], [106.125, 13.25], [106.375, 12.75], [106.25, 12.5625], [106.46875, 12.4375], [106.5625, 12.59375], [106.75, 12.1875], [107.28125, 12.0625], [107.40625, 12.28125], [107.5625, 12.25], [107.53125, 11.65625], [107.90625, 12.28125], [108.90625, 12.21875], [109.09375, 12.0625], [109.15625, 12.1875], [109.4375, 12.0625], [109.53125, 12.21875], [109.78125, 12.0625], [109.78125, 12.28125], [110.09375, 12.34375], [110.1875, 11.90625], [110.0625, 11.46875], [110.625, 11.3125], [110.78125, 11.53125], [110.8125, 11.1875], [111.375, 11.34375], [111.65625, 11.09375], [112.125, 11.28125], [112.03125, 11.78125], [112.25, 11.78125], [112.3125, 11.4375], [112.59375, 11.375], [112.4375, 11.28125], [112.46875, 11.09375], [112.625, 11.09375], [112.59375, 10.8125], [112.65625, 10.9375], [112.96875, 10.84375], [113.0, 11.0], [113.25, 10.84375], [113.46875, 10.96875], [113.65625, 10.5625], [114.09375, 10.625], [114.25, 10.28125], [114.53125, 10.125], [114.78125, 10.3125], [115.5625, 10.1875], [116.125, 10.4375], [116.3125, 10.78125], [116.46875, 10.625], [116.75, 10.65625], [117.21875, 10.1875], [117.5625, 10.28125], [118.0625, 10.125], [118.09375, 10.3125], [118.4375, 10.46875], [118.5, 10.3125], [118.28125, 10.25], [118.3125, 10.03125], [119.84375, 9.5625], [120.71875, 9.09375], [120.96875, 8.65625], [121.1875, 8.75], [121.09375, 8.5], [121.34375, 7.96875], [122.0, 7.875], [122.03125, 7.71875], [122.5625, 7.90625], [122.46875, 7.71875], [122.6875, 7.625], [122.4375, 7.3125], [122.5625, 7.03125], [123.1875, 7.21875], [123.625, 6.75], [124.15625, 6.8125], [124.25, 6.625], [124.625, 6.6875], [124.625, 6.53125], [125.0, 6.71875], [125.34375, 6.0], [125.5625, 5.90625], [126.09375, 6.03125], [126.09375, 5.4375], [125.75, 5.40625], [125.9375, 5.1875], [126.34375, 5.09375], [126.40625, 5.1875], [126.21875, 5.1875], [126.125, 5.40625], [126.34375, 5.53125], [126.4375, 5.375], [126.75, 5.40625], [126.75, 4.96875], [127.0, 5.28125], [126.96875, 5.0], [127.28125, 4.8125], [127.125, 5.1875], [127.3125, 5.15625], [127.375, 5.59375], [128.0, 5.5], [127.84375, 5.15625], [128.09375, 5.1875], [128.0625, 4.90625], [128.28125, 4.96875], [128.59375, 4.84375], [128.65625, 4.625], [128.96875, 4.65625], [129.46875, 4.34375], [129.46875, 4.1875], [128.96875, 4.40625], [128.625, 4.25], [128.875, 3.875], [129.25, 3.90625], [129.25, 3.78125], [129.4375, 3.78125], [129.4375, 3.53125], [129.875, 3.71875], [129.96875, 3.28125], [129.71875, 3.1875], [129.75, 3.0], [130.1875, 2.8125], [130.1875, 2.625], [130.5625, 2.8125], [130.40625, 2.25], [130.75, 2.09375], [130.59375, 1.9375], [130.6875, 1.65625], [131.0, 1.71875], [131.125, 1.46875], [131.3125, 1.53125], [131.09375, 1.3125], [131.3125, 1.125], [130.875, 1.125], [130.96875, 0.84375], [130.6875, 0.1875], [130.8125, -0.03125], [130.96875, 0.03125], [130.9375, 0.34375], [131.0625, 0.34375], [131.09375, 0.125], [131.40625, 0.28125], [131.625, 0.09375], [131.84375, 0.1875], [131.875, 0.03125], [132.3125, 0.25], [132.59375, 0.15625], [132.59375, -0.03125], [132.25, 0.0], [132.03125, -0.3125], [131.5, -0.0625], [130.90625, -0.21875], [130.8125, -0.75], [131.4375, -0.625], [131.65625, -0.65625], [131.6875, -0.875], [131.53125, -1.0625], [130.875, -0.96875], [130.375, -1.21875], [130.34375, -1.375], [131.46875, -1.6875], [131.78125, -1.375], [131.8125, -2.1875], [132.09375, -2.53125], [132.5625, -2.625], [132.59375, -2.8125], [132.84375, -2.6875], [133.34375, -2.90625], [133.28125, -3.09375], [132.8125, -3.21875], [132.59375, -3.0], [132.59375, -4.03125], [132.8125, -4.25], [132.65625, -4.84375], [132.75, -5.1875], [133.15625, -5.375], [133.6875, -5.3125], [133.71875, -4.9375], [133.5625, -4.875], [133.375, -4.1875], [133.5625, -3.96875], [133.53125, -3.6875], [133.875, -3.78125], [134.0625, -4.0625], [134.375, -3.78125], [134.59375, -3.8125], [134.84375, -3.46875], [134.84375, -3.0625], [134.625, -2.625], [135.0625, -2.5], [135.34375, -3.34375], [135.25, -3.5], [135.0625, -3.40625], [134.96875, -3.5], [135.21875, -3.59375], [135.875, -3.4375], [135.875, -3.75], [136.1875, -4.09375], [136.6875, -4.28125], [136.46875, -4.84375], [136.5625, -5.71875], [136.78125, -6.09375], [136.9375, -5.96875], [136.90625, -6.15625], [137.28125, -6.34375], [138.40625, -6.25], [138.78125, -5.75], [138.75, -5.46875], [138.96875, -5.25], [138.8125, -4.5], [139.15625, -4.5], [139.15625, -3.9375], [138.8125, -3.90625], [138.59375, -3.125], [138.34375, -3.1875], [138.21875, -3.03125], [138.5, -2.75], [138.75, -2.875], [138.8125, -2.625], [139.0625, -2.53125], [139.21875, -2.71875], [139.53125, -2.59375], [139.90625, -2.6875], [139.8125, -3.25], [139.96875, -3.6875], [140.28125, -3.625], [139.96875, -3.09375], [140.40625, -3.09375], [140.15625, -2.75], [140.3125, -2.65625], [140.71875, -2.75], [140.9375, -3.0625], [141.15625, -3.03125], [141.125, -2.875], [141.6875, -3.0], [141.9375, -2.875], [142.03125, -3.125], [141.59375, -3.1875], [142.0625, -3.21875], [141.90625, -3.875], [142.46875, -3.65625], [142.875, -3.8125], [142.84375, -4.03125], [143.0, -4.03125], [143.15625, -3.8125], [143.90625, -3.78125], [144.125, -4.03125], [143.875, -4.15625], [144.0625, -4.375], [144.09375, -4.9375], [144.53125, -5.375], [144.59375, -5.0], [144.28125, -4.625], [144.3125, -4.15625], [144.15625, -3.9375], [144.46875, -3.71875], [145.375, -4.625], [145.15625, -4.9375], [145.25, -5.34375], [144.8125, -5.46875], [144.8125, -5.875], [145.28125, -6.25], [145.625, -6.3125], [145.5625, -6.15625], [145.8125, -6.15625], [146.9375, -6.625], [146.5625, -6.28125], [146.96875, -6.1875], [147.40625, -6.65625], [148.25, -6.65625], [148.125, -6.34375], [147.8125, -6.34375], [147.5, -6.03125], [147.15625, -5.28125], [146.71875, -4.8125], [146.6875, -4.4375], [146.46875, -4.375], [146.5, -4.03125], [146.3125, -3.8125], [146.125, -3.78125], [146.125, -4.15625], [145.75, -4.1875], [145.90625, -3.4375], [146.59375, -3.25], [146.125, -2.4375], [145.90625, -2.46875], [145.8125, -2.75], [145.5625, -2.5625], [145.21875, -2.84375], [144.78125, -2.625], [144.75, -2.8125], [145.0, -3.09375], [144.8125, -3.34375], [144.40625, -3.1875], [144.4375, -3.0], [144.3125, -3.15625], [143.78125, -3.0625], [143.53125, -2.75], [143.625, -2.53125], [143.5, -1.96875], [143.65625, -2.125], [144.15625, -2.0], [144.375, -2.1875], [144.6875, -2.0625], [144.875, -2.3125], [144.96875, -2.15625], [145.25, -2.25], [145.4375, -1.53125], [145.59375, -1.5625], [145.5625, -1.78125], [145.78125, -2.03125], [146.46875, -1.9375], [146.40625, -1.34375], [146.25, -1.34375], [146.1875, -1.59375], [146.125, -1.34375], [145.84375, -1.4375], [145.75, -1.28125], [145.84375, -1.0625], [146.125, -1.15625], [146.34375, -0.96875], [146.75, -1.0], [146.875, -1.4375], [147.4375, -1.375], [147.6875, -1.5], [147.71875, -1.71875], [148.03125, -1.78125], [148.4375, -2.3125], [148.40625, -2.5], [148.625, -2.53125], [148.53125, -3.0], [148.96875, -2.78125], [149.4375, -3.0625], [149.375, -3.40625], [149.8125, -3.9375], [149.6875, -3.875], [149.625, -4.1875], [148.875, -4.65625], [149.0625, -4.71875], [149.03125, -5.0], [149.15625, -5.0], [149.65625, -4.8125], [149.5, -4.40625], [149.875, -4.53125], [149.96875, -4.875], [149.78125, -4.90625], [149.90625, -5.25], [149.53125, -5.28125], [149.5, -5.5], [150.0, -5.8125], [150.0625, -6.03125], [150.25, -5.96875], [150.53125, -6.5], [150.6875, -6.5], [150.65625, -6.21875], [150.875, -6.1875], [150.96875, -5.875], [151.6875, -6.21875], [151.875, -6.21875], [151.8125, -6.0], [152.03125, -5.96875], [152.40625, -6.09375], [152.46875, -6.4375], [152.71875, -6.3125], [153.0625, -6.4375], [153.09375, -6.71875], [153.5, -6.625], [153.625, -6.78125], [153.84375, -6.75], [154.0625, -7.125], [154.46875, -7.3125], [154.5, -7.53125], [154.84375, -6.96875], [154.90625, -7.375], [155.1875, -7.375], [155.1875, -7.5625], [155.4375, -7.65625], [155.71875, -7.4375], [155.875, -7.71875], [156.03125, -7.71875], [156.15625, -7.625], [156.03125, -7.3125], [156.15625, -7.3125], [156.40625, -7.53125], [156.21875, -7.71875], [156.3125, -8.0], [156.84375, -7.84375], [157.0625, -8.03125], [157.375, -7.8125], [157.625, -7.90625], [157.46875, -7.53125], [157.8125, -7.5625], [157.8125, -7.0625], [158.375, -7.21875], [158.59375, -7.125], [158.625, -7.375], [158.75, -7.34375], [158.84375, -7.0625], [158.6875, -7.0625], [158.6875, -6.84375], [159.0, -6.625], [159.25, -7.21875], [159.125, -7.34375], [159.25, -7.40625], [159.21875, -7.8125], [159.46875, -7.875], [159.6875, -7.6875], [159.6875, -8.0], [160.0, -8.0], [160.03125, -8.15625], [160.5, -8.09375], [160.34375, -8.53125], [160.65625, -8.75], [160.9375, -8.5625], [160.9375, -8.28125], [160.65625, -8.125], [160.65625, -7.9375], [161.21875, -7.75], [161.28125, -7.5625], [161.03125, -6.9375], [161.53125, -6.5625], [161.78125, -6.875], [161.9375, -6.75], [162.3125, -6.875], [162.65625, -6.375], [162.6875, -6.65625], [162.46875, -6.75], [162.53125, -7.375], [162.8125, -7.3125], [162.65625, -8.375], [163.0625, -8.53125], [163.1875, -8.28125], [163.40625, -8.3125], [163.53125, -9.03125], [163.28125, -8.9375], [163.125, -8.96875], [163.46875, -9.71875], [163.84375, -9.71875], [163.84375, -10.0625], [164.1875, -10.0], [164.28125, -9.75], [164.28125, -10.21875], [164.4375, -10.25], [164.78125, -9.9375], [164.84375, -9.59375], [165.25, -9.625], [165.5, -9.40625], [165.625, -9.40625], [165.5, -9.90625], [165.75, -9.75], [165.875, -9.84375], [166.03125, -9.53125], [166.3125, -9.5], [166.28125, -9.71875], [166.6875, -10.15625], [167.28125, -10.125], [167.59375, -9.71875], [167.9375, -9.71875], [167.65625, -10.15625], [167.375, -10.15625], [167.375, -10.34375], [167.1875, -10.34375], [167.1875, -10.71875], [167.375, -10.71875], [167.65625, -10.40625], [167.59375, -10.9375], [168.1875, -11.3125], [168.1875, -11.625], [168.3125, -11.25], [168.875, -11.28125], [169.25, -10.8125], [169.46875, -10.84375], [169.5625, -10.625], [169.75, -10.625], [169.78125, -10.90625], [170.03125, -10.90625], [170.03125, -11.0625], [169.6875, -11.15625], [169.75, -11.8125], [170.03125, -11.75], [170.09375, -11.4375], [170.34375, -11.625], [170.53125, -11.375], [170.65625, -11.65625], [171.09375, -11.5625], [171.09375, -11.78125], [170.84375, -11.96875], [171.03125, -12.15625], [171.25, -12.09375], [171.1875, -12.4375], [171.46875, -12.84375], [172.1875, -12.90625], [172.65625, -12.75], [173.1875, -13.0], [173.25, -13.1875], [173.03125, -13.21875], [173.0, -13.4375], [173.03125, -13.625], [173.53125, -13.40625], [173.59375, -12.90625], [174.15625, -12.875], [174.125, -12.46875], [174.40625, -12.5625], [174.34375, -12.15625], [175.0, -12.15625], [175.09375, -12.03125], [175.0, -11.5625], [174.34375, -11.5625], [174.1875, -11.71875], [173.90625, -11.5], [174.0625, -11.28125], [173.65625, -11.40625], [173.65625, -11.0625], [173.40625, -10.96875], [173.5625, -10.78125], [173.4375, -9.9375], [173.0625, -9.65625], [172.875, -8.6875], [172.875, -8.25], [173.15625, -7.5], [173.75, -7.25], [174.1875, -6.84375], [174.53125, -6.78125], [174.8125, -7.03125], [175.375, -7.1875], [175.375, -7.46875], [175.75, -7.375], [175.65625, -7.71875], [175.96875, -8.625], [176.4375, -8.9375], [176.71875, -8.46875], [176.65625, -7.4375], [176.3125, -7.03125], [176.125, -6.4375], [175.78125, -6.21875], [175.6875, -5.71875], [175.96875, -5.46875], [176.375, -5.5625], [176.5625, -5.3125], [177.25, -5.5625], [177.59375, -5.3125], [177.59375, -5.15625], [177.84375, -5.34375], [177.90625, -5.1875], [178.21875, -5.25], [178.40625, -5.09375], [178.28125, -5.5], [178.53125, -5.78125], [178.875, -5.0625], [178.71875, -4.96875], [178.75, -4.625], [178.46875, -4.34375], [178.4375, -4.03125], [178.59375, -3.875], [178.96875, -4.0], [178.96875, -3.78125], [179.46875, -3.40625], [179.46875, -3.0], [179.96875, -2.65625], [179.96875, 89.40625], [139.75, 89.34375], [125.78125, 88.9375], [107.25, 88.6875], [95.6875, 88.84375], [94.75, 89.03125], [94.65625, 88.90625], [93.34375, 88.9375], [87.09375, 89.3125], [82.5, 89.375], [80.78125, 89.5625], [73.9375, 89.59375], [71.03125, 89.75], [66.84375, 89.65625], [66.46875, 89.78125], [64.8125, 89.65625], [64.375, 89.71875], [64.09375, 89.96875], [63.59375, 89.71875], [62.25, 89.6875], [59.71875, 89.71875], [59.15625, 89.90625], [58.53125, 89.71875], [55.3125, 89.84375], [54.84375, 89.6875], [54.03125, 89.75], [53.9375, 89.96875], [53.71875, 89.96875], [53.625, 89.78125], [52.65625, 89.84375], [52.5625, 89.71875], [51.65625, 89.8125], [48.75, 89.6875], [48.28125, 89.71875], [48.25, 89.84375], [48.15625, 89.6875], [46.96875, 89.65625], [41.71875, 89.6875], [41.59375, 89.84375], [41.40625, 89.71875], [40.53125, 89.71875], [40.4375, 89.96875], [40.09375, 89.96875], [39.6875, 89.71875], [39.40625, 89.875], [38.0, 89.71875], [37.84375, 89.90625], [37.21875, 89.75], [37.125, 89.96875], [35.90625, 89.96875], [35.71875, 89.75], [35.4375, 89.78125], [35.34375, 89.96875], [34.5, 89.96875], [34.15625, 89.75], [33.6875, 89.9375], [33.5, 89.75], [33.21875, 89.75], [33.1875, 89.96875], [32.78125, 89.96875], [32.53125, 89.71875], [30.9375, 89.6875], [27.625, 89.71875], [27.5, 89.84375], [27.0, 89.71875], [25.6875, 89.84375], [24.5, 89.71875], [23.59375, 89.84375], [23.375, 89.71875], [17.1875, 89.78125], [17.0625, 89.96875], [16.71875, 89.96875], [16.59375, 89.78125], [14.5625, 89.90625], [14.4375, 89.75], [14.15625, 89.96875], [13.625, 89.78125], [10.53125, 89.71875], [5.96875, 89.75], [5.5625, 89.96875], [5.125, 89.78125], [4.84375, 89.8125], [4.78125, 89.96875], [4.25, 89.96875], [4.0, 89.78125], [3.5625, 89.96875], [3.1875, 89.75], [2.625, 89.90625], [2.03125, 89.75], [-0.03125, 89.875], [-4.25, 89.6875], [-9.40625, 89.78125], [-9.71875, 89.96875], [-10.1875, 89.78125], [-11.46875, 89.78125], [-11.625, 89.96875], [-12.28125, 89.96875], [-12.34375, 89.84375], [-13.3125, 89.96875], [-13.5, 89.8125], [-14.1875, 89.84375], [-14.5625, 89.6875], [-18.40625, 89.84375], [-20.3125, 89.71875], [-20.5625, 89.96875], [-22.03125, 89.8125], [-22.1875, 89.96875], [-23.46875, 89.96875], [-23.90625, 89.8125], [-24.28125, 89.8125], [-24.34375, 89.96875], [-26.28125, 89.96875], [-26.34375, 89.8125], [-26.71875, 89.84375], [-26.75, 89.96875], [-28.0625, 89.96875], [-28.15625, 89.8125], [-28.53125, 89.8125], [-28.625, 89.96875], [-29.0625, 89.96875], [-29.15625, 89.84375], [-30.5, 89.96875], [-30.5625, 89.8125], [-32.125, 89.8125], [-32.5625, 89.96875], [-32.6875, 89.8125], [-33.0625, 89.8125], [-33.15625, 89.96875], [-33.46875, 89.96875], [-33.59375, 89.8125], [-37.03125, 89.75], [-38.40625, 89.96875]], [[-106.375, 55.4375], [-106.28125, 55.53125], [-106.28125, 55.4375], [-106.375, 55.4375]], [[-65.6875, 53.53125], [-65.46875, 53.53125], [-65.53125, 53.3125], [-66.1875, 53.03125], [-65.6875, 53.53125]], [[-121.15625, 53.5], [-121.0, 53.5], [-121.0, 53.40625], [-121.15625, 53.34375], [-121.15625, 53.5]], [[-63.78125, 52.65625], [-63.65625, 52.8125], [-63.625, 52.6875], [-63.78125, 52.65625]], [[-63.75, 52.28125], [-63.65625, 52.40625], [-63.65625, 52.28125], [-63.75, 52.28125]], [[-125.90625, 51.125], [-125.6875, 51.25], [-125.6875, 51.09375], [-125.90625, 51.125]], [[-81.71875, 50.4375], [-81.625, 50.53125], [-81.625, 50.4375], [-81.71875, 50.4375]], [[-68.15625, 50.28125], [-68.0, 50.375], [-68.0, 50.28125], [-68.15625, 50.28125]], [[-82.5, 50.03125], [-82.40625, 50.125], [-82.40625, 50.03125], [-82.5, 50.03125]], [[-128.0625, 49.8125], [-127.8125, 49.8125], [-127.8125, 49.71875], [-128.09375, 49.65625], [-128.0625, 49.8125]], [[-80.0, 49.53125], [-79.78125, 49.625], [-79.78125, 49.5], [-80.0, 49.53125]], [[-72.125, 49.03125], [-71.625, 49.125], [-71.71875, 48.84375], [-72.15625, 48.84375], [-72.125, 49.03125]], [[-73.65625, 48.4375], [-72.53125, 48.71875], [-72.59375, 48.34375], [-72.78125, 48.34375], [-72.75, 48.46875], [-73.65625, 48.4375]], [[-74.75, 48.28125], [-74.125, 48.25], [-74.78125, 48.15625], [-74.75, 48.28125]], [[44.21875, 47.96875], [44.34375, 48.0625], [44.34375, 47.96875], [44.21875, 47.96875]], [[54.6875, 47.125], [54.90625, 47.03125], [54.6875, 47.03125], [54.6875, 47.125]], [[45.34375, 46.625], [45.4375, 46.75], [45.5, 46.59375], [45.34375, 46.625]], [[50.09375, 46.75], [50.21875, 46.65625], [50.0, 46.53125], [50.0, 46.625], [50.09375, 46.75]], [[38.8125, 46.625], [38.9375, 46.71875], [38.9375, 46.625], [38.8125, 46.625]], [[52.96875, 46.3125], [53.40625, 46.40625], [53.28125, 46.15625], [53.78125, 46.15625], [53.5625, 45.875], [53.6875, 45.5], [53.0625, 45.34375], [52.8125, 45.59375], [52.71875, 45.21875], [52.96875, 45.0], [52.84375, 44.84375], [52.65625, 45.21875], [52.4375, 45.28125], [52.6875, 45.5625], [52.5, 45.9375], [52.84375, 45.90625], [52.96875, 46.3125]], [[51.0, 46.28125], [51.40625, 46.0625], [51.5, 45.84375], [50.9375, 46.03125], [51.0, 46.28125]], [[49.03125, 46.21875], [49.40625, 46.15625], [49.4375, 46.03125], [49.21875, 46.0], [49.03125, 46.21875]], [[52.625, 46.03125], [52.71875, 46.125], [52.71875, 46.03125], [52.625, 46.03125]], [[164.625, 46.0], [164.71875, 46.125], [164.71875, 46.0], [164.625, 46.0]], [[50.1875, 46.09375], [50.3125, 46.09375], [50.34375, 45.9375], [50.21875, 45.9375], [50.1875, 46.09375]], [[47.4375, 45.90625], [47.46875, 46.0625], [47.53125, 45.90625], [47.4375, 45.90625]], [[39.09375, 45.71875], [40.375, 45.84375], [40.34375, 45.6875], [41.09375, 45.0625], [41.09375, 44.4375], [40.8125, 44.4375], [40.65625, 44.6875], [40.3125, 44.71875], [38.96875, 45.4375], [39.09375, 45.71875]], [[37.375, 45.75], [37.46875, 45.84375], [37.46875, 45.75], [37.375, 45.75]], [[38.09375, 45.71875], [38.40625, 45.5], [38.71875, 45.53125], [38.78125, 45.21875], [39.15625, 44.90625], [38.5625, 44.90625], [38.46875, 45.125], [37.25, 45.15625], [37.28125, 45.3125], [37.59375, 45.34375], [38.09375, 45.71875]], [[47.625, 45.71875], [47.78125, 45.65625], [47.75, 45.53125], [47.59375, 45.5625], [47.625, 45.71875]], [[45.5625, 45.53125], [45.875, 45.59375], [45.875, 45.46875], [45.5625, 45.53125]], [[47.125, 45.59375], [47.21875, 45.46875], [46.875, 45.34375], [46.875, 45.4375], [47.125, 45.59375]], [[45.4375, 45.4375], [45.59375, 45.4375], [45.625, 45.3125], [45.46875, 45.3125], [45.4375, 45.4375]], [[48.5625, 45.28125], [48.6875, 45.375], [48.6875, 45.28125], [48.5625, 45.28125]], [[43.21875, 45.03125], [43.375, 45.09375], [43.375, 45.0], [43.21875, 45.03125]], [[45.3125, 44.96875], [45.59375, 44.90625], [45.59375, 44.78125], [44.875, 44.71875], [44.90625, 44.875], [45.25, 44.8125], [45.3125, 44.96875]], [[42.3125, 44.8125], [42.46875, 44.9375], [42.5, 44.78125], [42.3125, 44.8125]], [[44.0, 44.65625], [44.09375, 44.75], [44.09375, 44.65625], [44.0, 44.65625]], [[54.34375, 44.5625], [54.46875, 44.6875], [54.4375, 44.5625], [54.34375, 44.5625]], [[45.21875, 44.65625], [45.5, 44.625], [45.375, 44.34375], [45.15625, 44.375], [45.21875, 44.65625]], [[52.96875, 44.5], [53.125, 44.625], [53.125, 44.53125], [52.96875, 44.5]], [[-56.625, 44.34375], [-56.5, 44.4375], [-56.5, 44.34375], [-56.625, 44.34375]], [[44.46875, 44.4375], [44.8125, 44.4375], [44.84375, 44.3125], [44.6875, 44.25], [44.46875, 44.4375]], [[52.1875, 44.28125], [52.28125, 44.375], [52.28125, 44.28125], [52.1875, 44.28125]], [[51.15625, 44.28125], [51.8125, 44.25], [51.8125, 44.125], [51.625, 43.90625], [51.0625, 43.78125], [51.25, 44.0], [51.15625, 44.28125]], [[-56.40625, 44.125], [-56.3125, 44.21875], [-56.3125, 44.125], [-56.40625, 44.125]], [[54.53125, 44.1875], [54.65625, 44.09375], [54.40625, 43.9375], [54.40625, 44.0625], [54.53125, 44.1875]], [[165.0625, 43.84375], [165.21875, 43.9375], [165.25, 43.8125], [165.0625, 43.84375]], [[53.15625, 43.71875], [53.25, 43.8125], [53.25, 43.71875], [53.15625, 43.71875]], [[42.65625, 43.6875], [42.8125, 43.78125], [42.8125, 43.65625], [42.65625, 43.6875]], [[47.6875, 43.65625], [47.78125, 43.75], [47.78125, 43.65625], [47.6875, 43.65625]], [[28.78125, 43.5], [28.84375, 43.71875], [28.875, 43.5], [28.78125, 43.5]], [[52.46875, 43.71875], [52.6875, 43.6875], [52.78125, 43.53125], [52.53125, 43.4375], [52.46875, 43.71875]], [[164.28125, 43.59375], [164.375, 43.6875], [164.375, 43.59375], [164.28125, 43.59375]], [[52.1875, 43.625], [52.3125, 43.25], [52.09375, 42.96875], [51.8125, 43.21875], [51.78125, 43.46875], [52.1875, 43.625]], [[51.6875, 43.1875], [51.78125, 43.28125], [51.78125, 43.1875], [51.6875, 43.1875]], [[164.8125, 43.25], [165.4375, 43.1875], [165.4375, 43.09375], [164.71875, 43.0625], [164.8125, 43.25]], [[54.15625, 43.21875], [54.3125, 43.21875], [54.34375, 43.03125], [54.125, 43.0625], [54.15625, 43.21875]], [[43.5625, 43.15625], [43.6875, 43.0], [43.46875, 42.9375], [43.5625, 43.03125], [43.5625, 43.15625]], [[53.625, 42.90625], [53.84375, 43.03125], [53.875, 42.90625], [53.625, 42.90625]], [[54.84375, 42.8125], [54.9375, 42.90625], [54.9375, 42.8125], [54.84375, 42.8125]], [[165.0, 42.78125], [165.125, 42.75], [165.40625, 42.3125], [165.09375, 42.4375], [165.0, 42.78125]], [[34.0, 42.59375], [34.09375, 42.71875], [34.125, 42.59375], [34.0, 42.59375]], [[53.09375, 42.5625], [53.21875, 42.65625], [53.25, 42.53125], [53.09375, 42.5625]], [[61.21875, 42.375], [61.3125, 42.46875], [61.3125, 42.375], [61.21875, 42.375]], [[55.59375, 42.28125], [55.78125, 42.375], [55.8125, 42.25], [55.59375, 42.28125]], [[52.875, 42.21875], [53.09375, 42.1875], [53.09375, 41.84375], [52.78125, 42.0], [52.875, 42.21875]], [[164.53125, 42.21875], [164.6875, 42.21875], [164.75, 42.03125], [164.53125, 42.0625], [164.53125, 42.21875]], [[18.75, 41.875], [19.53125, 42.03125], [19.78125, 41.125], [19.53125, 40.96875], [19.65625, 40.59375], [19.5625, 40.40625], [19.28125, 40.40625], [18.96875, 40.96875], [19.0, 41.125], [19.46875, 41.09375], [19.5, 41.40625], [18.59375, 41.625], [18.75, 41.875]], [[33.78125, 41.9375], [34.34375, 41.875], [34.375, 41.3125], [34.0625, 41.375], [34.03125, 41.625], [33.8125, 41.625], [33.78125, 41.9375]], [[54.3125, 41.90625], [54.625, 41.90625], [54.65625, 41.78125], [54.28125, 41.6875], [54.3125, 41.90625]], [[61.65625, 41.78125], [61.8125, 41.90625], [61.8125, 41.8125], [61.65625, 41.78125]], [[52.0, 41.875], [52.1875, 41.875], [52.21875, 41.75], [52.03125, 41.75], [52.0, 41.875]], [[36.5625, 41.71875], [36.65625, 41.8125], [36.65625, 41.71875], [36.5625, 41.71875]], [[27.34375, 41.59375], [27.5, 41.75], [27.46875, 41.59375], [27.34375, 41.59375]], [[30.21875, 41.75], [30.34375, 41.75], [30.40625, 41.59375], [30.28125, 41.59375], [30.21875, 41.75]], [[55.71875, 41.75], [55.875, 41.75], [56.0, 41.5], [55.71875, 41.5625], [55.71875, 41.75]], [[27.90625, 41.59375], [28.03125, 41.6875], [28.03125, 41.59375], [27.90625, 41.59375]], [[165.125, 41.6875], [165.34375, 41.59375], [165.3125, 41.4375], [165.1875, 41.46875], [165.125, 41.6875]], [[51.75, 41.59375], [51.9375, 41.5625], [52.0, 41.40625], [51.78125, 41.40625], [51.75, 41.59375]], [[55.03125, 41.5], [55.125, 41.59375], [55.125, 41.5], [55.03125, 41.5]], [[47.46875, 41.375], [47.625, 41.34375], [47.625, 41.21875], [47.53125, 41.21875], [47.46875, 41.375]], [[28.40625, 41.28125], [28.6875, 41.25], [28.40625, 40.65625], [27.65625, 40.875], [27.71875, 41.0625], [27.96875, 41.03125], [28.40625, 41.28125]], [[26.71875, 41.25], [27.6875, 40.78125], [27.5625, 40.09375], [27.90625, 39.9375], [27.5, 39.65625], [26.53125, 40.0], [26.53125, 40.4375], [26.34375, 40.71875], [26.5, 40.75], [26.5, 41.0625], [26.71875, 41.25]], [[35.96875, 41.1875], [36.09375, 41.15625], [36.03125, 40.9375], [35.90625, 40.96875], [35.96875, 41.1875]], [[33.875, 41.15625], [34.375, 41.0], [34.34375, 40.40625], [34.78125, 40.3125], [34.78125, 40.1875], [34.25, 40.375], [33.875, 41.15625]], [[56.6875, 40.90625], [56.96875, 41.09375], [57.0625, 40.84375], [56.6875, 40.90625]], [[165.34375, 40.75], [165.46875, 40.71875], [165.53125, 39.90625], [165.34375, 39.90625], [165.21875, 40.28125], [165.34375, 40.75]], [[20.15625, 40.6875], [20.40625, 40.59375], [20.40625, 40.46875], [20.0625, 40.4375], [20.15625, 40.6875]], [[36.8125, 40.5], [36.90625, 40.65625], [36.96875, 40.5], [36.8125, 40.5]], [[57.78125, 40.53125], [58.125, 40.65625], [58.1875, 40.46875], [57.78125, 40.53125]], [[23.84375, 40.53125], [24.03125, 40.625], [24.03125, 40.5], [23.84375, 40.53125]], [[15.5, 40.5], [15.59375, 40.59375], [15.59375, 40.5], [15.5, 40.5]], [[57.25, 40.53125], [57.4375, 40.5], [57.53125, 40.28125], [57.1875, 40.3125], [57.25, 40.53125]], [[58.9375, 40.375], [59.0, 40.5], [59.03125, 40.375], [58.9375, 40.375]], [[20.90625, 40.40625], [21.0625, 40.375], [21.09375, 40.25], [20.96875, 40.25], [20.90625, 40.40625]], [[25.25, 40.40625], [25.625, 40.375], [25.6875, 40.125], [25.28125, 40.0625], [25.25, 40.40625]], [[21.53125, 40.34375], [21.71875, 40.3125], [21.71875, 40.1875], [21.5625, 40.15625], [21.53125, 40.34375]], [[23.125, 40.3125], [23.28125, 40.28125], [23.28125, 40.125], [23.09375, 40.125], [23.125, 40.3125]], [[58.15625, 40.1875], [58.25, 40.3125], [58.25, 40.1875], [58.15625, 40.1875]], [[22.5, 40.25], [22.875, 40.21875], [22.875, 40.125], [22.53125, 40.09375], [22.5, 40.25]], [[25.71875, 40.09375], [25.90625, 40.1875], [25.90625, 40.09375], [25.71875, 40.09375]], [[22.09375, 40.0625], [22.25, 40.0], [22.28125, 39.8125], [22.09375, 39.78125], [22.09375, 40.0625]], [[59.53125, 39.90625], [59.625, 40.03125], [59.625, 39.90625], [59.53125, 39.90625]], [[65.34375, 39.75], [65.5, 39.90625], [65.46875, 39.71875], [65.34375, 39.75]], [[55.90625, 39.8125], [56.09375, 39.78125], [56.09375, 39.6875], [55.90625, 39.625], [55.90625, 39.8125]], [[165.53125, 39.75], [165.75, 39.71875], [165.65625, 38.71875], [165.375, 38.8125], [164.21875, 37.59375], [164.53125, 36.34375], [164.0625, 36.34375], [163.96875, 36.53125], [163.75, 36.53125], [163.75, 37.96875], [164.0, 38.5625], [164.21875, 38.71875], [163.8125, 38.9375], [164.90625, 39.09375], [165.5, 38.9375], [165.53125, 39.1875], [165.03125, 39.1875], [165.1875, 39.40625], [164.96875, 39.65625], [165.3125, 39.5], [165.53125, 39.75]], [[58.21875, 39.5], [58.34375, 39.59375], [58.34375, 39.5], [58.21875, 39.5]], [[27.875, 39.46875], [28.1875, 39.40625], [28.1875, 39.3125], [27.71875, 39.1875], [27.875, 39.46875]], [[21.03125, 39.3125], [21.21875, 39.3125], [21.28125, 39.1875], [21.09375, 39.15625], [21.03125, 39.3125]], [[19.6875, 39.21875], [20.21875, 39.0625], [20.09375, 38.40625], [19.875, 38.3125], [19.78125, 38.0], [19.34375, 38.0], [19.65625, 37.875], [19.6875, 37.6875], [18.3125, 37.46875], [18.125, 37.8125], [17.84375, 37.875], [17.8125, 38.3125], [17.40625, 38.34375], [17.5625, 38.71875], [17.84375, 38.4375], [18.53125, 38.4375], [18.59375, 38.71875], [19.03125, 38.65625], [19.21875, 38.75], [19.21875, 39.09375], [19.6875, 39.21875]], [[27.5625, 39.0625], [27.65625, 39.15625], [27.65625, 39.0625], [27.5625, 39.0625]], [[18.65625, 38.84375], [18.8125, 38.96875], [18.875, 38.8125], [18.65625, 38.84375]], [[65.03125, 38.53125], [65.28125, 38.625], [65.28125, 38.53125], [65.03125, 38.53125]], [[61.75, 38.5625], [61.9375, 38.5625], [61.96875, 38.40625], [61.78125, 38.34375], [61.75, 38.5625]], [[12.375, 38.5], [12.53125, 38.375], [12.53125, 38.0625], [12.375, 38.125], [12.375, 38.5]], [[15.875, 38.3125], [16.8125, 38.40625], [16.8125, 38.15625], [16.28125, 37.84375], [16.25, 38.09375], [16.03125, 38.09375], [15.78125, 37.71875], [15.625, 38.03125], [15.3125, 38.1875], [15.5, 38.28125], [15.71875, 38.0625], [15.875, 38.3125]], [[13.0, 38.375], [13.65625, 38.0625], [13.9375, 38.09375], [14.0625, 37.75], [14.46875, 37.8125], [14.53125, 37.46875], [14.96875, 37.21875], [15.0, 36.875], [14.09375, 37.1875], [14.0625, 37.40625], [13.84375, 37.4375], [13.875, 37.1875], [13.53125, 37.0625], [13.3125, 36.71875], [13.03125, 36.6875], [12.96875, 37.0], [13.15625, 37.21875], [12.90625, 37.25], [12.8125, 37.4375], [13.21875, 37.4375], [13.375, 37.65625], [13.21875, 37.71875], [13.3125, 38.09375], [13.0, 38.15625], [13.0, 38.375]], [[64.5, 38.28125], [64.59375, 38.375], [64.59375, 38.28125], [64.5, 38.28125]], [[57.71875, 38.34375], [58.03125, 38.15625], [57.96875, 37.96875], [57.6875, 38.21875], [57.71875, 38.34375]], [[63.40625, 38.34375], [63.71875, 38.125], [64.0, 38.34375], [63.96875, 38.15625], [64.25, 38.0], [64.46875, 38.125], [64.90625, 37.90625], [64.90625, 37.53125], [65.78125, 36.9375], [65.78125, 36.40625], [66.125, 36.59375], [66.125, 36.96875], [66.8125, 37.34375], [67.25, 37.25], [67.0625, 37.46875], [67.375, 37.46875], [67.4375, 37.75], [67.65625, 37.71875], [67.53125, 37.46875], [67.75, 37.40625], [67.90625, 37.03125], [67.1875, 36.65625], [67.15625, 36.3125], [67.3125, 36.09375], [67.15625, 35.875], [67.375, 35.78125], [66.53125, 35.625], [66.53125, 35.8125], [66.34375, 35.90625], [65.8125, 35.65625], [65.375, 35.75], [65.375, 36.15625], [64.75, 36.125], [64.5625, 36.28125], [64.4375, 36.0625], [63.90625, 36.15625], [63.53125, 36.03125], [63.5625, 36.21875], [62.875, 36.40625], [62.6875, 36.625], [62.71875, 36.9375], [61.96875, 37.125], [61.9375, 37.3125], [62.1875, 37.375], [62.375, 37.78125], [62.5625, 37.59375], [63.0625, 37.53125], [63.28125, 38.15625], [63.4375, 38.15625], [63.40625, 38.34375]], [[64.6875, 38.03125], [64.78125, 38.15625], [64.8125, 38.03125], [64.6875, 38.03125]], [[21.90625, 38.09375], [22.0625, 38.0625], [22.0625, 37.96875], [21.9375, 37.96875], [21.90625, 38.09375]], [[28.84375, 38.09375], [29.03125, 38.0625], [29.03125, 37.96875], [28.8125, 37.9375], [28.84375, 38.09375]], [[62.28125, 38.0], [62.375, 38.09375], [62.375, 38.0], [62.28125, 38.0]], [[64.90625, 38.0], [65.0, 38.09375], [65.0, 38.0], [64.90625, 38.0]], [[61.28125, 37.9375], [61.375, 38.03125], [61.375, 37.9375], [61.28125, 37.9375]], [[-141.03125, 37.9375], [-140.78125, 37.875], [-140.78125, 37.75], [-141.03125, 37.78125], [-141.03125, 37.9375]], [[65.125, 37.8125], [65.28125, 37.9375], [65.28125, 37.8125], [65.125, 37.8125]], [[11.75, 37.71875], [12.375, 37.84375], [12.40625, 37.46875], [11.96875, 37.125], [11.96875, 37.34375], [11.71875, 37.4375], [11.75, 37.71875]], [[57.6875, 37.75], [57.9375, 37.75], [58.0, 37.53125], [57.84375, 37.5], [57.6875, 37.75]], [[16.96875, 37.5], [17.625, 36.90625], [17.53125, 36.5625], [16.96875, 36.875], [17.09375, 37.09375], [16.9375, 37.21875], [16.96875, 37.5]], [[20.09375, 37.5], [20.3125, 37.5], [20.4375, 37.34375], [20.0625, 37.34375], [20.09375, 37.5]], [[60.96875, 37.375], [61.09375, 37.5], [61.0625, 37.375], [60.96875, 37.375]], [[57.9375, 37.25], [58.40625, 37.46875], [58.53125, 37.21875], [58.3125, 37.28125], [57.9375, 37.0625], [57.9375, 37.25]], [[164.5625, 37.25], [164.65625, 37.34375], [164.65625, 37.25], [164.5625, 37.25]], [[61.75, 37.125], [61.84375, 37.3125], [61.84375, 37.125], [61.75, 37.125]], [[28.09375, 36.875], [28.28125, 37.0625], [28.21875, 36.875], [28.09375, 36.875]], [[16.46875, 36.96875], [16.78125, 36.96875], [16.78125, 36.78125], [16.59375, 36.59375], [16.1875, 36.53125], [16.3125, 36.3125], [16.625, 36.34375], [16.59375, 36.15625], [16.375, 36.15625], [16.25, 35.96875], [16.03125, 36.78125], [16.34375, 36.78125], [16.46875, 36.96875]], [[57.78125, 36.8125], [57.875, 36.90625], [57.875, 36.8125], [57.78125, 36.8125]], [[12.8125, 36.71875], [12.9375, 36.84375], [12.90625, 36.71875], [12.8125, 36.71875]], [[11.75, 36.65625], [12.3125, 36.78125], [12.28125, 36.5625], [11.75, 36.4375], [11.75, 36.65625]], [[58.75, 36.6875], [58.84375, 36.78125], [58.84375, 36.6875], [58.75, 36.6875]], [[59.0, 36.6875], [59.15625, 36.78125], [59.15625, 36.6875], [59.0, 36.6875]], [[68.34375, 36.78125], [68.53125, 36.71875], [68.46875, 36.5], [68.375, 36.5], [68.34375, 36.78125]], [[9.625, 36.71875], [9.71875, 36.59375], [9.4375, 36.5], [9.4375, 36.59375], [9.625, 36.71875]], [[68.03125, 36.5], [68.1875, 36.59375], [68.1875, 36.5], [68.03125, 36.5]], [[68.8125, 36.46875], [68.96875, 36.46875], [68.9375, 36.28125], [68.78125, 36.28125], [68.8125, 36.46875]], [[15.59375, 36.3125], [15.84375, 36.40625], [15.9375, 36.1875], [15.59375, 36.3125]], [[161.8125, 36.375], [162.4375, 36.34375], [162.4375, 36.25], [161.78125, 36.15625], [161.8125, 36.375]], [[9.0, 36.21875], [9.375, 36.375], [9.4375, 36.125], [9.0, 36.21875]], [[67.46875, 36.25], [67.5625, 36.375], [67.5625, 36.25], [67.46875, 36.25]], [[67.875, 36.34375], [68.03125, 36.3125], [68.03125, 36.21875], [67.875, 36.21875], [67.875, 36.34375]], [[15.03125, 36.3125], [15.1875, 36.28125], [15.3125, 36.0], [15.125, 36.0], [15.03125, 36.3125]], [[69.15625, 36.125], [69.53125, 36.3125], [69.5, 35.96875], [69.21875, 35.84375], [69.15625, 36.125]], [[62.34375, 36.1875], [62.4375, 36.28125], [62.4375, 36.1875], [62.34375, 36.1875]], [[63.03125, 36.09375], [63.125, 36.21875], [63.15625, 36.09375], [63.03125, 36.09375]], [[68.03125, 36.03125], [68.15625, 36.125], [68.1875, 36.0], [68.03125, 36.03125]], [[164.28125, 36.09375], [164.625, 35.9375], [164.46875, 35.71875], [164.65625, 35.0625], [164.5625, 34.71875], [164.3125, 34.71875], [164.1875, 34.90625], [164.15625, 35.9375], [164.28125, 36.09375]], [[57.25, 35.96875], [57.34375, 36.0625], [57.34375, 35.96875], [57.25, 35.96875]], [[6.53125, 35.9375], [6.625, 36.03125], [6.625, 35.9375], [6.53125, 35.9375]], [[65.21875, 35.9375], [65.3125, 36.03125], [65.3125, 35.9375], [65.21875, 35.9375]], [[12.5, 35.96875], [12.6875, 35.71875], [12.0, 35.53125], [12.0, 35.71875], [12.34375, 35.75], [12.5, 35.96875]], [[70.40625, 35.84375], [70.53125, 35.96875], [70.5, 35.84375], [70.40625, 35.84375]], [[64.5, 35.9375], [64.71875, 35.9375], [64.75, 35.78125], [64.5, 35.78125], [64.5, 35.9375]], [[65.125, 35.75], [65.15625, 35.90625], [65.21875, 35.75], [65.125, 35.75]], [[4.78125, 35.75], [4.96875, 35.84375], [4.96875, 35.6875], [4.78125, 35.75]], [[62.65625, 35.84375], [62.875, 35.84375], [62.875, 35.71875], [62.625, 35.6875], [62.65625, 35.84375]], [[63.25, 35.78125], [63.40625, 35.6875], [63.125, 35.375], [63.09375, 35.65625], [63.25, 35.78125]], [[11.8125, 35.5625], [11.9375, 35.6875], [11.9375, 35.59375], [11.8125, 35.5625]], [[15.0625, 35.5625], [15.15625, 35.6875], [15.15625, 35.5625], [15.0625, 35.5625]], [[-54.9375, 35.4375], [-54.8125, 35.59375], [-54.78125, 35.4375], [-54.9375, 35.4375]], [[62.78125, 35.5], [62.875, 35.59375], [62.875, 35.5], [62.78125, 35.5]], [[66.34375, 35.4375], [66.4375, 35.59375], [66.46875, 35.4375], [66.34375, 35.4375]], [[11.125, 35.5], [11.375, 35.5], [11.375, 35.3125], [11.15625, 35.28125], [11.125, 35.5]], [[70.90625, 35.46875], [71.09375, 35.4375], [71.03125, 35.0625], [71.1875, 34.875], [70.78125, 35.125], [70.90625, 35.46875]], [[6.90625, 35.4375], [7.0625, 35.28125], [7.53125, 35.40625], [7.71875, 35.09375], [6.90625, 35.15625], [6.90625, 35.4375]], [[9.90625, 35.40625], [10.15625, 35.21875], [10.1875, 34.21875], [10.0, 34.40625], [9.90625, 35.40625]], [[61.53125, 35.25], [61.65625, 35.34375], [61.65625, 35.25], [61.53125, 35.25]], [[69.34375, 35.3125], [69.5, 35.25], [69.34375, 35.21875], [69.34375, 35.3125]], [[10.96875, 35.21875], [11.0625, 35.3125], [11.0625, 35.21875], [10.96875, 35.21875]], [[71.65625, 35.09375], [71.75, 35.25], [71.75, 35.09375], [71.65625, 35.09375]], [[9.625, 35.125], [9.71875, 35.21875], [9.71875, 35.125], [9.625, 35.125]], [[68.15625, 35.03125], [68.34375, 35.125], [68.40625, 35.0], [68.15625, 35.03125]], [[70.65625, 34.78125], [70.75, 34.875], [70.75, 34.78125], [70.65625, 34.78125]], [[64.15625, 34.6875], [64.28125, 34.8125], [64.28125, 34.6875], [64.15625, 34.6875]], [[65.8125, 34.625], [65.90625, 34.71875], [65.90625, 34.625], [65.8125, 34.625]], [[66.9375, 34.5625], [67.03125, 34.65625], [67.03125, 34.5625], [66.9375, 34.5625]], [[70.75, 34.65625], [70.90625, 34.59375], [70.8125, 34.4375], [70.71875, 34.4375], [70.75, 34.65625]], [[64.4375, 34.59375], [64.71875, 34.5], [64.65625, 34.28125], [64.375, 34.4375], [64.4375, 34.59375]], [[71.71875, 34.28125], [71.9375, 34.1875], [71.75, 34.125], [71.71875, 34.28125]], [[75.25, 34.125], [75.40625, 34.3125], [75.40625, 34.125], [75.25, 34.125]], [[76.46875, 34.25], [76.65625, 34.15625], [76.59375, 33.875], [76.375, 33.96875], [76.46875, 34.25]], [[161.46875, 34.125], [161.625, 34.21875], [161.625, 34.125], [161.46875, 34.125]], [[9.96875, 33.9375], [10.4375, 34.09375], [10.40625, 33.8125], [10.15625, 33.625], [9.96875, 33.9375]], [[71.28125, 33.875], [71.875, 33.9375], [71.75, 33.75], [71.9375, 33.53125], [71.84375, 33.34375], [71.40625, 33.5], [71.28125, 33.75], [71.28125, 33.875]], [[9.15625, 33.96875], [9.34375, 33.9375], [9.25, 33.71875], [9.09375, 33.8125], [9.15625, 33.96875]], [[162.03125, 33.875], [162.34375, 33.84375], [162.40625, 33.28125], [162.59375, 33.375], [162.4375, 32.9375], [161.71875, 32.96875], [161.65625, 33.15625], [162.15625, 33.5], [162.03125, 33.875]], [[8.28125, 33.875], [8.59375, 33.71875], [9.125, 33.78125], [9.09375, 33.625], [8.84375, 33.65625], [8.84375, 33.34375], [9.0625, 33.03125], [8.375, 33.09375], [8.0625, 32.90625], [8.0, 32.59375], [7.71875, 32.625], [7.59375, 33.21875], [7.9375, 33.21875], [8.0625, 33.0625], [8.03125, 33.40625], [8.28125, 33.875]], [[-0.9375, 33.78125], [-0.53125, 33.75], [-0.53125, 33.65625], [-0.9375, 33.46875], [-0.9375, 33.78125]], [[3.34375, 33.6875], [3.5, 33.78125], [3.5, 33.6875], [3.34375, 33.6875]], [[71.09375, 33.71875], [71.25, 33.71875], [71.25, 33.625], [71.125, 33.59375], [71.09375, 33.71875]], [[75.15625, 33.6875], [75.3125, 33.625], [75.15625, 33.5625], [75.15625, 33.6875]], [[72.90625, 33.6875], [73.0625, 33.40625], [72.71875, 33.40625], [72.6875, 33.59375], [72.90625, 33.6875]], [[73.5, 33.65625], [73.71875, 33.46875], [73.46875, 33.46875], [73.40625, 33.1875], [73.25, 33.1875], [73.21875, 33.625], [73.46875, 33.53125], [73.5, 33.65625]], [[-139.75, 33.5625], [-139.5625, 33.28125], [-139.875, 32.78125], [-140.0625, 32.90625], [-140.0625, 32.59375], [-140.65625, 32.375], [-140.71875, 32.1875], [-141.1875, 32.21875], [-140.96875, 32.4375], [-141.0, 32.96875], [-140.8125, 33.1875], [-140.46875, 33.15625], [-140.34375, 33.46875], [-140.0, 33.375], [-139.75, 33.5625]], [[3.0, 33.28125], [3.3125, 33.4375], [3.375, 33.21875], [3.0, 33.28125]], [[7.25, 33.3125], [7.34375, 33.40625], [7.34375, 33.3125], [7.25, 33.3125]], [[2.75, 33.25], [2.84375, 33.34375], [2.84375, 33.25], [2.75, 33.25]], [[149.8125, 33.28125], [150.53125, 33.28125], [151.53125, 32.8125], [151.9375, 32.40625], [152.15625, 31.65625], [152.8125, 31.8125], [152.875, 31.65625], [153.15625, 31.625], [153.78125, 31.96875], [155.46875, 32.1875], [155.75, 32.125], [156.0625, 31.75], [156.4375, 31.75], [156.65625, 31.46875], [157.0625, 31.53125], [157.21875, 31.25], [157.53125, 31.125], [157.9375, 31.34375], [157.96875, 30.90625], [158.34375, 30.90625], [158.625, 30.5625], [158.9375, 30.53125], [159.46875, 31.0], [159.71875, 30.59375], [160.03125, 30.5625], [160.0625, 30.3125], [160.59375, 31.40625], [160.8125, 31.40625], [160.78125, 31.59375], [161.65625, 32.25], [161.59375, 32.75], [161.84375, 32.84375], [162.0, 32.6875], [162.34375, 32.6875], [162.28125, 32.03125], [161.8125, 31.8125], [162.0625, 31.1875], [161.8125, 30.96875], [161.78125, 30.6875], [161.3125, 30.84375], [161.0625, 30.53125], [160.8125, 30.46875], [160.6875, 30.59375], [160.28125, 29.9375], [160.28125, 29.65625], [160.53125, 29.625], [160.5625, 29.4375], [160.3125, 29.4375], [160.25, 29.125], [160.53125, 29.125], [160.46875, 28.96875], [160.59375, 28.96875], [160.6875, 28.53125], [161.15625, 28.53125], [161.28125, 28.0], [161.15625, 27.1875], [160.9375, 27.28125], [160.78125, 27.03125], [160.875, 26.84375], [160.625, 26.96875], [160.65625, 26.46875], [160.375, 25.9375], [160.9375, 25.9375], [160.96875, 25.5], [161.25, 25.40625], [161.0625, 25.09375], [161.375, 25.0], [161.3125, 24.75], [161.46875, 24.625], [161.6875, 24.65625], [161.40625, 24.53125], [161.34375, 23.71875], [161.53125, 23.78125], [161.59375, 23.59375], [161.3125, 22.96875], [161.46875, 22.59375], [161.09375, 22.03125], [161.09375, 21.84375], [161.4375, 21.65625], [161.40625, 21.40625], [161.1875, 21.375], [161.1875, 20.90625], [161.9375, 20.71875], [162.03125, 20.40625], [162.0, 20.09375], [161.5, 19.84375], [161.53125, 19.40625], [161.84375, 19.25], [161.84375, 19.0625], [161.71875, 18.65625], [161.5, 18.625], [161.40625, 18.40625], [161.90625, 18.03125], [161.71875, 17.5625], [161.46875, 17.46875], [161.59375, 17.28125], [161.53125, 16.875], [161.28125, 17.0], [160.96875, 16.90625], [160.96875, 16.625], [160.75, 16.75], [160.75, 16.46875], [160.5, 16.75], [160.21875, 16.75], [160.09375, 16.4375], [160.40625, 16.1875], [160.03125, 16.1875], [159.71875, 15.6875], [159.34375, 15.625], [159.40625, 15.3125], [158.96875, 15.40625], [158.9375, 15.21875], [158.59375, 15.09375], [158.59375, 14.75], [158.21875, 14.75], [158.0625, 14.9375], [157.1875, 14.09375], [156.75, 14.5625], [156.59375, 14.5], [156.375, 14.6875], [156.28125, 14.375], [155.96875, 14.46875], [155.75, 14.21875], [155.75, 13.96875], [155.53125, 13.71875], [154.5625, 13.90625], [154.53125, 13.75], [154.28125, 13.71875], [154.03125, 13.21875], [153.8125, 13.25], [153.65625, 12.96875], [153.25, 12.8125], [152.34375, 12.6875], [152.53125, 13.03125], [152.40625, 13.25], [152.09375, 13.3125], [151.78125, 12.8125], [151.5625, 13.0], [151.125, 12.875], [151.09375, 12.125], [150.25, 12.21875], [150.21875, 12.03125], [150.03125, 12.0], [149.875, 12.1875], [149.625, 12.15625], [149.0625, 11.90625], [149.125, 11.59375], [148.96875, 11.3125], [148.8125, 11.4375], [148.90625, 11.78125], [148.625, 11.84375], [148.5625, 11.625], [148.28125, 11.78125], [147.84375, 11.75], [147.65625, 11.46875], [147.15625, 11.21875], [146.5625, 11.53125], [145.8125, 11.34375], [145.65625, 11.59375], [145.34375, 11.65625], [145.125, 11.53125], [145.1875, 11.25], [144.875, 11.40625], [144.78125, 10.96875], [144.40625, 11.0625], [144.4375, 11.21875], [144.03125, 11.0625], [143.65625, 11.4375], [143.25, 11.375], [143.15625, 10.9375], [142.90625, 11.03125], [142.90625, 10.90625], [142.375, 10.84375], [142.375, 11.03125], [142.15625, 10.96875], [141.875, 11.21875], [141.4375, 11.25], [141.28125, 11.625], [140.78125, 11.71875], [140.625, 11.5625], [140.375, 11.59375], [140.0625, 12.0625], [139.6875, 11.9375], [139.6875, 12.25], [138.84375, 12.5625], [138.75, 12.9375], [137.96875, 12.90625], [137.75, 13.28125], [137.53125, 13.25], [137.5625, 13.40625], [137.90625, 13.5625], [137.625, 14.6875], [137.03125, 14.65625], [137.0625, 15.0], [136.71875, 14.90625], [136.75, 15.21875], [137.03125, 15.4375], [136.46875, 15.59375], [136.9375, 16.25], [136.71875, 16.4375], [136.96875, 16.59375], [136.78125, 16.8125], [136.9375, 17.34375], [136.65625, 17.40625], [136.25, 18.46875], [136.3125, 19.96875], [135.9375, 20.4375], [135.96875, 20.78125], [136.34375, 21.3125], [136.1875, 21.5], [136.28125, 21.75], [136.03125, 21.875], [135.96875, 22.40625], [136.25, 22.5], [136.375, 23.59375], [136.65625, 23.75], [136.6875, 24.1875], [136.84375, 24.25], [136.78125, 24.6875], [137.21875, 24.96875], [137.75, 24.9375], [137.1875, 25.0625], [137.5, 25.8125], [138.4375, 25.625], [137.78125, 25.96875], [138.03125, 26.34375], [137.9375, 26.71875], [138.125, 27.0], [138.40625, 26.6875], [138.5625, 26.75], [138.34375, 27.21875], [138.34375, 27.71875], [138.71875, 28.0], [138.59375, 28.0625], [138.6875, 28.40625], [138.90625, 28.40625], [139.5, 27.875], [140.125, 27.75], [140.03125, 28.0], [139.5, 28.1875], [138.90625, 28.65625], [138.90625, 28.84375], [139.5625, 29.6875], [140.0, 29.625], [139.84375, 29.84375], [140.0625, 30.25], [141.15625, 31.0], [141.625, 31.28125], [142.6875, 31.28125], [143.5, 31.625], [144.03125, 31.53125], [144.53125, 31.8125], [145.28125, 31.6875], [146.46875, 31.84375], [146.8125, 32.03125], [147.71875, 32.03125], [147.78125, 32.15625], [148.4375, 32.21875], [148.53125, 32.09375], [148.90625, 32.40625], [149.0625, 32.875], [149.8125, 33.28125]], [[73.59375, 33.0625], [73.78125, 33.03125], [73.78125, 32.8125], [73.5625, 32.875], [73.59375, 33.0625]], [[74.21875, 33.0], [74.4375, 32.96875], [74.4375, 32.875], [74.21875, 32.84375], [74.21875, 33.0]], [[9.03125, 32.84375], [9.34375, 32.6875], [9.21875, 32.5625], [9.25, 31.90625], [8.625, 31.75], [8.125, 31.875], [8.09375, 32.40625], [8.875, 32.25], [9.09375, 32.53125], [9.03125, 32.84375]], [[75.25, 32.71875], [75.71875, 32.65625], [75.71875, 32.15625], [75.53125, 32.1875], [75.5625, 32.4375], [75.3125, 32.5], [75.25, 32.71875]], [[76.0625, 32.34375], [76.21875, 32.46875], [76.21875, 32.375], [76.0625, 32.34375]], [[75.625, 31.90625], [75.90625, 32.1875], [76.03125, 31.78125], [75.625, 31.90625]], [[9.625, 31.84375], [9.875, 31.96875], [9.875, 31.8125], [9.625, 31.84375]], [[10.46875, 31.59375], [10.71875, 31.75], [10.71875, 31.59375], [10.46875, 31.59375]], [[10.25, 31.65625], [10.4375, 31.625], [10.4375, 31.53125], [10.28125, 31.5], [10.25, 31.65625]], [[76.78125, 31.5], [76.875, 31.59375], [76.875, 31.5], [76.78125, 31.5]], [[-4.09375, 31.40625], [-3.96875, 31.375], [-3.96875, 31.25], [-4.0625, 31.25], [-4.09375, 31.40625]], [[-55.9375, 31.375], [-55.65625, 31.25], [-55.75, 30.96875], [-56.03125, 30.96875], [-56.1875, 31.21875], [-55.9375, 31.375]], [[-4.65625, 31.15625], [-4.5, 31.34375], [-4.46875, 31.1875], [-4.65625, 31.15625]], [[74.84375, 31.3125], [75.25, 31.3125], [75.3125, 31.09375], [74.90625, 31.0625], [74.84375, 31.3125]], [[167.15625, 31.03125], [167.40625, 31.3125], [167.40625, 30.96875], [167.15625, 31.03125]], [[79.34375, 31.28125], [79.5, 31.25], [79.5, 31.125], [79.3125, 31.125], [79.34375, 31.28125]], [[162.1875, 31.15625], [162.28125, 31.28125], [162.28125, 31.15625], [162.1875, 31.15625]], [[73.90625, 31.125], [74.59375, 31.0625], [74.65625, 30.6875], [74.4375, 30.65625], [74.28125, 30.90625], [73.96875, 30.84375], [73.90625, 31.125]], [[6.53125, 31.09375], [7.3125, 30.78125], [7.625, 30.9375], [7.5, 30.5625], [7.78125, 30.15625], [7.875, 29.53125], [8.53125, 29.4375], [8.6875, 29.25], [9.1875, 29.25], [9.34375, 28.96875], [8.53125, 28.5625], [8.375, 28.15625], [8.15625, 28.34375], [7.75, 28.3125], [7.875, 28.5625], [7.3125, 28.875], [5.6875, 28.6875], [5.59375, 29.0625], [5.84375, 29.21875], [6.40625, 28.96875], [6.96875, 29.03125], [7.375, 29.21875], [7.5625, 29.5625], [7.53125, 29.96875], [6.96875, 30.59375], [6.25, 30.5625], [6.53125, 31.09375]], [[-4.8125, 31.0625], [-4.125, 30.75], [-4.03125, 30.21875], [-4.25, 29.75], [-3.75, 29.5625], [-3.5625, 29.03125], [-4.09375, 29.5625], [-4.875, 29.71875], [-4.59375, 30.34375], [-4.59375, 30.6875], [-4.8125, 31.0625]], [[78.96875, 30.90625], [79.40625, 31.03125], [79.34375, 30.8125], [78.96875, 30.6875], [78.96875, 30.90625]], [[75.3125, 31.0], [75.6875, 30.9375], [75.75, 30.75], [75.34375, 30.6875], [75.3125, 31.0]], [[-4.1875, 30.84375], [-4.09375, 30.9375], [-4.09375, 30.84375], [-4.1875, 30.84375]], [[77.9375, 30.84375], [78.21875, 30.875], [78.21875, 30.78125], [77.9375, 30.84375]], [[12.84375, 30.75], [12.9375, 30.875], [12.9375, 30.75], [12.84375, 30.75]], [[76.375, 30.84375], [76.53125, 30.84375], [76.53125, 30.71875], [76.40625, 30.71875], [76.375, 30.84375]], [[78.09375, 30.46875], [78.375, 30.84375], [78.34375, 30.59375], [78.0625, 30.28125], [77.90625, 30.3125], [77.875, 30.46875], [78.09375, 30.46875]], [[74.9375, 30.8125], [75.1875, 30.8125], [75.34375, 30.5625], [75.03125, 30.5], [74.9375, 30.8125]], [[79.6875, 30.625], [79.78125, 30.71875], [79.78125, 30.625], [79.6875, 30.625]], [[5.84375, 30.5625], [6.125, 30.53125], [6.125, 30.4375], [5.84375, 30.34375], [5.84375, 30.5625]], [[79.5, 30.5625], [79.8125, 30.46875], [79.9375, 30.09375], [79.1875, 30.09375], [79.5, 30.5625]], [[-5.84375, 30.4375], [-5.71875, 30.53125], [-5.71875, 30.4375], [-5.84375, 30.4375]], [[80.6875, 30.5], [80.8125, 30.40625], [80.625, 30.125], [80.1875, 30.09375], [80.21875, 30.3125], [80.6875, 30.5]], [[-143.03125, 30.375], [-142.9375, 30.46875], [-142.9375, 30.375], [-143.03125, 30.375]], [[-142.65625, 30.34375], [-142.53125, 30.4375], [-142.53125, 30.34375], [-142.65625, 30.34375]], [[74.5, 30.34375], [74.71875, 30.3125], [74.6875, 30.15625], [74.5, 30.125], [74.5, 30.34375]], [[75.09375, 30.21875], [75.28125, 30.34375], [75.28125, 30.25], [75.09375, 30.21875]], [[-142.65625, 30.125], [-142.4375, 30.3125], [-142.5625, 30.125], [-142.21875, 30.1875], [-141.78125, 29.9375], [-141.75, 30.0625], [-141.53125, 30.0], [-141.53125, 29.78125], [-141.15625, 29.53125], [-141.1875, 29.375], [-141.0625, 29.40625], [-141.15625, 29.15625], [-141.625, 28.71875], [-141.9375, 28.8125], [-141.46875, 29.375], [-141.5, 29.53125], [-142.09375, 29.125], [-142.125, 28.9375], [-142.34375, 28.9375], [-142.3125, 28.78125], [-142.90625, 28.75], [-142.9375, 28.5], [-143.25, 28.5], [-143.21875, 28.71875], [-143.34375, 28.71875], [-143.71875, 28.375], [-144.0625, 28.375], [-143.96875, 28.71875], [-143.65625, 28.75], [-143.1875, 29.1875], [-143.25, 29.34375], [-143.09375, 29.5], [-143.34375, 29.59375], [-143.0, 29.6875], [-143.09375, 30.03125], [-142.65625, 30.125]], [[160.875, 30.25], [161.0, 30.25], [161.03125, 30.125], [160.90625, 30.09375], [160.875, 30.25]], [[-137.09375, 30.125], [-136.78125, 30.125], [-137.09375, 29.96875], [-137.09375, 30.125]], [[-140.34375, 30.09375], [-140.25, 30.1875], [-140.25, 30.09375], [-140.34375, 30.09375]], [[-141.28125, 30.125], [-141.21875, 29.96875], [-141.4375, 29.9375], [-141.4375, 30.03125], [-141.28125, 30.125]], [[-5.0625, 30.03125], [-4.90625, 30.0], [-5.0625, 29.9375], [-5.0625, 30.03125]], [[-137.28125, 29.9375], [-137.1875, 30.0625], [-137.1875, 29.9375], [-137.28125, 29.9375]], [[79.09375, 30.0625], [79.1875, 29.84375], [78.875, 29.78125], [78.84375, 30.03125], [79.09375, 30.0625]], [[10.46875, 29.875], [10.59375, 30.03125], [10.59375, 29.875], [10.46875, 29.875]], [[79.28125, 29.96875], [79.6875, 29.96875], [79.875, 29.78125], [79.25, 29.65625], [79.28125, 29.96875]], [[-6.09375, 29.84375], [-5.9375, 29.8125], [-6.09375, 29.71875], [-6.09375, 29.84375]], [[74.59375, 29.90625], [75.09375, 29.65625], [74.5625, 29.53125], [74.59375, 29.34375], [74.03125, 29.5], [74.125, 29.6875], [74.4375, 29.59375], [74.28125, 29.84375], [74.59375, 29.90625]], [[-140.5, 29.78125], [-140.3125, 29.84375], [-140.3125, 29.75], [-140.5, 29.78125]], [[-140.75, 29.75], [-140.65625, 29.84375], [-140.65625, 29.75], [-140.75, 29.75]], [[80.4375, 29.84375], [80.84375, 29.65625], [80.59375, 29.5], [80.53125, 29.21875], [80.34375, 29.1875], [80.09375, 29.53125], [80.28125, 29.625], [80.4375, 29.84375]], [[10.375, 29.8125], [10.5625, 29.6875], [10.4375, 29.34375], [10.625, 29.1875], [10.625, 28.9375], [10.90625, 29.0], [10.9375, 28.75], [11.78125, 28.59375], [11.875, 28.4375], [11.25, 28.40625], [10.84375, 28.03125], [10.90625, 27.59375], [11.53125, 27.21875], [10.96875, 27.0], [11.03125, 26.71875], [11.15625, 26.71875], [11.15625, 26.59375], [10.96875, 26.625], [11.0625, 26.375], [10.46875, 26.3125], [10.34375, 26.125], [10.21875, 26.34375], [9.6875, 26.1875], [9.28125, 26.375], [8.8125, 26.3125], [8.59375, 26.46875], [8.75, 26.6875], [8.375, 27.28125], [8.90625, 26.84375], [8.8125, 26.59375], [9.25, 26.71875], [9.59375, 26.625], [9.71875, 26.875], [10.125, 26.90625], [10.40625, 26.5625], [10.84375, 26.71875], [10.5, 27.21875], [10.75, 27.78125], [10.8125, 28.65625], [10.5625, 28.84375], [10.3125, 28.75], [9.71875, 28.90625], [9.6875, 29.03125], [9.6875, 29.46875], [9.875, 29.25], [10.15625, 29.25], [10.28125, 29.40625], [10.1875, 29.71875], [10.375, 29.8125]], [[78.28125, 29.6875], [78.46875, 29.8125], [78.46875, 29.71875], [78.28125, 29.6875]], [[80.1875, 29.71875], [80.3125, 29.8125], [80.3125, 29.71875], [80.1875, 29.71875]], [[-6.15625, 29.6875], [-5.96875, 29.65625], [-5.96875, 29.125], [-5.75, 29.15625], [-5.65625, 28.46875], [-5.03125, 27.9375], [-4.46875, 27.875], [-3.875, 28.15625], [-3.6875, 28.84375], [-3.5, 28.8125], [-3.59375, 27.59375], [-3.78125, 27.59375], [-4.0, 27.875], [-4.46875, 27.5625], [-4.46875, 27.71875], [-4.875, 27.6875], [-4.84375, 27.46875], [-4.59375, 27.5625], [-4.5625, 27.375], [-4.78125, 27.25], [-4.625, 27.21875], [-4.625, 27.0], [-4.4375, 27.03125], [-4.125, 27.53125], [-3.96875, 27.4375], [-4.03125, 26.75], [-4.28125, 26.5], [-4.28125, 26.21875], [-4.4375, 26.3125], [-4.3125, 26.625], [-4.40625, 26.84375], [-4.6875, 26.9375], [-4.875, 26.59375], [-5.0625, 26.6875], [-4.875, 26.96875], [-5.09375, 27.03125], [-5.0625, 27.53125], [-5.40625, 27.4375], [-5.84375, 27.6875], [-5.875, 27.09375], [-6.15625, 27.125], [-6.1875, 27.375], [-6.3125, 27.34375], [-6.1875, 27.59375], [-6.53125, 27.71875], [-6.53125, 27.90625], [-6.1875, 28.15625], [-6.4375, 28.46875], [-6.78125, 28.375], [-7.03125, 27.78125], [-7.5625, 27.625], [-7.84375, 28.28125], [-7.84375, 28.71875], [-7.125, 28.46875], [-7.1875, 28.15625], [-7.0, 28.1875], [-7.0, 28.40625], [-6.59375, 28.71875], [-6.375, 28.53125], [-6.1875, 29.0], [-6.40625, 29.625], [-6.15625, 29.5], [-6.15625, 29.6875]], [[79.25, 29.53125], [80.03125, 29.6875], [80.03125, 29.5], [79.59375, 29.28125], [79.21875, 29.34375], [79.25, 29.53125]], [[73.59375, 29.65625], [73.8125, 29.625], [73.8125, 29.5], [73.5625, 29.53125], [73.59375, 29.65625]], [[79.03125, 29.5625], [79.15625, 29.65625], [79.15625, 29.5625], [79.03125, 29.5625]], [[80.84375, 29.625], [81.09375, 29.625], [80.96875, 29.125], [80.8125, 29.125], [80.84375, 29.625]], [[15.84375, 29.5], [15.96875, 29.59375], [15.96875, 29.5], [15.84375, 29.5]], [[-137.5, 29.28125], [-137.375, 29.5625], [-137.375, 29.21875], [-137.5, 29.28125]], [[15.15625, 29.53125], [15.40625, 29.46875], [15.375, 29.25], [15.25, 29.25], [15.15625, 29.53125]], [[-144.21875, 29.375], [-144.125, 29.46875], [-144.125, 29.375], [-144.21875, 29.375]], [[-144.0, 29.46875], [-143.5, 29.25], [-143.65625, 28.875], [-144.0, 28.8125], [-144.25, 28.5625], [-144.90625, 28.625], [-144.8125, 29.0625], [-144.625, 29.03125], [-144.09375, 29.3125], [-144.0, 29.46875]], [[73.03125, 29.21875], [73.03125, 29.40625], [73.125, 29.21875], [73.03125, 29.21875]], [[74.9375, 29.375], [75.375, 29.3125], [75.4375, 29.09375], [75.09375, 29.1875], [74.9375, 29.375]], [[75.59375, 29.375], [75.78125, 29.375], [75.78125, 29.25], [75.625, 29.21875], [75.59375, 29.375]], [[79.71875, 29.21875], [80.09375, 29.3125], [80.0625, 29.03125], [79.6875, 28.84375], [79.71875, 29.21875]], [[-138.40625, 29.25], [-138.28125, 29.34375], [-138.25, 29.21875], [-138.40625, 29.25]], [[13.8125, 29.34375], [14.28125, 29.21875], [14.71875, 28.5625], [14.46875, 28.65625], [14.28125, 28.375], [13.75, 28.4375], [13.8125, 29.34375]], [[-140.96875, 29.1875], [-140.75, 29.15625], [-141.0, 29.0], [-140.96875, 29.1875]], [[79.1875, 29.15625], [79.3125, 29.25], [79.34375, 29.125], [79.1875, 29.15625]], [[-137.96875, 29.21875], [-137.78125, 29.1875], [-137.59375, 28.9375], [-137.8125, 28.96875], [-137.96875, 29.21875]], [[78.53125, 29.09375], [78.78125, 29.1875], [78.78125, 29.0625], [78.53125, 29.09375]], [[74.46875, 29.09375], [74.65625, 29.09375], [74.6875, 28.96875], [74.4375, 28.9375], [74.46875, 29.09375]], [[78.28125, 28.96875], [78.375, 29.0625], [78.375, 28.96875], [78.28125, 28.96875]], [[78.75, 28.90625], [78.9375, 29.03125], [78.9375, 28.9375], [78.75, 28.90625]], [[-1.5, 28.96875], [-1.28125, 28.875], [-1.125, 28.53125], [-1.75, 28.40625], [-1.75, 28.5625], [-1.46875, 28.6875], [-1.5, 28.96875]], [[79.125, 28.96875], [79.34375, 28.96875], [79.34375, 28.8125], [79.15625, 28.8125], [79.125, 28.96875]], [[161.03125, 28.875], [161.15625, 28.96875], [161.15625, 28.875], [161.03125, 28.875]], [[-141.125, 28.84375], [-140.96875, 28.78125], [-141.125, 28.75], [-141.125, 28.84375]], [[-140.40625, 28.84375], [-140.25, 28.71875], [-140.625, 28.5625], [-140.59375, 28.71875], [-140.40625, 28.84375]], [[160.96875, 28.625], [161.0625, 28.84375], [161.0625, 28.625], [160.96875, 28.625]], [[-59.03125, 28.78125], [-58.84375, 28.78125], [-58.84375, 28.625], [-59.03125, 28.59375], [-59.03125, 28.3125], [-58.46875, 28.4375], [-58.21875, 28.65625], [-56.96875, 28.71875], [-56.96875, 28.28125], [-55.90625, 27.90625], [-56.09375, 27.625], [-55.65625, 27.65625], [-55.625, 27.34375], [-56.21875, 27.125], [-56.21875, 27.3125], [-55.96875, 27.4375], [-56.0625, 27.5], [-57.25, 26.5625], [-57.625, 26.4375], [-57.9375, 25.96875], [-58.125, 26.125], [-58.625, 25.84375], [-59.25, 25.84375], [-59.125, 26.09375], [-59.46875, 26.34375], [-60.1875, 26.46875], [-60.3125, 26.59375], [-60.21875, 26.96875], [-60.53125, 27.0], [-60.375, 27.21875], [-60.15625, 27.15625], [-59.78125, 27.4375], [-60.0, 27.4375], [-60.21875, 27.71875], [-60.125, 28.0], [-60.25, 28.25], [-59.375, 28.4375], [-59.03125, 28.78125]], [[-58.8125, 28.6875], [-58.71875, 28.78125], [-58.71875, 28.6875], [-58.8125, 28.6875]], [[-140.78125, 28.75], [-140.65625, 28.53125], [-140.9375, 28.4375], [-140.9375, 28.53125], [-140.78125, 28.75]], [[-0.875, 28.75], [-0.59375, 28.75], [-0.4375, 28.53125], [-1.0, 28.5625], [-0.875, 28.75]], [[-141.1875, 28.5], [-141.0, 28.65625], [-141.03125, 28.5], [-141.1875, 28.5]], [[14.84375, 28.625], [15.09375, 28.625], [15.125, 28.46875], [14.90625, 28.4375], [14.84375, 28.625]], [[15.375, 28.53125], [15.53125, 28.625], [15.53125, 28.53125], [15.375, 28.53125]], [[79.0, 28.625], [79.15625, 28.59375], [79.15625, 28.4375], [79.03125, 28.46875], [79.0, 28.625]], [[-143.46875, 28.5625], [-143.34375, 28.53125], [-143.40625, 28.15625], [-143.71875, 28.03125], [-143.46875, 28.5625]], [[6.15625, 28.40625], [6.25, 28.53125], [6.25, 28.40625], [6.15625, 28.40625]], [[-144.65625, 28.5], [-144.34375, 28.5], [-144.34375, 28.40625], [-144.65625, 28.34375], [-144.65625, 28.5]], [[1.53125, 28.28125], [1.65625, 28.40625], [1.65625, 28.3125], [1.53125, 28.28125]], [[1.71875, 28.375], [1.9375, 28.375], [2.15625, 28.09375], [2.375, 28.15625], [2.53125, 27.8125], [2.125, 27.78125], [1.71875, 28.375]], [[-143.875, 28.15625], [-143.75, 28.34375], [-143.78125, 28.15625], [-143.875, 28.15625]], [[-144.09375, 28.15625], [-143.96875, 28.3125], [-144.0, 28.15625], [-144.09375, 28.15625]], [[-0.3125, 28.1875], [0.375, 27.875], [0.375, 27.65625], [0.0, 27.78125], [-0.03125, 27.34375], [-0.5, 27.625], [-0.21875, 27.96875], [-0.3125, 28.1875]], [[5.75, 28.125], [6.0, 28.0625], [6.0, 27.9375], [5.6875, 27.96875], [5.75, 28.125]], [[83.5, 27.96875], [83.65625, 28.125], [83.65625, 27.96875], [83.5, 27.96875]], [[0.28125, 28.0], [0.375, 28.09375], [0.375, 28.0], [0.28125, 28.0]], [[83.28125, 28.0], [83.46875, 28.09375], [83.46875, 28.0], [83.28125, 28.0]], [[-145.125, 27.9375], [-145.0, 28.03125], [-145.0, 27.9375], [-145.125, 27.9375]], [[-144.96875, 27.90625], [-144.875, 28.03125], [-144.875, 27.90625], [-144.96875, 27.90625]], [[-143.71875, 27.90625], [-143.5, 27.90625], [-143.6875, 27.75], [-143.71875, 27.90625]], [[12.09375, 28.0], [12.40625, 27.28125], [11.90625, 27.03125], [11.625, 27.34375], [12.03125, 27.53125], [12.09375, 28.0]], [[-144.0625, 27.875], [-143.9375, 27.96875], [-143.9375, 27.875], [-144.0625, 27.875]], [[-6.84375, 27.875], [-6.75, 27.96875], [-6.75, 27.875], [-6.84375, 27.875]], [[8.0625, 27.9375], [8.28125, 27.875], [8.3125, 27.375], [7.84375, 27.65625], [8.0625, 27.9375]], [[-1.65625, 27.71875], [-1.53125, 27.8125], [-1.53125, 27.71875], [-1.65625, 27.71875]], [[7.6875, 27.625], [7.8125, 27.75], [7.8125, 27.625], [7.6875, 27.625]], [[-1.53125, 27.59375], [-1.4375, 27.71875], [-1.4375, 27.59375], [-1.53125, 27.59375]], [[6.375, 27.71875], [6.5625, 27.71875], [6.59375, 27.59375], [6.4375, 27.53125], [6.375, 27.71875]], [[-4.25, 27.5625], [-4.15625, 27.6875], [-4.15625, 27.5625], [-4.25, 27.5625]], [[0.21875, 27.625], [0.46875, 27.40625], [0.40625, 27.15625], [0.09375, 27.34375], [0.21875, 27.625]], [[1.6875, 27.5625], [1.8125, 27.53125], [1.71875, 27.0625], [1.96875, 26.90625], [1.9375, 26.75], [1.65625, 26.96875], [1.0625, 26.90625], [1.09375, 27.125], [1.5, 27.1875], [1.6875, 27.5625]], [[5.3125, 27.5625], [5.65625, 27.4375], [5.65625, 27.1875], [5.34375, 27.375], [5.3125, 27.4375], [5.3125, 27.5625]], [[13.65625, 27.5625], [13.8125, 27.53125], [13.84375, 27.34375], [13.625, 27.34375], [13.65625, 27.5625]], [[-145.03125, 27.46875], [-144.8125, 27.34375], [-144.96875, 27.3125], [-145.125, 27.125], [-145.03125, 27.46875]], [[-1.0625, 27.375], [-0.96875, 27.46875], [-0.96875, 27.375], [-1.0625, 27.375]], [[-143.75, 27.3125], [-143.65625, 27.4375], [-143.65625, 27.3125], [-143.75, 27.3125]], [[5.1875, 27.34375], [5.3125, 27.4375], [5.3125, 27.34375], [5.1875, 27.34375]], [[-7.46875, 27.28125], [-7.34375, 27.375], [-7.34375, 27.28125], [-7.46875, 27.28125]], [[6.78125, 27.375], [6.96875, 27.3125], [6.90625, 27.125], [6.71875, 27.15625], [6.78125, 27.375]], [[-145.53125, 27.1875], [-145.4375, 27.34375], [-145.4375, 27.1875], [-145.53125, 27.1875]], [[-145.75, 27.21875], [-145.65625, 27.3125], [-145.65625, 27.21875], [-145.75, 27.21875]], [[-144.78125, 27.28125], [-144.65625, 27.15625], [-144.875, 26.84375], [-144.90625, 27.03125], [-144.78125, 27.28125]], [[-1.0, 27.15625], [-0.90625, 27.28125], [-0.875, 27.15625], [-1.0, 27.15625]], [[6.46875, 27.28125], [6.5, 27.0], [6.3125, 27.0], [6.3125, 27.09375], [6.46875, 27.28125]], [[-144.96875, 27.125], [-144.875, 27.25], [-144.875, 27.125], [-144.96875, 27.125]], [[-144.1875, 27.25], [-144.0, 26.9375], [-144.5625, 26.71875], [-144.53125, 26.9375], [-144.1875, 27.25]], [[5.21875, 27.125], [5.40625, 27.0625], [5.40625, 26.96875], [5.1875, 26.9375], [5.21875, 27.125]], [[-56.09375, 26.9375], [-56.0, 27.0625], [-56.0, 26.9375], [-56.09375, 26.9375]], [[6.8125, 26.96875], [6.90625, 27.0625], [6.90625, 26.96875], [6.8125, 26.96875]], [[13.9375, 26.9375], [14.03125, 27.0625], [14.03125, 26.9375], [13.9375, 26.9375]], [[-5.34375, 26.90625], [-5.25, 27.03125], [-5.25, 26.90625], [-5.34375, 26.90625]], [[-146.09375, 27.0], [-145.96875, 26.90625], [-146.03125, 26.1875], [-146.25, 26.4375], [-146.09375, 27.0]], [[-145.8125, 27.0], [-145.46875, 26.96875], [-145.40625, 26.46875], [-145.78125, 26.53125], [-145.8125, 27.0]], [[-143.46875, 26.875], [-143.375, 27.0], [-143.375, 26.875], [-143.46875, 26.875]], [[0.34375, 26.96875], [0.9375, 26.875], [0.9375, 26.75], [0.34375, 26.78125], [0.34375, 26.96875]], [[5.46875, 26.96875], [5.75, 26.96875], [5.875, 26.8125], [6.28125, 26.875], [6.3125, 26.5625], [6.625, 26.3125], [6.0, 26.40625], [5.59375, 26.21875], [5.46875, 26.96875]], [[-5.96875, 26.78125], [-5.84375, 26.9375], [-5.875, 26.78125], [-5.96875, 26.78125]], [[-5.78125, 26.625], [-5.6875, 26.9375], [-5.65625, 26.625], [-5.78125, 26.625]], [[2.09375, 26.8125], [2.1875, 26.90625], [2.1875, 26.8125], [2.09375, 26.8125]], [[-142.90625, 26.6875], [-142.84375, 26.8125], [-142.8125, 26.6875], [-142.90625, 26.6875]], [[-143.15625, 26.6875], [-143.0625, 26.78125], [-143.0625, 26.6875], [-143.15625, 26.6875]], [[5.0, 26.78125], [5.125, 26.625], [4.71875, 26.625], [4.71875, 26.71875], [5.0, 26.78125]], [[-144.625, 26.59375], [-144.15625, 26.71875], [-144.21875, 26.53125], [-144.625, 26.3125], [-144.625, 26.59375]], [[-8.28125, 26.65625], [-8.1875, 26.75], [-8.1875, 26.65625], [-8.28125, 26.65625]], [[15.53125, 26.65625], [15.625, 26.75], [15.625, 26.65625], [15.53125, 26.65625]], [[7.875, 26.65625], [8.03125, 26.65625], [8.0, 26.46875], [7.875, 26.46875], [7.875, 26.65625]], [[-143.375, 26.625], [-143.0, 26.4375], [-143.0, 26.34375], [-143.375, 26.28125], [-143.375, 26.625]], [[-5.21875, 26.40625], [-5.125, 26.53125], [-5.125, 26.40625], [-5.21875, 26.40625]], [[-144.9375, 26.40625], [-144.84375, 26.5], [-144.84375, 26.40625], [-144.9375, 26.40625]], [[-145.875, 26.46875], [-145.59375, 26.40625], [-145.53125, 26.0625], [-145.71875, 25.28125], [-145.96875, 25.0625], [-145.9375, 25.6875], [-145.71875, 25.90625], [-145.8125, 26.125], [-145.96875, 25.90625], [-145.875, 26.46875]], [[-143.6875, 26.4375], [-143.5625, 26.40625], [-143.59375, 26.28125], [-143.6875, 26.28125], [-143.6875, 26.4375]], [[-142.8125, 26.34375], [-142.6875, 26.4375], [-142.6875, 26.34375], [-142.8125, 26.34375]], [[11.4375, 26.4375], [11.6875, 26.3125], [11.6875, 26.125], [12.15625, 25.96875], [12.1875, 25.46875], [11.875, 25.46875], [12.0, 25.8125], [11.34375, 26.28125], [11.4375, 26.4375]], [[-5.03125, 26.3125], [-4.9375, 26.40625], [-4.9375, 26.3125], [-5.03125, 26.3125]], [[-142.84375, 26.21875], [-142.75, 26.3125], [-142.75, 26.21875], [-142.84375, 26.21875]], [[-5.84375, 26.1875], [-5.75, 26.3125], [-5.71875, 26.1875], [-5.84375, 26.1875]], [[15.46875, 26.1875], [15.5625, 26.3125], [15.5625, 26.1875], [15.46875, 26.1875]], [[-3.875, 26.0625], [-3.71875, 26.21875], [-3.75, 26.0625], [-3.875, 26.0625]], [[-144.8125, 26.1875], [-144.53125, 26.0625], [-144.5, 25.84375], [-144.71875, 26.0625], [-144.875, 25.96875], [-144.8125, 26.1875]], [[-145.34375, 26.0], [-145.09375, 26.125], [-145.15625, 25.75], [-145.46875, 25.53125], [-145.5, 26.0625], [-145.34375, 26.0]], [[-59.8125, 26.15625], [-59.71875, 26.0], [-59.90625, 25.9375], [-59.90625, 26.0625], [-59.8125, 26.15625]], [[-146.125, 26.09375], [-146.0625, 25.78125], [-146.28125, 25.5625], [-146.3125, 25.9375], [-146.125, 26.09375]], [[-142.34375, 26.0], [-142.125, 25.9375], [-142.125, 25.8125], [-142.28125, 25.8125], [-142.34375, 26.0]], [[-7.4375, 25.875], [-7.09375, 25.78125], [-7.15625, 25.5], [-7.5, 25.59375], [-7.75, 25.4375], [-7.875, 25.65625], [-7.4375, 25.875]], [[4.28125, 25.84375], [4.46875, 25.8125], [4.84375, 25.25], [4.53125, 25.3125], [3.96875, 24.9375], [4.15625, 25.5625], [4.375, 25.59375], [4.28125, 25.84375]], [[8.1875, 25.84375], [8.46875, 25.8125], [8.5, 25.6875], [8.0, 25.625], [8.1875, 25.84375]], [[-145.5, 25.1875], [-144.9375, 25.78125], [-145.03125, 25.375], [-145.5, 25.1875]], [[9.875, 25.78125], [10.09375, 25.75], [10.25, 25.03125], [10.625, 24.8125], [11.59375, 24.78125], [11.78125, 25.09375], [11.9375, 25.09375], [11.71875, 24.71875], [11.75, 24.15625], [11.5, 24.03125], [11.46875, 23.6875], [10.75, 23.625], [10.3125, 23.8125], [10.21875, 24.09375], [10.0, 24.03125], [10.0, 24.21875], [9.78125, 24.15625], [9.78125, 24.3125], [9.09375, 23.875], [9.125, 24.40625], [9.4375, 24.46875], [9.25, 25.0], [9.4375, 25.15625], [9.78125, 25.09375], [9.8125, 25.3125], [9.96875, 25.3125], [9.875, 25.78125]], [[15.8125, 25.65625], [16.0, 25.5625], [15.9375, 25.375], [15.6875, 25.5], [15.8125, 25.65625]], [[-62.78125, 25.59375], [-62.46875, 25.53125], [-62.46875, 25.4375], [-62.6875, 25.4375], [-62.78125, 25.59375]], [[-146.4375, 25.53125], [-146.28125, 25.5], [-146.25, 25.3125], [-146.34375, 25.3125], [-146.4375, 25.53125]], [[-146.0625, 25.40625], [-145.96875, 25.5], [-145.96875, 25.40625], [-146.0625, 25.40625]], [[-144.40625, 25.375], [-144.1875, 25.5], [-144.1875, 25.40625], [-144.40625, 25.375]], [[-146.46875, 25.3125], [-146.3125, 25.25], [-146.3125, 24.90625], [-146.5, 24.96875], [-146.46875, 25.3125]], [[-144.40625, 25.1875], [-144.21875, 25.28125], [-144.21875, 25.1875], [-144.40625, 25.1875]], [[-62.8125, 25.09375], [-62.71875, 25.1875], [-62.71875, 25.09375], [-62.8125, 25.09375]], [[-14.09375, 25.15625], [-13.875, 25.0625], [-13.96875, 24.8125], [-13.6875, 24.71875], [-13.875, 24.28125], [-13.5, 24.40625], [-13.6875, 24.15625], [-13.59375, 23.9375], [-13.40625, 24.0], [-13.4375, 24.25], [-13.125, 24.09375], [-12.9375, 24.21875], [-12.40625, 23.84375], [-12.28125, 23.25], [-12.15625, 23.25], [-12.28125, 22.84375], [-12.40625, 23.0625], [-12.8125, 23.125], [-12.78125, 23.40625], [-13.21875, 23.3125], [-12.875, 22.96875], [-13.3125, 23.0], [-13.5, 22.53125], [-13.625, 22.53125], [-13.375, 21.6875], [-13.875, 22.0], [-14.53125, 21.8125], [-14.53125, 22.28125], [-14.71875, 22.625], [-14.9375, 22.40625], [-15.15625, 22.71875], [-15.5, 22.71875], [-15.71875, 22.5], [-16.0625, 22.625], [-16.28125, 22.53125], [-17.40625, 23.0], [-17.375, 23.21875], [-17.03125, 23.40625], [-16.5, 23.34375], [-16.3125, 23.59375], [-16.40625, 24.0], [-17.0625, 24.0625], [-16.875, 24.1875], [-16.90625, 24.375], [-16.6875, 24.3125], [-16.6875, 24.46875], [-16.34375, 24.5625], [-16.125, 24.21875], [-15.75, 24.0625], [-15.78125, 23.90625], [-15.53125, 23.90625], [-15.59375, 24.09375], [-15.28125, 24.25], [-15.3125, 24.59375], [-14.5625, 24.8125], [-14.59375, 24.96875], [-14.15625, 24.90625], [-14.09375, 25.15625]], [[-146.03125, 25.03125], [-145.875, 24.96875], [-145.90625, 24.84375], [-146.0, 24.84375], [-146.03125, 25.03125]], [[0.875, 24.90625], [1.03125, 24.84375], [1.03125, 24.71875], [0.84375, 24.71875], [0.875, 24.90625]], [[-146.53125, 24.75], [-146.40625, 24.875], [-146.40625, 24.71875], [-146.53125, 24.75]], [[-62.71875, 24.71875], [-62.625, 24.8125], [-62.625, 24.71875], [-62.71875, 24.71875]], [[-16.59375, 24.71875], [-16.5, 24.8125], [-16.5, 24.71875], [-16.59375, 24.71875]], [[-59.1875, 24.71875], [-58.96875, 24.6875], [-59.1875, 24.59375], [-59.1875, 24.71875]], [[-5.15625, 24.65625], [-5.0625, 24.75], [-5.0625, 24.65625], [-5.15625, 24.65625]], [[-146.03125, 24.6875], [-145.9375, 24.53125], [-146.28125, 24.0625], [-146.21875, 24.46875], [-146.03125, 24.6875]], [[2.15625, 24.5625], [2.25, 24.65625], [2.25, 24.5625], [2.15625, 24.5625]], [[4.78125, 24.53125], [4.875, 24.65625], [4.875, 24.53125], [4.78125, 24.53125]], [[-13.625, 24.59375], [-13.5, 24.59375], [-13.46875, 24.46875], [-13.59375, 24.4375], [-13.625, 24.59375]], [[85.34375, 24.5], [85.4375, 24.59375], [85.4375, 24.5], [85.34375, 24.5]], [[-61.96875, 24.46875], [-61.5625, 24.375], [-61.53125, 24.15625], [-61.78125, 23.9375], [-63.0, 23.46875], [-63.34375, 23.46875], [-63.5, 23.625], [-63.4375, 23.84375], [-61.96875, 24.46875]], [[3.8125, 24.375], [4.03125, 24.3125], [3.90625, 23.96875], [4.0, 23.4375], [3.8125, 23.4375], [3.71875, 23.6875], [3.8125, 24.375]], [[2.96875, 24.125], [3.0625, 24.21875], [3.0625, 24.125], [2.96875, 24.125]], [[3.28125, 24.09375], [3.375, 24.1875], [3.375, 24.09375], [3.28125, 24.09375]], [[11.75, 23.9375], [11.90625, 24.125], [11.90625, 23.9375], [11.75, 23.9375]], [[84.03125, 24.03125], [84.15625, 24.0], [84.15625, 23.875], [84.03125, 23.875], [84.03125, 24.03125]], [[83.40625, 23.84375], [83.53125, 23.8125], [83.5625, 23.65625], [83.4375, 23.6875], [83.40625, 23.84375]], [[82.4375, 23.78125], [82.65625, 23.78125], [82.65625, 23.625], [82.34375, 23.5625], [82.4375, 23.78125]], [[-146.25, 23.375], [-146.03125, 23.65625], [-146.03125, 23.46875], [-146.25, 23.375]], [[-55.21875, 23.5], [-55.03125, 23.59375], [-55.03125, 23.5], [-55.21875, 23.5]], [[-11.90625, 23.375], [-11.8125, 23.46875], [-11.8125, 23.375], [-11.90625, 23.375]], [[82.5, 23.28125], [82.65625, 23.4375], [82.65625, 23.28125], [82.5, 23.28125]], [[82.875, 23.25], [82.96875, 23.34375], [82.96875, 23.25], [82.875, 23.25]], [[81.78125, 23.1875], [81.90625, 23.28125], [81.96875, 23.09375], [81.78125, 23.1875]], [[-146.25, 23.125], [-146.15625, 23.21875], [-146.15625, 23.125], [-146.25, 23.125]], [[83.28125, 23.15625], [83.4375, 22.9375], [83.1875, 22.71875], [83.09375, 23.09375], [83.28125, 23.15625]], [[-5.8125, 23.0625], [-5.6875, 23.03125], [-5.75, 22.8125], [-5.84375, 22.8125], [-5.8125, 23.0625]], [[8.1875, 22.96875], [8.28125, 23.0625], [8.28125, 22.96875], [8.1875, 22.96875]], [[82.46875, 22.875], [82.59375, 22.96875], [82.59375, 22.875], [82.46875, 22.875]], [[-66.1875, 22.84375], [-65.5625, 22.8125], [-66.21875, 22.71875], [-66.1875, 22.84375]], [[-146.03125, 22.84375], [-145.8125, 22.84375], [-145.8125, 22.59375], [-146.09375, 22.53125], [-146.03125, 22.84375]], [[-19.53125, 22.84375], [-19.25, 22.75], [-19.1875, 22.40625], [-18.78125, 22.0625], [-18.4375, 22.03125], [-18.46875, 21.90625], [-19.03125, 21.78125], [-19.03125, 21.28125], [-18.875, 21.125], [-19.09375, 20.9375], [-19.28125, 21.0], [-19.34375, 21.34375], [-19.25, 21.84375], [-19.71875, 22.21875], [-19.375, 22.40625], [-19.40625, 22.59375], [-19.59375, 22.625], [-19.53125, 22.84375]], [[7.375, 22.65625], [7.5, 22.75], [7.5, 22.65625], [7.375, 22.65625]], [[12.4375, 22.53125], [12.59375, 22.65625], [12.59375, 22.46875], [12.4375, 22.53125]], [[12.78125, 22.5], [12.90625, 22.59375], [12.90625, 22.5], [12.78125, 22.5]], [[-145.9375, 22.40625], [-145.84375, 22.5], [-145.84375, 22.40625], [-145.9375, 22.40625]], [[10.3125, 22.46875], [10.4375, 22.3125], [10.125, 22.28125], [10.125, 22.40625], [10.3125, 22.46875]], [[8.15625, 22.40625], [8.375, 22.3125], [8.15625, 22.3125], [8.15625, 22.40625]], [[-72.0, 22.1875], [-71.78125, 22.03125], [-72.3125, 21.90625], [-72.3125, 22.03125], [-72.0, 22.1875]], [[8.40625, 22.1875], [8.53125, 22.1875], [8.53125, 21.78125], [8.375, 21.84375], [8.40625, 22.1875]], [[81.65625, 22.09375], [81.8125, 22.0625], [81.65625, 21.9375], [81.65625, 22.09375]], [[167.4375, 22.0625], [167.53125, 22.15625], [167.53125, 22.0625], [167.4375, 22.0625]], [[161.25, 21.90625], [161.4375, 22.0625], [161.46875, 21.875], [161.25, 21.90625]], [[7.90625, 21.875], [8.0, 22.0], [8.0, 21.875], [7.90625, 21.875]], [[81.46875, 21.875], [81.6875, 21.8125], [82.0, 21.34375], [81.6875, 21.3125], [81.53125, 21.53125], [81.34375, 21.5], [81.46875, 21.875]], [[-18.3125, 21.5625], [-18.15625, 21.65625], [-18.15625, 21.5625], [-18.3125, 21.5625]], [[-14.21875, 21.46875], [-14.03125, 21.59375], [-14.03125, 21.4375], [-14.21875, 21.46875]], [[-145.875, 21.375], [-145.6875, 21.34375], [-145.875, 21.15625], [-145.875, 21.375]], [[82.40625, 21.03125], [82.46875, 21.15625], [82.5, 21.03125], [82.40625, 21.03125]], [[173.125, 21.15625], [173.46875, 21.03125], [173.5, 20.46875], [173.3125, 20.4375], [173.15625, 20.625], [173.125, 21.15625]], [[-146.625, 21.03125], [-146.53125, 21.125], [-146.53125, 21.03125], [-146.625, 21.03125]], [[-146.59375, 20.875], [-146.5, 20.96875], [-146.5, 20.875], [-146.59375, 20.875]], [[-146.3125, 20.6875], [-146.15625, 20.625], [-146.15625, 20.46875], [-146.28125, 20.46875], [-146.3125, 20.6875]], [[-14.1875, 20.34375], [-14.03125, 20.34375], [-13.9375, 20.03125], [-14.15625, 20.09375], [-14.1875, 20.34375]], [[-144.875, 19.3125], [-144.75, 19.3125], [-144.75, 19.15625], [-144.84375, 19.15625], [-144.875, 19.3125]], [[173.0, 19.09375], [173.09375, 19.1875], [173.09375, 19.09375], [173.0, 19.09375]], [[-12.53125, 18.21875], [-12.4375, 18.34375], [-12.40625, 18.21875], [-12.53125, 18.21875]], [[78.15625, 18.34375], [78.40625, 18.3125], [78.28125, 18.0], [78.0625, 18.09375], [78.15625, 18.34375]], [[-141.65625, 18.1875], [-141.5625, 18.28125], [-141.5625, 18.1875], [-141.65625, 18.1875]], [[170.125, 17.09375], [170.28125, 16.90625], [169.75, 16.3125], [169.5625, 16.40625], [169.125, 15.84375], [168.78125, 15.96875], [169.21875, 16.46875], [169.625, 16.59375], [170.125, 17.09375]], [[-143.03125, 16.75], [-142.53125, 16.75], [-142.46875, 16.5625], [-143.25, 16.25], [-143.5625, 16.28125], [-143.84375, 16.0], [-143.875, 16.3125], [-143.625, 16.34375], [-143.71875, 16.5625], [-143.4375, 16.5], [-143.375, 16.6875], [-143.03125, 16.625], [-143.03125, 16.75]], [[178.0, 16.53125], [178.125, 16.6875], [178.09375, 16.53125], [178.0, 16.53125]], [[161.0, 16.5], [161.1875, 16.46875], [161.21875, 16.3125], [161.0, 16.375], [161.0, 16.5]], [[177.96875, 16.46875], [178.0, 16.15625], [177.8125, 16.0625], [177.84375, 16.28125], [177.96875, 16.46875]], [[177.78125, 15.875], [177.875, 15.96875], [177.875, 15.875], [177.78125, 15.875]], [[177.6875, 15.8125], [177.78125, 15.59375], [177.3125, 14.15625], [177.46875, 13.125], [177.15625, 11.71875], [177.21875, 11.25], [177.09375, 11.25], [176.9375, 11.3125], [176.9375, 11.9375], [177.1875, 14.0], [177.0, 14.3125], [177.1875, 14.875], [177.40625, 15.0], [177.3125, 15.59375], [177.6875, 15.8125]], [[165.375, 15.78125], [165.5, 15.75], [165.46875, 15.46875], [165.3125, 15.46875], [165.375, 15.78125]], [[167.71875, 15.46875], [167.875, 15.59375], [167.875, 15.46875], [167.71875, 15.46875]], [[-27.28125, 15.25], [-27.15625, 15.40625], [-27.1875, 15.25], [-27.28125, 15.25]], [[-21.625, 15.15625], [-21.53125, 15.28125], [-21.53125, 15.15625], [-21.625, 15.15625]], [[-26.1875, 15.09375], [-26.09375, 14.75], [-26.375, 14.75], [-26.3125, 15.0], [-26.1875, 15.09375]], [[163.21875, 14.8125], [163.34375, 14.96875], [163.34375, 14.8125], [163.21875, 14.8125]], [[-143.3125, 14.84375], [-143.21875, 14.9375], [-143.21875, 14.84375], [-143.3125, 14.84375]], [[-143.03125, 14.78125], [-142.9375, 14.875], [-142.9375, 14.78125], [-143.03125, 14.78125]], [[-21.21875, 14.78125], [-21.125, 14.875], [-21.125, 14.78125], [-21.21875, 14.78125]], [[164.25, 14.84375], [164.375, 14.8125], [164.375, 14.65625], [164.25, 14.65625], [164.25, 14.84375]], [[-142.84375, 14.65625], [-142.53125, 14.78125], [-142.46875, 14.4375], [-142.25, 14.25], [-142.65625, 14.40625], [-142.84375, 14.65625]], [[170.90625, 14.6875], [171.03125, 14.6875], [171.03125, 14.375], [170.875, 14.4375], [170.90625, 14.6875]], [[164.6875, 14.65625], [164.90625, 14.59375], [164.90625, 14.0625], [164.78125, 13.9375], [164.0625, 14.03125], [164.03125, 14.40625], [164.1875, 14.40625], [164.21875, 14.5625], [164.5, 14.46875], [164.6875, 14.65625]], [[179.75, 14.28125], [179.875, 13.8125], [179.71875, 13.8125], [179.75, 14.28125]], [[162.8125, 14.0625], [162.96875, 14.03125], [163.0, 13.84375], [162.8125, 13.875], [162.8125, 14.0625]], [[164.09375, 13.875], [164.5, 13.84375], [164.71875, 13.625], [164.59375, 13.46875], [164.15625, 13.40625], [164.1875, 13.03125], [163.96875, 12.75], [163.71875, 13.125], [163.75, 13.4375], [163.46875, 13.6875], [164.09375, 13.625], [164.09375, 13.875]], [[105.9375, 13.71875], [106.0625, 13.71875], [106.09375, 13.5625], [105.96875, 13.5625], [105.9375, 13.71875]], [[106.34375, 13.46875], [106.46875, 13.65625], [106.4375, 13.46875], [106.34375, 13.46875]], [[179.5625, 13.46875], [179.71875, 13.65625], [179.6875, 13.4375], [179.5625, 13.46875]], [[163.3125, 13.5], [163.40625, 13.3125], [163.15625, 13.125], [163.0625, 13.28125], [163.3125, 13.5]], [[-23.71875, 13.1875], [-23.09375, 13.375], [-23.25, 13.1875], [-23.09375, 12.6875], [-23.40625, 12.65625], [-23.59375, 12.21875], [-23.6875, 12.34375], [-24.0, 12.3125], [-23.96875, 12.625], [-24.15625, 12.71875], [-24.34375, 12.6875], [-24.4375, 12.34375], [-24.5625, 12.34375], [-24.4375, 13.15625], [-23.71875, 13.1875]], [[162.03125, 13.3125], [162.25, 13.0625], [162.84375, 12.96875], [162.8125, 12.75], [162.6875, 12.5], [162.5, 12.53125], [162.53125, 12.375], [162.34375, 12.40625], [162.4375, 12.15625], [162.15625, 12.125], [162.15625, 11.84375], [162.0, 11.84375], [161.4375, 11.03125], [161.09375, 11.125], [160.8125, 10.9375], [160.71875, 10.5], [160.9375, 9.96875], [160.6875, 9.875], [160.6875, 10.09375], [160.25, 10.21875], [160.15625, 10.4375], [159.9375, 11.25], [159.96875, 11.5], [160.1875, 11.53125], [160.03125, 11.78125], [160.4375, 11.8125], [160.75, 11.53125], [160.59375, 11.9375], [160.90625, 11.9375], [161.125, 12.375], [161.5, 12.40625], [161.5625, 12.84375], [161.28125, 12.75], [161.21875, 13.03125], [161.78125, 13.0625], [162.03125, 13.3125]], [[179.53125, 13.28125], [179.625, 13.1875], [179.34375, 12.6875], [178.71875, 11.9375], [178.5625, 11.9375], [178.625, 12.28125], [179.09375, 12.96875], [179.53125, 13.28125]], [[102.6875, 13.09375], [102.75, 13.25], [102.8125, 13.09375], [102.6875, 13.09375]], [[107.28125, 13.03125], [107.625, 12.9375], [107.6875, 12.53125], [107.25, 12.75], [107.28125, 13.03125]], [[-48.125, 13.0], [-47.9375, 12.875], [-47.90625, 12.5625], [-48.0, 12.5625], [-48.125, 13.0]], [[162.90625, 13.0], [163.1875, 13.0], [163.46875, 12.6875], [163.25, 12.5625], [162.875, 12.8125], [162.90625, 13.0]], [[108.125, 12.875], [108.28125, 12.875], [108.3125, 12.65625], [108.125, 12.6875], [108.125, 12.875]], [[112.03125, 12.625], [112.15625, 12.78125], [112.125, 12.625], [112.03125, 12.625]], [[108.53125, 12.65625], [108.625, 12.75], [108.625, 12.65625], [108.53125, 12.65625]], [[107.875, 12.59375], [108.0625, 12.53125], [107.875, 12.4375], [107.875, 12.59375]], [[-23.46875, 12.375], [-23.34375, 12.34375], [-23.34375, 12.15625], [-23.46875, 12.1875], [-23.46875, 12.375]], [[112.65625, 12.25], [112.75, 12.34375], [112.75, 12.25], [112.65625, 12.25]], [[111.53125, 12.03125], [111.625, 12.1875], [111.625, 12.03125], [111.53125, 12.03125]], [[112.71875, 11.875], [112.84375, 12.1875], [112.875, 11.875], [112.71875, 11.875]], [[110.375, 12.03125], [110.46875, 12.15625], [110.46875, 12.03125], [110.375, 12.03125]], [[-23.4375, 11.96875], [-23.34375, 12.09375], [-23.34375, 11.96875], [-23.4375, 11.96875]], [[111.96875, 11.9375], [112.09375, 12.09375], [112.0625, 11.9375], [111.96875, 11.9375]], [[110.9375, 12.0625], [111.3125, 12.0625], [111.375, 11.8125], [111.0, 11.875], [110.9375, 12.0625]], [[-23.6875, 11.71875], [-23.625, 11.9375], [-23.59375, 11.71875], [-23.6875, 11.71875]], [[-23.4375, 11.6875], [-23.1875, 11.875], [-23.21875, 11.6875], [-23.4375, 11.6875]], [[110.46875, 11.875], [110.625, 11.875], [110.65625, 11.71875], [110.46875, 11.71875], [110.46875, 11.875]], [[111.84375, 11.6875], [112.0, 11.84375], [111.9375, 11.6875], [111.84375, 11.6875]], [[-47.6875, 11.78125], [-47.53125, 11.75], [-47.53125, 11.5625], [-47.65625, 11.59375], [-47.6875, 11.78125]], [[-31.375, 11.75], [-31.125, 11.6875], [-31.25, 11.46875], [-31.125, 11.3125], [-31.25, 11.125], [-31.40625, 11.25], [-31.75, 10.96875], [-31.375, 11.75]], [[113.125, 11.625], [113.21875, 11.71875], [113.21875, 11.625], [113.125, 11.625]], [[170.25, 11.4375], [170.375, 11.5625], [170.34375, 11.4375], [170.25, 11.4375]], [[111.46875, 11.375], [111.59375, 11.5], [111.5625, 11.375], [111.46875, 11.375]], [[-15.3125, 11.34375], [-15.125, 11.34375], [-15.125, 11.25], [-15.28125, 11.21875], [-15.3125, 11.34375]], [[99.8125, 11.15625], [100.0625, 11.125], [100.0, 10.5625], [99.65625, 10.4375], [99.4375, 10.75], [99.625, 10.96875], [99.78125, 10.9375], [99.8125, 11.15625]], [[-31.40625, 10.9375], [-31.3125, 11.0625], [-31.3125, 10.9375], [-31.40625, 10.9375]], [[161.03125, 11.03125], [161.25, 11.03125], [161.25, 10.90625], [161.03125, 10.84375], [161.03125, 11.03125]], [[-31.5, 10.375], [-31.375, 10.90625], [-31.25, 10.21875], [-31.5, 10.375]], [[-15.875, 10.75], [-15.53125, 10.5], [-15.65625, 10.3125], [-15.78125, 10.3125], [-15.875, 10.75]], [[114.96875, 10.5], [115.0625, 10.71875], [115.09375, 10.5], [114.96875, 10.5]], [[-18.25, 10.5625], [-18.15625, 10.65625], [-18.15625, 10.5625], [-18.25, 10.5625]], [[-33.84375, 10.625], [-33.59375, 10.5], [-33.5625, 10.34375], [-33.875, 10.34375], [-33.84375, 10.625]], [[-33.5, 10.3125], [-33.40625, 10.40625], [-33.40625, 10.3125], [-33.5, 10.3125]], [[-19.6875, 10.375], [-19.34375, 10.28125], [-19.34375, 10.03125], [-19.09375, 9.90625], [-19.78125, 9.53125], [-19.9375, 9.8125], [-19.5, 10.0], [-19.75, 10.25], [-19.6875, 10.375]], [[115.25, 10.25], [115.34375, 10.34375], [115.34375, 10.25], [115.25, 10.25]], [[120.21875, 10.25], [120.5, 10.1875], [120.5, 10.0625], [120.65625, 10.125], [120.625, 9.90625], [120.15625, 10.0625], [120.21875, 10.25]], [[-21.59375, 10.125], [-21.5, 10.21875], [-21.5, 10.125], [-21.59375, 10.125]], [[-15.53125, 10.125], [-15.4375, 10.21875], [-15.4375, 10.125], [-15.53125, 10.125]], [[-30.25, 9.96875], [-29.96875, 10.1875], [-30.0625, 9.9375], [-30.25, 9.96875]], [[-20.4375, 9.96875], [-20.125, 10.1875], [-20.03125, 9.78125], [-20.4375, 9.96875]], [[-46.53125, 10.0625], [-46.4375, 10.15625], [-46.4375, 10.0625], [-46.53125, 10.0625]], [[-16.0, 9.9375], [-15.875, 10.0625], [-15.875, 9.9375], [-16.0, 9.9375]], [[-18.5625, 9.84375], [-18.4375, 9.96875], [-18.4375, 9.8125], [-18.5625, 9.84375]], [[119.25, 9.78125], [119.375, 9.875], [119.375, 9.78125], [119.25, 9.78125]], [[-24.25, 9.84375], [-24.03125, 9.8125], [-24.0625, 9.5625], [-24.3125, 9.65625], [-24.25, 9.84375]], [[159.21875, 9.71875], [159.3125, 9.84375], [159.3125, 9.71875], [159.21875, 9.71875]], [[-40.96875, 9.4375], [-40.84375, 9.15625], [-41.09375, 9.125], [-41.09375, 9.25], [-40.96875, 9.4375]], [[-43.875, 9.40625], [-43.75, 9.40625], [-43.625, 9.1875], [-43.90625, 9.1875], [-43.875, 9.40625]], [[-24.09375, 9.375], [-23.84375, 9.0625], [-23.875, 8.3125], [-24.09375, 8.375], [-24.34375, 8.84375], [-24.09375, 9.375]], [[-18.03125, 9.28125], [-17.9375, 9.375], [-17.9375, 9.28125], [-18.03125, 9.28125]], [[-15.25, 9.34375], [-15.15625, 9.1875], [-15.375, 8.9375], [-15.46875, 9.125], [-15.3125, 9.125], [-15.25, 9.34375]], [[100.375, 9.21875], [100.53125, 9.34375], [100.53125, 9.21875], [100.375, 9.21875]], [[101.25, 9.21875], [101.34375, 9.3125], [101.34375, 9.21875], [101.25, 9.21875]], [[-22.03125, 9.09375], [-21.8125, 9.25], [-21.875, 9.0], [-22.03125, 9.09375]], [[-41.78125, 9.1875], [-41.21875, 9.03125], [-41.28125, 8.65625], [-41.5625, 8.40625], [-41.6875, 8.59375], [-41.5625, 8.84375], [-41.78125, 8.9375], [-41.78125, 9.1875]], [[-21.5625, 9.15625], [-21.21875, 8.90625], [-21.1875, 8.75], [-21.5625, 8.65625], [-21.5625, 9.15625]], [[-16.0625, 9.0], [-15.9375, 9.09375], [-15.9375, 9.0], [-16.0625, 9.0]], [[-41.03125, 8.84375], [-40.90625, 8.96875], [-40.875, 8.84375], [-41.03125, 8.84375]], [[-17.9375, 8.875], [-17.84375, 8.96875], [-17.84375, 8.875], [-17.9375, 8.875]], [[-17.71875, 8.84375], [-17.46875, 8.78125], [-17.53125, 8.4375], [-17.625, 8.4375], [-17.71875, 8.84375]], [[-16.5625, 8.5], [-16.25, 8.78125], [-16.34375, 8.375], [-16.5625, 8.46875], [-16.9375, 8.25], [-16.9375, 8.53125], [-16.5625, 8.5]], [[-23.4375, 8.59375], [-23.21875, 8.71875], [-23.1875, 8.53125], [-23.4375, 8.59375]], [[-23.65625, 8.5625], [-23.625, 8.71875], [-23.5625, 8.5625], [-23.65625, 8.5625]], [[100.5, 8.625], [100.625, 8.59375], [100.59375, 8.4375], [100.5, 8.4375], [100.5, 8.625]], [[-25.21875, 8.375], [-24.84375, 8.59375], [-24.9375, 8.375], [-24.6875, 8.0625], [-24.65625, 7.34375], [-24.84375, 7.28125], [-24.84375, 7.125], [-24.625, 6.6875], [-24.78125, 6.25], [-24.5, 6.1875], [-24.5, 5.71875], [-24.84375, 5.46875], [-24.9375, 4.78125], [-25.375, 4.75], [-25.75, 4.5], [-25.71875, 3.9375], [-26.0, 4.15625], [-26.21875, 4.09375], [-26.15625, 4.3125], [-26.625, 3.875], [-27.46875, 3.96875], [-27.40625, 4.1875], [-27.71875, 4.375], [-27.84375, 4.75], [-27.625, 4.78125], [-27.65625, 4.59375], [-27.40625, 4.6875], [-27.125, 4.5625], [-26.0625, 4.875], [-25.875, 5.28125], [-25.84375, 6.375], [-26.25, 6.6875], [-26.8125, 6.84375], [-27.53125, 6.71875], [-27.96875, 5.96875], [-28.0, 5.34375], [-27.84375, 4.875], [-28.1875, 4.6875], [-28.5625, 5.03125], [-28.4375, 5.5], [-28.25, 5.59375], [-28.25, 6.0625], [-28.40625, 6.21875], [-28.3125, 6.46875], [-28.4375, 6.46875], [-28.34375, 7.28125], [-27.75, 7.34375], [-27.84375, 7.6875], [-27.59375, 7.84375], [-27.46875, 7.5], [-27.125, 7.625], [-27.0625, 7.28125], [-26.8125, 7.25], [-26.5625, 7.625], [-26.5625, 7.125], [-26.28125, 7.125], [-26.15625, 7.4375], [-25.71875, 7.15625], [-25.5, 7.4375], [-25.53125, 7.625], [-25.6875, 7.59375], [-25.71875, 8.15625], [-25.5, 8.1875], [-25.5, 8.53125], [-25.21875, 8.375]], [[-17.21875, 8.3125], [-17.09375, 8.4375], [-17.09375, 8.3125], [-17.21875, 8.3125]], [[126.1875, 8.40625], [126.40625, 8.34375], [126.25, 7.9375], [126.15625, 7.9375], [126.1875, 8.40625]], [[-17.71875, 8.1875], [-17.65625, 8.3125], [-17.625, 8.1875], [-17.71875, 8.1875]], [[-18.15625, 8.15625], [-18.0625, 8.28125], [-18.03125, 8.15625], [-18.15625, 8.15625]], [[-17.125, 8.125], [-17.03125, 8.28125], [-17.03125, 8.125], [-17.125, 8.125]], [[-18.28125, 8.0625], [-18.1875, 8.1875], [-18.1875, 8.0625], [-18.28125, 8.0625]], [[100.0625, 7.96875], [100.25, 8.125], [100.25, 8.0], [100.0625, 7.96875]], [[-28.03125, 7.8125], [-27.875, 7.96875], [-27.875, 7.78125], [-28.03125, 7.8125]], [[125.5, 7.90625], [125.6875, 7.875], [125.71875, 7.75], [125.5625, 7.71875], [125.5, 7.90625]], [[125.78125, 7.6875], [125.90625, 7.8125], [125.90625, 7.6875], [125.78125, 7.6875]], [[96.125, 7.6875], [96.4375, 7.6875], [96.46875, 7.5625], [96.15625, 7.40625], [96.125, 7.6875]], [[151.34375, 7.6875], [151.875, 7.5625], [151.71875, 7.21875], [151.375, 7.3125], [151.34375, 7.6875]], [[123.4375, 7.375], [123.5625, 7.5], [123.59375, 7.375], [123.4375, 7.375]], [[-28.625, 7.4375], [-28.46875, 7.375], [-28.46875, 7.25], [-28.65625, 7.3125], [-28.625, 7.4375]], [[-17.65625, 7.125], [-17.09375, 7.1875], [-17.09375, 6.90625], [-17.40625, 6.78125], [-17.625, 6.9375], [-17.65625, 7.125]], [[162.6875, 7.1875], [162.96875, 7.15625], [162.96875, 7.0], [162.75, 6.96875], [162.6875, 7.1875]], [[80.28125, 6.15625], [80.40625, 6.3125], [80.46875, 6.15625], [80.28125, 6.15625]], [[127.46875, 6.125], [127.5625, 6.21875], [127.5625, 6.125], [127.46875, 6.125]], [[127.6875, 6.125], [127.78125, 6.21875], [127.78125, 6.125], [127.6875, 6.125]], [[-33.34375, 5.9375], [-32.375, 6.1875], [-32.375, 6.0625], [-33.09375, 5.90625], [-33.28125, 5.71875], [-33.125, 4.6875], [-33.4375, 4.40625], [-33.25, 4.0], [-33.4375, 3.0625], [-34.03125, 3.28125], [-34.59375, 3.09375], [-34.8125, 3.375], [-35.3125, 3.375], [-35.21875, 3.75], [-35.46875, 4.0], [-35.8125, 3.875], [-35.78125, 3.375], [-36.21875, 3.59375], [-36.15625, 4.46875], [-35.8125, 4.5], [-35.78125, 4.65625], [-35.59375, 4.59375], [-35.28125, 4.90625], [-35.21875, 4.5], [-35.0625, 4.5], [-35.0625, 4.625], [-34.78125, 4.65625], [-34.84375, 5.0625], [-34.625, 5.0], [-34.5625, 5.34375], [-33.625, 5.1875], [-33.34375, 5.9375]], [[-37.71875, 5.96875], [-37.5625, 6.15625], [-37.5625, 5.96875], [-37.71875, 5.96875]], [[125.375, 6.03125], [125.46875, 6.15625], [125.46875, 6.03125], [125.375, 6.03125]], [[-32.3125, 6.03125], [-32.125, 6.0], [-32.03125, 5.84375], [-32.21875, 5.84375], [-32.3125, 6.03125]], [[-37.84375, 5.6875], [-37.75, 5.8125], [-37.75, 5.6875], [-37.84375, 5.6875]], [[130.78125, 5.59375], [130.875, 5.6875], [130.875, 5.59375], [130.78125, 5.59375]], [[-16.8125, 5.40625], [-16.59375, 5.375], [-16.375, 5.09375], [-16.1875, 4.46875], [-16.375, 4.46875], [-16.53125, 4.78125], [-16.71875, 4.75], [-16.90625, 4.9375], [-17.03125, 5.21875], [-16.8125, 5.40625]], [[-143.375, 5.0], [-143.21875, 5.1875], [-143.1875, 5.0], [-143.375, 5.0]], [[-35.34375, 4.96875], [-35.25, 5.09375], [-35.25, 4.96875], [-35.34375, 4.96875]], [[129.15625, 4.875], [129.40625, 4.84375], [129.375, 4.65625], [129.25, 4.65625], [129.15625, 4.875]], [[-32.5, 4.65625], [-32.15625, 4.78125], [-32.1875, 4.46875], [-32.53125, 4.21875], [-32.5, 4.65625]], [[-17.375, 4.78125], [-17.25, 4.75], [-17.25, 4.5625], [-17.375, 4.5625], [-17.375, 4.78125]], [[131.5625, 4.59375], [131.75, 4.78125], [131.6875, 4.59375], [131.5625, 4.59375]], [[-36.75, 4.59375], [-36.65625, 4.6875], [-36.65625, 4.59375], [-36.75, 4.59375]], [[-29.03125, 4.625], [-28.75, 4.59375], [-28.6875, 4.3125], [-28.96875, 4.375], [-29.03125, 4.625]], [[-25.28125, 4.5], [-25.1875, 4.59375], [-25.1875, 4.5], [-25.28125, 4.5]], [[170.71875, 4.5625], [171.0, 4.46875], [171.0625, 4.21875], [170.65625, 4.15625], [170.71875, 4.5625]], [[-13.125, 4.53125], [-12.90625, 4.46875], [-12.9375, 4.0625], [-13.1875, 4.03125], [-13.0625, 4.21875], [-13.125, 4.53125]], [[-16.8125, 4.375], [-16.59375, 4.375], [-16.5625, 4.25], [-16.75, 4.1875], [-16.8125, 4.375]], [[129.84375, 4.1875], [130.03125, 4.375], [130.125, 3.9375], [129.84375, 4.1875]], [[130.3125, 4.28125], [130.4375, 4.375], [130.4375, 4.28125], [130.3125, 4.28125]], [[-22.5, 4.09375], [-22.375, 4.28125], [-22.375, 4.03125], [-22.5, 4.09375]], [[-27.75, 4.15625], [-27.65625, 4.25], [-27.65625, 4.15625], [-27.75, 4.15625]], [[130.53125, 4.0625], [130.65625, 4.0], [130.5625, 3.59375], [130.28125, 3.625], [130.53125, 4.0625]], [[-143.03125, 3.96875], [-142.90625, 3.96875], [-142.875, 3.8125], [-143.0, 3.8125], [-143.03125, 3.96875]], [[-31.875, 3.96875], [-31.53125, 3.84375], [-31.40625, 3.5625], [-31.46875, 3.25], [-31.875, 3.21875], [-31.8125, 3.0], [-31.5625, 3.0], [-31.5, 2.4375], [-32.15625, 2.25], [-32.59375, 2.875], [-31.875, 3.96875]], [[131.6875, 3.84375], [131.8125, 3.96875], [131.8125, 3.84375], [131.6875, 3.84375]], [[-17.375, 3.9375], [-17.0625, 3.75], [-16.5625, 3.875], [-16.09375, 3.59375], [-16.03125, 3.3125], [-16.21875, 3.375], [-16.5625, 3.03125], [-16.71875, 2.46875], [-16.46875, 1.84375], [-16.0625, 1.6875], [-16.21875, 1.40625], [-16.8125, 1.65625], [-17.0625, 1.9375], [-17.375, 3.9375]], [[-15.75, 3.875], [-15.09375, 3.21875], [-15.0625, 2.75], [-15.625, 3.21875], [-15.78125, 3.5], [-15.75, 3.875]], [[-13.15625, 3.71875], [-13.0625, 3.8125], [-13.0625, 3.71875], [-13.15625, 3.71875]], [[87.875, 3.71875], [88.09375, 3.625], [87.875, 3.625], [87.875, 3.71875]], [[-142.65625, 3.46875], [-142.5625, 3.5625], [-142.5625, 3.46875], [-142.65625, 3.46875]], [[-13.25, 3.3125], [-13.125, 3.46875], [-13.15625, 3.3125], [-13.25, 3.3125]], [[171.78125, 3.40625], [172.0, 3.40625], [172.15625, 3.15625], [171.78125, 3.03125], [171.78125, 3.40625]], [[85.15625, 3.34375], [85.625, 3.25], [85.5, 2.9375], [85.15625, 3.09375], [85.15625, 3.34375]], [[-23.25, 3.125], [-23.15625, 3.21875], [-23.15625, 3.125], [-23.25, 3.125]], [[-27.78125, 2.90625], [-27.6875, 3.125], [-27.6875, 2.90625], [-27.78125, 2.90625]], [[151.90625, 3.0], [152.03125, 2.90625], [151.53125, 2.53125], [151.375, 2.84375], [151.90625, 3.0]], [[130.1875, 2.8125], [130.3125, 2.96875], [130.28125, 2.8125], [130.1875, 2.8125]], [[-161.59375, 2.75], [-161.25, 2.75], [-161.34375, 2.4375], [-160.9375, 2.34375], [-161.03125, 1.8125], [-161.40625, 1.90625], [-161.65625, 2.25], [-161.59375, 2.75]], [[151.0625, 2.4375], [151.15625, 2.53125], [151.15625, 2.4375], [151.0625, 2.4375]], [[-15.1875, 2.28125], [-15.09375, 2.4375], [-15.09375, 2.28125], [-15.1875, 2.28125]], [[131.15625, 2.21875], [131.25, 2.3125], [131.25, 2.21875], [131.15625, 2.21875]], [[-15.40625, 1.9375], [-15.21875, 1.90625], [-15.40625, 1.8125], [-15.40625, 1.9375]], [[-31.9375, 1.9375], [-31.71875, 1.875], [-31.75, 1.5625], [-32.03125, 1.59375], [-31.9375, 1.9375]], [[-15.6875, 1.71875], [-15.5625, 1.84375], [-15.5625, 1.71875], [-15.6875, 1.71875]], [[134.6875, 1.65625], [134.875, 1.625], [134.875, 1.53125], [134.71875, 1.53125], [134.6875, 1.65625]], [[131.3125, 1.53125], [131.40625, 1.625], [131.40625, 1.53125], [131.3125, 1.53125]], [[-32.28125, 1.5], [-32.0625, 1.59375], [-32.0625, 1.46875], [-32.28125, 1.5]], [[-25.25, 1.59375], [-25.0625, 1.59375], [-25.0625, 1.4375], [-25.21875, 1.4375], [-25.25, 1.59375]], [[-32.0625, 1.4375], [-31.9375, 1.34375], [-32.09375, 1.125], [-32.0625, 1.4375]], [[-15.4375, 1.4375], [-15.25, 1.40625], [-15.25, 1.3125], [-15.40625, 1.28125], [-15.4375, 1.4375]], [[135.90625, 1.3125], [136.15625, 1.3125], [136.1875, 1.0625], [136.0625, 1.0625], [135.90625, 1.3125]], [[152.21875, 1.3125], [152.46875, 1.21875], [152.46875, 1.09375], [152.03125, 1.09375], [152.21875, 1.3125]], [[-160.75, 1.09375], [-160.65625, 1.25], [-160.65625, 1.09375], [-160.75, 1.09375]], [[-25.21875, 1.25], [-25.09375, 0.96875], [-24.875, 0.9375], [-24.9375, 0.65625], [-25.46875, 0.71875], [-25.21875, 1.25]], [[-20.6875, 1.0625], [-20.59375, 1.15625], [-20.59375, 1.0625], [-20.6875, 1.0625]], [[152.3125, 0.96875], [152.75, 0.90625], [152.6875, 0.625], [152.90625, 0.53125], [152.375, 0.53125], [152.3125, 0.34375], [151.65625, 0.09375], [151.46875, 0.1875], [151.3125, 0.03125], [150.8125, 0.125], [150.65625, 0.3125], [150.90625, 0.625], [152.3125, 0.96875]], [[136.5, 0.9375], [136.625, 0.9375], [136.6875, 0.75], [136.53125, 0.78125], [136.5, 0.9375]], [[-13.96875, 0.84375], [-13.78125, 0.8125], [-13.75, 0.625], [-13.9375, 0.625], [-13.96875, 0.84375]], [[-161.1875, 0.71875], [-161.0625, 0.8125], [-161.0625, 0.71875], [-161.1875, 0.71875]], [[-26.0625, 0.8125], [-25.53125, 0.75], [-25.53125, 0.625], [-25.75, 0.53125], [-26.0625, 0.8125]], [[-176.6875, 0.71875], [-176.4375, 0.625], [-176.6875, 0.53125], [-176.6875, 0.71875]], [[-177.21875, 0.59375], [-177.125, 0.6875], [-177.125, 0.59375], [-177.21875, 0.59375]], [[-176.84375, 0.59375], [-176.75, 0.6875], [-176.75, 0.59375], [-176.84375, 0.59375]], [[-163.71875, 0.5625], [-163.59375, 0.65625], [-163.59375, 0.5625], [-163.71875, 0.5625]], [[131.28125, 0.40625], [131.375, 0.5], [131.375, 0.40625], [131.28125, 0.40625]], [[144.625, 0.5], [144.96875, 0.28125], [144.75, 0.03125], [144.78125, -0.28125], [144.59375, -0.28125], [144.5, 0.03125], [144.09375, -0.125], [144.0625, 0.1875], [144.25, 0.25], [144.25, 0.40625], [144.625, 0.5]], [[133.40625, 0.375], [133.5, 0.46875], [133.5, 0.375], [133.40625, 0.375]], [[131.625, 0.28125], [131.71875, 0.375], [131.71875, 0.28125], [131.625, 0.28125]], [[146.625, 0.34375], [146.84375, 0.3125], [146.96875, -0.0625], [147.15625, -0.125], [147.15625, -0.28125], [147.0, -0.28125], [146.9375, -0.875], [146.75, -0.96875], [146.21875, -0.65625], [146.21875, -0.4375], [146.53125, -0.5], [146.90625, -0.3125], [146.78125, 0.09375], [146.4375, 0.0625], [146.625, 0.34375]], [[-13.65625, 0.21875], [-13.5625, 0.3125], [-13.5625, 0.21875], [-13.65625, 0.21875]], [[133.71875, 0.15625], [133.8125, 0.28125], [133.8125, 0.15625], [133.71875, 0.15625]], [[-176.40625, 0.125], [-176.3125, 0.21875], [-176.3125, 0.125], [-176.40625, 0.125]], [[146.28125, 0.0], [146.40625, 0.125], [146.375, 0.0], [146.28125, 0.0]], [[-176.53125, -0.09375], [-176.375, 0.09375], [-176.40625, -0.09375], [-176.53125, -0.09375]], [[138.03125, -0.03125], [138.1875, -0.03125], [138.15625, -0.59375], [137.875, -0.71875], [137.78125, -0.46875], [137.84375, -0.28125], [138.09375, -0.3125], [138.03125, -0.03125]], [[-46.0625, -0.1875], [-45.9375, -0.0625], [-45.9375, -0.1875], [-46.0625, -0.1875]], [[139.1875, -0.0625], [139.25, -0.3125], [139.0625, -0.375], [139.0625, -0.1875], [139.1875, -0.0625]], [[138.8125, -0.21875], [138.90625, -0.125], [138.90625, -0.21875], [138.8125, -0.21875]], [[145.96875, -0.28125], [146.125, -0.125], [146.125, -0.34375], [145.96875, -0.28125]], [[-18.8125, -0.375], [-18.71875, -0.28125], [-18.71875, -0.375], [-18.8125, -0.375]], [[136.8125, -0.3125], [137.21875, -0.46875], [137.15625, -0.78125], [136.71875, -0.59375], [136.8125, -0.3125]], [[153.1875, -0.34375], [153.6875, -0.59375], [154.96875, -1.9375], [154.1875, -1.96875], [153.5625, -2.3125], [153.625, -2.46875], [153.46875, -2.53125], [152.84375, -1.9375], [151.8125, -1.46875], [151.8125, -1.1875], [151.625, -1.1875], [151.5625, -1.0], [151.3125, -1.03125], [151.59375, -0.40625], [152.0625, -0.375], [152.25, -0.5625], [152.40625, -0.40625], [153.1875, -0.34375]], [[133.78125, -0.40625], [134.09375, -0.5625], [134.0, -0.84375], [133.78125, -0.71875], [133.78125, -0.40625]], [[138.4375, -0.40625], [138.5, -0.6875], [138.25, -1.0], [138.21875, -0.71875], [138.4375, -0.40625]], [[138.75, -0.5], [138.875, -0.5], [139.0, -0.84375], [138.75, -0.8125], [138.75, -0.5]], [[-17.5, -0.625], [-17.375, -0.65625], [-17.375, -0.8125], [-17.5, -0.8125], [-17.5, -0.625]], [[143.625, -0.84375], [144.21875, -0.65625], [144.25, -0.90625], [144.59375, -0.875], [144.59375, -0.75], [144.75, -0.75], [144.75, -0.90625], [144.0, -1.0625], [143.78125, -1.40625], [143.8125, -1.0], [143.625, -0.84375]], [[137.96875, -0.90625], [138.15625, -0.71875], [138.125, -0.96875], [137.96875, -0.90625]], [[-32.21875, -0.78125], [-32.03125, -0.875], [-31.90625, -1.40625], [-31.3125, -1.0], [-30.78125, -1.125], [-30.25, -1.0], [-30.34375, -1.8125], [-30.09375, -2.25], [-30.09375, -2.65625], [-29.8125, -2.84375], [-29.21875, -2.8125], [-28.9375, -3.03125], [-28.96875, -3.15625], [-29.21875, -3.125], [-28.9375, -3.5625], [-29.09375, -3.53125], [-29.0625, -3.75], [-29.375, -4.125], [-29.1875, -4.46875], [-29.3125, -4.96875], [-29.125, -5.5625], [-29.28125, -5.5625], [-29.25, -5.40625], [-29.5625, -5.4375], [-29.71875, -5.84375], [-29.875, -5.84375], [-29.84375, -5.59375], [-30.09375, -5.59375], [-30.1875, -5.9375], [-30.78125, -6.5], [-32.34375, -6.25], [-33.875, -6.28125], [-33.96875, -5.90625], [-34.46875, -5.6875], [-34.46875, -5.34375], [-34.3125, -5.21875], [-34.375, -4.78125], [-35.0, -4.75], [-34.8125, -3.75], [-34.3125, -3.625], [-34.28125, -3.3125], [-34.09375, -3.1875], [-33.4375, -3.25], [-33.125, -2.5], [-32.65625, -2.625], [-32.375, -2.375], [-32.40625, -1.90625], [-32.09375, -1.53125], [-32.28125, -1.40625], [-32.40625, -1.5625], [-32.78125, -1.5625], [-32.875, -1.375], [-32.21875, -0.78125]], [[136.6875, -0.8125], [136.9375, -0.84375], [136.96875, -1.0], [136.625, -1.21875], [136.4375, -1.0], [136.65625, -1.0], [136.6875, -0.8125]], [[133.875, -0.90625], [134.09375, -1.25], [133.8125, -1.5625], [134.125, -1.59375], [133.4375, -1.75], [133.34375, -1.25], [133.53125, -1.25], [133.875, -0.90625]], [[132.40625, -1.125], [132.5, -0.96875], [132.5, -1.125], [132.40625, -1.125]], [[145.25, -1.1875], [145.40625, -1.09375], [145.40625, -1.1875], [145.25, -1.1875]], [[137.125, -1.125], [137.25, -1.1875], [137.21875, -1.34375], [137.03125, -1.28125], [137.125, -1.125]], [[136.125, -1.21875], [136.46875, -1.25], [136.53125, -1.5], [136.1875, -1.5625], [136.125, -1.21875]], [[138.8125, -1.28125], [139.03125, -1.3125], [139.1875, -1.65625], [138.84375, -1.75], [138.9375, -1.53125], [138.8125, -1.28125]], [[135.6875, -1.375], [135.9375, -1.5], [135.875, -1.6875], [135.75, -1.6875], [135.6875, -1.375]], [[143.5, -1.375], [144.0625, -1.6875], [143.9375, -1.9375], [143.5625, -1.875], [143.5, -1.375]], [[144.0, -1.375], [144.15625, -1.375], [144.15625, -1.53125], [144.03125, -1.53125], [144.0, -1.375]], [[136.78125, -1.59375], [136.96875, -1.4375], [136.90625, -1.625], [136.78125, -1.59375]], [[138.3125, -1.4375], [138.4375, -1.46875], [138.40625, -1.65625], [138.21875, -1.6875], [138.0625, -2.21875], [137.90625, -2.21875], [137.96875, -1.71875], [138.21875, -1.65625], [138.3125, -1.4375]], [[145.65625, -1.4375], [146.09375, -1.53125], [145.96875, -1.90625], [145.78125, -1.90625], [145.65625, -1.4375]], [[134.8125, -1.6875], [134.90625, -1.5625], [134.9375, -1.6875], [134.8125, -1.6875]], [[-21.03125, -1.65625], [-20.8125, -1.6875], [-20.84375, -1.84375], [-21.125, -1.875], [-21.03125, -1.65625]], [[-19.375, -1.6875], [-19.09375, -1.8125], [-19.0625, -2.15625], [-19.28125, -2.09375], [-19.21875, -1.90625], [-19.375, -1.6875]], [[-22.3125, -1.78125], [-22.0625, -1.78125], [-21.53125, -2.1875], [-21.875, -2.21875], [-22.28125, -2.03125], [-22.3125, -1.78125]], [[-27.875, -1.9375], [-27.78125, -1.84375], [-27.78125, -1.9375], [-27.875, -1.9375]], [[134.84375, -1.875], [135.1875, -1.9375], [135.03125, -2.0625], [135.1875, -2.15625], [135.15625, -2.34375], [134.71875, -2.3125], [134.75, -2.15625], [134.90625, -2.15625], [134.84375, -1.875]], [[-28.5625, -1.90625], [-27.75, -2.0], [-27.6875, -2.4375], [-28.125, -2.34375], [-28.25, -2.15625], [-28.59375, -2.15625], [-28.5625, -1.90625]], [[-20.6875, -1.96875], [-19.875, -2.0], [-20.0, -2.25], [-19.28125, -2.59375], [-19.65625, -2.8125], [-20.03125, -2.5], [-20.3125, -2.46875], [-19.78125, -2.78125], [-20.0625, -3.0], [-20.0625, -2.8125], [-20.40625, -2.625], [-20.59375, -2.6875], [-20.8125, -2.53125], [-21.0625, -2.65625], [-21.21875, -2.25], [-21.03125, -2.28125], [-20.6875, -1.96875]], [[140.6875, -2.09375], [141.34375, -2.28125], [141.40625, -2.4375], [140.875, -2.5], [140.5625, -2.25], [140.6875, -2.09375]], [[-19.375, -2.28125], [-19.25, -2.125], [-19.21875, -2.25], [-19.375, -2.28125]], [[139.625, -2.40625], [139.71875, -2.15625], [139.78125, -2.4375], [139.625, -2.40625]], [[132.28125, -2.21875], [132.59375, -2.3125], [132.6875, -2.5], [132.3125, -2.46875], [132.28125, -2.21875]], [[135.5, -2.40625], [135.59375, -2.3125], [135.59375, -2.40625], [135.5, -2.40625]], [[152.9375, -2.4375], [153.03125, -2.3125], [153.0625, -2.4375], [152.9375, -2.4375]], [[154.25, -2.4375], [154.34375, -2.34375], [154.34375, -2.4375], [154.25, -2.4375]], [[-28.28125, -2.53125], [-28.15625, -2.375], [-28.1875, -2.53125], [-28.28125, -2.53125]], [[-28.03125, -2.53125], [-27.875, -2.4375], [-27.875, -2.53125], [-28.03125, -2.53125]], [[-25.625, -2.5625], [-25.53125, -2.46875], [-25.53125, -2.5625], [-25.625, -2.5625]], [[137.9375, -2.59375], [138.03125, -2.46875], [138.03125, -2.59375], [137.9375, -2.59375]], [[154.53125, -2.46875], [155.0, -2.5], [155.375, -2.75], [155.53125, -3.125], [155.71875, -3.125], [155.75, -3.40625], [155.875, -3.40625], [155.96875, -5.1875], [155.75, -5.09375], [155.65625, -4.75], [155.28125, -4.34375], [154.125, -3.75], [154.15625, -2.96875], [153.9375, -2.6875], [154.40625, -2.625], [154.53125, -2.46875]], [[153.46875, -2.65625], [153.5625, -2.5625], [153.5625, -2.65625], [153.46875, -2.65625]], [[142.40625, -2.625], [142.9375, -3.09375], [143.1875, -3.0625], [143.5625, -3.4375], [143.875, -3.40625], [144.15625, -3.625], [143.03125, -3.71875], [142.5, -3.59375], [142.28125, -3.28125], [142.40625, -2.625]], [[-26.875, -2.65625], [-26.34375, -2.6875], [-26.34375, -3.03125], [-26.65625, -3.28125], [-26.84375, -3.21875], [-26.875, -2.65625]], [[137.09375, -2.6875], [137.21875, -2.71875], [137.28125, -2.9375], [137.03125, -2.90625], [137.09375, -2.6875]], [[-13.65625, -2.84375], [-13.53125, -2.71875], [-13.53125, -2.875], [-13.65625, -2.84375]], [[141.0625, -2.8125], [141.15625, -2.71875], [141.15625, -2.8125], [141.0625, -2.8125]], [[-16.96875, -2.75], [-16.6875, -2.84375], [-16.6875, -3.09375], [-16.78125, -3.09375], [-16.96875, -2.75]], [[-24.78125, -2.8125], [-24.625, -2.8125], [-24.625, -2.9375], [-24.8125, -2.96875], [-24.78125, -2.8125]], [[-19.59375, -2.84375], [-19.4375, -2.96875], [-19.4375, -3.40625], [-19.71875, -3.53125], [-19.71875, -3.71875], [-20.1875, -3.625], [-20.5, -3.0625], [-20.1875, -3.03125], [-19.875, -3.34375], [-19.71875, -3.375], [-19.90625, -3.09375], [-19.53125, -3.15625], [-19.78125, -3.0], [-19.59375, -2.84375]], [[-24.46875, -2.90625], [-24.15625, -3.0], [-24.25, -3.34375], [-24.59375, -3.25], [-24.46875, -2.90625]], [[134.375, -2.90625], [134.53125, -2.96875], [134.5, -3.1875], [134.34375, -3.125], [134.375, -2.90625]], [[-153.34375, -2.9375], [-153.125, -3.0], [-152.96875, -3.25], [-153.4375, -3.09375], [-153.34375, -2.9375]], [[146.09375, -2.9375], [146.25, -3.0], [146.21875, -3.25], [146.0, -3.21875], [146.09375, -2.9375]], [[133.875, -2.96875], [134.09375, -3.0], [134.09375, -3.09375], [133.9375, -3.125], [133.875, -2.96875]], [[-151.5625, -3.03125], [-151.34375, -3.09375], [-151.25, -3.28125], [-151.4375, -3.28125], [-151.5625, -3.03125]], [[145.375, -3.03125], [145.53125, -3.0625], [145.46875, -3.21875], [145.34375, -3.21875], [145.375, -3.03125]], [[-17.40625, -3.09375], [-16.71875, -3.4375], [-16.90625, -3.78125], [-17.125, -3.71875], [-17.0, -3.46875], [-17.25, -3.40625], [-17.375, -3.5625], [-17.40625, -3.09375]], [[136.6875, -3.21875], [137.15625, -3.15625], [137.1875, -3.4375], [136.65625, -3.59375], [136.6875, -3.21875]], [[-16.96875, -3.28125], [-16.875, -3.15625], [-16.875, -3.28125], [-16.96875, -3.28125]], [[-19.0, -3.34375], [-18.90625, -3.25], [-18.90625, -3.34375], [-19.0, -3.34375]], [[-16.21875, -3.40625], [-16.15625, -3.28125], [-16.125, -3.40625], [-16.21875, -3.40625]], [[-15.71875, -3.375], [-15.625, -3.28125], [-15.625, -3.375], [-15.71875, -3.375]], [[-14.0, -3.46875], [-13.75, -3.3125], [-13.71875, -3.46875], [-14.0, -3.46875]], [[134.1875, -3.34375], [134.4375, -3.40625], [134.4375, -3.53125], [134.21875, -3.5625], [134.1875, -3.34375]], [[-17.59375, -3.46875], [-17.46875, -3.46875], [-17.5, -3.6875], [-17.59375, -3.6875], [-17.59375, -3.46875]], [[-23.96875, -3.6875], [-23.78125, -3.53125], [-23.8125, -3.71875], [-23.96875, -3.6875]], [[-16.0, -3.6875], [-15.75, -3.5625], [-15.75, -3.875], [-16.0, -3.71875], [-16.21875, -4.0], [-16.34375, -3.65625], [-16.0, -3.6875]], [[153.75, -3.71875], [153.9375, -3.5625], [153.9375, -3.78125], [153.75, -3.71875]], [[144.78125, -3.59375], [144.9375, -3.625], [144.96875, -3.875], [144.875, -3.875], [144.78125, -3.59375]], [[-173.40625, -3.84375], [-173.28125, -3.625], [-173.3125, -3.84375], [-173.40625, -3.84375]], [[-17.375, -3.78125], [-17.3125, -3.65625], [-17.28125, -3.78125], [-17.375, -3.78125]], [[137.5625, -3.78125], [137.6875, -3.6875], [137.6875, -3.78125], [137.5625, -3.78125]], [[-24.375, -3.78125], [-24.15625, -3.8125], [-24.15625, -4.09375], [-24.375, -4.0625], [-24.375, -3.78125]], [[-19.5, -3.875], [-19.25, -4.15625], [-19.34375, -4.40625], [-19.46875, -4.40625], [-19.5, -3.875]], [[-24.75, -4.03125], [-24.6875, -3.90625], [-24.65625, -4.03125], [-24.75, -4.03125]], [[-15.65625, -3.96875], [-15.4375, -4.09375], [-15.71875, -4.21875], [-15.375, -4.25], [-15.90625, -4.34375], [-15.65625, -3.96875]], [[138.15625, -4.15625], [138.28125, -4.0625], [138.28125, -4.15625], [138.15625, -4.15625]], [[-16.84375, -4.15625], [-16.53125, -4.1875], [-16.53125, -4.40625], [-16.875, -4.3125], [-16.84375, -4.15625]], [[138.40625, -4.28125], [138.5625, -4.15625], [138.71875, -4.40625], [138.40625, -4.28125]], [[-13.625, -4.28125], [-13.53125, -4.1875], [-13.53125, -4.28125], [-13.625, -4.28125]], [[154.125, -4.1875], [154.3125, -4.28125], [154.03125, -4.5], [154.125, -4.34375], [154.125, -4.1875]], [[-17.28125, -4.3125], [-17.1875, -4.21875], [-17.1875, -4.3125], [-17.28125, -4.3125]], [[-16.3125, -4.375], [-16.1875, -4.21875], [-16.21875, -4.375], [-16.3125, -4.375]], [[-17.0, -4.3125], [-16.90625, -4.5625], [-17.125, -4.59375], [-17.21875, -4.40625], [-17.0, -4.4375], [-17.0, -4.3125]], [[-162.4375, -4.34375], [-162.09375, -4.625], [-162.15625, -4.90625], [-162.4375, -4.59375], [-162.4375, -4.34375]], [[178.0625, -4.34375], [178.21875, -4.40625], [178.15625, -4.84375], [177.84375, -4.75], [178.0625, -4.34375]], [[-16.3125, -4.46875], [-16.15625, -4.46875], [-16.15625, -4.5625], [-16.28125, -4.59375], [-16.3125, -4.46875]], [[145.6875, -4.65625], [145.8125, -4.53125], [145.8125, -4.65625], [145.6875, -4.65625]], [[-15.78125, -4.6875], [-15.6875, -4.5625], [-15.625, -4.75], [-15.78125, -4.6875]], [[146.46875, -4.6875], [146.59375, -4.59375], [146.59375, -4.6875], [146.46875, -4.6875]], [[137.625, -4.75], [138.28125, -4.96875], [138.03125, -5.4375], [137.8125, -5.46875], [137.5625, -5.21875], [137.625, -4.75]], [[146.0625, -4.78125], [146.21875, -4.78125], [146.25, -4.9375], [146.09375, -4.9375], [146.0625, -4.78125]], [[-16.625, -4.96875], [-16.40625, -4.96875], [-16.25, -5.1875], [-16.59375, -5.15625], [-16.625, -4.96875]], [[-14.3125, -5.0], [-14.1875, -5.0], [-14.125, -5.375], [-14.28125, -5.3125], [-14.3125, -5.0]], [[144.34375, -5.09375], [144.4375, -5.0], [144.4375, -5.09375], [144.34375, -5.09375]], [[178.53125, -5.03125], [178.6875, -5.15625], [178.625, -5.5], [178.53125, -5.5], [178.53125, -5.03125]], [[-37.75, -5.34375], [-37.125, -5.5], [-37.21875, -5.84375], [-37.65625, -5.75], [-37.75, -5.34375]], [[-15.5, -5.375], [-15.40625, -5.28125], [-15.40625, -5.375], [-15.5, -5.375]], [[145.6875, -5.3125], [146.25, -5.75], [146.15625, -6.09375], [146.28125, -6.21875], [145.0625, -5.875], [145.125, -5.59375], [145.6875, -5.3125]], [[146.3125, -5.3125], [146.84375, -5.34375], [146.90625, -5.78125], [146.375, -5.90625], [146.3125, -5.3125]], [[161.0625, -5.34375], [161.15625, -5.5], [160.9375, -5.75], [160.90625, -5.53125], [161.0625, -5.34375]], [[-150.46875, -5.6875], [-150.375, -5.5], [-150.375, -5.6875], [-150.46875, -5.6875]], [[157.84375, -5.53125], [158.1875, -5.5625], [158.125, -5.8125], [157.90625, -5.84375], [157.84375, -5.53125]], [[-71.21875, -5.6875], [-71.09375, -5.59375], [-71.09375, -5.6875], [-71.21875, -5.6875]], [[-26.28125, -5.75], [-26.1875, -5.625], [-26.1875, -5.75], [-26.28125, -5.75]], [[-71.8125, -5.71875], [-71.46875, -5.65625], [-71.46875, -6.21875], [-71.875, -6.53125], [-72.03125, -6.1875], [-71.8125, -5.71875]], [[163.15625, -5.90625], [163.25, -5.8125], [163.25, -5.90625], [163.15625, -5.90625]], [[-29.71875, -6.03125], [-29.53125, -5.84375], [-29.5625, -6.09375], [-29.71875, -6.03125]], [[158.5625, -5.96875], [158.71875, -5.84375], [158.8125, -6.125], [158.5625, -5.96875]], [[152.84375, -6.21875], [152.96875, -6.09375], [152.96875, -6.1875], [152.84375, -6.21875]], [[161.0625, -6.1875], [161.34375, -6.40625], [161.1875, -6.625], [161.0, -6.5], [161.0625, -6.1875]], [[-68.96875, -6.21875], [-68.65625, -6.3125], [-68.625, -6.4375], [-69.0, -6.46875], [-68.96875, -6.21875]], [[-27.0, -6.25], [-26.78125, -6.25], [-26.78125, -6.34375], [-27.0, -6.40625], [-27.0, -6.25]], [[-16.28125, -6.4375], [-16.1875, -6.3125], [-16.1875, -6.4375], [-16.28125, -6.4375]], [[-162.125, -6.5625], [-162.0, -6.46875], [-162.0, -6.5625], [-162.125, -6.5625]], [[173.375, -6.6875], [173.46875, -6.59375], [173.46875, -6.6875], [173.375, -6.6875]], [[-48.96875, -6.875], [-48.28125, -7.09375], [-48.21875, -7.28125], [-49.5625, -7.46875], [-49.40625, -7.0], [-48.96875, -6.875]], [[155.5, -6.96875], [155.59375, -6.875], [155.59375, -6.96875], [155.5, -6.96875]], [[-163.9375, -7.0], [-163.84375, -6.90625], [-163.84375, -7.0], [-163.9375, -7.0]], [[157.21875, -7.03125], [157.34375, -6.9375], [157.34375, -7.03125], [157.21875, -7.03125]], [[-19.59375, -7.15625], [-19.40625, -7.15625], [-19.40625, -7.34375], [-19.59375, -7.3125], [-19.59375, -7.15625]], [[-27.0625, -7.28125], [-26.875, -7.28125], [-26.875, -7.375], [-27.0625, -7.40625], [-27.0625, -7.28125]], [[-82.875, -7.34375], [-81.5625, -7.59375], [-81.03125, -7.53125], [-80.65625, -7.96875], [-79.75, -8.0], [-79.03125, -8.1875], [-78.71875, -8.46875], [-80.21875, -8.3125], [-81.3125, -7.90625], [-82.4375, -7.78125], [-82.90625, -7.53125], [-82.875, -7.34375]], [[156.625, -7.46875], [156.875, -7.46875], [156.90625, -7.625], [156.65625, -7.625], [156.625, -7.46875]], [[160.4375, -7.53125], [160.625, -7.53125], [160.625, -7.65625], [160.46875, -7.6875], [160.4375, -7.53125]], [[-72.96875, -7.75], [-72.46875, -7.8125], [-72.34375, -8.0], [-72.59375, -8.09375], [-73.0, -7.875], [-72.96875, -7.75]], [[163.28125, -8.1875], [163.46875, -7.9375], [163.53125, -8.21875], [163.28125, -8.1875]], [[-20.375, -8.21875], [-20.28125, -8.125], [-20.28125, -8.21875], [-20.375, -8.21875]], [[-76.0625, -8.15625], [-75.8125, -8.53125], [-75.0625, -8.5], [-75.0625, -8.625], [-75.75, -8.625], [-76.28125, -8.8125], [-76.46875, -8.46875], [-76.0625, -8.15625]], [[-27.625, -8.59375], [-27.5, -8.5], [-27.5, -8.59375], [-27.625, -8.59375]], [[-32.28125, -9.1875], [-31.71875, -8.53125], [-31.78125, -8.90625], [-31.46875, -9.03125], [-31.65625, -9.5625], [-32.15625, -9.53125], [-32.28125, -9.1875]], [[166.75, -8.71875], [167.0, -8.9375], [166.53125, -9.03125], [166.21875, -9.375], [166.1875, -9.09375], [166.53125, -9.0], [166.75, -8.71875]], [[167.03125, -8.84375], [167.375, -8.84375], [167.53125, -9.1875], [167.71875, -9.1875], [167.6875, -9.625], [167.53125, -9.21875], [167.03125, -8.84375]], [[-21.59375, -8.875], [-21.46875, -8.90625], [-21.46875, -9.09375], [-21.6875, -9.09375], [-21.59375, -8.875]], [[-24.90625, -9.03125], [-24.0625, -9.09375], [-24.0625, -9.25], [-24.5625, -9.375], [-24.90625, -9.03125]], [[165.28125, -9.1875], [165.375, -9.03125], [165.375, -9.1875], [165.28125, -9.1875]], [[163.5, -9.0625], [163.65625, -9.0625], [163.65625, -9.1875], [163.53125, -9.1875], [163.5, -9.0625]], [[-46.34375, -9.21875], [-46.25, -9.09375], [-46.1875, -9.25], [-46.34375, -9.21875]], [[-23.3125, -9.375], [-23.15625, -9.15625], [-23.1875, -9.40625], [-23.3125, -9.375]], [[-22.09375, -9.3125], [-21.9375, -9.34375], [-21.90625, -9.53125], [-22.15625, -9.5], [-22.09375, -9.3125]], [[164.15625, -9.375], [164.25, -9.53125], [163.9375, -9.71875], [163.875, -9.53125], [164.09375, -9.53125], [164.15625, -9.375]], [[-22.4375, -9.625], [-22.21875, -9.5], [-22.21875, -9.625], [-22.4375, -9.625]], [[-20.84375, -9.625], [-20.625, -9.6875], [-20.625, -9.90625], [-21.125, -10.09375], [-20.84375, -9.625]], [[-19.4375, -9.78125], [-19.3125, -9.65625], [-19.34375, -9.78125], [-19.4375, -9.78125]], [[-37.46875, -9.78125], [-37.3125, -9.78125], [-37.3125, -9.9375], [-37.46875, -9.9375], [-37.46875, -9.78125]], [[-23.6875, -9.96875], [-23.59375, -9.84375], [-23.59375, -9.96875], [-23.6875, -9.96875]], [[-22.40625, -9.96875], [-22.3125, -9.875], [-22.3125, -9.96875], [-22.40625, -9.96875]], [[-22.875, -10.0625], [-22.75, -9.96875], [-22.75, -10.0625], [-22.875, -10.0625]], [[-19.28125, -10.0625], [-19.1875, -9.96875], [-19.1875, -10.0625], [-19.28125, -10.0625]], [[-21.9375, -10.0625], [-21.71875, -10.1875], [-22.0, -10.625], [-22.28125, -10.40625], [-22.0, -10.28125], [-21.9375, -10.0625]], [[172.46875, -10.15625], [172.90625, -10.125], [172.90625, -10.21875], [172.5, -10.34375], [172.46875, -10.15625]], [[-22.53125, -10.53125], [-22.4375, -10.4375], [-22.4375, -10.53125], [-22.53125, -10.53125]], [[-23.4375, -10.875], [-22.75, -10.59375], [-22.875, -10.90625], [-22.78125, -11.40625], [-23.25, -11.59375], [-23.28125, -11.9375], [-23.625, -11.90625], [-23.4375, -10.875]], [[170.125, -10.78125], [170.21875, -10.65625], [170.21875, -10.78125], [170.125, -10.78125]], [[-20.96875, -10.84375], [-20.84375, -10.9375], [-21.0625, -11.21875], [-21.09375, -11.75], [-21.53125, -11.9375], [-21.34375, -11.4375], [-21.4375, -11.09375], [-20.96875, -10.84375]], [[173.4375, -11.3125], [173.5625, -11.1875], [173.5625, -11.3125], [173.4375, -11.3125]], [[170.84375, -11.375], [170.96875, -11.28125], [170.96875, -11.375], [170.84375, -11.375]], [[-69.03125, -11.34375], [-68.78125, -11.40625], [-68.78125, -11.5], [-69.0, -11.46875], [-69.03125, -11.34375]], [[-34.15625, -11.5], [-34.0625, -11.375], [-34.0625, -11.5], [-34.15625, -11.5]], [[-39.375, -11.40625], [-39.1875, -11.40625], [-39.28125, -11.6875], [-39.4375, -11.6875], [-39.375, -11.40625]], [[-72.46875, -11.4375], [-72.3125, -11.53125], [-72.21875, -12.03125], [-71.8125, -11.84375], [-71.71875, -12.125], [-70.71875, -12.4375], [-70.78125, -12.59375], [-70.59375, -12.6875], [-70.53125, -12.375], [-70.1875, -12.4375], [-70.375, -12.71875], [-69.9375, -13.0625], [-70.3125, -12.90625], [-71.09375, -13.0625], [-71.21875, -12.84375], [-71.3125, -13.0625], [-71.75, -12.96875], [-72.0625, -12.75], [-72.125, -12.3125], [-72.4375, -12.1875], [-72.5625, -11.8125], [-72.46875, -11.4375]], [[170.71875, -11.53125], [170.84375, -11.4375], [170.84375, -11.53125], [170.71875, -11.53125]], [[-25.09375, -11.65625], [-25.0, -11.78125], [-25.21875, -11.9375], [-25.21875, -11.84375], [-25.09375, -11.65625]], [[-24.03125, -11.78125], [-23.625, -11.90625], [-23.78125, -12.21875], [-24.0625, -12.125], [-24.03125, -11.78125]], [[171.375, -11.90625], [171.46875, -11.8125], [171.46875, -11.90625], [171.375, -11.90625]], [[-24.53125, -11.84375], [-24.15625, -11.875], [-24.15625, -12.03125], [-24.5625, -12.09375], [-24.53125, -11.84375]], [[-21.65625, -12.09375], [-21.375, -12.09375], [-21.375, -12.1875], [-21.6875, -12.25], [-21.65625, -12.09375]], [[-45.96875, -12.15625], [-45.78125, -12.40625], [-46.0625, -12.65625], [-46.0625, -12.21875], [-45.96875, -12.15625]], [[-22.375, -12.15625], [-22.09375, -12.25], [-22.0625, -12.4375], [-22.3125, -12.53125], [-22.28125, -12.6875], [-22.53125, -12.875], [-22.59375, -12.4375], [-22.375, -12.15625]], [[171.5625, -12.3125], [171.65625, -12.1875], [171.65625, -12.3125], [171.5625, -12.3125]], [[172.5, -12.40625], [172.625, -12.21875], [172.59375, -12.40625], [172.5, -12.40625]], [[-69.0, -12.4375], [-68.8125, -12.25], [-68.875, -12.4375], [-69.0, -12.4375]], [[171.3125, -12.25], [171.46875, -12.25], [171.5625, -12.4375], [171.28125, -12.40625], [171.3125, -12.25]], [[-23.71875, -12.28125], [-23.625, -12.40625], [-23.8125, -12.53125], [-23.8125, -12.375], [-23.71875, -12.28125]], [[-24.0, -12.5], [-23.90625, -12.40625], [-23.90625, -12.5], [-24.0, -12.5]], [[-21.53125, -12.46875], [-21.375, -12.46875], [-21.375, -12.5625], [-21.53125, -12.625], [-21.53125, -12.46875]], [[171.5, -12.59375], [171.59375, -12.5], [171.59375, -12.59375], [171.5, -12.59375]], [[-40.96875, -12.65625], [-40.84375, -12.53125], [-40.84375, -12.65625], [-40.96875, -12.65625]], [[173.40625, -12.625], [173.5, -12.53125], [173.5, -12.625], [173.40625, -12.625]], [[-46.25, -12.625], [-46.125, -12.625], [-45.9375, -13.125], [-45.71875, -12.96875], [-45.78125, -13.21875], [-46.03125, -13.25], [-46.0625, -13.59375], [-45.875, -13.625], [-45.53125, -13.3125], [-45.28125, -13.53125], [-45.09375, -13.5], [-44.90625, -13.9375], [-45.25, -13.9375], [-45.3125, -14.09375], [-45.78125, -14.21875], [-46.09375, -13.96875], [-46.71875, -14.1875], [-46.9375, -14.0], [-47.1875, -14.03125], [-47.28125, -14.1875], [-47.0625, -14.4375], [-47.1875, -14.6875], [-47.5, -14.5625], [-47.625, -14.1875], [-47.875, -14.125], [-48.125, -14.125], [-48.125, -14.375], [-49.0625, -14.25], [-48.84375, -13.53125], [-48.5625, -13.4375], [-48.3125, -13.09375], [-47.875, -13.03125], [-47.84375, -13.25], [-47.625, -13.375], [-47.40625, -13.1875], [-47.5625, -12.9375], [-47.46875, -12.75], [-47.0625, -12.71875], [-47.0, -12.9375], [-46.625, -12.90625], [-46.625, -13.0625], [-46.46875, -13.09375], [-46.28125, -12.96875], [-46.25, -12.625]], [[-23.96875, -13.15625], [-23.59375, -13.25], [-24.03125, -13.53125], [-23.96875, -13.15625]], [[-49.28125, -13.21875], [-49.0, -13.25], [-48.96875, -13.53125], [-49.375, -13.46875], [-49.28125, -13.21875]], [[-24.21875, -13.34375], [-24.125, -13.21875], [-24.125, -13.34375], [-24.21875, -13.34375]], [[-23.09375, -13.375], [-22.9375, -13.21875], [-22.9375, -13.375], [-23.09375, -13.375]], [[-23.46875, -13.53125], [-23.3125, -13.59375], [-23.46875, -13.71875], [-23.46875, -13.53125]], [[-60.15625, -13.75], [-60.0625, -13.625], [-60.0625, -13.75], [-60.15625, -13.75]], [[-23.6875, -13.71875], [-23.53125, -13.625], [-23.53125, -13.71875], [-23.6875, -13.71875]], [[-56.0, -14.1875], [-55.46875, -14.40625], [-53.46875, -14.65625], [-53.03125, -14.875], [-53.25, -14.96875], [-54.5, -14.90625], [-54.625, -14.75], [-55.15625, -14.8125], [-56.21875, -14.53125], [-56.0, -14.1875]], [[-26.53125, -15.15625], [-26.4375, -15.0625], [-26.4375, -15.15625], [-26.53125, -15.15625]], [[-26.6875, -16.09375], [-26.5625, -15.875], [-26.59375, -16.09375], [-26.6875, -16.09375]], [[-27.5625, -17.25], [-27.5, -17.0625], [-27.46875, -17.25], [-27.5625, -17.25]], [[-27.46875, -17.28125], [-27.34375, -17.3125], [-27.34375, -17.46875], [-27.4375, -17.46875], [-27.46875, -17.28125]], [[-27.75, -18.3125], [-27.65625, -18.71875], [-27.90625, -18.96875], [-27.84375, -18.40625], [-27.75, -18.3125]], [[-28.0, -19.46875], [-27.90625, -19.375], [-27.90625, -19.46875], [-28.0, -19.46875]]]}}]}