X,Y,name,clean_name,approvaldt,origin,diameter,center_lon,center_lat,type,code,approval,min_lon,max_lon,min_lat,max_lat,ethnicity,continent,quad_name,quad_code,link
323.103,-27.2282,Blunck,Blunck,2013/07/01 00:00:00,"Jürgen; German historian (1935-2008).",66.484999999999999,323.103000000000009,-27.228200000000001,"Crater, craters",AA,Adopted by IAU,322.469300000000032,323.736600000000010,-27.758600000000001,-26.697900000000001,Germany,Europe,Margaritifer Sinus,mc19,http://planetarynames.wr.usgs.gov/Feature/15149
323.5866,-30.3621,Martynov,Martynov,2013/07/15 00:00:00,"Dmitry Yakovlevich; Russian astronomer (1906-1989).",61.130000000000003,323.586600000000033,-30.362100000000002,"Crater, craters",AA,Adopted by IAU,322.986400000000003,324.186900000000037,-30.861600000000003,-29.862600000000000,Russia,Europe,Argyre,mc26,http://planetarynames.wr.usgs.gov/Feature/15152
32.5298,87.7297,Vastitas Borealis,Vastitas Borealis,1973/01/01 00:00:00,Classical albedo feature name.,2002.907999999999902,32.529800000000002,87.729700000000008,"Vastitas, vastitates",VS,Adopted by IAU,0.000000000000000,360.000000000000000,48.249800000000000,82.078800000000001,Latin,Europe,Mare Boreum,mc01,http://planetarynames.wr.usgs.gov/Feature/6333
114.9028,23.5385,Hephaestus Rupēs,Hephaestus Rupes,2003/01/01 00:00:00,"Named for classical albedo feature at 20N, 240W.",1707.444999999999936,114.902799999999999,23.538500000000003,"Rupes, rupēs",RU,Adopted by IAU,99.334000000000003,130.974600000000009,14.194300000000000,34.057600000000001,Greek,Europe,Amenthes,mc14,http://planetarynames.wr.usgs.gov/Feature/2459
1.3883,84.7639,Tenuis Cavus,Tenuis Cavus,2006/01/01 00:00:00,Classical albedo feature name.,51.525239999999997,1.388300000000000,84.763900000000007,"Cavus, cavi",CB,Adopted by IAU,0.000000000000000,360.000000000000000,84.377200000000002,85.082999999999998,Roman,Europe,Mare Boreum,mc01,http://planetarynames.wr.usgs.gov/Feature/6963
357.24,-86.876,Australe Mensa,Australe Mensa,2006/01/01 00:00:00,Classical albedo feature name.,172.000000000000000,357.240000000000009,-86.876000000000005,"Mensa, mensae",MN,Adopted by IAU,-21.289100000000001,19.961900000000000,-87.966000000000008,-85.497799999999998,Latin,Europe,Mare Australe,mc30,http://planetarynames.wr.usgs.gov/Feature/485
130.9844,-34.804,Artik,Artik,2013/08/30 00:00:00,Town in Armenia.,5.359000000000000,130.984399999999994,-34.804000000000002,"Crater, craters",AA,Adopted by IAU,130.929100000000005,131.039600000000007,-34.849000000000004,-34.759000000000000,Armenian,Asia,Eridania,mc29,http://planetarynames.wr.usgs.gov/Feature/15166
77.0034,22.9271,Koshoba,Koshoba,2013/09/27 00:00:00,Village in Turkmenistan.,10.334000000000000,77.003399999999999,22.927099999999999,"Crater, craters",AA,Adopted by IAU,76.918300000000002,77.088600000000000,22.839500000000001,23.014700000000001,Turkmenistan,Asia,Syrtis Major,mc13,http://planetarynames.wr.usgs.gov/Feature/15167
157.7,-83.35,Planum Australe,Planum Australe,1976/01/01 00:00:00,Classical albedo feature.,1429.869999999999891,157.700000000000017,-83.350000000000009,"Planum, plana",PM,Adopted by IAU,-180.000000000000000,180.000000000000000,-90.000000000000000,-71.727200000000011,Latin,Europe,Mare Australe,mc30,http://planetarynames.wr.usgs.gov/Feature/4753
295.0,-9.885,Ophir,Ophir,1958/01/01 00:00:00,"Biblical land to which King Solomon sent naval expedition; probably India.",0.000000000000000,295.000000000000000,-9.885000000000000,Albedo Feature,AL,Adopted by IAU,295.000000000000000,295.000000000000000,-9.885000000000000,-9.885000000000000,Greek,Europe,Coprates,mc18,http://planetarynames.wr.usgs.gov/Feature/4473
40.0,19.7836,Phison,Phison,1958/01/01 00:00:00,Biblical first river of Paradise.,0.000000000000000,40.000000000000000,19.783600000000000,Albedo Feature,AL,Adopted by IAU,40.000000000000000,40.000000000000000,19.783600000000000,19.783600000000000,Hebrew,Asia,Arabia,mc12,http://planetarynames.wr.usgs.gov/Feature/4696
202.2897,-45.0735,Reutov,Reutov,2013/08/05 00:00:00,"Town in Moscow region, Russia.",18.020000000000000,202.289700000000011,-45.073500000000003,"Crater, craters",AA,Adopted by IAU,202.073900000000009,202.505600000000015,-45.225500000000004,-44.921500000000002,Russia,Europe,Phaethontis,mc24,http://planetarynames.wr.usgs.gov/Feature/15157
201.99,-45.02,Belyov,Belyov,2013/08/05 00:00:00,"(Belev) Town in Tula region, Russia.",0.200000000000000,201.990000000000009,-45.020000000000003,"Crater, craters",AA,Adopted by IAU,201.990000000000009,201.990000000000009,-45.020000000000003,-45.020000000000003,Russia,Europe,Phaethontis,mc24,http://planetarynames.wr.usgs.gov/Feature/15158
202.04,-45.04,Tyuratam,Tyuratam,2013/08/05 00:00:00,(Töretam) Township in Kazakhstan.,0.300000000000000,202.040000000000020,-45.039999999999999,"Crater, craters",AA,Adopted by IAU,202.040000000000020,202.040000000000020,-45.039999999999999,-45.039999999999999,Kazakhstan,Asia,Phaethontis,mc24,http://planetarynames.wr.usgs.gov/Feature/15159
152.7278,-45.669,Electris Mons,Electris Mons,2013/08/12 00:00:00,Classical albedo feature name.,104.474000000000004,152.727800000000002,-45.669000000000004,"Mons, montes",MO,Adopted by IAU,151.485000000000014,154.014600000000002,-46.288100000000000,-44.991800000000005,Greek,Europe,Eridania,mc29,http://planetarynames.wr.usgs.gov/Feature/15160
137.8649,-57.0205,Eridania Mons,Eridania Mons,2013/08/12 00:00:00,Classical albedo feature name.,143.288999999999987,137.864900000000006,-57.020500000000006,"Mons, montes",MO,Adopted by IAU,135.606400000000008,140.055900000000008,-58.090200000000003,-55.903900000000000,Latin,Europe,Eridania,mc29,http://planetarynames.wr.usgs.gov/Feature/15161
212.1509,-38.215,Sirenum Mons,Sirenum Mons,2013/08/12 00:00:00,Classical albedo feature name.,122.856999999999999,212.150900000000007,-38.215000000000003,"Mons, montes",MO,Adopted by IAU,210.835900000000009,213.483600000000024,-39.092100000000002,-37.268400000000000,Greek,Europe,Phaethontis,mc24,http://planetarynames.wr.usgs.gov/Feature/15162
215.2135,-34.6441,Sirenum Tholus,Sirenum Tholus,2013/08/12 00:00:00,Classical albedo feature name.,53.895000000000003,215.213500000000010,-34.644100000000002,"Tholus, tholi",TH,Adopted by IAU,214.663499999999999,215.773099999999999,-35.060099999999998,-34.230699999999999,Greek,Europe,Phaethontis,mc24,http://planetarynames.wr.usgs.gov/Feature/15163
275.0,-34.6828,Thaumasia,Thaumasia,1958/01/01 00:00:00,"Named for Thaumas, god of clouds; Arabia.",0.000000000000000,275.000000000000000,-34.682800000000000,Albedo Feature,AL,Adopted by IAU,275.000000000000000,275.000000000000000,-34.682800000000000,-34.682800000000000,Greek,Europe,Thaumasia,mc25,http://planetarynames.wr.usgs.gov/Feature/5952
310.8478,21.5334,New Bern,New Bern,1979/01/01 00:00:00,American colonial town (North Carolina).,1.726920000000000,310.847800000000007,21.533400000000000,"Crater, craters",AA,Adopted by IAU,310.832100000000025,310.863499999999988,21.518900000000002,21.548000000000002,United States,North America,Lunae Palus,mc10,http://planetarynames.wr.usgs.gov/Feature/4229
349.3122,-24.8979,Novara,Novara,1997/01/01 00:00:00,Town in Italy.,86.982010000000002,349.312200000000018,-24.897900000000000,"Crater, craters",AA,Adopted by IAU,348.568000000000040,350.057299999999998,-25.366900000000001,-24.431500000000000,Italy,Europe,Margaritifer Sinus,mc19,http://planetarynames.wr.usgs.gov/Feature/4347
310.9282,22.5499,Portsmouth,Portsmouth,1979/01/01 00:00:00,American colonial town (New Hampshire).,1.496820000000000,310.928200000000004,22.549900000000001,"Crater, craters",AA,Adopted by IAU,310.914500000000032,310.941800000000001,22.537300000000002,22.562600000000000,United States,North America,Lunae Palus,mc10,http://planetarynames.wr.usgs.gov/Feature/4806
295.1682,52.4358,Perepelkin,Perepelkin,1973/01/01 00:00:00,"Evgenii J.; Russian astronomer (1906-1938).",77.457099999999997,295.168200000000013,52.435800000000000,"Crater, craters",AA,Adopted by IAU,294.104300000000023,296.247900000000016,51.785000000000004,53.091799999999999,Russia,Europe,Arcadia,mc03,http://planetarynames.wr.usgs.gov/Feature/4656
311.8213,21.1033,Port-Au-Prince,Port Au Prince,1979/01/01 00:00:00,"Port of Hispaniola Island, Haiti.",1.522170000000000,311.821300000000008,21.103300000000001,"Crater, craters",AA,Adopted by IAU,311.807500000000005,311.835000000000036,21.090500000000002,21.116200000000003,Haiti,North America,Lunae Palus,mc10,http://planetarynames.wr.usgs.gov/Feature/4802
262.5214,25.0542,Rahe,Rahe,2000/01/01 00:00:00,"Jurgen; American astronomer and NASA program director (1940-1997).",34.443460000000002,262.521400000000028,25.054200000000002,"Crater, craters",AA,Adopted by IAU,262.234800000000007,262.807799999999986,24.847000000000001,25.261800000000001,American,North America,Tharsis,mc09,http://planetarynames.wr.usgs.gov/Feature/4926
118.9443,-75.5714,Rayleigh,Rayleigh,1973/01/01 00:00:00,"Strutt, John W., third Baron Rayleigh; British physicist (1842-1919).",125.658879999999996,118.944300000000013,-75.571399999999997,"Crater, craters",AA,Adopted by IAU,114.661500000000004,123.227200000000011,-76.637700000000009,-74.505099999999999,Great Britain,Europe,Mare Australe,mc30,http://planetarynames.wr.usgs.gov/Feature/4967
311.9607,22.8729,San Juan,San Juan,1979/01/01 00:00:00,Puerto Rican port.,1.231970000000000,311.960700000000031,22.872900000000001,"Crater, craters",AA,Adopted by IAU,311.949400000000026,311.972000000000037,22.862500000000001,22.883300000000002,Puerto Rico,North America,Lunae Palus,mc10,http://planetarynames.wr.usgs.gov/Feature/5299
312.7359,21.2455,Santa Cruz,Santa Cruz,1979/01/01 00:00:00,Port of Canary Islands.,1.352510000000000,312.735900000000015,21.245500000000000,"Crater, craters",AA,Adopted by IAU,312.723600000000033,312.748100000000022,21.234100000000002,21.256900000000002,Canary Is.,Africa,Lunae Palus,mc10,http://planetarynames.wr.usgs.gov/Feature/5310
312.222,22.0207,Savannah,Savannah,1979/01/01 00:00:00,American colonial town (Georgia).,1.344110000000000,312.222000000000037,22.020700000000001,"Crater, craters",AA,Adopted by IAU,312.209800000000030,312.234199999999987,22.009399999999999,22.032000000000000,United States,North America,Lunae Palus,mc10,http://planetarynames.wr.usgs.gov/Feature/5344
323.7847,79.2135,Sevel,Sevel,1988/01/01 00:00:00,Town in Denmark.,7.388900000000000,323.784700000000043,79.213500000000010,"Crater, craters",AA,Adopted by IAU,323.449700000000007,324.119700000000023,79.150800000000004,79.276200000000003,Denmark,Europe,Mare Boreum,mc01,http://planetarynames.wr.usgs.gov/Feature/5444
137.2605,83.9337,Puyo,Puyo,2006/01/01 00:00:00,Town in Ecuador.,9.935739999999999,137.260500000000008,83.933700000000002,"Crater, craters",AA,Adopted by IAU,136.462700000000012,138.058300000000003,83.849400000000003,84.018000000000001,Ecuador,South and Central America,Mare Boreum,mc01,http://planetarynames.wr.usgs.gov/Feature/14159
113.7817,19.9821,Tomari,Tomari,1988/01/01 00:00:00,Town in Russia.,5.293920000000000,113.781700000000001,19.982100000000003,"Crater, craters",AA,Adopted by IAU,113.743400000000008,113.820000000000007,19.940500000000000,20.023700000000002,Russia,Europe,Amenthes,mc14,http://planetarynames.wr.usgs.gov/Feature/6054
20.0,-14.8317,Deucalionis Regio,Deucalionis Regio,1958/01/01 00:00:00,"""Deucalion's region;"" Deucalion was King of Thessaly who saved himself from flood.",0.000000000000000,20.000000000000000,-14.831700000000001,Albedo Feature,AL,Adopted by IAU,20.000000000000000,20.000000000000000,-14.831700000000001,-14.831700000000001,Greek,Europe,Sinus Sabaeus,mc20,http://planetarynames.wr.usgs.gov/Feature/1506
360.0,34.6828,Deuteronilus,Deuteronilus,1958/01/01 00:00:00,"Designation of 2nd part of old feature ""Nilus.""",0.000000000000000,360.000000000000000,34.682800000000000,Albedo Feature,AL,Adopted by IAU,360.000000000000000,360.000000000000000,34.682800000000000,34.682800000000000,Latin,Europe,Mare Acidalium,mc04,http://planetarynames.wr.usgs.gov/Feature/1507
315.4528,-42.4046,Tombe,Tombe,1976/01/01 00:00:00,Town in Sudan.,5.994210000000000,315.452800000000025,-42.404600000000002,"Crater, craters",AA,Adopted by IAU,315.384299999999996,315.521299999999997,-42.455200000000005,-42.354100000000003,Sudan,Africa,Argyre,mc26,http://planetarynames.wr.usgs.gov/Feature/6055
312.5255,21.6046,Wilmington,Wilmington,1979/01/01 00:00:00,American colonial town (Delaware).,1.345930000000000,312.525500000000022,21.604600000000001,"Crater, craters",AA,Adopted by IAU,312.513300000000015,312.537700000000029,21.593299999999999,21.616000000000000,United States,North America,Lunae Palus,mc10,http://planetarynames.wr.usgs.gov/Feature/6554
146.1175,-49.4052,Tycho Brahe,Tycho Brahe,1973/01/01 00:00:00,Danish astronomer (1546-1601).,105.273570000000007,146.117500000000007,-49.405200000000001,"Crater, craters",AA,Adopted by IAU,144.752800000000008,147.481500000000011,-50.061500000000002,-48.748899999999999,Denmark,Europe,Eridania,mc29,http://planetarynames.wr.usgs.gov/Feature/6164
315.2467,-43.8669,Yungay,Yungay,1976/01/01 00:00:00,Town in Peru.,19.694880000000001,315.246700000000033,-43.866900000000001,"Crater, craters",AA,Adopted by IAU,315.016600000000039,315.477399999999989,-44.033200000000001,-43.701000000000001,Peru,South and Central America,Argyre,mc26,http://planetarynames.wr.usgs.gov/Feature/6681
157.222,13.2662,Dilly,Dilly,2006/01/01 00:00:00,Town in Mali.,2.125290000000000,157.222000000000008,13.266200000000001,"Crater, craters",AA,Adopted by IAU,157.203500000000020,157.240399999999994,13.248300000000000,13.284100000000000,Mali,Africa,Elysium,mc15,http://planetarynames.wr.usgs.gov/Feature/6948
290.689,82.2127,Crotone,Crotone,2006/01/01 00:00:00,Town in Italy.,6.275850000000000,290.689000000000021,82.212699999999998,"Crater, craters",AA,Adopted by IAU,290.295900000000017,291.081999999999994,82.159500000000008,82.266000000000005,Italy,Europe,Mare Boreum,mc01,http://planetarynames.wr.usgs.gov/Feature/14153
110.0,-39.6672,Ausonia,Ausonia,1958/01/01 00:00:00,Country of the Aruncii (Ausones in Greek).,0.000000000000000,110.000000000000000,-39.667200000000001,Albedo Feature,AL,Adopted by IAU,110.000000000000000,110.000000000000000,-39.667200000000001,-39.667200000000001,Greek,Europe,Hellas,mc28,http://planetarynames.wr.usgs.gov/Feature/479
137.8453,-5.0834,Aeolis Mons,Aeolis Mons,2012/05/16 00:00:00,Classical albedo feature name.,88.991000000000000,137.845300000000009,-5.083400000000000,"Mons, montes",MO,Adopted by IAU,137.108800000000002,138.624899999999997,-5.611300000000000,-4.457700000000000,Greek,Europe,Aeolis,mc23,http://planetarynames.wr.usgs.gov/Feature/15000
354.502,-2.0523,Victoria,Victoria,2008/12/19 00:00:00,Town in the Republic of Seychelles.,0.884180000000000,354.502000000000010,-2.052300000000000,"Crater, craters",AA,Adopted by IAU,354.494500000000016,354.509400000000028,-2.059700000000000,-2.044800000000000,Republic of Seychelles,Africa,Margaritifer Sinus,mc19,http://planetarynames.wr.usgs.gov/Feature/14522
220,0,Amazonis,Amazonis,1958/01/01 00:00:00,"Land of the Amazons; on the island Hesperia.",0.000000000000000,220.000000000000000,0.000000000000000,Albedo Feature,AL,Adopted by IAU,220.000000000000000,220.000000000000000,0.000000000000000,0.000000000000000,Greek,Europe,,,http://planetarynames.wr.usgs.gov/Feature/218
100.91,-14.3267,Tivoli,Tivoli,2010/08/24 00:00:00,Town in Grenada.,32.797649999999997,100.910000000000011,-14.326700000000001,"Crater, craters",AA,Adopted by IAU,100.692800000000005,101.127099999999999,-14.590000000000000,-14.063400000000001,Grenada,North America,Mare Tyrrhenum,mc22,http://planetarynames.wr.usgs.gov/Feature/14768
99.0444,-25.4165,Ausonia Montes,Ausonia Montes,1991/01/01 00:00:00,Albedo feature name.,333.132000000000005,99.044400000000010,-25.416500000000003,"Mons, montes",MO,Adopted by IAU,96.028800000000004,102.071300000000008,-28.785500000000003,-23.138500000000001,Latin,Europe,Mare Tyrrhenum,mc22,http://planetarynames.wr.usgs.gov/Feature/482
354.8045,-2.2836,Endeavour,Endeavour,2008/10/20 00:00:00,Town in Canada.,21.778990000000000,354.804500000000019,-2.283600000000000,"Crater, craters",AA,Adopted by IAU,354.620600000000024,354.988400000000013,-2.467400000000000,-2.099900000000000,Canada,North America,Margaritifer Sinus,mc19,http://planetarynames.wr.usgs.gov/Feature/14501
71.8151,17.0354,Toro,Toro,2008/11/24 00:00:00,Town in Spain.,41.399500000000003,71.815100000000001,17.035399999999999,"Crater, craters",AA,Adopted by IAU,71.451099999999997,72.181600000000003,16.686500000000002,17.384900000000002,Spain,Europe,Syrtis Major,mc13,http://planetarynames.wr.usgs.gov/Feature/14521
312.2032,22.6263,Charleston,Charleston,1979/01/01 00:00:00,American colonial town (South Carolina).,1.961720000000000,312.203200000000038,22.626300000000001,"Crater, craters",AA,Adopted by IAU,312.185200000000009,312.221100000000035,22.609700000000000,22.642800000000001,United States,North America,Lunae Palus,mc10,http://planetarynames.wr.usgs.gov/Feature/1152
192.9317,-37.6605,Galap,Galap,2009/02/12 00:00:00,Town in the Republic of Palau.,5.986960000000000,192.931700000000006,-37.660499999999999,"Crater, craters",AA,Adopted by IAU,192.867100000000022,192.994600000000020,-37.710400000000000,-37.609400000000001,Republic of Palau,Oceania,Phaethontis,mc24,http://planetarynames.wr.usgs.gov/Feature/14545
305.9804,-16.9289,Saravan,Saravan,2009/02/06 00:00:00,Town in Laos.,46.886820000000000,305.980400000000031,-16.928900000000002,"Crater, craters",AA,Adopted by IAU,305.567100000000039,306.393900000000031,-17.324800000000000,-16.533799999999999,Laos,Asia,Coprates,mc18,http://planetarynames.wr.usgs.gov/Feature/14542
352.9488,7.9739,Danielson,Danielson,2009/02/12 00:00:00,"G. Edward Danielson, Jr.; American Engineer (1939-2005).",64.297300000000007,352.948800000000006,7.973900000000000,"Crater, craters",AA,Adopted by IAU,352.407199999999989,353.502499999999998,7.431700000000000,8.516400000000001,United States,North America,Oxia Palus,mc11,http://planetarynames.wr.usgs.gov/Feature/14544
111.6113,-38.4142,Lipik,Lipik,2009/02/12 00:00:00,Town in Croatia.,48.951129999999999,111.611300000000000,-38.414200000000001,"Crater, craters",AA,Adopted by IAU,111.084800000000001,112.138800000000003,-38.828299999999999,-38.002400000000002,Croatia,Europe,Hellas,mc28,http://planetarynames.wr.usgs.gov/Feature/14546
310.0,-14.8317,Aurorae Sinus,Aurorae Sinus,1958/01/01 00:00:00,"""Bay of Rosy Dawn""; Aurora held back the dawn.",0.000000000000000,310.000000000000000,-14.831700000000001,Albedo Feature,AL,Adopted by IAU,310.000000000000000,310.000000000000000,-14.831700000000001,-14.831700000000001,Latin,Europe,Coprates,mc18,http://planetarynames.wr.usgs.gov/Feature/477
345.4239,-64.8456,Sarh,Sarh,2009/02/12 00:00:00,Town in the Republic of Chad.,50.267000000000003,345.423900000000003,-64.845600000000005,"Crater, craters",AA,Adopted by IAU,344.439300000000003,346.435900000000004,-65.270700000000005,-64.422700000000006,Republic of Chad,Africa,Argyre,mc26,http://planetarynames.wr.usgs.gov/Feature/14547
57.7517,3.0795,Leighton,Leighton,2009/10/27 00:00:00,"Robert B.; American physicist (1919-1997).",65.944699999999997,57.751700000000000,3.079500000000000,"Crater, craters",AA,Adopted by IAU,57.195600000000006,58.309699999999999,2.523300000000000,3.635900000000000,United States,North America,Syrtis Major,mc13,http://planetarynames.wr.usgs.gov/Feature/14602
202.3088,-30.1962,Cross,Cross,2009/02/19 00:00:00,"Charles Arthur; British astronomer and cartographer (1920-1980).",66.566490000000002,202.308800000000019,-30.196200000000001,"Crater, craters",AA,Adopted by IAU,201.659400000000005,202.958799999999997,-30.759300000000003,-29.636300000000002,Great Britain,Europe,Phaethontis,mc24,http://planetarynames.wr.usgs.gov/Feature/14562
305.0,-44.6618,Nereidum Fretum,Nereidum Fretum,1958/01/01 00:00:00,"""Straits of the Nereids"", who were sea nymphs.",0.000000000000000,305.000000000000000,-44.661799999999999,Albedo Feature,AL,Adopted by IAU,305.000000000000000,305.000000000000000,-44.661799999999999,-44.661799999999999,Greek,Europe,Argyre,mc26,http://planetarynames.wr.usgs.gov/Feature/4213
119.6206,10.9176,Doba,Doba,2009/07/01 00:00:00,Town in the Republic of Chad.,25.888600000000000,119.620600000000010,10.917600000000000,"Crater, craters",AA,Adopted by IAU,119.400300000000001,119.845100000000002,10.699400000000001,11.136100000000001,Republic of Chad,Africa,Amenthes,mc14,http://planetarynames.wr.usgs.gov/Feature/14570
272.0837,-53.3301,Aonia Mons,Aonia Mons,2013/03/04 00:00:00,Classical albedo feature name.,27.068999999999999,272.083700000000022,-53.330100000000002,"Mons, montes",MO,Adopted by IAU,271.684200000000033,272.450500000000034,-53.480100000000000,-53.164200000000001,Latin,Europe,Thaumasia,mc25,http://planetarynames.wr.usgs.gov/Feature/15090
4.9252,-46.9681,Asimov,Asimov,2009/05/04 00:00:00,"Isaac; American biochemist and writer (1920-1992).",80.821789999999993,4.925200000000000,-46.968100000000000,"Crater, craters",AA,Adopted by IAU,3.922700000000000,5.921500000000000,-47.654000000000003,-46.290500000000002,United States,North America,Noachis,mc27,http://planetarynames.wr.usgs.gov/Feature/14567
88.0,37.6723,Neith Regio,Neith Regio,1958/01/01 00:00:00,Lower world in Egyptian mythology.,0.000000000000000,88.000000000000000,37.672300000000000,Albedo Feature,AL,Adopted by IAU,88.000000000000000,88.000000000000000,37.672300000000000,37.672300000000000,Egypt,Africa,Casius,mc06,http://planetarynames.wr.usgs.gov/Feature/4198
130.7574,-37.3593,Pursat,Pursat,2009/11/25 00:00:00,Town in Cambodia.,17.545100000000001,130.757400000000018,-37.359300000000005,"Crater, craters",AA,Adopted by IAU,130.574000000000012,130.946400000000011,-37.507899999999999,-37.211900000000000,Cambodia,Asia,Eridania,mc29,http://planetarynames.wr.usgs.gov/Feature/14623
116.4755,10.228,Canillo,Canillo,2009/07/01 00:00:00,Town in Andorra.,33.925100000000000,116.475500000000011,10.228000000000000,"Crater, craters",AA,Adopted by IAU,116.186800000000005,116.768300000000011,9.942000000000000,10.514300000000000,Andorra,Europe,Amenthes,mc14,http://planetarynames.wr.usgs.gov/Feature/14569
198.2105,-37.2059,Kamnik,Kamnik,2009/11/25 00:00:00,Town in Slovenia.,10.373490000000000,198.210499999999996,-37.205900000000000,"Crater, craters",AA,Adopted by IAU,198.101700000000022,198.319299999999998,-37.286900000000003,-37.125000000000000,Slovenia,Europe,Phaethontis,mc24,http://planetarynames.wr.usgs.gov/Feature/14621
119.0088,8.23,Ehden,Ehden,2009/07/01 00:00:00,Town in Lebanon.,57.395000000000003,119.008800000000008,8.230000000000000,"Crater, craters",AA,Adopted by IAU,118.521700000000010,119.500000000000000,7.746000000000000,8.714300000000000,Lebanon,Asia,Amenthes,mc14,http://planetarynames.wr.usgs.gov/Feature/14571
129.3998,-35.7179,Gasa,Gasa,2009/08/06 00:00:00,Town in Bhutan.,7.025220000000000,129.399799999999999,-35.717900000000000,"Crater, craters",AA,Adopted by IAU,129.326800000000020,129.472800000000007,-35.777100000000004,-35.658600000000000,Bhutan,Asia,Eridania,mc29,http://planetarynames.wr.usgs.gov/Feature/14593
140.7532,-32.0599,Horowitz,Horowitz,2009/11/25 00:00:00,"Norman H.; American biologist and geneticist (1915-2005).",64.902190000000004,140.753199999999993,-32.059899999999999,"Crater, craters",AA,Adopted by IAU,140.106700000000018,141.398700000000019,-32.607399999999998,-31.512500000000003,American,North America,Eridania,mc29,http://planetarynames.wr.usgs.gov/Feature/14620
279.96,-59.0372,Aonia Tholus,Aonia Tholus,2013/03/04 00:00:00,Classical albedo feature name.,53.688000000000002,279.960000000000036,-59.037200000000006,"Tholus, tholi",TH,Adopted by IAU,279.141700000000014,280.905000000000030,-59.370100000000001,-58.743900000000004,Latin,Europe,Thaumasia,mc25,http://planetarynames.wr.usgs.gov/Feature/15089
122.0971,-32.7458,Kandi,Kandi,2009/11/25 00:00:00,Town in Benin.,8.238400000000000,122.097100000000012,-32.745800000000003,"Crater, craters",AA,Adopted by IAU,122.016900000000007,122.182200000000009,-32.815800000000003,-32.676800000000000,Benin,Africa,Eridania,mc29,http://planetarynames.wr.usgs.gov/Feature/14622
150.5697,-41.6872,Roseau,Roseau,2009/11/25 00:00:00,Town in Dominica.,6.486320000000000,150.569700000000012,-41.687200000000004,"Crater, craters",AA,Adopted by IAU,150.499799999999993,150.646299999999997,-41.742699999999999,-41.633200000000002,Dominica,North America,Eridania,mc29,http://planetarynames.wr.usgs.gov/Feature/14624
201.8095,-6.9643,Nicer Vallis,Nicer Vallis,1985/01/01 00:00:00,"Classical name for present Neckar River, Germany.",22.602290000000000,201.809500000000014,-6.964300000000001,"Vallis, valles",VA,Adopted by IAU,201.689000000000021,201.909000000000020,-7.086300000000000,-6.866600000000000,Germany,Europe,Memnonia,mc16,http://planetarynames.wr.usgs.gov/Feature/4246
222.5513,-43.8831,Yaren,Yaren,2009/11/25 00:00:00,Town in Nauru.,9.193569999999999,222.551299999999998,-43.883099999999999,"Crater, craters",AA,Adopted by IAU,222.445600000000013,222.660800000000023,-43.958900000000000,-43.803800000000003,Nauru,Oceania,Phaethontis,mc24,http://planetarynames.wr.usgs.gov/Feature/14625
110.0,4.9416,Amenthes,Amenthes,1958/01/01 00:00:00,Egyptian name for place where souls of the dead go.,0.000000000000000,110.000000000000000,4.941600000000000,Albedo Feature,AL,Adopted by IAU,110.000000000000000,110.000000000000000,4.941600000000000,4.941600000000000,Egypt,Africa,Amenthes,mc14,http://planetarynames.wr.usgs.gov/Feature/226
312.934,22.7492,Colón,Colon,1979/01/01 00:00:00,Port of Panama.,1.362100000000000,312.934000000000026,22.749200000000002,"Crater, craters",AA,Adopted by IAU,312.921600000000012,312.946500000000015,22.737700000000000,22.760600000000000,Panama,South and Central America,Lunae Palus,mc10,http://planetarynames.wr.usgs.gov/Feature/1275
34.5934,-49.6102,Matara,Matara,2009/11/30 00:00:00,Town in Sri Lanka.,48.843600000000002,34.593400000000003,-49.610199999999999,"Crater, craters",AA,Adopted by IAU,33.958200000000005,35.230400000000003,-50.023099999999999,-49.199100000000001,Sri Lanka,Asia,Noachis,mc27,http://planetarynames.wr.usgs.gov/Feature/14626
297.2803,75.5509,Siton Undae,Siton Undae,2007/03/20 00:00:00,Classical albedo feature name.,222.973000000000013,297.280300000000011,75.550899999999999,"Unda, undae",UN,Adopted by IAU,291.376300000000015,301.396500000000003,73.793999999999997,77.503300000000010,Scandinavian,Europe,Mare Boreum,mc01,http://planetarynames.wr.usgs.gov/Feature/14280
181.8156,-29.1279,Kibuye,Kibuye,2010/01/12 00:00:00,Town in Rwanda.,7.144690000000000,181.815600000000018,-29.127900000000000,"Crater, craters",AA,Adopted by IAU,181.746600000000001,181.884600000000006,-29.188200000000002,-29.067600000000002,Rwanda,Africa,Memnonia,mc16,http://planetarynames.wr.usgs.gov/Feature/14630
15,0,Edom,Edom,1958/01/01 00:00:00,"Biblical country of Edomites, south of Judea.",0.000000000000000,15.000000000000000,0.000000000000000,Albedo Feature,AL,Adopted by IAU,15.000000000000000,15.000000000000000,0.000000000000000,0.000000000000000,Hebrew,Asia,,,http://planetarynames.wr.usgs.gov/Feature/1725
52.0341,-19.4217,Cankuzo,Cankuzo,2010/03/04 00:00:00,Town in Burundi.,48.447499999999998,52.034100000000002,-19.421700000000001,"Crater, craters",AA,Adopted by IAU,51.601700000000001,52.468400000000003,-19.830700000000000,-19.013400000000001,Burundi,Africa,Iapygia,mc21,http://planetarynames.wr.usgs.gov/Feature/14651
131.8245,-18.2259,Luqa,Luqa,2010/03/04 00:00:00,Town in Malta.,17.135800000000000,131.824500000000000,-18.225899999999999,"Crater, craters",AA,Adopted by IAU,131.674700000000001,131.979000000000013,-18.370699999999999,-18.081600000000002,Malta,Europe,Mare Tyrrhenum,mc22,http://planetarynames.wr.usgs.gov/Feature/14652
339.888,23.5662,Oyama,Oyama,2010/03/26 00:00:00,"Vance I.; American biochemist (1922-1998).",100.778000000000006,339.888000000000034,23.566200000000002,"Crater, craters",AA,Adopted by IAU,338.966800000000035,340.821700000000021,22.716500000000000,24.416700000000002,United States,North America,Oxia Palus,mc11,http://planetarynames.wr.usgs.gov/Feature/14654
133.4229,-4.1666,Robert Sharp,Robert Sharp,2012/05/16 00:00:00,"Robert Phillip; American geologist (1911-2004).",152.076999999999998,133.422899999999998,-4.166600000000000,"Crater, craters",AA,Adopted by IAU,132.223800000000011,134.622100000000017,-5.456900000000000,-2.876200000000000,American,North America,Mare Tyrrhenum,mc22,http://planetarynames.wr.usgs.gov/Feature/15002
109.6649,-35.926,Avarua,Avarua,2010/06/21 00:00:00,Town in the Cook Islands.,49.988700000000001,109.664900000000003,-35.926000000000002,"Crater, craters",AA,Adopted by IAU,109.146400000000000,110.188000000000002,-36.348199999999999,-35.504899999999999,Cook Islands,Oceania,Hellas,mc28,http://planetarynames.wr.usgs.gov/Feature/14740
137.4215,-4.4652,Aeolis Palus,Aeolis Palus,2012/05/16 00:00:00,Classical albedo feature name.,111.628000000000000,137.421500000000009,-4.465200000000000,"Palus, paludes",PA,Adopted by IAU,136.751800000000003,138.652400000000000,-5.386000000000000,-4.183000000000000,Greek,Europe,Aeolis,mc23,http://planetarynames.wr.usgs.gov/Feature/15001
66.8073,-21.9047,Harris,Harris,2010/07/07 00:00:00,"Daniel Lester III; American astronomer (1919-1962).",81.563800000000001,66.807299999999998,-21.904700000000002,"Crater, craters",AA,Adopted by IAU,66.067099999999996,67.549999999999997,-22.593000000000000,-21.217000000000002,United States,North America,Iapygia,mc21,http://planetarynames.wr.usgs.gov/Feature/14747
110.2383,-31.6577,Dowa,Dowa,2010/06/21 00:00:00,Town in Malawi.,40.840699999999998,110.238300000000010,-31.657700000000002,"Crater, craters",AA,Adopted by IAU,109.835700000000003,110.645300000000006,-32.002700000000004,-31.313700000000001,Malawi,Africa,Hellas,mc28,http://planetarynames.wr.usgs.gov/Feature/14741
112.0589,-35.6866,Fitzroy,Fitzroy,2010/06/21 00:00:00,Town in the Falkland Islands.,38.169499999999999,112.058900000000008,-35.686599999999999,"Crater, craters",AA,Adopted by IAU,111.664700000000011,112.457700000000003,-36.009200000000000,-35.365200000000002,Falkland Islands,South and Central America,Hellas,mc28,http://planetarynames.wr.usgs.gov/Feature/14742
112.8932,-38.5938,Greg,Greg,2010/06/21 00:00:00,"Percy; English writer (1836-1889).
",68.120869999999996,112.893200000000007,-38.593800000000002,"Crater, craters",AA,Adopted by IAU,112.157600000000002,113.628000000000000,-39.170700000000004,-38.021500000000003,England,Europe,Hellas,mc28,http://planetarynames.wr.usgs.gov/Feature/14743
108.7034,-31.3071,Pál,Pal,2010/06/21 00:00:00,"George; American-Hungarian film producer (1908-1980).",71.214039999999997,108.703400000000002,-31.307100000000002,"Crater, craters",AA,Adopted by IAU,108.000500000000002,109.406700000000001,-31.909700000000001,-30.708300000000001,United States,North America,Hellas,mc28,http://planetarynames.wr.usgs.gov/Feature/14744
347.7612,-23.4631,Milna,Milna,2010/08/12 00:00:00,Town in the Republic of Croatia.,27.475200000000001,347.761200000000031,-23.463100000000001,"Crater, craters",AA,Adopted by IAU,347.509500000000003,348.014800000000037,-23.691600000000001,-23.228100000000001,Croatia,Europe,Margaritifer Sinus,mc19,http://planetarynames.wr.usgs.gov/Feature/14766
15.789,38.2366,Vaduz,Vaduz,2010/08/23 00:00:00,Capital of the Principality of Liechtenstein.,1.999210000000000,15.789000000000001,38.236600000000003,"Crater, craters",AA,Adopted by IAU,15.768000000000001,15.810700000000001,38.220400000000005,38.254100000000001,Liechtenstein,Europe,Ismenius Lacus,mc05,http://planetarynames.wr.usgs.gov/Feature/14767
321.8571,-34.912,Alitus,Alitus,1979/01/01 00:00:00,"(Alytus), town in Lithuania.",49.999180000000003,321.857100000000003,-34.911999999999999,"Crater, craters",AA,Adopted by IAU,321.555600000000027,322.158999999999992,-35.309699999999999,-34.514400000000002,Lithuania,Europe,Argyre,mc26,http://planetarynames.wr.usgs.gov/Feature/189
312.2732,23.1644,Annapolis,Annapolis,1979/01/01 00:00:00,American colonial town (Maryland).,1.113860000000000,312.273200000000031,23.164400000000001,"Crater, craters",AA,Adopted by IAU,312.262900000000002,312.283400000000029,23.155000000000001,23.173800000000000,United States,North America,Lunae Palus,mc10,http://planetarynames.wr.usgs.gov/Feature/281
308.2839,14.8386,Cantoura,Cantoura,1988/01/01 00:00:00,Town in Venezuela.,51.590530000000001,308.283900000000017,14.838600000000001,"Crater, craters",AA,Adopted by IAU,307.834400000000016,308.733300000000042,14.505900000000000,15.172100000000000,Venezuela,South and Central America,Lunae Palus,mc10,http://planetarynames.wr.usgs.gov/Feature/1009
180.0,49.6666,Diacria,Diacria,1958/01/01 00:00:00,"Highland area in northern Attica, Greece.",0.000000000000000,180.000000000000000,49.666600000000003,Albedo Feature,AL,Adopted by IAU,180.000000000000000,180.000000000000000,49.666600000000003,49.666600000000003,Greek,Europe,Cebrenia,mc07,http://planetarynames.wr.usgs.gov/Feature/1522
312.6472,-47.2805,Cypress,Cypress,1976/01/01 00:00:00,"Town in Illinois, USA.",14.672200000000000,312.647199999999998,-47.280500000000004,"Crater, craters",AA,Adopted by IAU,312.491000000000042,312.803500000000042,-47.392299999999999,-47.168800000000005,United States,North America,Argyre,mc26,http://planetarynames.wr.usgs.gov/Feature/1370
332.114,4.7777,Tana Vallis,Tana Vallis,2013/03/05 00:00:00,River in Kenya.,56.512000000000000,332.114000000000033,4.777700000000000,"Vallis, valles",VA,Adopted by IAU,331.778900000000021,332.383100000000013,4.505800000000000,5.181400000000000,Kenya,Africa,Oxia Palus,mc11,http://planetarynames.wr.usgs.gov/Feature/15091
310.4035,-71.6225,Du Toit,Du Toit,1973/01/01 00:00:00,"Alexander L.; South African geologist (1878-1948).",81.815969999999993,310.403500000000008,-71.622500000000002,"Crater, craters",AA,Adopted by IAU,308.201000000000022,312.605900000000020,-72.316699999999997,-70.928200000000004,South Africa,Africa,Mare Australe,mc30,http://planetarynames.wr.usgs.gov/Feature/1651
50.0,9.885,Aeria,Aeria,1958/01/01 00:00:00,"Greek name for Egypt; ""far land of mist"".",0.000000000000000,50.000000000000000,9.885000000000000,Albedo Feature,AL,Adopted by IAU,50.000000000000000,50.000000000000000,9.885000000000000,9.885000000000000,Greek,Europe,Syrtis Major,mc13,http://planetarynames.wr.usgs.gov/Feature/68
130.0,39.6672,Aetheria,Aetheria,1958/01/01 00:00:00,"Upper world; land of living.",0.000000000000000,130.000000000000000,39.667200000000001,Albedo Feature,AL,Adopted by IAU,130.000000000000000,130.000000000000000,39.667200000000001,39.667200000000001,Greek,Europe,Cebrenia,mc07,http://planetarynames.wr.usgs.gov/Feature/71
130.0,9.885,Aethiopis,Aethiopis,1958/01/01 00:00:00,Countries of the Ethiopians on southern edge of the Earth.,0.000000000000000,130.000000000000000,9.885000000000000,Albedo Feature,AL,Adopted by IAU,130.000000000000000,130.000000000000000,9.885000000000000,9.885000000000000,Greek,Europe,Amenthes,mc14,http://planetarynames.wr.usgs.gov/Feature/72
326.7029,-23.9753,Eberswalde,Eberswalde,2006/01/01 00:00:00,Town in Germany.,62.187370000000001,326.702900000000000,-23.975300000000001,"Crater, craters",AA,Adopted by IAU,326.194000000000017,327.210599999999999,-24.435500000000001,-23.516100000000002,Germany,Europe,Margaritifer Sinus,mc19,http://planetarynames.wr.usgs.gov/Feature/1706
134.361,46.9518,Evpatoriya,Evpatoriya,1979/01/01 00:00:00,Soviet tracking site (Soviet spelling used).,1.038590000000000,134.361000000000018,46.951800000000006,"Crater, craters",AA,Adopted by IAU,134.348200000000020,134.373800000000017,46.943100000000001,46.960599999999999,Soviet,Europe,Cebrenia,mc07,http://planetarynames.wr.usgs.gov/Feature/1889
327.3624,-44.6941,Gah,Gah,1976/01/01 00:00:00,Town in Indonesia.,2.778790000000000,327.362400000000036,-44.694099999999999,"Crater, craters",AA,Adopted by IAU,327.329499999999996,327.395399999999995,-44.717600000000004,-44.670700000000004,Indonesia,Asia,Argyre,mc26,http://planetarynames.wr.usgs.gov/Feature/2056
100.0,19.7836,Nepenthes,Nepenthes,1958/01/01 00:00:00,Egyptian drug of forgetfulness.,0.000000000000000,100.000000000000000,19.783600000000000,Albedo Feature,AL,Adopted by IAU,100.000000000000000,100.000000000000000,19.783600000000000,19.783600000000000,Greek,Europe,Amenthes,mc14,http://planetarynames.wr.usgs.gov/Feature/4206
134.5806,47.7686,Goldstone,Goldstone,1979/01/01 00:00:00,American tracking site.,1.026840000000000,134.580600000000004,47.768599999999999,"Crater, craters",AA,Adopted by IAU,134.567700000000002,134.593500000000006,47.759900000000002,47.777200000000001,United States,North America,Cebrenia,mc07,http://planetarynames.wr.usgs.gov/Feature/2211
51.9094,-11.5542,Lucaya,Lucaya,2013/01/30 00:00:00,Town in the Commonwealth of the Bahamas.,34.212000000000003,51.909400000000005,-11.554200000000000,"Crater, craters",AA,Adopted by IAU,51.613199999999999,52.205700000000000,-11.842700000000001,-11.265700000000001,Commonwealth of the Bahamas,North America,Iapygia,mc21,http://planetarynames.wr.usgs.gov/Feature/15087
315.4492,-4.0634,Groves,Groves,1976/01/01 00:00:00,"Town in Texas, USA.",10.270600000000000,315.449200000000019,-4.063400000000001,"Crater, craters",AA,Adopted by IAU,315.362300000000005,315.536000000000001,-4.150100000000000,-3.976800000000000,United States,North America,Margaritifer Sinus,mc19,http://planetarynames.wr.usgs.gov/Feature/2260
132.5125,48.6786,Hamaguir,Hamaguir,1979/01/01 00:00:00,Algerian launch site.,0.820980000000000,132.512500000000017,48.678600000000003,"Crater, craters",AA,Adopted by IAU,132.502000000000010,132.522899999999993,48.671700000000001,48.685500000000005,Algeria,Africa,Cebrenia,mc07,http://planetarynames.wr.usgs.gov/Feature/2337
132.6887,46.7205,Hsūanch'eng,Hsuanch eng,1979/01/01 00:00:00,Chinese launch site.,1.989800000000000,132.688700000000011,46.720500000000001,"Crater, craters",AA,Adopted by IAU,132.664299999999997,132.713200000000001,46.703800000000001,46.737300000000005,China,Asia,Cebrenia,mc07,http://planetarynames.wr.usgs.gov/Feature/2568
335.0,-44.6618,Argyre,Argyre,1958/01/01 00:00:00,"""Silver"" Island at mouth of Ganges River; present-day Arakan, Burma.",0.000000000000000,335.000000000000000,-44.661799999999999,Albedo Feature,AL,Adopted by IAU,335.000000000000000,335.000000000000000,-44.661799999999999,-44.661799999999999,Greek,Europe,Argyre,mc26,http://planetarynames.wr.usgs.gov/Feature/369
334.895,-24.355,Inta,Inta,1976/01/01 00:00:00,Town in Russia.,16.120239999999999,334.895000000000039,-24.355000000000000,"Crater, craters",AA,Adopted by IAU,334.745800000000031,335.044300000000021,-24.491000000000000,-24.219000000000001,Russia,Europe,Margaritifer Sinus,mc19,http://planetarynames.wr.usgs.gov/Feature/2701
145.0,-4.9416,Aeolis,Aeolis,1958/01/01 00:00:00,Floating island where winds were kept in a cave.,0.000000000000000,145.000000000000000,-4.941600000000000,Albedo Feature,AL,Adopted by IAU,145.000000000000000,145.000000000000000,-4.941600000000000,-4.941600000000000,Greek,Europe,Aeolis,mc23,http://planetarynames.wr.usgs.gov/Feature/65
133.1868,47.9218,Johannesburg,Johannesburg,1979/01/01 00:00:00,Republic of South Africa tracking site.,1.216460000000000,133.186800000000005,47.921800000000005,"Crater, craters",AA,Adopted by IAU,133.171500000000009,133.202100000000002,47.911500000000004,47.932100000000005,South Africa,Africa,Cebrenia,mc07,http://planetarynames.wr.usgs.gov/Feature/2835
260.0,44.6618,Arcadia,Arcadia,1958/01/01 00:00:00,Mountainous region in southern Greece.,0.000000000000000,260.000000000000000,44.661799999999999,Albedo Feature,AL,Adopted by IAU,260.000000000000000,260.000000000000000,44.661799999999999,44.661799999999999,Greek,Europe,Arcadia,mc03,http://planetarynames.wr.usgs.gov/Feature/346
135.7293,47.3189,Kagoshima,Kagoshima,1979/01/01 00:00:00,Japanese launch site.,1.319880000000000,135.729299999999995,47.318899999999999,"Crater, craters",AA,Adopted by IAU,135.712900000000019,135.745699999999999,47.307800000000000,47.330000000000005,Japan,Asia,Cebrenia,mc07,http://planetarynames.wr.usgs.gov/Feature/2884
134.9628,48.4744,Kaliningrad,Kaliningrad,1979/01/01 00:00:00,Soviet mission control site.,1.467650000000000,134.962800000000016,48.474400000000003,"Crater, craters",AA,Adopted by IAU,134.944100000000020,134.981500000000011,48.462100000000000,48.486800000000002,Soviet,Europe,Cebrenia,mc07,http://planetarynames.wr.usgs.gov/Feature/2898
312.9643,22.1071,Kingston,Kingston,1979/01/01 00:00:00,Jamaican port.,1.515940000000000,312.964300000000037,22.107100000000003,"Crater, craters",AA,Adopted by IAU,312.950500000000034,312.978100000000040,22.094400000000000,22.119900000000001,Jamaica,North America,Lunae Palus,mc10,http://planetarynames.wr.usgs.gov/Feature/3039
310.9705,21.0495,La Paz,La Paz,1979/01/01 00:00:00,Mexican port.,1.390400000000000,310.970500000000015,21.049500000000002,"Crater, craters",AA,Adopted by IAU,310.957899999999995,310.983000000000004,21.037800000000001,21.061199999999999,Mexico,North America,Lunae Palus,mc10,http://planetarynames.wr.usgs.gov/Feature/3188
106.9293,-75.3044,Liais,Liais,1973/01/01 00:00:00,"Emmanuel; French astronomer (1826-1900).",122.780050000000003,106.929300000000012,-75.304400000000001,"Crater, craters",AA,Adopted by IAU,102.819700000000012,111.039100000000005,-76.346200000000010,-74.262600000000006,France,Europe,Mare Australe,mc30,http://planetarynames.wr.usgs.gov/Feature/3382
312.4149,21.243,Lisboa,Lisboa,1979/01/01 00:00:00,Portuguese port.,1.167070000000000,312.414899999999989,21.243000000000002,"Crater, craters",AA,Adopted by IAU,312.404400000000010,312.425500000000000,21.233200000000000,21.252900000000000,Portugal,Europe,Lunae Palus,mc10,http://planetarynames.wr.usgs.gov/Feature/3422
326.3905,-4.6589,Manah,Manah,1976/01/01 00:00:00,Town in Oman.,9.902100000000001,326.390500000000031,-4.658900000000000,"Crater, craters",AA,Adopted by IAU,326.306700000000035,326.474300000000028,-4.742400000000000,-4.575400000000000,Oman,Asia,Margaritifer Sinus,mc19,http://planetarynames.wr.usgs.gov/Feature/3621
292.9298,-32.0362,Kontum,Kontum,2006/09/14 00:00:00,Town in Vietnam.,22.258400000000002,292.929800000000000,-32.036200000000001,"Crater, craters",AA,Adopted by IAU,292.714200000000005,293.157199999999989,-32.224499999999999,-31.849000000000000,Vietnam,Asia,Thaumasia,mc25,http://planetarynames.wr.usgs.gov/Feature/14195
255.0,-44.6618,Aonium Sinus,Aonium Sinus,1958/01/01 00:00:00,"Named for Aonides, or Muses.",0.000000000000000,255.000000000000000,-44.661799999999999,Albedo Feature,AL,Adopted by IAU,255.000000000000000,255.000000000000000,-44.661799999999999,-44.661799999999999,Latin,Europe,Thaumasia,mc25,http://planetarynames.wr.usgs.gov/Feature/312
30.0,19.7836,Arabia,Arabia,1958/01/01 00:00:00,Country bordering on Aeria (Egypt).,0.000000000000000,30.000000000000000,19.783600000000000,Albedo Feature,AL,Adopted by IAU,30.000000000000000,30.000000000000000,19.783600000000000,19.783600000000000,Latin,Europe,Arabia,mc12,http://planetarynames.wr.usgs.gov/Feature/335
318.3534,27.0424,Lismore,Lismore,2006/09/14 00:00:00,Town in Ireland.,9.341040000000000,318.353400000000022,27.042400000000001,"Crater, craters",AA,Adopted by IAU,318.266600000000039,318.443600000000004,26.964000000000002,27.121600000000001,Ireland,Europe,Oxia Palus,mc11,http://planetarynames.wr.usgs.gov/Feature/14196
25.0,47.6634,Arnon,Arnon,1958/01/01 00:00:00,"Classical name for present El-Mojib River, Jordan.",0.000000000000000,25.000000000000000,47.663400000000003,Albedo Feature,AL,Adopted by IAU,25.000000000000000,25.000000000000000,47.663400000000003,47.663400000000003,Greek,Europe,Ismenius Lacus,mc05,http://planetarynames.wr.usgs.gov/Feature/388
319.5266,28.4294,Makhambet,Makhambet,2006/09/14 00:00:00,Town in Kazakhstan.,15.850600000000000,319.526600000000030,28.429400000000001,"Crater, craters",AA,Adopted by IAU,319.376599999999996,319.680700000000002,28.296200000000002,28.563600000000001,Kazakhstan,Asia,Oxia Palus,mc11,http://planetarynames.wr.usgs.gov/Feature/14197
250.0,-34.6828,Claritas,Claritas,1958/01/01 00:00:00,"Latin, meaning ""bright.""",0.000000000000000,250.000000000000000,-34.682800000000000,Albedo Feature,AL,Adopted by IAU,250.000000000000000,250.000000000000000,-34.682800000000000,-34.682800000000000,Latin,Europe,Thaumasia,mc25,http://planetarynames.wr.usgs.gov/Feature/1229
290.749,-21.3448,Martin,Martin,2006/09/14 00:00:00,"James S., Jr.; American engineer (1920-2002).",61.106450000000002,290.749000000000024,-21.344799999999999,"Crater, craters",AA,Adopted by IAU,290.195600000000013,291.302400000000034,-21.861200000000000,-20.830300000000001,United States,North America,Coprates,mc18,http://planetarynames.wr.usgs.gov/Feature/14198
80.0,54.6815,Copais Palus,Copais Palus,1958/01/01 00:00:00,"Named for marsh north of Mt. Helicon in Boeotia, Greece.",0.000000000000000,80.000000000000000,54.681500000000000,Albedo Feature,AL,Adopted by IAU,80.000000000000000,80.000000000000000,54.681500000000000,54.681500000000000,Greek,Europe,Casius,mc06,http://planetarynames.wr.usgs.gov/Feature/1295
290.327,-27.5319,Mazamba,Mazamba,2006/09/14 00:00:00,Town in Mozambique.,52.295000000000002,290.326999999999998,-27.531900000000000,"Crater, craters",AA,Adopted by IAU,289.835100000000011,290.830000000000041,-27.973500000000001,-27.091200000000001,Mozambique,Africa,Coprates,mc18,http://planetarynames.wr.usgs.gov/Feature/14199
295.0,-14.8317,Coprates,Coprates,1958/01/01 00:00:00,Old name for Persian River Ab-I-Diz.,0.000000000000000,295.000000000000000,-14.831700000000001,Albedo Feature,AL,Adopted by IAU,295.000000000000000,295.000000000000000,-14.831700000000001,-14.831700000000001,Greek,Europe,Coprates,mc18,http://planetarynames.wr.usgs.gov/Feature/1300
324.5531,24.7317,Nakusp,Nakusp,2006/09/14 00:00:00,Town in British Columbia.,7.255620000000000,324.553100000000029,24.731700000000000,"Crater, craters",AA,Adopted by IAU,324.483600000000024,324.618300000000033,24.670900000000000,24.793300000000002,Canada,North America,Oxia Palus,mc11,http://planetarynames.wr.usgs.gov/Feature/14200
310.0,59.7062,Baltia,Baltia,1958/01/01 00:00:00,Name of large island in northern Europe where amber was found.,0.000000000000000,310.000000000000000,59.706200000000003,Albedo Feature,AL,Adopted by IAU,310.000000000000000,310.000000000000000,59.706200000000003,59.706200000000003,Latin,Europe,Mare Acidalium,mc04,http://planetarynames.wr.usgs.gov/Feature/583
359.0402,-2.5965,Pebas,Pebas,2006/09/14 00:00:00,Town in Peru.,5.433360000000000,359.040200000000027,-2.596500000000000,"Crater, craters",AA,Adopted by IAU,358.994500000000016,359.086200000000019,-2.640700000000000,-2.549000000000000,Peru,South and Central America,Margaritifer Sinus,mc19,http://planetarynames.wr.usgs.gov/Feature/14202
82.4846,4.9176,Ohara,Ohara,2006/09/14 00:00:00,Town in Japan.,9.366280000000000,82.484600000000000,4.917600000000000,"Crater, craters",AA,Adopted by IAU,82.406700000000001,82.565300000000008,4.838700000000000,4.996700000000001,Japan,Asia,Syrtis Major,mc13,http://planetarynames.wr.usgs.gov/Feature/14201
360.0,14.8317,Gehon,Gehon,1958/01/01 00:00:00,"Biblical second River of Paradise; bordering Eden.",0.000000000000000,360.000000000000000,14.831700000000001,Albedo Feature,AL,Adopted by IAU,360.000000000000000,360.000000000000000,14.831700000000001,14.831700000000001,Hebrew,Asia,Oxia Palus,mc11,http://planetarynames.wr.usgs.gov/Feature/2132
325.0259,28.7381,Sefadu,Sefadu,2006/09/14 00:00:00,Town in Sierra Leone.,10.840900000000000,325.025900000000036,28.738100000000003,"Crater, craters",AA,Adopted by IAU,324.920500000000004,325.129000000000019,28.647200000000002,28.830000000000002,Sierra Leone,Africa,Oxia Palus,mc11,http://planetarynames.wr.usgs.gov/Feature/14204
75.9597,-26.6425,Runanga,Runanga,2006/09/14 00:00:00,Town in New Zealand.,41.363999999999997,75.959699999999998,-26.642500000000002,"Crater, craters",AA,Adopted by IAU,75.570800000000006,76.351500000000001,-26.991900000000001,-26.294000000000000,New Zealand,Oceania,Iapygia,mc21,http://planetarynames.wr.usgs.gov/Feature/14203
344.6769,10.0465,Shardi,Shardi,2006/09/14 00:00:00,Town in Pakistan.,16.706610000000001,344.676899999999989,10.046500000000000,"Crater, craters",AA,Adopted by IAU,344.533800000000042,344.819999999999993,9.905600000000000,10.187500000000000,Pakistan,Asia,Oxia Palus,mc11,http://planetarynames.wr.usgs.gov/Feature/14205
140.863,-23.7273,Soffen,Soffen,2006/09/14 00:00:00,"Gerald A.; American astrobiologist (1926-2000).",58.306500000000000,140.863000000000000,-23.727300000000000,"Crater, craters",AA,Adopted by IAU,140.328300000000013,141.402900000000017,-24.219500000000000,-23.235900000000001,United States,North America,Aeolis,mc23,http://planetarynames.wr.usgs.gov/Feature/14206
70.0,54.6815,Boreosyrtis,Boreosyrtis,1958/01/01 00:00:00,"Northern continuation of Nilosyrtis; ""Syrtis of the north.""",0.000000000000000,70.000000000000000,54.681500000000000,Albedo Feature,AL,Adopted by IAU,70.000000000000000,70.000000000000000,54.681500000000000,54.681500000000000,Latin,Europe,Casius,mc06,http://planetarynames.wr.usgs.gov/Feature/825
340.4027,7.3887,Taytay,Taytay,2006/09/14 00:00:00,Town in the Philippines.,18.168600000000001,340.402700000000038,7.388700000000000,"Crater, craters",AA,Adopted by IAU,340.253900000000044,340.562999999999988,7.235600000000001,7.542100000000000,Philippines,Asia,Oxia Palus,mc11,http://planetarynames.wr.usgs.gov/Feature/14207
130.0,-4.9416,Cyclopia,Cyclopia,1958/01/01 00:00:00,Land where Cyclops dwelt.,0.000000000000000,130.000000000000000,-4.941600000000000,Albedo Feature,AL,Adopted by IAU,130.000000000000000,130.000000000000000,-4.941600000000000,-4.941600000000000,Greek,Europe,Mare Tyrrhenum,mc22,http://planetarynames.wr.usgs.gov/Feature/1362
360.0,39.6672,Cydonia,Cydonia,1958/01/01 00:00:00,Poetic term for Crete.,0.000000000000000,360.000000000000000,39.667200000000001,Albedo Feature,AL,Adopted by IAU,360.000000000000000,360.000000000000000,39.667200000000001,39.667200000000001,Latin,Europe,Mare Acidalium,mc04,http://planetarynames.wr.usgs.gov/Feature/1364
358.2517,-1.2198,Uzer,Uzer,2006/09/14 00:00:00,Town in France.,9.241020000000001,358.251700000000028,-1.219800000000000,"Crater, craters",AA,Adopted by IAU,358.175400000000025,358.331299999999999,-1.295100000000000,-1.139200000000000,France,Europe,Margaritifer Sinus,mc19,http://planetarynames.wr.usgs.gov/Feature/14208
82.9903,5.1198,Woking,Woking,2006/09/14 00:00:00,Town in England.,9.533149999999999,82.990300000000005,5.119800000000001,"Crater, craters",AA,Adopted by IAU,82.909599999999998,83.070999999999998,5.039300000000000,5.200200000000001,England,Europe,Syrtis Major,mc13,http://planetarynames.wr.usgs.gov/Feature/14209
356.0636,0.7752,Xainza,Xainza,2006/09/14 00:00:00,Town in China.,23.957500000000000,356.063600000000008,0.775200000000000,"Crater, craters",AA,Adopted by IAU,355.867500000000007,356.271700000000010,0.573100000000000,0.977300000000000,China,Asia,Oxia Palus,mc11,http://planetarynames.wr.usgs.gov/Feature/14210
84.2295,4.9315,Yalgoo,Yalgoo,2006/09/14 00:00:00,Town in Australia.,17.382800000000000,84.229500000000002,4.931500000000001,"Crater, craters",AA,Adopted by IAU,84.083700000000007,84.378100000000003,4.785000000000000,5.078300000000000,Australia,Oceania,Syrtis Major,mc13,http://planetarynames.wr.usgs.gov/Feature/14211
285.0,2.9649,Candor,Candor,1958/01/01 00:00:00,"Means ""Blaze"" or ""White"" in Latin.",0.000000000000000,285.000000000000000,2.964900000000000,Albedo Feature,AL,Adopted by IAU,285.000000000000000,285.000000000000000,2.964900000000000,2.964900000000000,Latin,Europe,Lunae Palus,mc10,http://planetarynames.wr.usgs.gov/Feature/998
100.0,39.6672,Casius,Casius,1958/01/01 00:00:00,"Epithet of Zeus; for his two sanctuaries in Egypt/Arabia and Syria.",0.000000000000000,100.000000000000000,39.667200000000001,Albedo Feature,AL,Adopted by IAU,100.000000000000000,100.000000000000000,39.667200000000001,39.667200000000001,Latin,Europe,Casius,mc06,http://planetarynames.wr.usgs.gov/Feature/1041
55.0,-3.9532,Deltoton Sinus,Deltoton Sinus,1958/01/01 00:00:00,"""Bay of the triangle""; makes triangle with Iapygia and Oenotria.",0.000000000000000,55.000000000000000,-3.953200000000000,Albedo Feature,AL,Adopted by IAU,55.000000000000000,55.000000000000000,-3.953200000000000,-3.953200000000000,Latin,Europe,Iapygia,mc21,http://planetarynames.wr.usgs.gov/Feature/1479
267.0,19.7836,Ceraunius,Ceraunius,1958/01/01 00:00:00,"""Thunderclap""; named for Ceraunii Mountains on coast of Epirus, Greece.",0.000000000000000,267.000000000000000,19.783600000000000,Albedo Feature,AL,Adopted by IAU,267.000000000000000,267.000000000000000,19.783600000000000,19.783600000000000,Greek,Europe,Tharsis,mc09,http://planetarynames.wr.usgs.gov/Feature/1103
358.5028,-3.4117,Zarand,Zarand,2006/09/14 00:00:00,Town in Iran.,2.780400000000000,358.502800000000036,-3.411700000000000,"Crater, craters",AA,Adopted by IAU,358.479399999999998,358.526299999999992,-3.435200000000000,-3.388300000000000,Iran,Asia,Margaritifer Sinus,mc19,http://planetarynames.wr.usgs.gov/Feature/14212
150.0,24.7419,Elysium,Elysium,1958/01/01 00:00:00,Home of the blessed on western edge of world.,0.000000000000000,150.000000000000000,24.741900000000001,Albedo Feature,AL,Adopted by IAU,150.000000000000000,150.000000000000000,24.741900000000001,24.741900000000001,Greek,Europe,Elysium,mc15,http://planetarynames.wr.usgs.gov/Feature/1779
305.0571,8.3208,Kolonga,Kolonga,2012/11/26 00:00:00,Town in the Kingdom of Tonga.,41.088999999999999,305.057099999999991,8.320800000000000,"Crater, craters",AA,Adopted by IAU,304.767300000000034,305.360600000000034,8.000800000000000,8.662700000000001,Tonga,Oceania,Lunae Palus,mc10,http://planetarynames.wr.usgs.gov/Feature/15068
20.0,-59.7062,Depressio Hellespontica,Depressio Hellespontica,1958/01/01 00:00:00,Depression southwest of Hellespontus.,0.000000000000000,20.000000000000000,-59.706200000000003,Albedo Feature,AL,Adopted by IAU,20.000000000000000,20.000000000000000,-59.706200000000003,-59.706200000000003,Latin,Europe,Noachis,mc27,http://planetarynames.wr.usgs.gov/Feature/1493
50.9628,-60.8642,Chaman,Chaman,2006/12/14 00:00:00,Town in Pakistan.,47.917389999999997,50.962800000000001,-60.864200000000004,"Crater, craters",AA,Adopted by IAU,50.132700000000000,51.793100000000003,-61.268400000000000,-60.460000000000001,Pakistan,Asia,Noachis,mc27,http://planetarynames.wr.usgs.gov/Feature/14265
150.0,49.6666,Cebrenia,Cebrenia,1958/01/01 00:00:00,Main country of the Trojan Plain.,0.000000000000000,150.000000000000000,49.666600000000003,Albedo Feature,AL,Adopted by IAU,150.000000000000000,150.000000000000000,49.666600000000003,49.666600000000003,Latin,Europe,Cebrenia,mc07,http://planetarynames.wr.usgs.gov/Feature/1095
40.0,59.7062,Cecropia,Cecropia,1958/01/01 00:00:00,"Old name for Acropolis; used to mean Athens.",0.000000000000000,40.000000000000000,59.706200000000003,Albedo Feature,AL,Adopted by IAU,40.000000000000000,40.000000000000000,59.706200000000003,59.706200000000003,Greek,Europe,Ismenius Lacus,mc05,http://planetarynames.wr.usgs.gov/Feature/1096
155.0,14.8317,Cerberus,Cerberus,1958/01/01 00:00:00,"Hound who had 3 heads; guarded gates of hell.",0.000000000000000,155.000000000000000,14.831700000000001,Albedo Feature,AL,Adopted by IAU,155.000000000000000,155.000000000000000,14.831700000000001,14.831700000000001,Greek,Europe,Elysium,mc15,http://planetarynames.wr.usgs.gov/Feature/1107
360.0,-49.6666,Chalce,Chalce,1958/01/01 00:00:00,"Old name of island of Khalki, west of Rhodes.",0.000000000000000,360.000000000000000,-49.666600000000003,Albedo Feature,AL,Adopted by IAU,360.000000000000000,360.000000000000000,-49.666600000000003,-49.666600000000003,Greek,Europe,Argyre,mc26,http://planetarynames.wr.usgs.gov/Feature/1122
320.8583,7.7557,Dukhan,Dukhan,2012/11/26 00:00:00,Town in Qatar.,34.039000000000001,320.858300000000042,7.755700000000000,"Crater, craters",AA,Adopted by IAU,320.567600000000027,321.149000000000001,7.466900000000001,8.044500000000001,Qatar,Asia,Oxia Palus,mc11,http://planetarynames.wr.usgs.gov/Feature/15067
50.2025,-56.5298,Eilat,Eilat,2006/12/14 00:00:00,Town in Israel.,29.702649999999998,50.202500000000001,-56.529800000000002,"Crater, craters",AA,Adopted by IAU,49.748400000000004,50.657000000000004,-56.781200000000005,-56.280100000000004,Israel,Asia,Noachis,mc27,http://planetarynames.wr.usgs.gov/Feature/14266
100.0,-49.6666,Chersonesus,Chersonesus,1958/01/01 00:00:00,Gallipoli Peninsula.,0.000000000000000,100.000000000000000,-49.666600000000003,Albedo Feature,AL,Adopted by IAU,100.000000000000000,100.000000000000000,-49.666600000000003,-49.666600000000003,Greek,Europe,Hellas,mc28,http://planetarynames.wr.usgs.gov/Feature/1175
339.427,-23.7713,Moroz,Moroz,2007/08/20 00:00:00,"Vasily Ivanovich; Russian planetary scientist (1931-2004).",116.302999999999997,339.427000000000021,-23.771300000000000,"Crater, craters",AA,Adopted by IAU,338.361300000000028,340.505300000000034,-24.752800000000001,-22.790600000000001,Russia,Europe,Margaritifer Sinus,mc19,http://planetarynames.wr.usgs.gov/Feature/14302
330.0,9.885,Chryse,Chryse,1958/01/01 00:00:00,"Island rich in gold; region of Thailand/Malacca.",0.000000000000000,330.000000000000000,9.885000000000000,Albedo Feature,AL,Adopted by IAU,330.000000000000000,330.000000000000000,9.885000000000000,9.885000000000000,Greek,Europe,Oxia Palus,mc11,http://planetarynames.wr.usgs.gov/Feature/1202
250.0,-49.6666,Chrysokeras,Chrysokeras,1958/01/01 00:00:00,"""Golden Horn""; Byzantine Peninsula (now Turkey), or its inlet.",0.000000000000000,250.000000000000000,-49.666600000000003,Albedo Feature,AL,Adopted by IAU,250.000000000000000,250.000000000000000,-49.666600000000003,-49.666600000000003,Greek,Europe,Thaumasia,mc25,http://planetarynames.wr.usgs.gov/Feature/1204
53.8954,-59.7235,Henry Moore,Henry Moore,2006/12/14 00:00:00,"Henry J.; American astrogeologist (1928-1998).",65.473479999999995,53.895400000000002,-59.723500000000001,"Crater, craters",AA,Adopted by IAU,52.800900000000006,54.992200000000004,-60.280400000000000,-59.175800000000002,American,North America,Noachis,mc27,http://planetarynames.wr.usgs.gov/Feature/14267
59.3031,-55.403,Pau,Pau,2006/12/14 00:00:00,Town in France.,42.201470000000000,59.303100000000001,-55.403000000000006,"Crater, craters",AA,Adopted by IAU,58.676200000000001,59.930000000000000,-55.759000000000000,-55.047000000000004,France,Europe,Noachis,mc27,http://planetarynames.wr.usgs.gov/Feature/14268
355.5548,5.9029,Vernal,Vernal,2006/12/14 00:00:00,"Town in Utah, USA.",55.508200000000002,355.554800000000000,5.902900000000001,"Crater, craters",AA,Adopted by IAU,355.090100000000007,356.031600000000026,5.434800000000000,6.371300000000001,United States,North America,Oxia Palus,mc11,http://planetarynames.wr.usgs.gov/Feature/14269
60.2114,-55.098,Wynn-Williams,Wynn Williams,2006/12/14 00:00:00,"David D.; English astrobiologist (1946-2002).",66.305999999999997,60.211400000000005,-55.098000000000006,"Crater, craters",AA,Adopted by IAU,59.235100000000003,61.191300000000005,-55.658300000000004,-54.539700000000003,England,Europe,Hellas,mc28,http://planetarynames.wr.usgs.gov/Feature/14270
170.0,-44.6618,Electris,Electris,1958/01/01 00:00:00,"Electra's island near River Eridanus; famous for amber formed from tears shed by Phaethon's sisters.",0.000000000000000,170.000000000000000,-44.661799999999999,Albedo Feature,AL,Adopted by IAU,170.000000000000000,170.000000000000000,-44.661799999999999,-44.661799999999999,Greek,Europe,Eridania,mc29,http://planetarynames.wr.usgs.gov/Feature/1760
103.2361,70.1882,Louth,Louth,2007/02/07 00:00:00,Town in Ireland.,36.287909999999997,103.236100000000008,70.188200000000009,"Crater, craters",AA,Adopted by IAU,102.327600000000004,104.144600000000011,69.880300000000005,70.496099999999998,Ireland,Europe,Mare Boreum,mc01,http://planetarynames.wr.usgs.gov/Feature/14271
212.2736,-63.4946,Henbury,Henbury,2007/04/16 00:00:00,Town in Australia.,25.360969999999998,212.273600000000016,-63.494600000000005,"Crater, craters",AA,Adopted by IAU,211.794200000000018,212.752900000000011,-63.708500000000001,-63.280600000000000,Australia,Oceania,Phaethontis,mc24,http://planetarynames.wr.usgs.gov/Feature/14282
308.3904,2.2618,Camichel,Camichel,2012/11/26 00:00:00,"Henri; French astronomer (1907-2003).",65.259000000000000,308.390400000000000,2.261800000000000,"Crater, craters",AA,Adopted by IAU,307.850200000000029,308.930499999999995,1.708100000000000,2.815500000000000,France,Europe,Lunae Palus,mc10,http://planetarynames.wr.usgs.gov/Feature/15066
107.1175,-61.1063,Laylá,Layla,2007/04/16 00:00:00,Town in Saudi Arabia.,19.358000000000001,107.117500000000007,-61.106300000000005,"Crater, craters",AA,Adopted by IAU,106.783300000000011,107.459200000000010,-61.270700000000005,-60.944100000000006,Saudi Arabia,Asia,Hellas,mc28,http://planetarynames.wr.usgs.gov/Feature/14283
38.289,72.9914,Lonar,Lonar,2007/04/16 00:00:00,Town in India.,11.071199999999999,38.289000000000001,72.991399999999999,"Crater, craters",AA,Adopted by IAU,37.971900000000005,38.610500000000002,72.899299999999997,73.085999999999999,India,Asia,Mare Boreum,mc01,http://planetarynames.wr.usgs.gov/Feature/14284
288.832,53.3382,Maricourt,Maricourt,2007/04/16 00:00:00,Town in Canada.,9.898759999999999,288.831999999999994,53.338200000000001,"Crater, craters",AA,Adopted by IAU,288.692200000000014,288.971900000000005,53.254700000000000,53.421700000000001,Canada,North America,Arcadia,mc03,http://planetarynames.wr.usgs.gov/Feature/14285
190.6499,54.5735,Steinheim,Steinheim,2007/04/16 00:00:00,"Town in Baden-Württemberg, Germany.",11.279800000000000,190.649900000000002,54.573500000000003,"Crater, craters",AA,Adopted by IAU,190.491299999999995,190.819600000000008,54.479200000000006,54.669499999999999,Germany,Europe,Diacria,mc02,http://planetarynames.wr.usgs.gov/Feature/14286
31.732,40.7534,Sinton,Sinton,2007/05/11 00:00:00,"William M.; American astronomer (1925-2004).",62.804800000000000,31.732000000000003,40.753399999999999,"Crater, craters",AA,Adopted by IAU,31.033400000000000,32.432099999999998,40.224299999999999,41.283900000000003,United States,North America,Ismenius Lacus,mc05,http://planetarynames.wr.usgs.gov/Feature/14290
297.0,-4.9416,Juventae Fons,Juventae Fons,1958/01/01 00:00:00,"The ""Fountain of Youth;"" a fountain in India.",0.000000000000000,297.000000000000000,-4.941600000000000,Albedo Feature,AL,Adopted by IAU,297.000000000000000,297.000000000000000,-4.941600000000000,-4.941600000000000,Greek,Europe,Coprates,mc18,http://planetarynames.wr.usgs.gov/Feature/2876
77.6873,18.4082,Jezero,Jezero,2007/07/25 00:00:00,Town in Bosnia-Herzegovina.,47.521200000000000,77.687300000000008,18.408200000000001,"Crater, craters",AA,Adopted by IAU,77.266300000000001,78.111200000000011,18.007700000000000,18.809400000000000,Bosnia and Herzegovina,Europe,Syrtis Major,mc13,http://planetarynames.wr.usgs.gov/Feature/14300
40.0,49.6666,Dioscuria,Dioscuria,1958/01/01 00:00:00,"""Home of Dioscuri,"" Polydeuces and Pollux; symbolic name for Sparta.",0.000000000000000,40.000000000000000,49.666600000000003,Albedo Feature,AL,Adopted by IAU,40.000000000000000,40.000000000000000,49.666600000000003,49.666600000000003,Greek,Europe,Ismenius Lacus,mc05,http://planetarynames.wr.usgs.gov/Feature/1544
353.0501,-2.868,Miyamoto,Miyamoto,2007/12/18 00:00:00,"Shotaro; Japanese astronomer (1912-1992).",145.205999999999989,353.050100000000043,-2.868000000000000,"Crater, craters",AA,Adopted by IAU,351.829700000000003,354.282500000000027,-4.092900000000000,-1.643100000000000,Japan,Asia,Margaritifer Sinus,mc19,http://planetarynames.wr.usgs.gov/Feature/14326
304.5536,35.2263,Liberta,Liberta,2012/11/26 00:00:00,Town in Antigua and Barbuda.,25.105000000000000,304.553600000000017,35.226300000000002,"Crater, craters",AA,Adopted by IAU,304.293499999999995,304.813800000000015,35.041499999999999,35.411100000000005,Antigua and Barbuda,North America,Mare Acidalium,mc04,http://planetarynames.wr.usgs.gov/Feature/15069
25.0,19.7836,Euphrates,Euphrates,1958/01/01 00:00:00,Biblical fourth River of Paradise.,0.000000000000000,25.000000000000000,19.783600000000000,Albedo Feature,AL,Adopted by IAU,25.000000000000000,25.000000000000000,19.783600000000000,19.783600000000000,Hebrew,Asia,Arabia,mc12,http://planetarynames.wr.usgs.gov/Feature/1872
14.313,6.5806,Capen,Capen,2008/01/02 00:00:00,"Charles F., Jr; American astronomer (1926-1986).",68.989699999999999,14.313000000000001,6.580600000000000,"Crater, craters",AA,Adopted by IAU,13.727400000000001,14.899100000000001,5.998800000000000,7.162700000000000,American,North America,Arabia,mc12,http://planetarynames.wr.usgs.gov/Feature/14327
96.7648,-38.3718,Penticton,Penticton,2008/01/18 00:00:00,"Town in British Columbia, Canada.",8.187480000000001,96.764800000000008,-38.371800000000000,"Crater, craters",AA,Adopted by IAU,96.684200000000004,96.845500000000001,-38.435000000000002,-38.308700000000002,Canada,North America,Hellas,mc28,http://planetarynames.wr.usgs.gov/Feature/14332
300.0,74.83,Hyperboreus (Lacus),Hyperboreus  Lacus,1958/01/01 00:00:00,Far northern lake.,0.000000000000000,300.000000000000000,74.829999999999998,Albedo Feature,AL,Adopted by IAU,300.000000000000000,300.000000000000000,74.829999999999998,74.829999999999998,Latin,Europe,Mare Boreum,mc01,http://planetarynames.wr.usgs.gov/Feature/2613
354.686,4.1764,Coimbra,Coimbra,2008/01/18 00:00:00,Town in Portugal.,34.534300000000002,354.686000000000035,4.176400000000000,"Crater, craters",AA,Adopted by IAU,354.399900000000002,354.984100000000012,3.885200000000000,4.467800000000000,Portugal,Europe,Oxia Palus,mc11,http://planetarynames.wr.usgs.gov/Feature/14328
310.649,9.679,Sibut,Sibut,2012/11/26 00:00:00,Town in Central African Republic.,22.178000000000001,310.649000000000001,9.679000000000000,"Crater, craters",AA,Adopted by IAU,310.458100000000002,310.839900000000000,9.499900000000000,9.858000000000001,Central African Republic,Africa,Lunae Palus,mc10,http://planetarynames.wr.usgs.gov/Feature/15070
353.0509,6.923,Kalocsa,Kalocsa,2008/01/18 00:00:00,Town in Hungary.,34.152099999999997,353.050900000000013,6.923000000000000,"Crater, craters",AA,Adopted by IAU,352.758900000000040,353.339300000000037,6.635000000000001,7.211200000000001,Hungary,Europe,Oxia Palus,mc11,http://planetarynames.wr.usgs.gov/Feature/14329
358.2658,7.1238,Mellit,Mellit,2008/01/18 00:00:00,Town in Sudan.,22.533700000000000,358.265800000000013,7.123800000000000,"Crater, craters",AA,Adopted by IAU,358.080399999999997,358.463500000000010,6.933900000000000,7.314000000000000,Sudan,Africa,Oxia Palus,mc11,http://planetarynames.wr.usgs.gov/Feature/14330
140.0,-44.6618,Eridania,Eridania,1958/01/01 00:00:00,"Region on the Po River, Italy.",0.000000000000000,140.000000000000000,-44.661799999999999,Albedo Feature,AL,Adopted by IAU,140.000000000000000,140.000000000000000,-44.661799999999999,-44.661799999999999,Latin,Europe,Eridania,mc29,http://planetarynames.wr.usgs.gov/Feature/1826
198.3002,-36.2353,Naruko,Naruko,2008/01/18 00:00:00,Former town in Japan.,4.167970000000000,198.300200000000018,-36.235300000000002,"Crater, craters",AA,Adopted by IAU,198.258300000000020,198.345500000000015,-36.270099999999999,-36.199800000000003,Japan,Asia,Phaethontis,mc24,http://planetarynames.wr.usgs.gov/Feature/14331
123.8762,13.8371,Phedra,Phedra,2008/02/26 00:00:00,Town in Suriname.,20.313600000000001,123.876200000000011,13.837100000000001,"Crater, craters",AA,Adopted by IAU,123.701900000000009,124.054800000000000,13.666000000000000,14.008700000000001,Suriname,South and Central America,Amenthes,mc14,http://planetarynames.wr.usgs.gov/Feature/14335
117.614,15.6233,Tavua,Tavua,2008/02/26 00:00:00,Town in Fiji.,31.557300000000001,117.614000000000004,15.623300000000000,"Crater, craters",AA,Adopted by IAU,117.339700000000008,117.892500000000013,15.357400000000000,15.889800000000001,Fiji,Oceania,Amenthes,mc14,http://planetarynames.wr.usgs.gov/Feature/14336
200.2441,-40.8206,Avire,Avire,2008/04/16 00:00:00,Town in the Republic of Vanuatu.,6.850950000000000,200.244100000000003,-40.820599999999999,"Crater, craters",AA,Adopted by IAU,200.170200000000023,200.322900000000004,-40.878100000000003,-40.762500000000003,Vanuatu,Oceania,Phaethontis,mc24,http://planetarynames.wr.usgs.gov/Feature/14402
123.2955,14.889,Naryn,Naryn,2008/07/01 00:00:00,Town in Kyrgyzstan.,3.938610000000000,123.295500000000004,14.889000000000001,"Crater, craters",AA,Adopted by IAU,123.261099999999999,123.329900000000009,14.855800000000000,14.922300000000000,Kyrgyzstan,Asia,Amenthes,mc14,http://planetarynames.wr.usgs.gov/Feature/14439
113.0543,12.093,Zaranj,Zaranj,2008/02/26 00:00:00,Town in Afghanistan.,27.409099999999999,113.054300000000012,12.093000000000000,"Crater, craters",AA,Adopted by IAU,112.819800000000001,113.292700000000011,11.862000000000000,12.324400000000001,Afghanistan,Asia,Amenthes,mc14,http://planetarynames.wr.usgs.gov/Feature/14337
194.0286,-38.7868,Niquero,Niquero,2008/04/16 00:00:00,Town in the Republic of Cuba.,10.696099999999999,194.028600000000012,-38.786799999999999,"Crater, craters",AA,Adopted by IAU,193.914100000000019,194.145700000000005,-38.876300000000001,-38.695799999999998,Cuba,North America,Phaethontis,mc24,http://planetarynames.wr.usgs.gov/Feature/14403
191.9766,-37.0864,Triolet,Triolet,2008/04/16 00:00:00,Town in the Republic of Mauritius.,12.142700000000000,191.976600000000019,-37.086400000000005,"Crater, craters",AA,Adopted by IAU,191.848200000000020,192.105000000000018,-37.179200000000002,-36.993700000000004,Mauritius,Africa,Phaethontis,mc24,http://planetarynames.wr.usgs.gov/Feature/14404
320.0,9.885,Jamuna,Jamuna,1958/01/01 00:00:00,"Present Jumna River, India.",0.000000000000000,320.000000000000000,9.885000000000000,Albedo Feature,AL,Adopted by IAU,320.000000000000000,320.000000000000000,9.885000000000000,9.885000000000000,Latin,Europe,Oxia Palus,mc11,http://planetarynames.wr.usgs.gov/Feature/2793
159.2114,15.5393,Wiltz,Wiltz,2008/07/01 00:00:00,Town in Luxembourg.,1.264000000000000,159.211399999999998,15.539300000000001,"Crater, craters",AA,Adopted by IAU,159.199700000000007,159.221800000000002,15.529600000000000,15.550900000000000,Luxembourg,Europe,Elysium,mc15,http://planetarynames.wr.usgs.gov/Feature/14441
141.7072,16.9467,Corinto,Corinto,2008/07/01 00:00:00,Town in El Salvador.,13.688100000000000,141.707200000000000,16.946700000000000,"Crater, craters",AA,Adopted by IAU,141.587000000000018,141.828400000000016,16.832500000000000,17.063400000000001,El Salvador,South and Central America,Elysium,mc15,http://planetarynames.wr.usgs.gov/Feature/14438
155.5247,18.11,Thila,Thila,2008/07/01 00:00:00,Town in Yemen.,5.369320000000000,155.524699999999996,18.109999999999999,"Crater, craters",AA,Adopted by IAU,155.477100000000007,155.572400000000016,18.065000000000001,18.155600000000000,Yemen,Asia,Elysium,mc15,http://planetarynames.wr.usgs.gov/Feature/14440
235.4394,68.3254,Heimdal,Heimdal,2008/07/16 00:00:00,Town in Norway.,10.493100000000000,235.439400000000006,68.325400000000002,"Crater, craters",AA,Adopted by IAU,235.210500000000025,235.689800000000020,68.238100000000003,68.415100000000010,Norway,Europe,Mare Boreum,mc01,http://planetarynames.wr.usgs.gov/Feature/14448
83.2678,-44.3117,Bogia,Bogia,2008/08/11 00:00:00,Town in Papua New Guinea.,37.677000000000000,83.267800000000008,-44.311700000000002,"Crater, craters",AA,Adopted by IAU,82.825600000000009,83.713900000000010,-44.630300000000005,-43.994600000000005,Papua New Guinea,Oceania,Hellas,mc28,http://planetarynames.wr.usgs.gov/Feature/14500
8.9665,38.0978,Okavango Valles,Okavango Valles,2012/11/26 00:00:00,River in Botswana.,285.117999999999995,8.966500000000000,38.097799999999999,"Vallis, valles",VA,Adopted by IAU,7.098800000000001,10.227200000000000,36.068100000000001,39.438200000000002,Botswana,Africa,Ismenius Lacus,mc05,http://planetarynames.wr.usgs.gov/Feature/15071
180.0,-69.7816,II Thyle I,II Thyle I,1958/01/01 00:00:00,"Named for Thule; may be middle Norway; used to indicate far northern lands.",0.000000000000000,180.000000000000000,-69.781599999999997,Albedo Feature,AL,Adopted by IAU,180.000000000000000,180.000000000000000,-69.781599999999997,-69.781599999999997,Greek,Europe,Mare Australe,mc30,http://planetarynames.wr.usgs.gov/Feature/2657
330.97,18.1296,Yat,Yat,1976/01/01 00:00:00,Town in Niger.,7.455100000000000,330.970000000000027,18.129600000000000,"Crater, craters",AA,Adopted by IAU,330.905700000000024,331.038000000000011,18.067000000000000,18.192800000000002,Niger,Africa,Oxia Palus,mc11,http://planetarynames.wr.usgs.gov/Feature/6644
105.6876,20.7907,Yebra,Yebra,1988/01/01 00:00:00,Town in Spain.,4.848750000000000,105.687600000000003,20.790700000000001,"Crater, craters",AA,Adopted by IAU,105.643900000000002,105.731400000000008,20.749800000000000,20.831600000000002,Spain,Europe,Amenthes,mc14,http://planetarynames.wr.usgs.gov/Feature/6649
336.3354,-22.3029,Yegros,Yegros,1976/01/01 00:00:00,Town in Paraguay.,13.979400000000000,336.335399999999993,-22.302900000000001,"Crater, craters",AA,Adopted by IAU,336.206400000000031,336.461299999999994,-22.420300000000001,-22.184400000000000,Paraguay,South and Central America,Margaritifer Sinus,mc19,http://planetarynames.wr.usgs.gov/Feature/6650
311.3485,22.877,Yorktown,Yorktown,1976/01/01 00:00:00,American colonial town (Virginia).,8.007360000000000,311.348500000000001,22.877000000000002,"Crater, craters",AA,Adopted by IAU,311.275300000000016,311.421899999999994,22.811900000000001,22.947000000000003,United States,North America,Lunae Palus,mc10,http://planetarynames.wr.usgs.gov/Feature/6671
331.9582,22.7992,Yoro,Yoro,1976/01/01 00:00:00,Town in Honduras.,9.614310000000000,331.958200000000033,22.799200000000003,"Crater, craters",AA,Adopted by IAU,331.871399999999994,332.047300000000007,22.719700000000000,22.881900000000002,Honduras,South and Central America,Oxia Palus,mc11,http://planetarynames.wr.usgs.gov/Feature/6672
325.9056,22.1589,Yuty,Yuty,1976/01/01 00:00:00,Town in Paraguay.,19.056899999999999,325.905599999999993,22.158900000000003,"Crater, craters",AA,Adopted by IAU,325.733699999999999,326.080900000000042,21.998600000000000,22.320100000000000,Paraguay,South and Central America,Oxia Palus,mc11,http://planetarynames.wr.usgs.gov/Feature/6685
174.318,-13.8527,Zutphen,Zutphen,2003/01/01 00:00:00,Town in The Netherlands.,38.286999999999999,174.318000000000012,-13.852700000000000,"Crater, craters",AA,Adopted by IAU,173.988400000000013,174.653700000000015,-14.175900000000000,-13.530000000000001,The Netherlands (Dutch),Europe,Aeolis,mc23,http://planetarynames.wr.usgs.gov/Feature/6768
257.4129,-29.1017,Zhigou,Zhigou,1991/01/01 00:00:00,Town in China.,21.861799999999999,257.412900000000036,-29.101700000000001,"Crater, craters",AA,Adopted by IAU,257.202200000000005,257.623600000000010,-29.243000000000002,-28.960400000000000,China,Asia,Phoenicis Lacus,mc17,http://planetarynames.wr.usgs.gov/Feature/6730
70.0,-39.6672,Hellas,Hellas,1958/01/01 00:00:00,Greece.,0.000000000000000,70.000000000000000,-39.667200000000001,Albedo Feature,AL,Adopted by IAU,70.000000000000000,70.000000000000000,-39.667200000000001,-39.667200000000001,Greek,Europe,Hellas,mc28,http://planetarynames.wr.usgs.gov/Feature/2429
35.0,-49.6666,Hellespontus,Hellespontus,1958/01/01 00:00:00,The Dardanelles.,0.000000000000000,35.000000000000000,-49.666600000000003,Albedo Feature,AL,Adopted by IAU,35.000000000000000,35.000000000000000,-49.666600000000003,-49.666600000000003,Latin,Europe,Noachis,mc27,http://planetarynames.wr.usgs.gov/Feature/2434
327.063,-31.8093,Zilair,Zilair,1979/01/01 00:00:00,Town in Russia.,46.911099999999998,327.062999999999988,-31.809300000000000,"Crater, craters",AA,Adopted by IAU,326.603800000000035,327.535100000000000,-32.205500000000001,-31.414100000000001,Russia,Europe,Argyre,mc26,http://planetarynames.wr.usgs.gov/Feature/6737
323.4575,18.545,Zir,Zir,1976/01/01 00:00:00,Town in Turkey.,6.156670000000000,323.457500000000039,18.545000000000002,"Crater, craters",AA,Adopted by IAU,323.402700000000038,323.512300000000039,18.493000000000002,18.596900000000002,Turkey,Asia,Oxia Palus,mc11,http://planetarynames.wr.usgs.gov/Feature/6743
120.0,-19.7836,Hesperia,Hesperia,1958/01/01 00:00:00,"""The Occiden""; name for Italy (Greek); or Spain (Roman) or West area of Ethiopians where sun sank.",0.000000000000000,120.000000000000000,-19.783600000000000,Albedo Feature,AL,Adopted by IAU,120.000000000000000,120.000000000000000,-19.783600000000000,-19.783600000000000,Latin,Europe,Mare Tyrrhenum,mc22,http://planetarynames.wr.usgs.gov/Feature/2486
15.0,14.8317,Hiddekel,Hiddekel,1958/01/01 00:00:00,"Tigris River, Babylonia; Biblical third River of Paradise.",0.000000000000000,15.000000000000000,14.831700000000001,Albedo Feature,AL,Adopted by IAU,15.000000000000000,15.000000000000000,14.831700000000001,14.831700000000001,Babylon,Asia,Arabia,mc12,http://planetarynames.wr.usgs.gov/Feature/2497
65.0,-19.7836,Iapygia (Iapigia),Iapygia  Iapigia,1958/01/01 00:00:00,"Classically, Iapygia was all of Apulia, or just the Salentine Peninsula.",0.000000000000000,65.000000000000000,-19.783600000000000,Albedo Feature,AL,Adopted by IAU,65.000000000000000,65.000000000000000,-19.783600000000000,-19.783600000000000,Latin,Europe,Iapygia,mc21,http://planetarynames.wr.usgs.gov/Feature/2630
318.308,-33.7555,Zongo,Zongo,1979/01/01 00:00:00,Town in Zaire.,46.825699999999998,318.307999999999993,-33.755500000000005,"Crater, craters",AA,Adopted by IAU,317.839400000000012,318.789500000000032,-34.151100000000000,-33.361100000000000,Zaire,Africa,Argyre,mc26,http://planetarynames.wr.usgs.gov/Feature/6750
330.4244,19.2201,Zuni,Zuni,1976/01/01 00:00:00,"Town in New Mexico, USA.",24.285000000000000,330.424399999999991,19.220100000000002,"Crater, craters",AA,Adopted by IAU,330.208599999999990,330.642500000000041,19.018400000000000,19.428100000000001,United States,North America,Oxia Palus,mc11,http://planetarynames.wr.usgs.gov/Feature/6764
166.1879,7.7002,Zunil,Zunil,2003/01/01 00:00:00,Mayan village in Guatemala.,10.259100000000000,166.187900000000013,7.700200000000001,"Crater, craters",AA,Adopted by IAU,166.103400000000022,166.278099999999995,7.613800000000000,7.786900000000000,Guatemala,South and Central America,Elysium,mc15,http://planetarynames.wr.usgs.gov/Feature/6765
334.7856,-25.3627,Ōmura,Omura,1976/01/01 00:00:00,Town in Japan.,8.470720000000000,334.785599999999988,-25.362700000000000,"Crater, craters",AA,Adopted by IAU,334.705300000000022,334.863400000000013,-25.431600000000000,-25.288700000000002,Japan,Asia,Margaritifer Sinus,mc19,http://planetarynames.wr.usgs.gov/Feature/6939
317.8398,-2.2711,Žulanka,Zulanka,1976/01/01 00:00:00,Town in Russia.,43.123989999999999,317.839800000000025,-2.271100000000000,"Crater, craters",AA,Adopted by IAU,317.475799999999992,318.203900000000033,-2.634900000000000,-1.907400000000000,Russia,Europe,Margaritifer Sinus,mc19,http://planetarynames.wr.usgs.gov/Feature/6946
230.0,-39.6672,Icaria,Icaria,1958/01/01 00:00:00,Land where Icarus lived (Crete).,0.000000000000000,230.000000000000000,-39.667200000000001,Albedo Feature,AL,Adopted by IAU,230.000000000000000,230.000000000000000,-39.667200000000001,-39.667200000000001,Greek,Europe,Phaethontis,mc24,http://planetarynames.wr.usgs.gov/Feature/2639
199.9422,-17.7071,Gratteri,Gratteri,2006/01/01 00:00:00,"Town on the island of Sicily, Italy.",7.557580000000000,199.942200000000014,-17.707100000000001,"Crater, craters",AA,Adopted by IAU,199.875300000000010,200.009100000000018,-17.770800000000001,-17.643300000000000,Italy,Europe,Memnonia,mc16,http://planetarynames.wr.usgs.gov/Feature/6949
125.8785,16.2618,Tomini,Tomini,2006/01/01 00:00:00,Town in Indonesia.,7.766310000000000,125.878500000000003,16.261800000000001,"Crater, craters",AA,Adopted by IAU,125.810200000000009,125.946700000000007,16.196300000000001,16.327300000000001,Indonesia,Asia,Amenthes,mc14,http://planetarynames.wr.usgs.gov/Feature/6950
226.9261,-28.6685,Zumba,Zumba,2006/01/01 00:00:00,Town in Ecuador.,2.928790000000000,226.926100000000019,-28.668500000000002,"Crater, craters",AA,Adopted by IAU,226.897900000000021,226.954200000000014,-28.693200000000001,-28.643800000000002,Ecuador,South and Central America,Phoenicis Lacus,mc17,http://planetarynames.wr.usgs.gov/Feature/6951
306.066,-8.8428,Culter,Culter,2006/01/01 00:00:00,"Village near Aberdeen, Scotland, also called Peterculter.",4.870480000000000,306.066000000000031,-8.842800000000000,"Crater, craters",AA,Adopted by IAU,306.024400000000014,306.107599999999991,-8.883900000000001,-8.801700000000000,Scotland,Europe,Coprates,mc18,http://planetarynames.wr.usgs.gov/Feature/6959
160.0,69.7816,Lemuria,Lemuria,1958/01/01 00:00:00,"Designation of purported drowned continent south of India; also relates to lemur monkeys found on Madagascar and Sunda Islands.",0.000000000000000,160.000000000000000,69.781599999999997,Albedo Feature,AL,Adopted by IAU,160.000000000000000,160.000000000000000,69.781599999999997,69.781599999999997,Latin,Europe,Mare Boreum,mc01,http://planetarynames.wr.usgs.gov/Feature/3344
315.6396,40.765,Gamboa,Gamboa,2006/01/01 00:00:00,Town in Panama.,30.822800000000001,315.639600000000030,40.765000000000001,"Crater, craters",AA,Adopted by IAU,315.303400000000011,315.990000000000009,40.505700000000004,41.025700000000001,Panama,South and Central America,Mare Acidalium,mc04,http://planetarynames.wr.usgs.gov/Feature/6952
30.0,39.6672,Ismenius Lacus,Ismenius Lacus,1958/01/01 00:00:00,"""Ismenian Lake""; Ismenia is poetic term for Thebes.",0.000000000000000,30.000000000000000,39.667200000000001,Albedo Feature,AL,Adopted by IAU,30.000000000000000,30.000000000000000,39.667200000000001,39.667200000000001,Greek,Europe,Ismenius Lacus,mc05,http://planetarynames.wr.usgs.gov/Feature/2742
77.348,81.9222,Udzha,Udzha,2006/01/01 00:00:00,Village in northern Russia.,42.865070000000003,77.347999999999999,81.922200000000004,"Crater, craters",AA,Adopted by IAU,74.758700000000005,79.937300000000008,81.558500000000009,82.286000000000001,Russia,Europe,Mare Boreum,mc01,http://planetarynames.wr.usgs.gov/Feature/6961
285.3146,-20.8506,Toconao,Toconao,2006/01/01 00:00:00,Town in Chile.,17.159900000000000,285.314600000000041,-20.850600000000000,"Crater, craters",AA,Adopted by IAU,285.160700000000020,285.470500000000015,-20.995699999999999,-20.706200000000003,Chile,South and Central America,Coprates,mc18,http://planetarynames.wr.usgs.gov/Feature/6976
59.1555,-3.7397,Winslow,Winslow,2006/01/01 00:00:00,Town in Arizona.,1.083130000000000,59.155500000000004,-3.739700000000000,"Crater, craters",AA,Adopted by IAU,59.146599999999999,59.164900000000003,-3.748900000000000,-3.730600000000000,United States,North America,Iapygia,mc21,http://planetarynames.wr.usgs.gov/Feature/7010
56.7114,-39.575,Beloha,Beloha,2006/01/01 00:00:00,Town in Madagascar.,31.736300000000000,56.711400000000005,-39.575000000000003,"Crater, craters",AA,Adopted by IAU,56.365300000000005,57.060000000000002,-39.843400000000003,-39.308000000000000,Madagascar,Africa,Noachis,mc27,http://planetarynames.wr.usgs.gov/Feature/7023
73.1354,-21.7416,Saheki,Saheki,2006/01/01 00:00:00,"Tsuneo; Japanese amateur astronomer (1916-1996).",82.435289999999995,73.135400000000004,-21.741600000000002,"Crater, craters",AA,Adopted by IAU,72.386499999999998,73.883700000000005,-22.437000000000001,-21.046200000000002,Japan,Asia,Iapygia,mc21,http://planetarynames.wr.usgs.gov/Feature/14136
228.2629,18.4035,Karzok,Karzok,2006/01/01 00:00:00,Village in Kashmir.,15.293200000000001,228.262900000000002,18.403500000000001,"Crater, craters",AA,Adopted by IAU,228.131000000000000,228.402900000000017,18.274800000000003,18.532800000000002,Kashmir,Asia,Tharsis,mc09,http://planetarynames.wr.usgs.gov/Feature/14144
226.5959,17.2784,Pangboche,Pangboche,2006/01/01 00:00:00,Village in Nepal.,10.163700000000000,226.595900000000000,17.278400000000001,"Crater, craters",AA,Adopted by IAU,226.510100000000023,226.689700000000016,17.192900000000002,17.364400000000000,Nepal,Asia,Tharsis,mc09,http://planetarynames.wr.usgs.gov/Feature/14145
160,0,Laestrygon (Laestrigon),Laestrygon  Laestrigon,1958/01/01 00:00:00,Man-eating giants who lived in the west.,0.000000000000000,160.000000000000000,0.000000000000000,Albedo Feature,AL,Adopted by IAU,160.000000000000000,160.000000000000000,0.000000000000000,0.000000000000000,Greek,Europe,,,http://planetarynames.wr.usgs.gov/Feature/3226
254.8059,81.2647,Boola,Boola,2006/01/01 00:00:00,Town in Guinea.,17.247830000000000,254.805900000000008,81.264700000000005,"Crater, craters",AA,Adopted by IAU,253.842200000000020,255.769600000000025,81.118300000000005,81.411000000000001,Republic of Guinea,Africa,Mare Boreum,mc01,http://planetarynames.wr.usgs.gov/Feature/14150
190.1972,81.5892,Jojutla,Jojutla,2006/01/01 00:00:00,Town in Mexico.,19.315200000000001,190.197200000000009,81.589200000000005,"Crater, craters",AA,Adopted by IAU,189.105000000000018,191.333300000000008,81.427599999999998,81.753500000000003,Mexico,North America,Mare Boreum,mc01,http://planetarynames.wr.usgs.gov/Feature/14156
161.9237,3.558,Tombaugh,Tombaugh,2006/01/01 00:00:00,"Clyde William; American astronomer (1906-1997).",59.843209999999999,161.923699999999997,3.558000000000000,"Crater, craters",AA,Adopted by IAU,161.418000000000006,162.429500000000019,3.053400000000000,4.063000000000001,United States,North America,Elysium,mc15,http://planetarynames.wr.usgs.gov/Feature/14166
156.8764,8.5653,Persbo,Persbo,2006/01/01 00:00:00,Town in Sweden.,19.494800000000001,156.876400000000018,8.565300000000001,"Crater, craters",AA,Adopted by IAU,156.712800000000016,157.045400000000001,8.401000000000000,8.729900000000001,Sweden,Europe,Elysium,mc15,http://planetarynames.wr.usgs.gov/Feature/14167
356.7757,-3.0605,Ada,Ada,2006/09/14 00:00:00,"Town in Oklahoma, USA.",2.088650000000000,356.775700000000029,-3.060500000000000,"Crater, craters",AA,Adopted by IAU,356.758100000000013,356.793400000000020,-3.078100000000000,-3.042900000000000,United States,North America,Margaritifer Sinus,mc19,http://planetarynames.wr.usgs.gov/Feature/14182
90,0,Libya,Libya,1958/01/01 00:00:00,Area from W. Egypt to greater Syrtis.,0.000000000000000,90.000000000000000,0.000000000000000,Albedo Feature,AL,Adopted by IAU,90.000000000000000,90.000000000000000,0.000000000000000,0.000000000000000,Latin,Europe,,,http://planetarynames.wr.usgs.gov/Feature/3389
322.8758,23.4828,Alamos,Alamos,2006/09/14 00:00:00,Town in Mexico.,6.435200000000000,322.875800000000027,23.482800000000001,"Crater, craters",AA,Adopted by IAU,322.816599999999994,322.934900000000027,23.428500000000000,23.537100000000002,Mexico,North America,Oxia Palus,mc11,http://planetarynames.wr.usgs.gov/Feature/14183
295.0,14.8317,Lunae Palus,Lunae Palus,1958/01/01 00:00:00,"Roman Moon goddess Luna; ""Luna's Swamp,"" or African Lunae Mountains where Nile was thought to originate.",0.000000000000000,295.000000000000000,14.831700000000001,Albedo Feature,AL,Adopted by IAU,295.000000000000000,295.000000000000000,14.831700000000001,14.831700000000001,Latin,Europe,Lunae Palus,mc10,http://planetarynames.wr.usgs.gov/Feature/3518
75.0,34.6828,Meroe,Meroe,1958/01/01 00:00:00,"Ethiopian island on Nile; now Atbar.",0.000000000000000,75.000000000000000,34.682800000000000,Albedo Feature,AL,Adopted by IAU,75.000000000000000,75.000000000000000,34.682800000000000,34.682800000000000,Greek,Europe,Casius,mc06,http://planetarynames.wr.usgs.gov/Feature/3858
81.2354,5.2656,Beruri,Beruri,2006/09/14 00:00:00,Town in Brazil.,45.115299999999998,81.235399999999998,5.265600000000000,"Crater, craters",AA,Adopted by IAU,80.854600000000005,81.618900000000011,4.885100000000000,5.646300000000000,Brazil,South and Central America,Syrtis Major,mc13,http://planetarynames.wr.usgs.gov/Feature/14184
353.7026,-2.963,Bopolu,Bopolu,2006/09/14 00:00:00,Town in Liberia.,18.887300000000000,353.702600000000018,-2.963000000000000,"Crater, craters",AA,Adopted by IAU,353.544500000000028,353.863600000000019,-3.119600000000000,-2.801000000000000,Liberia,Africa,Margaritifer Sinus,mc19,http://planetarynames.wr.usgs.gov/Feature/14185
321.1116,23.636,Cefalù,Cefalu,2006/09/14 00:00:00,Town in Sicily.,5.527560000000000,321.111600000000010,23.636000000000003,"Crater, craters",AA,Adopted by IAU,321.060200000000009,321.162000000000035,23.589700000000001,23.683000000000000,Italy,Europe,Oxia Palus,mc11,http://planetarynames.wr.usgs.gov/Feature/14186
83.4339,6.1328,Chupadero,Chupadero,2006/09/14 00:00:00,"Village in New Mexico, USA.",8.037340000000000,83.433900000000008,6.132800000000000,"Crater, craters",AA,Adopted by IAU,83.367100000000008,83.503500000000003,6.065100000000000,6.200700000000000,United States,North America,Syrtis Major,mc13,http://planetarynames.wr.usgs.gov/Feature/14187
330.0,44.6618,Mare Acidalium,Mare Acidalium,1958/01/01 00:00:00,Name for Acidalian (Venusian) fountain in Boeotia where the Graces bathed.,0.000000000000000,330.000000000000000,44.661799999999999,Albedo Feature,AL,Adopted by IAU,330.000000000000000,330.000000000000000,44.661799999999999,44.661799999999999,Greek,Europe,Mare Acidalium,mc04,http://planetarynames.wr.usgs.gov/Feature/3663
350.0,-59.7062,Mare Australe,Mare Australe,1958/01/01 00:00:00,"""South Sea""",0.000000000000000,350.000000000000000,-59.706200000000003,Albedo Feature,AL,Adopted by IAU,350.000000000000000,350.000000000000000,-59.706200000000003,-59.706200000000003,Latin,Europe,Argyre,mc26,http://planetarynames.wr.usgs.gov/Feature/3666
180.0,59.7062,Mare Boreum,Mare Boreum,1958/01/01 00:00:00,"""North Sea""",0.000000000000000,180.000000000000000,59.706200000000003,Albedo Feature,AL,Adopted by IAU,180.000000000000000,180.000000000000000,59.706200000000003,59.706200000000003,Latin,Europe,Cebrenia,mc07,http://planetarynames.wr.usgs.gov/Feature/3667
150.0,-57.6952,Mare Chronium,Mare Chronium,1958/01/01 00:00:00,"""Cronian Sea"", northern part of World Sea where eternal dead calm, dangerous to ships, prevailed.",0.000000000000000,150.000000000000000,-57.695200000000000,Albedo Feature,AL,Adopted by IAU,150.000000000000000,150.000000000000000,-57.695200000000000,-57.695200000000000,Greek,Europe,Eridania,mc29,http://planetarynames.wr.usgs.gov/Feature/3668
140.0,-19.7836,Mare Cimmerium,Mare Cimmerium,1958/01/01 00:00:00,"Cimmerians were ancient Thracian seafarers; ""far western sea"" (Homer).",0.000000000000000,140.000000000000000,-19.783600000000000,Albedo Feature,AL,Adopted by IAU,140.000000000000000,140.000000000000000,-19.783600000000000,-19.783600000000000,Greek,Europe,Aeolis,mc23,http://planetarynames.wr.usgs.gov/Feature/3669
320.0,-24.7419,Mare Erythraeum,Mare Erythraeum,1958/01/01 00:00:00,Indian Ocean.,0.000000000000000,320.000000000000000,-24.741900000000001,Albedo Feature,AL,Adopted by IAU,320.000000000000000,320.000000000000000,-24.741900000000001,-24.741900000000001,Latin,Europe,Margaritifer Sinus,mc19,http://planetarynames.wr.usgs.gov/Feature/3672
90.0,-39.6672,Mare Hadriacum,Mare Hadriacum,1958/01/01 00:00:00,Adriatic Sea.,0.000000000000000,90.000000000000000,-39.667200000000001,Albedo Feature,AL,Adopted by IAU,90.000000000000000,90.000000000000000,-39.667200000000001,-39.667200000000001,Latin,Europe,Hellas,mc28,http://planetarynames.wr.usgs.gov/Feature/3675
40.0,-29.7079,Mare Serpentis,Mare Serpentis,1958/01/01 00:00:00,Named for Constellation Serpens (the snake).,0.000000000000000,40.000000000000000,-29.707900000000002,Albedo Feature,AL,Adopted by IAU,40.000000000000000,40.000000000000000,-29.707900000000002,-29.707900000000002,Latin,Europe,Sinus Sabaeus,mc20,http://planetarynames.wr.usgs.gov/Feature/3687
205.0,-29.7079,Mare Sirenum,Mare Sirenum,1958/01/01 00:00:00,"""Sea of the Sirens.""",0.000000000000000,205.000000000000000,-29.707900000000002,Albedo Feature,AL,Adopted by IAU,205.000000000000000,205.000000000000000,-29.707900000000002,-29.707900000000002,Greek,Europe,Memnonia,mc16,http://planetarynames.wr.usgs.gov/Feature/3688
330.0,29.7079,Niliacus Lacus,Niliacus Lacus,1958/01/01 00:00:00,"""Lake of the Nile.""",0.000000000000000,330.000000000000000,29.707900000000002,Albedo Feature,AL,Adopted by IAU,330.000000000000000,330.000000000000000,29.707900000000002,29.707900000000002,Greek,Europe,Oxia Palus,mc11,http://planetarynames.wr.usgs.gov/Feature/4273
305.0,29.7079,Nilokeras,Nilokeras,1958/01/01 00:00:00,"""Horn of the Nile;"" part of ""Nulus"" Canal.",0.000000000000000,305.000000000000000,29.707900000000002,Albedo Feature,AL,Adopted by IAU,305.000000000000000,305.000000000000000,29.707900000000002,29.707900000000002,Greek,Europe,Lunae Palus,mc10,http://planetarynames.wr.usgs.gov/Feature/4274
70.0,41.6638,Nilosyrtis,Nilosyrtis,1958/01/01 00:00:00,"Syrtis of the Nile; part of Nilus (Nile) Canal.",0.000000000000000,70.000000000000000,41.663800000000002,Albedo Feature,AL,Adopted by IAU,70.000000000000000,70.000000000000000,41.663800000000002,41.663800000000002,Greek,Europe,Casius,mc06,http://planetarynames.wr.usgs.gov/Feature/4278
304.7914,-8.7592,Elorza,Elorza,2006/09/14 00:00:00,Town in Venezuela.,45.164020000000001,304.791400000000010,-8.759200000000000,"Crater, craters",AA,Adopted by IAU,304.406000000000006,305.176899999999989,-9.140300000000000,-8.378400000000001,Venezuela,South and Central America,Coprates,mc18,http://planetarynames.wr.usgs.gov/Feature/14189
105.0,-19.7836,Mare Tyrrhenum,Mare Tyrrhenum,1958/01/01 00:00:00,"Tyrrhenian Sea, between Italy and Sicily.",0.000000000000000,105.000000000000000,-19.783600000000000,Albedo Feature,AL,Adopted by IAU,105.000000000000000,105.000000000000000,-19.783600000000000,-19.783600000000000,Latin,Europe,Mare Tyrrhenum,mc22,http://planetarynames.wr.usgs.gov/Feature/3692
84.5589,3.6217,Dulovo,Dulovo,2006/09/14 00:00:00,Town in Bulgaria.,17.382500000000000,84.558900000000008,3.621700000000000,"Crater, craters",AA,Adopted by IAU,84.413400000000010,84.707200000000000,3.475200000000000,3.768400000000000,Bulgaria,Europe,Syrtis Major,mc13,http://planetarynames.wr.usgs.gov/Feature/14188
335.0,-9.885,Margaritifer Sinus,Margaritifer Sinus,1958/01/01 00:00:00,"""Pearl Bay,"" after Pearl Coast, South India.",0.000000000000000,335.000000000000000,-9.885000000000000,Albedo Feature,AL,Adopted by IAU,335.000000000000000,335.000000000000000,-9.885000000000000,-9.885000000000000,Latin,Europe,Margaritifer Sinus,mc19,http://planetarynames.wr.usgs.gov/Feature/3700
85.0136,3.1912,Hashir,Hashir,2006/09/14 00:00:00,Town in Turkey.,16.150800000000000,85.013600000000011,3.191200000000000,"Crater, craters",AA,Adopted by IAU,84.878600000000006,85.151499999999999,3.055000000000000,3.327500000000000,Turkey,Asia,Syrtis Major,mc13,http://planetarynames.wr.usgs.gov/Feature/14192
321.0102,25.3993,Grindavik,Grindavik,2006/09/14 00:00:00,Town in Iceland.,11.714700000000001,321.010199999999998,25.399300000000000,"Crater, craters",AA,Adopted by IAU,320.898799999999994,321.117600000000039,25.300900000000002,25.498500000000000,Iceland,Europe,Oxia Palus,mc11,http://planetarynames.wr.usgs.gov/Feature/14190
75.7436,20.7371,Hargraves,Hargraves,2006/09/14 00:00:00,"Robert B.; American geoscientist (1928-2003).",60.281120000000001,75.743600000000001,20.737100000000002,"Crater, craters",AA,Adopted by IAU,75.199100000000001,76.286400000000000,20.229200000000002,21.246200000000002,United States,North America,Syrtis Major,mc13,http://planetarynames.wr.usgs.gov/Feature/14191
210.0,-19.7836,Memnonia,Memnonia,1958/01/01 00:00:00,"Land of Memnon, King of Ethiopia.",0.000000000000000,210.000000000000000,-19.783600000000000,Albedo Feature,AL,Adopted by IAU,210.000000000000000,210.000000000000000,-19.783600000000000,-19.783600000000000,Greek,Europe,Memnonia,mc16,http://planetarynames.wr.usgs.gov/Feature/3826
354.8229,-2.7052,Iazu,Iazu,2006/09/14 00:00:00,Town in Romania.,6.831970000000000,354.822900000000004,-2.705200000000000,"Crater, craters",AA,Adopted by IAU,354.765199999999993,354.880600000000015,-2.762800000000000,-2.647600000000000,Romania (Rumania),Europe,Margaritifer Sinus,mc19,http://planetarynames.wr.usgs.gov/Feature/14193
90.0,7.9073,Moeris Lacus,Moeris Lacus,1958/01/01 00:00:00,"""Moeris Lake;"" Moeris was Egyptian lake in Libyan Desert.",0.000000000000000,90.000000000000000,7.907300000000000,Albedo Feature,AL,Adopted by IAU,90.000000000000000,90.000000000000000,7.907300000000000,7.907300000000000,Latin,Europe,Syrtis Major,mc13,http://planetarynames.wr.usgs.gov/Feature/3943
76.4254,-27.19,Jörn,Jorn,2006/09/14 00:00:00,Town in Sweden.,20.470099999999999,76.425400000000010,-27.190000000000001,"Crater, craters",AA,Adopted by IAU,76.232799999999997,76.621000000000009,-27.363100000000003,-27.017700000000001,Sweden,Europe,Iapygia,mc21,http://planetarynames.wr.usgs.gov/Feature/14194
107.3185,22.4903,Ulu,Ulu,1988/01/01 00:00:00,Town in Russia.,3.428150000000000,107.318500000000000,22.490300000000001,"Crater, craters",AA,Adopted by IAU,107.287199999999999,107.349800000000002,22.461800000000000,22.519600000000001,Russia,Europe,Amenthes,mc14,http://planetarynames.wr.usgs.gov/Feature/6206
10.0,19.7836,Moab,Moab,1958/01/01 00:00:00,Biblical town bordering Edom.,0.000000000000000,10.000000000000000,19.783600000000000,Albedo Feature,AL,Adopted by IAU,10.000000000000000,10.000000000000000,19.783600000000000,19.783600000000000,Hebrew,Asia,Arabia,mc12,http://planetarynames.wr.usgs.gov/Feature/3939
139.2814,-44.3127,Farim,Farim,2013/03/11 00:00:00,Town in the Republic of Guinea-Bissau.,3.917000000000000,139.281400000000019,-44.312700000000000,"Crater, craters",AA,Adopted by IAU,139.235100000000017,139.327799999999996,-44.345100000000002,-44.280200000000001,Republic of Guinea-Bissau,Africa,Eridania,mc29,http://planetarynames.wr.usgs.gov/Feature/15092
230.188,-6.2853,Arsia Sulci,Arsia Sulci,1991/01/01 00:00:00,Albedo name.,500.000000000000000,230.188000000000017,-6.285300000000000,"Sulcus, sulci",SU,Adopted by IAU,229.490100000000012,233.969300000000004,-10.758400000000000,-2.365400000000000,Latin,Europe,Phoenicis Lacus,mc17,http://planetarynames.wr.usgs.gov/Feature/395
111.6817,-17.9036,Ulya,Ulya,1991/01/01 00:00:00,Town in Russia.,8.024459999999999,111.681700000000006,-17.903600000000001,"Crater, craters",AA,Adopted by IAU,111.612600000000000,111.754900000000006,-17.971600000000002,-17.836200000000002,Russia,Europe,Mare Tyrrhenum,mc22,http://planetarynames.wr.usgs.gov/Feature/6209
137.2566,42.5186,Umatac,Umatac,1979/01/01 00:00:00,"Town in Guam, USA.",17.164500000000000,137.256600000000020,42.518599999999999,"Crater, craters",AA,Adopted by IAU,137.063299999999998,137.456199999999995,42.374500000000005,42.664100000000005,Guam,Oceania,Cebrenia,mc07,http://planetarynames.wr.usgs.gov/Feature/6216
111.421,23.1087,Urk,Urk,1988/01/01 00:00:00,Town in Netherlands.,2.891420000000000,111.421000000000006,23.108700000000002,"Crater, craters",AA,Adopted by IAU,111.394700000000000,111.447800000000001,23.083800000000000,23.132600000000000,The Netherlands (Dutch),Europe,Amenthes,mc14,http://planetarynames.wr.usgs.gov/Feature/6243
113.8055,24.2395,Utan,Utan,1988/01/01 00:00:00,Town in Russia.,4.734810000000000,113.805500000000009,24.239500000000000,"Crater, craters",AA,Adopted by IAU,113.761700000000005,113.849299999999999,24.199600000000000,24.279500000000002,Russia,Europe,Amenthes,mc14,http://planetarynames.wr.usgs.gov/Feature/6255
327.0263,-3.9644,Vaals,Vaals,1976/01/01 00:00:00,Town in the Netherlands.,10.847000000000000,327.026299999999992,-3.964400000000000,"Crater, craters",AA,Adopted by IAU,326.933600000000013,327.117000000000019,-4.054500000000000,-3.871500000000000,The Netherlands (Dutch),Europe,Margaritifer Sinus,mc19,http://planetarynames.wr.usgs.gov/Feature/6268
323.3586,-44.3188,Valga,Valga,1976/01/01 00:00:00,Town in Estonia.,15.699299999999999,323.358600000000024,-44.318800000000003,"Crater, craters",AA,Adopted by IAU,323.181199999999990,323.551300000000026,-44.452000000000005,-44.187100000000001,Estonia,Europe,Argyre,mc26,http://planetarynames.wr.usgs.gov/Feature/6283
288.0,-27.7205,Nectar,Nectar,1958/01/01 00:00:00,Named for the drink of the gods.,0.000000000000000,288.000000000000000,-27.720500000000001,Albedo Feature,AL,Adopted by IAU,288.000000000000000,288.000000000000000,-27.720500000000001,-27.720500000000001,Greek,Europe,Coprates,mc18,http://planetarynames.wr.usgs.gov/Feature/4183
304.238,20.0983,Valverde,Valverde,1976/01/01 00:00:00,Town in the Dominican Republic.,34.917600000000000,304.238000000000000,20.098300000000002,"Crater, craters",AA,Adopted by IAU,303.929800000000000,304.557099999999991,19.804100000000002,20.393200000000000,Dominican Republic,North America,Lunae Palus,mc10,http://planetarynames.wr.usgs.gov/Feature/6302
30.0,-44.6618,Noachis,Noachis,1958/01/01 00:00:00,"Biblical; ""Noah's (Region).""",0.000000000000000,30.000000000000000,-44.661799999999999,Albedo Feature,AL,Adopted by IAU,30.000000000000000,30.000000000000000,-44.661799999999999,-44.661799999999999,Greek,Europe,Noachis,mc27,http://planetarynames.wr.usgs.gov/Feature/4318
327.2127,17.9555,Vaux,Vaux,1976/01/01 00:00:00,Town in France.,5.989480000000000,327.212700000000041,17.955500000000001,"Crater, craters",AA,Adopted by IAU,327.160200000000032,327.266500000000008,17.905200000000001,18.006300000000000,France,Europe,Oxia Palus,mc11,http://planetarynames.wr.usgs.gov/Feature/6335
230.0,19.7836,Nix Olympica,Nix Olympica,1958/01/01 00:00:00,"""Snows of Olympus;"" Olympus was mountain home of gods in Greece.",0.000000000000000,230.000000000000000,19.783600000000000,Albedo Feature,AL,Adopted by IAU,230.000000000000000,230.000000000000000,19.783600000000000,19.783600000000000,Latin,Europe,Tharsis,mc09,http://planetarynames.wr.usgs.gov/Feature/4314
64.1155,-9.2228,Verlaine,Verlaine,1994/01/01 00:00:00,Town in France.,38.836100000000002,64.115499999999997,-9.222800000000001,"Crater, craters",AA,Adopted by IAU,63.784700000000001,64.448500000000010,-9.550500000000001,-8.895300000000001,France,Europe,Iapygia,mc21,http://planetarynames.wr.usgs.gov/Feature/6356
182.9749,-49.169,Very,Very,1973/01/01 00:00:00,"Frank W.; American astronomer (1852-1927).",114.813000000000002,182.974900000000019,-49.169000000000004,"Crater, craters",AA,Adopted by IAU,181.497500000000002,184.461700000000008,-50.138300000000001,-48.201300000000003,American,North America,Phaethontis,mc24,http://planetarynames.wr.usgs.gov/Feature/6364
295.0,-44.6618,Ogygis Regio,Ogygis Regio,1958/01/01 00:00:00,"""Region of Ogygos;"" Ogygos was ancient King of Thebes or Athens, Greece.",0.000000000000000,295.000000000000000,-44.661799999999999,Albedo Feature,AL,Adopted by IAU,295.000000000000000,295.000000000000000,-44.661799999999999,-44.661799999999999,Greek,Europe,Thaumasia,mc25,http://planetarynames.wr.usgs.gov/Feature/4415
104.811,19.1814,Viana,Viana,1976/01/01 00:00:00,Town in Brazil.,29.034199999999998,104.811000000000007,19.181400000000000,"Crater, craters",AA,Adopted by IAU,104.553600000000003,105.072200000000009,18.936800000000002,19.426600000000001,Brazil,South and Central America,Amenthes,mc14,http://planetarynames.wr.usgs.gov/Feature/6375
160.0,79.8837,Olympia,Olympia,1958/01/01 00:00:00,Ancient and modern Greek city.,0.000000000000000,160.000000000000000,79.883700000000005,Albedo Feature,AL,Adopted by IAU,160.000000000000000,160.000000000000000,79.883700000000005,79.883700000000005,Greek,Europe,Mare Boreum,mc01,http://planetarynames.wr.usgs.gov/Feature/4450
289.2207,-6.5328,Candor Chasma,Candor Chasma,1973/01/01 00:00:00,Classical albedo feature name.,810.608699999999999,289.220700000000022,-6.532800000000000,"Chasma, chasmata",CM,Adopted by IAU,282.510899999999992,295.971600000000024,-9.130100000000001,-4.277200000000001,Latin,Europe,Coprates,mc18,http://planetarynames.wr.usgs.gov/Feature/1000
296.0625,-36.0883,Vik,Vik,1979/01/01 00:00:00,Town in Iceland.,22.322800000000001,296.062500000000000,-36.088300000000004,"Crater, craters",AA,Adopted by IAU,295.830399999999997,296.296500000000037,-36.273700000000005,-35.897200000000005,Iceland,Europe,Thaumasia,mc25,http://planetarynames.wr.usgs.gov/Feature/6386
348.3193,39.038,Vils,Vils,1976/01/01 00:00:00,Town in Austria.,6.680530000000000,348.319299999999998,39.038000000000004,"Crater, craters",AA,Adopted by IAU,348.248300000000029,348.393400000000042,38.981800000000000,39.094500000000004,Austria,Europe,Mare Acidalium,mc04,http://planetarynames.wr.usgs.gov/Feature/6389
62.9429,-65.8214,Malea Planum,Malea Planum,1985/01/01 00:00:00,"From albedo feature at 60S, 290W.",872.466249999999945,62.942900000000002,-65.821399999999997,"Planum, plana",PM,Adopted by IAU,46.077900000000000,78.590100000000007,-70.075000000000003,-58.539800000000000,Greek,Europe,Mare Australe,mc30,http://planetarynames.wr.usgs.gov/Feature/3605
322.257,-19.8271,Vinogradov,Vinogradov,1979/01/01 00:00:00,"Aleksander P.; Soviet geochemist (1895-1975).",209.657999999999987,322.257000000000005,-19.827100000000002,"Crater, craters",AA,Adopted by IAU,320.382700000000000,324.142800000000022,-21.596000000000000,-18.058800000000002,Soviet,Europe,Margaritifer Sinus,mc19,http://planetarynames.wr.usgs.gov/Feature/6394
92.7923,-30.2002,Hadriaca Patera,Hadriaca Patera,1973/01/01 00:00:00,Classical albedo feature name.,66.043149999999997,92.792300000000012,-30.200200000000002,"Patera, paterae",PE,Adopted by IAU,92.148000000000010,93.436400000000006,-30.738800000000001,-29.627800000000001,Latin,Europe,Hellas,mc28,http://planetarynames.wr.usgs.gov/Feature/2310
205.0,-49.6666,Phaethontis,Phaethontis,1958/01/01 00:00:00,"""Of Phaethon;"" who recklessly drove Chariot of Sun.",0.000000000000000,205.000000000000000,-49.666600000000003,Albedo Feature,AL,Adopted by IAU,205.000000000000000,205.000000000000000,-49.666600000000003,-49.666600000000003,Latin,Europe,Phaethontis,mc24,http://planetarynames.wr.usgs.gov/Feature/4683
143.849,-56.1281,Vinogradsky,Vinogradsky,1973/01/01 00:00:00,"Sergei N.; Russian microbiologist (1856-1953).",66.260999999999996,143.849000000000018,-56.128100000000003,"Crater, craters",AA,Adopted by IAU,142.850400000000008,144.856300000000005,-56.688000000000002,-55.570100000000004,Russia,Europe,Eridania,mc29,http://planetarynames.wr.usgs.gov/Feature/6395
360.0,59.7062,Ortygia,Ortygia,1958/01/01 00:00:00,Floating island (present Delos) where Leto bore Apollo and Artemis.,0.000000000000000,360.000000000000000,59.706200000000003,Albedo Feature,AL,Adopted by IAU,360.000000000000000,360.000000000000000,59.706200000000003,59.706200000000003,Greek,Europe,Mare Acidalium,mc04,http://planetarynames.wr.usgs.gov/Feature/4501
342.0,7.9073,Oxia Palus,Oxia Palus,1958/01/01 00:00:00,"Lake (swamp into which Oxus River flows; i.e. Sea of Aral).",0.000000000000000,342.000000000000000,7.907300000000000,Albedo Feature,AL,Adopted by IAU,342.000000000000000,342.000000000000000,7.907300000000000,7.907300000000000,Latin,Europe,Oxia Palus,mc11,http://planetarynames.wr.usgs.gov/Feature/4535
348.0,19.7836,Oxus,Oxus,1958/01/01 00:00:00,Present Amoo-Darya River.,0.000000000000000,348.000000000000000,19.783600000000000,Albedo Feature,AL,Adopted by IAU,348.000000000000000,348.000000000000000,19.783600000000000,19.783600000000000,Latin,Europe,Oxia Palus,mc11,http://planetarynames.wr.usgs.gov/Feature/4536
257.124,-30.7293,Virrat,Virrat,1991/01/01 00:00:00,Town in Finland.,50.670200000000001,257.124000000000024,-30.729300000000002,"Crater, craters",AA,Adopted by IAU,256.631799999999998,257.626300000000015,-31.157200000000003,-30.302400000000002,Finland,Europe,Thaumasia,mc25,http://planetarynames.wr.usgs.gov/Feature/6405
84.1219,-76.5184,Vishniac,Vishniac,1976/01/01 00:00:00,"Wolf V.; American microbiologist (1922-1974).",80.465410000000006,84.121900000000011,-76.518400000000000,"Crater, craters",AA,Adopted by IAU,81.192100000000011,87.051700000000011,-77.201200000000000,-75.835700000000003,American,North America,Mare Australe,mc30,http://planetarynames.wr.usgs.gov/Feature/6410
160.0,59.7062,Panchaia,Panchaia,1958/01/01 00:00:00,"Situated near Heliopolis, Egypt; or island in Red Sea rich in frankincense, gold, silver, thus Utopia.",0.000000000000000,160.000000000000000,59.706200000000003,Albedo Feature,AL,Adopted by IAU,160.000000000000000,160.000000000000000,59.706200000000003,59.706200000000003,Latin,Europe,Cebrenia,mc07,http://planetarynames.wr.usgs.gov/Feature/4572
44.0,-24.7419,Pandorae Fretum,Pandorae Fretum,1958/01/01 00:00:00,Woman who let loose evils of world when she opened a box.,0.000000000000000,44.000000000000000,-24.741900000000001,Albedo Feature,AL,Adopted by IAU,44.000000000000000,44.000000000000000,-24.741900000000001,-24.741900000000001,Latin,Europe,Sinus Sabaeus,mc20,http://planetarynames.wr.usgs.gov/Feature/4574
118.8322,48.971,Vivero,Vivero,1979/01/01 00:00:00,Town in Spain.,27.128200000000000,118.832200000000000,48.971000000000004,"Crater, craters",AA,Adopted by IAU,118.486600000000010,119.183800000000005,48.743000000000002,49.200700000000005,Spain,Europe,Casius,mc06,http://planetarynames.wr.usgs.gov/Feature/6417
283.8613,-32.1139,Voeykov,Voeykov,1979/01/01 00:00:00,"A. I.; Russian climatologist and geographer (1842-1916).",75.451490000000007,283.861300000000028,-32.113900000000001,"Crater, craters",AA,Adopted by IAU,283.108800000000031,284.611700000000042,-32.752500000000005,-31.479600000000001,Soviet,Europe,Thaumasia,mc25,http://planetarynames.wr.usgs.gov/Feature/6424
346.7168,-36.7738,Vogel,Vogel,1973/01/01 00:00:00,"Hermann Carl; German astronomer (1841-1907).",120.691479999999999,346.716800000000035,-36.773800000000001,"Crater, craters",AA,Adopted by IAU,345.625800000000027,347.804100000000005,-37.769800000000004,-35.777700000000003,Germany,Europe,Argyre,mc26,http://planetarynames.wr.usgs.gov/Feature/6426
135.0276,48.097,Volgograd,Volgograd,1979/01/01 00:00:00,Soviet launch site.,1.590510000000000,135.027600000000007,48.097000000000001,"Crater, craters",AA,Adopted by IAU,135.007000000000005,135.047200000000004,48.085200000000000,48.112000000000002,Soviet,Europe,Cebrenia,mc07,http://planetarynames.wr.usgs.gov/Feature/6427
308.7599,22.9996,Vol'sk,Vol sk,1976/01/01 00:00:00,Town in Russia.,8.457950000000000,308.759900000000016,22.999600000000001,"Crater, craters",AA,Adopted by IAU,308.682200000000023,308.837199999999996,22.931300000000000,23.074000000000002,Russia,Europe,Lunae Palus,mc10,http://planetarynames.wr.usgs.gov/Feature/6435
250.0,-11.8632,Phoenicis Lacus,Phoenicis Lacus,1958/01/01 00:00:00,"""Lake of the Phoenix;"" Arabia or India.",0.000000000000000,250.000000000000000,-11.863200000000001,Albedo Feature,AL,Adopted by IAU,250.000000000000000,250.000000000000000,-11.863200000000001,-11.863200000000001,Latin,Europe,Phoenicis Lacus,mc17,http://planetarynames.wr.usgs.gov/Feature/4706
301.298,-64.2677,Von Kármán,Von Karman,1973/01/01 00:00:00,"Theodore; Hungarian-American aeronautical engineer (1881-1963).",90.294700000000006,301.298000000000002,-64.267700000000005,"Crater, craters",AA,Adopted by IAU,299.553800000000024,303.065600000000018,-65.030500000000004,-63.507100000000001,American,North America,Argyre,mc26,http://planetarynames.wr.usgs.gov/Feature/6441
290.0,-39.6672,Phrixi Regio,Phrixi Regio,1958/01/01 00:00:00,"""Phrixus' Region;"" Phrixus and sister Helle escaped sacrifice in Boeotia on back of ram with golden fleece.",0.000000000000000,290.000000000000000,-39.667200000000001,Albedo Feature,AL,Adopted by IAU,290.000000000000000,290.000000000000000,-39.667200000000001,-39.667200000000001,Latin,Europe,Thaumasia,mc25,http://planetarynames.wr.usgs.gov/Feature/4711
340.0073,-26.9406,Voo,Voo,1976/01/01 00:00:00,Town in Kenya.,2.128290000000000,340.007300000000043,-26.940600000000000,"Crater, craters",AA,Adopted by IAU,339.987200000000030,340.027500000000032,-26.958600000000001,-26.922700000000003,Kenya,Africa,Margaritifer Sinus,mc19,http://planetarynames.wr.usgs.gov/Feature/6448
306.4719,23.3425,Voza,Voza,1988/01/01 00:00:00,Town in Solomon Islands.,2.712800000000000,306.471900000000005,23.342500000000001,"Crater, craters",AA,Adopted by IAU,306.448399999999992,306.498199999999997,23.320500000000003,23.366300000000003,Polynesia,Oceania,Lunae Palus,mc10,http://planetarynames.wr.usgs.gov/Feature/6454
80.0,-64.7399,Promethei Sinus,Promethei Sinus,1958/01/01 00:00:00,"Prometheus' Bay; Greek mythological character.",0.000000000000000,80.000000000000000,-64.739900000000006,Albedo Feature,AL,Adopted by IAU,80.000000000000000,80.000000000000000,-64.739900000000006,-64.739900000000006,Greek,Europe,Hellas,mc28,http://planetarynames.wr.usgs.gov/Feature/4834
306.31,-43.6086,Vätö,Vato,1976/01/01 00:00:00,Town in Sweden.,17.238199999999999,306.310000000000002,-43.608600000000003,"Crater, craters",AA,Adopted by IAU,306.116300000000024,306.518000000000029,-43.754700000000000,-43.463900000000002,Sweden,Europe,Argyre,mc26,http://planetarynames.wr.usgs.gov/Feature/6464
132.72,46.5894,Wallops,Wallops,1979/01/01 00:00:00,American launch site.,1.839840000000000,132.719999999999999,46.589400000000005,"Crater, craters",AA,Adopted by IAU,132.697000000000003,132.742099999999994,46.574700000000000,46.605699999999999,United States,North America,Cebrenia,mc07,http://planetarynames.wr.usgs.gov/Feature/6480
326.358,21.3596,Wabash,Wabash,1976/01/01 00:00:00,"Town in Indiana, USA.",40.705520000000000,326.358000000000004,21.359600000000000,"Crater, craters",AA,Adopted by IAU,325.989300000000014,326.726699999999994,21.016600000000000,21.703400000000002,United States,North America,Oxia Palus,mc11,http://planetarynames.wr.usgs.gov/Feature/6468
175.0,44.6618,Propontis,Propontis,1958/01/01 00:00:00,"The Sea of Marmora, Asia Minor.",0.000000000000000,175.000000000000000,44.661799999999999,Albedo Feature,AL,Adopted by IAU,175.000000000000000,175.000000000000000,44.661799999999999,44.661799999999999,Greek,Europe,Cebrenia,mc07,http://planetarynames.wr.usgs.gov/Feature/4847
310.0,-22.7577,Protei Regio,Protei Regio,1958/01/01 00:00:00,"""Proteus' Region;"" Proteus was a sea god with a gift of prophecy.",0.000000000000000,310.000000000000000,-22.757700000000000,Albedo Feature,AL,Adopted by IAU,310.000000000000000,310.000000000000000,-22.757700000000000,-22.757700000000000,Latin,Europe,Coprates,mc18,http://planetarynames.wr.usgs.gov/Feature/4850
45.0,41.6638,Protonilus,Protonilus,1958/01/01 00:00:00,"Designation of first (Eastern) part of ""Nilus"" or Nile Canal.",0.000000000000000,45.000000000000000,41.663800000000002,Albedo Feature,AL,Adopted by IAU,45.000000000000000,45.000000000000000,41.663800000000002,41.663800000000002,Latin,Europe,Ismenius Lacus,mc05,http://planetarynames.wr.usgs.gov/Feature/4851
326.3184,23.2334,Wahoo,Wahoo,1976/01/01 00:00:00,"Town in Nebraska, USA.",63.070200000000000,326.318399999999997,23.233400000000000,"Crater, craters",AA,Adopted by IAU,325.745400000000018,326.903400000000033,22.701800000000002,23.765800000000002,United States,North America,Oxia Palus,mc11,http://planetarynames.wr.usgs.gov/Feature/6471
322.0,-14.8317,Pyrrhae Regio,Pyrrhae Regio,1958/01/01 00:00:00,"""Pyrrha's Region;"" named for Pyrrha, wife of Deucalion.",0.000000000000000,322.000000000000000,-14.831700000000001,Albedo Feature,AL,Adopted by IAU,322.000000000000000,322.000000000000000,-14.831700000000001,-14.831700000000001,Latin,Europe,Margaritifer Sinus,mc19,http://planetarynames.wr.usgs.gov/Feature/4885
105.5447,-27.0244,Wajir,Wajir,1991/01/01 00:00:00,Town in Kenya.,11.854300000000000,105.544700000000006,-27.024400000000000,"Crater, craters",AA,Adopted by IAU,105.434400000000011,105.658900000000003,-27.124900000000000,-26.924900000000001,Kenya,Africa,Mare Tyrrhenum,mc22,http://planetarynames.wr.usgs.gov/Feature/6472
110.9028,-52.4812,Wallace,Wallace,1973/01/01 00:00:00,"Alfred R.; British biologist (1823-1913).",170.781100000000009,110.902799999999999,-52.481200000000001,"Crater, craters",AA,Adopted by IAU,108.536900000000003,113.268000000000001,-53.921800000000005,-51.040700000000001,Great Britain,Europe,Hellas,mc28,http://planetarynames.wr.usgs.gov/Feature/6478
80.5395,-48.8708,Zea Dorsa,Zea Dorsa,1979/01/01 00:00:00,Classical albedo feature name.,249.019180000000006,80.539500000000004,-48.870800000000003,"Dorsum, dorsa",DO,Adopted by IAU,77.379100000000008,83.710800000000006,-50.645600000000002,-47.114300000000000,Latin,Europe,Hellas,mc28,http://planetarynames.wr.usgs.gov/Feature/6708
305.6043,-9.9222,Wallula,Wallula,2006/01/01 00:00:00,"Town in Washington, USA.",12.129289999999999,305.604300000000023,-9.922200000000000,"Crater, craters",AA,Adopted by IAU,305.500499999999988,305.708200000000033,-10.024600000000001,-9.819900000000001,United States,North America,Coprates,mc18,http://planetarynames.wr.usgs.gov/Feature/6481
360.0,-4.9416,Sinus Meridiani,Sinus Meridiani,1958/01/01 00:00:00,"""Middle Bay,"" from Flammarion map.",0.000000000000000,360.000000000000000,-4.941600000000000,Albedo Feature,AL,Adopted by IAU,360.000000000000000,360.000000000000000,-4.941600000000000,-4.941600000000000,Latin,Europe,Margaritifer Sinus,mc19,http://planetarynames.wr.usgs.gov/Feature/5568
20.0,-7.9073,Sinus Sabaeus,Sinus Sabaeus,1958/01/01 00:00:00,"Today's Red Sea; Saba was part of southern Arabian Peninsula.",0.000000000000000,20.000000000000000,-7.907300000000000,Albedo Feature,AL,Adopted by IAU,20.000000000000000,20.000000000000000,-7.907300000000000,-7.907300000000000,Latin,Europe,Sinus Sabaeus,mc20,http://planetarynames.wr.usgs.gov/Feature/5570
322.3677,20.7461,Warra,Warra,1976/01/01 00:00:00,Town in Australia.,10.117000000000001,322.367700000000013,20.746100000000002,"Crater, craters",AA,Adopted by IAU,322.277000000000044,322.459600000000023,20.661799999999999,20.832500000000000,Australia,Oceania,Oxia Palus,mc11,http://planetarynames.wr.usgs.gov/Feature/6490
353.8117,45.6742,Wer,Wer,1976/01/01 00:00:00,Town in India.,3.205510000000000,353.811700000000030,45.674199999999999,"Crater, craters",AA,Adopted by IAU,353.773000000000025,353.850400000000036,45.647200000000005,45.701300000000003,India,Asia,Mare Acidalium,mc04,http://planetarynames.wr.usgs.gov/Feature/6521
303.3728,20.4537,Waspam,Waspam,1976/01/01 00:00:00,Town in Nicaragua.,41.600099999999998,303.372800000000041,20.453700000000001,"Crater, craters",AA,Adopted by IAU,303.003800000000012,303.752800000000036,20.103100000000001,20.805000000000000,Nicaragua,South and Central America,Lunae Palus,mc10,http://planetarynames.wr.usgs.gov/Feature/6493
306.7945,25.5741,Wassamu,Wassamu,1976/01/01 00:00:00,Town in Japan.,16.296700000000001,306.794500000000028,25.574100000000001,"Crater, craters",AA,Adopted by IAU,306.647800000000018,306.952600000000018,25.437100000000001,25.712000000000000,Japan,Asia,Lunae Palus,mc10,http://planetarynames.wr.usgs.gov/Feature/6494
317.3863,-44.8637,Wau,Wau,1976/01/01 00:00:00,Town in Papua New Guinea.,6.787300000000000,317.386300000000006,-44.863700000000001,"Crater, craters",AA,Adopted by IAU,317.307299999999998,317.468799999999987,-44.921700000000001,-44.807200000000002,Papua New Guinea,Oceania,Argyre,mc26,http://planetarynames.wr.usgs.gov/Feature/6499
308.3067,19.7127,Weert,Weert,1976/01/01 00:00:00,Town in the Netherlands. (Spelling corrected from Weer.),9.493410000000001,308.306700000000035,19.712700000000002,"Crater, craters",AA,Adopted by IAU,308.221499999999992,308.391600000000039,19.633900000000001,19.794000000000000,The Netherlands (Dutch),Europe,Lunae Palus,mc10,http://planetarynames.wr.usgs.gov/Feature/6506
355.934,-64.2995,Wegener,Wegener,1973/01/01 00:00:00,"Alfred L.; German geophysicist (1880-1930).",68.513700000000000,355.934000000000026,-64.299500000000009,"Crater, craters",AA,Adopted by IAU,354.615000000000009,357.280700000000024,-64.878500000000003,-63.722600000000000,Germany,Europe,Argyre,mc26,http://planetarynames.wr.usgs.gov/Feature/6508
114.5713,-65.5301,Weinbaum,Weinbaum,1973/01/01 00:00:00,"Stanley G.; American novelist (1902-1935).",82.012630000000001,114.571300000000008,-65.530100000000004,"Crater, craters",AA,Adopted by IAU,112.901100000000000,116.241600000000005,-66.221900000000005,-64.838300000000004,American,North America,Mare Australe,mc30,http://planetarynames.wr.usgs.gov/Feature/6512
122.403,-59.9353,Wells,Wells,1973/01/01 00:00:00,"Herbert G.; British novelist (1866-1946).",98.279700000000005,122.403000000000006,-59.935300000000005,"Crater, craters",AA,Adopted by IAU,120.752100000000013,124.062100000000001,-60.765300000000003,-59.107300000000002,Great Britain,Europe,Eridania,mc29,http://planetarynames.wr.usgs.gov/Feature/6516
105.0,29.7079,Thoth,Thoth,1958/01/01 00:00:00,Egyptian messenger god.,0.000000000000000,105.000000000000000,29.707900000000002,Albedo Feature,AL,Adopted by IAU,105.000000000000000,105.000000000000000,29.707900000000002,29.707900000000002,Egypt,Africa,Amenthes,mc14,http://planetarynames.wr.usgs.gov/Feature/5982
319.4697,-2.0141,Wicklow,Wicklow,1976/01/01 00:00:00,Town in Ireland.,21.501500000000000,319.469699999999989,-2.014100000000000,"Crater, craters",AA,Adopted by IAU,319.293600000000026,319.656499999999994,-2.195500000000000,-1.832800000000000,Ireland,Europe,Margaritifer Sinus,mc19,http://planetarynames.wr.usgs.gov/Feature/6539
316.6746,-2.0854,Windfall,Windfall,1976/01/01 00:00:00,"Town in Alberta, Canada.",17.550080000000001,316.674599999999998,-2.085400000000000,"Crater, craters",AA,Adopted by IAU,316.526499999999999,316.822699999999998,-2.233400000000000,-1.937400000000000,Canada,North America,Margaritifer Sinus,mc19,http://planetarynames.wr.usgs.gov/Feature/6557
139.751,-10.572,Wien,Wien,1976/01/01 00:00:00,"Wilhelm; German physicist (1864-1928).",115.137919999999994,139.751000000000005,-10.572000000000001,"Crater, craters",AA,Adopted by IAU,138.762100000000004,140.738100000000003,-11.544700000000001,-9.602200000000000,Germany,Europe,Aeolis,mc23,http://planetarynames.wr.usgs.gov/Feature/6543
195.8638,-18.3865,Williams,Williams,1973/01/01 00:00:00,"Arthur S.; British astronomer (1861-1938).",123.203000000000003,195.863799999999998,-18.386500000000002,"Crater, craters",AA,Adopted by IAU,194.772100000000023,196.962500000000006,-19.426100000000002,-17.347500000000000,Great Britain,Europe,Memnonia,mc16,http://planetarynames.wr.usgs.gov/Feature/6552
318.6576,-6.5145,Wink,Wink,1976/01/01 00:00:00,"Town in Texas, USA.",10.164099999999999,318.657600000000002,-6.514500000000000,"Crater, craters",AA,Adopted by IAU,318.570600000000013,318.743200000000002,-6.598100000000001,-6.426600000000001,United States,North America,Margaritifer Sinus,mc19,http://planetarynames.wr.usgs.gov/Feature/6559
334.1401,-48.2356,Wirtz,Wirtz,1973/01/01 00:00:00,"Carl Wilhelm; German astronomer (1876-1939).",120.261399999999995,334.140100000000018,-48.235600000000005,"Crater, craters",AA,Adopted by IAU,332.604500000000030,335.650700000000029,-49.252300000000005,-47.223400000000005,Germany,Europe,Argyre,mc26,http://planetarynames.wr.usgs.gov/Feature/6564
274.5464,34.6572,Woolgar,Woolgar,1991/01/01 00:00:00,Town in Australia.,15.309900000000001,274.546400000000006,34.657200000000003,"Crater, craters",AA,Adopted by IAU,274.395000000000039,274.709000000000003,34.528600000000004,34.786900000000003,Australia,Oceania,Arcadia,mc03,http://planetarynames.wr.usgs.gov/Feature/6575
11.3867,-18.1651,Wislicenus,Wislicenus,1973/01/01 00:00:00,"Walter; German astronomer (1859-1905).",140.151000000000010,11.386700000000001,-18.165100000000002,"Crater, craters",AA,Adopted by IAU,10.142600000000000,12.631200000000000,-19.347700000000000,-16.983200000000000,Germany,Europe,Sinus Sabaeus,mc20,http://planetarynames.wr.usgs.gov/Feature/6565
260.0,-19.7836,Syria,Syria,1958/01/01 00:00:00,"Province in Near East including Phoenicia; or one of the Cyclades (Homer).",0.000000000000000,260.000000000000000,-19.783600000000000,Albedo Feature,AL,Adopted by IAU,260.000000000000000,260.000000000000000,-19.783600000000000,-19.783600000000000,Greek,Europe,Phoenicis Lacus,mc17,http://planetarynames.wr.usgs.gov/Feature/5793
70.0,9.885,Syrtis Major,Syrtis Major,1958/01/01 00:00:00,"Libyan Gulf, now Gulf of Sirte.",0.000000000000000,70.000000000000000,9.885000000000000,Albedo Feature,AL,Adopted by IAU,70.000000000000000,70.000000000000000,9.885000000000000,9.885000000000000,Latin,Europe,Syrtis Major,mc13,http://planetarynames.wr.usgs.gov/Feature/5795
132.6168,48.0656,Woomera,Woomera,1979/01/01 00:00:00,Australian launch site.,2.260370000000000,132.616800000000012,48.065600000000003,"Crater, craters",AA,Adopted by IAU,132.588200000000001,132.645300000000020,48.047699999999999,48.085799999999999,Australia,Oceania,Cebrenia,mc07,http://planetarynames.wr.usgs.gov/Feature/6576
309.6253,26.6126,Worcester,Worcester,1988/01/01 00:00:00,"Town in New York, USA.",24.047799999999999,309.625300000000038,26.612600000000000,"Crater, craters",AA,Adopted by IAU,309.404200000000003,309.858000000000004,26.410200000000000,26.815900000000003,United States,North America,Lunae Palus,mc10,http://planetarynames.wr.usgs.gov/Feature/6577
290.0,-19.7836,Sinai,Sinai,1958/01/01 00:00:00,"Biblical; named for area next to Mare Erythraeum (Indian Ocean).",0.000000000000000,290.000000000000000,-19.783600000000000,Albedo Feature,AL,Adopted by IAU,290.000000000000000,290.000000000000000,-19.783600000000000,-19.783600000000000,Egypt,Africa,Coprates,mc18,http://planetarynames.wr.usgs.gov/Feature/5546
112.626,15.0868,Xui,Xui,1988/01/01 00:00:00,Town in Brazil.,3.151980000000000,112.626000000000005,15.086800000000000,"Crater, craters",AA,Adopted by IAU,112.598400000000012,112.653500000000008,15.060200000000000,15.113300000000001,Brazil,South and Central America,Amenthes,mc14,http://planetarynames.wr.usgs.gov/Feature/6619
208.9874,-58.5128,Wright,Wright,1973/01/01 00:00:00,"William H.; American astronomer (1871-1959).",113.777000000000001,208.987400000000008,-58.512800000000006,"Crater, craters",AA,Adopted by IAU,207.155300000000011,210.832999999999998,-59.473500000000001,-57.554000000000002,American,North America,Phaethontis,mc24,http://planetarynames.wr.usgs.gov/Feature/6582
257.2037,-31.8052,Wukari,Wukari,1991/01/01 00:00:00,Town in Nigeria.,38.214970000000001,257.203700000000026,-31.805200000000003,"Crater, craters",AA,Adopted by IAU,256.824500000000000,257.583100000000002,-32.127600000000001,-31.482900000000001,Nigeria,Africa,Thaumasia,mc25,http://planetarynames.wr.usgs.gov/Feature/6586
115.0,44.6618,Sithonius Lacus,Sithonius Lacus,1958/01/01 00:00:00,"Region inhabited by Sithonii; synonym of Thrace.",0.000000000000000,115.000000000000000,44.661799999999999,Albedo Feature,AL,Adopted by IAU,115.000000000000000,115.000000000000000,44.661799999999999,44.661799999999999,Latin,Europe,Casius,mc06,http://planetarynames.wr.usgs.gov/Feature/5585
356.8476,43.0339,Yakima,Yakima,1976/01/01 00:00:00,"Town in Washington, USA.",12.526339999999999,356.847600000000000,43.033900000000003,"Crater, craters",AA,Adopted by IAU,356.703100000000006,356.992200000000025,42.928300000000000,43.139600000000002,United States,North America,Mare Acidalium,mc04,http://planetarynames.wr.usgs.gov/Feature/6625
270.0,-27.7205,Solis Lacus,Solis Lacus,1958/01/01 00:00:00,"""Lake of the Sun""; the so-called ""Eye of Mars,"" connecting East with West.",0.000000000000000,270.000000000000000,-27.720500000000001,Albedo Feature,AL,Adopted by IAU,270.000000000000000,270.000000000000000,-27.720500000000001,-27.720500000000001,Latin,Europe,Phoenicis Lacus,mc17,http://planetarynames.wr.usgs.gov/Feature/5624
321.4221,17.366,Yala,Yala,1976/01/01 00:00:00,Town in Thailand.,19.651499999999999,321.422100000000000,17.366000000000000,"Crater, craters",AA,Adopted by IAU,321.249200000000030,321.596499999999992,17.200500000000002,17.532100000000000,Thailand,Asia,Oxia Palus,mc11,http://planetarynames.wr.usgs.gov/Feature/6628
106.1659,21.8128,Yalata,Yalata,1988/01/01 00:00:00,Town in Australia.,4.736690000000000,106.165900000000008,21.812799999999999,"Crater, craters",AA,Adopted by IAU,106.122799999999998,106.208900000000000,21.772800000000000,21.852700000000002,Australia,Oceania,Amenthes,mc14,http://planetarynames.wr.usgs.gov/Feature/6629
320.8525,22.2687,Yar,Yar,1976/01/01 00:00:00,Town in Russia.,6.181700000000000,320.852500000000020,22.268700000000003,"Crater, craters",AA,Adopted by IAU,320.795600000000036,320.908299999999997,22.217900000000000,22.322200000000002,Russia,Europe,Oxia Palus,mc11,http://planetarynames.wr.usgs.gov/Feature/6640
160.0,29.7079,Styx,Styx,1958/01/01 00:00:00,"Great river around nether region, which souls must cross on journey from Earth.",0.000000000000000,160.000000000000000,29.707900000000002,Albedo Feature,AL,Adopted by IAU,160.000000000000000,160.000000000000000,29.707900000000002,29.707900000000002,Greek,Europe,Elysium,mc15,http://planetarynames.wr.usgs.gov/Feature/5734
307.1625,-44.0132,Tara,Tara,1976/01/01 00:00:00,Town in Ireland.,32.939300000000003,307.162500000000023,-44.013200000000005,"Crater, craters",AA,Adopted by IAU,306.783299999999997,307.556100000000015,-44.291800000000002,-43.736100000000000,Ireland,Europe,Argyre,mc26,http://planetarynames.wr.usgs.gov/Feature/5864
329.559,-41.206,Tarakan,Tarakan,1976/01/01 00:00:00,Town in Indonesia (Borneo).,39.313569999999999,329.559000000000026,-41.206000000000003,"Crater, craters",AA,Adopted by IAU,329.118300000000033,329.999900000000025,-41.538499999999999,-40.875300000000003,Indonesia,Asia,Argyre,mc26,http://planetarynames.wr.usgs.gov/Feature/5865
318.776,-3.7802,Tarata,Tarata,1976/01/01 00:00:00,Town in Bolivia.,12.272700000000000,318.776000000000010,-3.780200000000000,"Crater, craters",AA,Adopted by IAU,318.677600000000041,318.885100000000023,-3.883800000000000,-3.676700000000000,Bolivia,South and Central America,Margaritifer Sinus,mc19,http://planetarynames.wr.usgs.gov/Feature/5868
290.0,49.6666,Tanais,Tanais,1958/01/01 00:00:00,"Present River Don, Russia.",0.000000000000000,290.000000000000000,49.666600000000003,Albedo Feature,AL,Adopted by IAU,290.000000000000000,290.000000000000000,49.666600000000003,49.666600000000003,Latin,Europe,Arcadia,mc03,http://planetarynames.wr.usgs.gov/Feature/5850
109.8549,16.5381,Tarma,Tarma,1988/01/01 00:00:00,Town in Peru.,8.997059999999999,109.854900000000001,16.538100000000000,"Crater, craters",AA,Adopted by IAU,109.775400000000005,109.933700000000002,16.462400000000002,16.614200000000000,Peru,South and Central America,Amenthes,mc14,http://planetarynames.wr.usgs.gov/Feature/5871
100.0,69.7816,Uchronia,Uchronia,1958/01/01 00:00:00,"""Land of Agelessness.""",0.000000000000000,100.000000000000000,69.781599999999997,Albedo Feature,AL,Adopted by IAU,100.000000000000000,100.000000000000000,69.781599999999997,69.781599999999997,Latin,Europe,Mare Boreum,mc01,http://planetarynames.wr.usgs.gov/Feature/6182
350.0,9.885,Thymiamata,Thymiamata,1958/01/01 00:00:00,"""Land of sweet-scented perfumes""; South Yemen or India.",0.000000000000000,350.000000000000000,9.885000000000000,Albedo Feature,AL,Adopted by IAU,350.000000000000000,350.000000000000000,9.885000000000000,9.885000000000000,Latin,Europe,Oxia Palus,mc11,http://planetarynames.wr.usgs.gov/Feature/5988
319.7373,23.1178,Tarsus,Tarsus,1976/01/01 00:00:00,Town in Turkey.,18.548999999999999,319.737300000000005,23.117800000000003,"Crater, craters",AA,Adopted by IAU,319.568399999999997,319.908600000000035,22.961700000000000,23.274600000000000,Turkey,Asia,Oxia Palus,mc11,http://planetarynames.wr.usgs.gov/Feature/5872
319.8675,20.666,Taxco,Taxco,1976/01/01 00:00:00,Town in Mexico.,17.359700000000000,319.867500000000007,20.666000000000000,"Crater, craters",AA,Adopted by IAU,319.710000000000036,320.023000000000025,20.519200000000001,20.812000000000001,Mexico,North America,Oxia Palus,mc11,http://planetarynames.wr.usgs.gov/Feature/5888
314.704,-43.5746,Taza,Taza,1976/01/01 00:00:00,Town in Morocco.,24.284300000000002,314.704000000000008,-43.574600000000004,"Crater, craters",AA,Adopted by IAU,314.428600000000017,314.994100000000003,-43.780200000000001,-43.370500000000000,Morocco,Africa,Argyre,mc26,http://planetarynames.wr.usgs.gov/Feature/5890
290.0,39.6672,Tempe,Tempe,1958/01/01 00:00:00,Greek valley south of Mt. Olympus noted for its beauty.,0.000000000000000,290.000000000000000,39.667200000000001,Albedo Feature,AL,Adopted by IAU,290.000000000000000,290.000000000000000,39.667200000000001,39.667200000000001,Greek,Europe,Arcadia,mc03,http://planetarynames.wr.usgs.gov/Feature/5912
260,0,Tharsis,Tharsis,1973/01/01 00:00:00,"Connecting link between East and West; ancient Spanish town Tartessus.",0.000000000000000,260.000000000000000,0.000000000000000,Albedo Feature,AL,Adopted by IAU,260.000000000000000,260.000000000000000,0.000000000000000,0.000000000000000,Latin,Europe,,,http://planetarynames.wr.usgs.gov/Feature/5947
253.1629,-24.5493,Tecolote,Tecolote,1991/01/01 00:00:00,"Town in New Mexico, USA.",47.931100000000001,253.162900000000008,-24.549300000000002,"Crater, craters",AA,Adopted by IAU,252.723000000000013,253.612099999999998,-24.954000000000001,-24.145400000000002,United States,North America,Phoenicis Lacus,mc17,http://planetarynames.wr.usgs.gov/Feature/5894
162.0,19.7836,Trivium Charontis,Trivium Charontis,1958/01/01 00:00:00,"""Crossroad of Charon""; meeting place of several netherworld Canals.",0.000000000000000,162.000000000000000,19.783600000000000,Albedo Feature,AL,Adopted by IAU,162.000000000000000,162.000000000000000,19.783600000000000,19.783600000000000,Latin,Europe,Elysium,mc15,http://planetarynames.wr.usgs.gov/Feature/6088
45.0726,0.4335,Teisserenc de Bort,Teisserenc de Bort,1973/01/01 00:00:00,"Leon P.; French meteorologist (1855-1913).",114.888000000000005,45.072600000000001,0.433500000000000,"Crater, craters",AA,Adopted by IAU,44.104199999999999,46.042500000000004,-0.535600000000000,1.402600000000000,France,Europe,Syrtis Major,mc13,http://planetarynames.wr.usgs.gov/Feature/5901
275.0,-4.9416,Tithonius Lacus,Tithonius Lacus,1958/01/01 00:00:00,"""Tithonian Lake""; Tithonus received from his wife Eos eternal life but not eternal youth.",0.000000000000000,275.000000000000000,-4.941600000000000,Albedo Feature,AL,Adopted by IAU,275.000000000000000,275.000000000000000,-4.941600000000000,-4.941600000000000,Latin,Europe,Coprates,mc18,http://planetarynames.wr.usgs.gov/Feature/6033
106.4219,15.3879,Tejn,Tejn,1988/01/01 00:00:00,Town in Denmark.,3.772530000000000,106.421900000000008,15.387900000000000,"Crater, craters",AA,Adopted by IAU,106.389499999999998,106.455500000000001,15.356400000000001,15.420000000000000,Denmark,Europe,Amenthes,mc14,http://planetarynames.wr.usgs.gov/Feature/5902
280.0,29.7079,Tractus Albus,Tractus Albus,1958/01/01 00:00:00,"""White Tract"" in Latin.",0.000000000000000,280.000000000000000,29.707900000000002,Albedo Feature,AL,Adopted by IAU,280.000000000000000,280.000000000000000,29.707900000000002,29.707900000000002,Latin,Europe,Lunae Palus,mc10,http://planetarynames.wr.usgs.gov/Feature/6073
92.0,-24.7419,Trinacria,Trinacria,1958/01/01 00:00:00,Classical name for Sicily.,0.000000000000000,92.000000000000000,-24.741900000000001,Albedo Feature,AL,Adopted by IAU,92.000000000000000,92.000000000000000,-24.741900000000001,-24.741900000000001,Latin,Europe,Mare Tyrrhenum,mc22,http://planetarynames.wr.usgs.gov/Feature/6083
111.1197,21.1595,Telz,Telz,1988/01/01 00:00:00,Town in Germany.,3.187670000000000,111.119700000000009,21.159500000000001,"Crater, craters",AA,Adopted by IAU,111.090900000000005,111.148499999999999,21.132600000000000,21.186400000000003,Germany,Europe,Amenthes,mc14,http://planetarynames.wr.usgs.gov/Feature/5910
350.5464,41.9074,Tem',Tem,1976/01/01 00:00:00,Town in Russia.,5.875190000000000,350.546400000000006,41.907400000000003,"Crater, craters",AA,Adopted by IAU,350.480400000000031,350.613600000000019,41.859000000000002,41.958100000000002,Russia,Europe,Mare Acidalium,mc04,http://planetarynames.wr.usgs.gov/Feature/5918
103.5109,15.2091,Tepko,Tepko,1988/01/01 00:00:00,Town in Australia.,3.976970000000000,103.510900000000007,15.209100000000001,"Crater, craters",AA,Adopted by IAU,103.476100000000002,103.545700000000011,15.175500000000001,15.242600000000001,Australia,Oceania,Amenthes,mc14,http://planetarynames.wr.usgs.gov/Feature/5922
74.1408,-27.9614,Terby,Terby,1973/01/01 00:00:00,"Francois J.; Belgian astronomer (1846-1911).",171.497000000000014,74.140799999999999,-27.961400000000001,"Crater, craters",AA,Adopted by IAU,72.504300000000001,75.780100000000004,-29.408500000000000,-26.515200000000000,Belgium,Europe,Iapygia,mc21,http://planetarynames.wr.usgs.gov/Feature/5924
109.1739,19.6673,Thermia,Thermia,1988/01/01 00:00:00,Town in Greece.,2.756350000000000,109.173900000000003,19.667300000000001,"Crater, craters",AA,Adopted by IAU,109.149200000000008,109.198599999999999,19.644100000000002,19.690600000000000,Greek,Europe,Amenthes,mc14,http://planetarynames.wr.usgs.gov/Feature/5968
70.0,49.6666,Umbra,Umbra,1958/01/01 00:00:00,"Means ""Shadow"" in Latin.",0.000000000000000,70.000000000000000,49.666600000000003,Albedo Feature,AL,Adopted by IAU,70.000000000000000,70.000000000000000,49.666600000000003,49.666600000000003,Latin,Europe,Casius,mc06,http://planetarynames.wr.usgs.gov/Feature/6218
175.9773,-14.4742,Thira,Thira,1997/01/01 00:00:00,Town on Santorini Island in the Aegean Sea.,21.842700000000001,175.977300000000014,-14.474200000000002,"Crater, craters",AA,Adopted by IAU,175.790099999999995,176.170600000000007,-14.658700000000001,-14.290200000000000,Greek,Europe,Aeolis,mc23,http://planetarynames.wr.usgs.gov/Feature/5973
92.3491,-41.11,Thom,Thom,1991/01/01 00:00:00,Town in Thailand.,22.062300000000000,92.349100000000007,-41.109999999999999,"Crater, craters",AA,Adopted by IAU,92.104200000000006,92.598200000000006,-41.296800000000005,-40.924600000000005,Thailand,Asia,Hellas,mc28,http://planetarynames.wr.usgs.gov/Feature/5974
110.0,49.6666,Utopia,Utopia,1958/01/01 00:00:00,"Greek, meaning ""nowhere""; ideal state.",0.000000000000000,110.000000000000000,49.666600000000003,Albedo Feature,AL,Adopted by IAU,110.000000000000000,110.000000000000000,49.666600000000003,49.666600000000003,Latin,Europe,Casius,mc06,http://planetarynames.wr.usgs.gov/Feature/6259
334.276,-23.3724,Thule,Thule,1976/01/01 00:00:00,Town in Greenland.,13.074900000000000,334.276000000000010,-23.372400000000003,"Crater, craters",AA,Adopted by IAU,334.162000000000035,334.402300000000025,-23.483100000000000,-23.262500000000003,Greenland,North America,Margaritifer Sinus,mc19,http://planetarynames.wr.usgs.gov/Feature/5985
305.1292,12.558,Tibrikot,Tibrikot,1988/01/01 00:00:00,Town in Nepal.,59.082000000000001,305.129200000000026,12.558000000000000,"Crater, craters",AA,Adopted by IAU,304.615000000000009,305.636200000000031,12.059900000000001,13.056600000000001,Nepal,Asia,Lunae Palus,mc10,http://planetarynames.wr.usgs.gov/Feature/5992
40.0,-39.6672,Yaonis Regio,Yaonis Regio,1958/01/01 00:00:00,"Named for Chinese Emperor Yao; flood occurred during his reign.",0.000000000000000,40.000000000000000,-39.667200000000001,Albedo Feature,AL,Adopted by IAU,40.000000000000000,40.000000000000000,-39.667200000000001,-39.667200000000001,Latin,Europe,Noachis,mc27,http://planetarynames.wr.usgs.gov/Feature/6639
87.0406,-30.7358,Tignish,Tignish,1991/01/01 00:00:00,"Town in Prince Edward Island, Canada.",20.975800000000000,87.040599999999998,-30.735800000000001,"Crater, craters",AA,Adopted by IAU,86.836500000000001,87.248199999999997,-30.913300000000003,-30.559400000000000,Canada,North America,Hellas,mc28,http://planetarynames.wr.usgs.gov/Feature/5998
35.9266,13.2777,Tikhonravov,Tikhonravov,1985/01/01 00:00:00,"M. K.; Russian rocket scientist (1900-1974).",343.701000000000022,35.926600000000001,13.277700000000001,"Crater, craters",AA,Adopted by IAU,32.948000000000000,38.906400000000005,10.378400000000001,16.177500000000002,Russia,Europe,Arabia,mc12,http://planetarynames.wr.usgs.gov/Feature/6001
105.797,-50.6817,Tikhov,Tikhov,1973/01/01 00:00:00,"Gavril A.; Russian astronomer (1875-1960).",110.069999999999993,105.797000000000011,-50.681699999999999,"Crater, craters",AA,Adopted by IAU,104.334400000000002,107.265300000000011,-51.611000000000004,-49.754100000000001,Russia,Europe,Hellas,mc28,http://planetarynames.wr.usgs.gov/Feature/6003
345.0,-34.6828,Vulcani Pelagus,Vulcani Pelagus,1958/01/01 00:00:00,"Named for Vulcan, Roman god of fire.",0.000000000000000,345.000000000000000,-34.682800000000000,Albedo Feature,AL,Adopted by IAU,345.000000000000000,345.000000000000000,-34.682800000000000,-34.682800000000000,Roman,Europe,Argyre,mc26,http://planetarynames.wr.usgs.gov/Feature/6456
331.3785,17.7262,Tile,Tile,1976/01/01 00:00:00,Town in Somalia.,8.471080000000001,331.378500000000031,17.726200000000002,"Crater, craters",AA,Adopted by IAU,331.303400000000011,331.453500000000020,17.654700000000002,17.797599999999999,Somalia,Africa,Oxia Palus,mc11,http://planetarynames.wr.usgs.gov/Feature/6005
109.5187,22.5469,Tokko,Tokko,1988/01/01 00:00:00,Town in Russia.,2.696860000000000,109.518700000000010,22.546900000000001,"Crater, craters",AA,Adopted by IAU,109.494000000000000,109.543300000000002,22.524200000000000,22.569700000000001,Russia,Europe,Amenthes,mc14,http://planetarynames.wr.usgs.gov/Feature/6045
337.663,-25.2675,Timaru,Timaru,1976/01/01 00:00:00,Town in New Zealand.,18.403729999999999,337.663000000000011,-25.267500000000002,"Crater, craters",AA,Adopted by IAU,337.491399999999999,337.834699999999998,-25.422800000000002,-25.112300000000001,New Zealand,Oceania,Margaritifer Sinus,mc19,http://planetarynames.wr.usgs.gov/Feature/6009
322.476,-5.5604,Timbuktu,Timbuktu,1976/01/01 00:00:00,Town in Mali.,65.682800000000000,322.475999999999999,-5.560400000000000,"Crater, craters",AA,Adopted by IAU,321.924800000000005,323.038100000000043,-6.114500000000000,-5.006400000000000,Mali,Africa,Margaritifer Sinus,mc19,http://planetarynames.wr.usgs.gov/Feature/6010
295.9974,41.7629,Timoshenko,Timoshenko,1982/01/01 00:00:00,"Ivan Fedorovich; Soviet astronomer (1918-1941).",86.113410000000002,295.997400000000027,41.762900000000002,"Crater, craters",AA,Adopted by IAU,295.029100000000028,296.976699999999994,41.038699999999999,42.491500000000002,Soviet,Europe,Arcadia,mc03,http://planetarynames.wr.usgs.gov/Feature/6013
104.9785,18.225,Tolon,Tolon,1988/01/01 00:00:00,Town in Russia.,2.638100000000000,104.978500000000011,18.225000000000001,"Crater, craters",AA,Adopted by IAU,104.955100000000002,105.001900000000006,18.202800000000000,18.247299999999999,Russia,Europe,Amenthes,mc14,http://planetarynames.wr.usgs.gov/Feature/6051
335.2384,-27.5629,Tiwi,Tiwi,1976/01/01 00:00:00,Town in Oman.,21.150400000000001,335.238400000000013,-27.562900000000003,"Crater, craters",AA,Adopted by IAU,335.043499999999995,335.446100000000001,-27.741700000000002,-27.384900000000002,Oman,Asia,Margaritifer Sinus,mc19,http://planetarynames.wr.usgs.gov/Feature/6039
310.0,9.885,Xanthe,Xanthe,1958/01/01 00:00:00,"""Golden-Yellow Land.""",0.000000000000000,310.000000000000000,9.885000000000000,Albedo Feature,AL,Adopted by IAU,310.000000000000000,310.000000000000000,9.885000000000000,9.885000000000000,Greek,Europe,Lunae Palus,mc10,http://planetarynames.wr.usgs.gov/Feature/6596
108.5661,21.3106,Tokma,Tokma,1988/01/01 00:00:00,Town in Russia.,3.275910000000000,108.566100000000006,21.310600000000001,"Crater, craters",AA,Adopted by IAU,108.536600000000007,108.595900000000000,21.283300000000001,21.338600000000000,Russia,Europe,Amenthes,mc14,http://planetarynames.wr.usgs.gov/Feature/6047
207.7613,23.207,Tooting,Tooting,2006/01/01 00:00:00,Town in England.,27.857399999999998,207.761300000000006,23.207000000000001,"Crater, craters",AA,Adopted by IAU,207.509399999999999,208.020800000000008,22.972400000000000,23.442400000000003,England,Europe,Amazonis,mc08,http://planetarynames.wr.usgs.gov/Feature/6059
114.0809,17.8738,Torbay,Torbay,1988/01/01 00:00:00,Town in Australia.,6.334260000000000,114.080900000000000,17.873799999999999,"Crater, craters",AA,Adopted by IAU,114.024799999999999,114.137000000000000,17.820300000000000,17.927199999999999,Australia,Oceania,Amenthes,mc14,http://planetarynames.wr.usgs.gov/Feature/6060
308.8202,-44.2856,Torsö,Torso,1976/01/01 00:00:00,Town in Sweden.,15.302330000000000,308.820200000000000,-44.285600000000002,"Crater, craters",AA,Adopted by IAU,308.639900000000011,309.000499999999988,-44.414800000000000,-44.156700000000001,Sweden,Europe,Argyre,mc26,http://planetarynames.wr.usgs.gov/Feature/6066
165,0,Zephyria,Zephyria,1958/01/01 00:00:00,Land of the west wind.,0.000000000000000,165.000000000000000,0.000000000000000,Albedo Feature,AL,Adopted by IAU,165.000000000000000,165.000000000000000,0.000000000000000,0.000000000000000,Latin,Europe,,,http://planetarynames.wr.usgs.gov/Feature/6719
328.4091,17.6819,Trud,Trud,1976/01/01 00:00:00,Town in Russia.,2.436560000000000,328.409100000000024,17.681900000000002,"Crater, craters",AA,Adopted by IAU,328.389000000000010,328.432099999999991,17.662500000000001,17.703600000000002,Russia,Europe,Oxia Palus,mc11,http://planetarynames.wr.usgs.gov/Feature/6096
97.8089,-27.8894,Torup,Torup,1991/01/01 00:00:00,Town in Sweden.,42.723199999999999,97.808900000000008,-27.889400000000002,"Crater, craters",AA,Adopted by IAU,97.403000000000006,98.218500000000006,-28.250300000000003,-27.529500000000002,Sweden,Europe,Mare Tyrrhenum,mc22,http://planetarynames.wr.usgs.gov/Feature/6068
109.0543,-23.3819,Trinidad,Trinidad,1991/01/01 00:00:00,Town in Peru.,27.907200000000000,109.054300000000012,-23.381900000000002,"Crater, craters",AA,Adopted by IAU,108.799800000000005,109.312700000000007,-23.617700000000003,-23.146900000000002,Peru,South and Central America,Mare Tyrrhenum,mc22,http://planetarynames.wr.usgs.gov/Feature/6085
105.1399,16.8325,Troika,Troika,1976/01/01 00:00:00,Town in Russia.,13.426500000000001,105.139900000000011,16.832500000000000,"Crater, craters",AA,Adopted by IAU,105.021300000000011,105.257900000000006,16.719500000000000,16.946000000000002,Russia,Europe,Amenthes,mc14,http://planetarynames.wr.usgs.gov/Feature/6089
87.4433,-70.573,Promethei Mons,Promethei Mons,2006/09/13 00:00:00,Classical albedo feature name.,65.171099999999996,87.443300000000008,-70.573000000000008,"Mons, montes",MO,Adopted by IAU,86.284400000000005,88.667299999999997,-71.159500000000008,-69.987900000000010,Greek,Europe,Mare Australe,mc30,http://planetarynames.wr.usgs.gov/Feature/14181
347.0186,16.0946,Trouvelot,Trouvelot,1973/01/01 00:00:00,"Étienne Léopold; French astronomer (1827-1895).",148.775000000000006,347.018599999999992,16.094600000000000,"Crater, craters",AA,Adopted by IAU,345.718500000000006,348.330900000000042,14.839900000000000,17.349900000000002,American,North America,Oxia Palus,mc11,http://planetarynames.wr.usgs.gov/Feature/6094
307.3849,23.1699,Troy,Troy,1976/01/01 00:00:00,"Town in Idaho, USA.",9.594659999999999,307.384900000000016,23.169900000000002,"Crater, craters",AA,Adopted by IAU,307.296800000000019,307.472900000000038,23.093400000000003,23.255300000000002,United States,North America,Lunae Palus,mc10,http://planetarynames.wr.usgs.gov/Feature/6095
209.2883,-61.4342,Trumpler,Trumpler,1973/01/01 00:00:00,"Robert J.; American astronomer (1886-1956).",75.350999999999999,209.288300000000021,-61.434200000000004,"Crater, craters",AA,Adopted by IAU,207.966000000000008,210.625400000000013,-62.070800000000006,-60.799600000000005,American,North America,Phaethontis,mc24,http://planetarynames.wr.usgs.gov/Feature/6098
336.851,-21.3855,Aspen,Aspen,1976/01/01 00:00:00,"Town in Colorado, USA.",18.483899999999998,336.850999999999999,-21.385500000000000,"Crater, craters",AA,Adopted by IAU,336.686599999999999,337.021500000000003,-21.537800000000001,-21.225899999999999,United States,North America,Margaritifer Sinus,mc19,http://planetarynames.wr.usgs.gov/Feature/434
121.0555,49.4924,Tsau,Tsau,1979/01/01 00:00:00,Town in Botswana.,6.612000000000000,121.055500000000009,49.492400000000004,"Crater, craters",AA,Adopted by IAU,120.972800000000007,121.144500000000008,49.437500000000000,49.548999999999999,Botswana,Africa,Cebrenia,mc07,http://planetarynames.wr.usgs.gov/Feature/6101
133.9976,48.5827,Tsukuba,Tsukuba,1979/01/01 00:00:00,Japanese mission control site.,1.857240000000000,133.997600000000006,48.582700000000003,"Crater, craters",AA,Adopted by IAU,133.973900000000015,134.021299999999997,48.567000000000000,48.598300000000002,Japan,Asia,Cebrenia,mc07,http://planetarynames.wr.usgs.gov/Feature/6111
104.338,16.9827,Tuapi,Tuapi,1988/01/01 00:00:00,Town in Nicaragua.,4.475440000000000,104.338000000000008,16.982700000000001,"Crater, craters",AA,Adopted by IAU,104.298500000000004,104.377500000000012,16.944900000000001,17.020400000000002,Nicaragua,South and Central America,Amenthes,mc14,http://planetarynames.wr.usgs.gov/Feature/6121
104.6106,14.7073,Tumul,Tumul,1988/01/01 00:00:00,Town in Russia.,8.678240000000001,104.610600000000005,14.707300000000000,"Crater, craters",AA,Adopted by IAU,104.534900000000007,104.686300000000003,14.634100000000000,14.780500000000000,Russia,Europe,Amenthes,mc14,http://planetarynames.wr.usgs.gov/Feature/6128
258.8878,-31.7824,Tugaske,Tugaske,1991/01/01 00:00:00,Town in Saskatchewan.,30.892700000000001,258.887800000000027,-31.782400000000003,"Crater, craters",AA,Adopted by IAU,258.583300000000008,259.196500000000015,-32.043500000000002,-31.522400000000001,Canada,North America,Thaumasia,mc25,http://planetarynames.wr.usgs.gov/Feature/6124
281.029,21.2812,Aveiro,Aveiro,1985/01/01 00:00:00,Town in Portugal.,9.106750000000000,281.028999999999996,21.281200000000002,"Crater, craters",AA,Adopted by IAU,280.946599999999989,281.111500000000035,21.204400000000000,21.358100000000000,Portugal,Europe,Lunae Palus,mc10,http://planetarynames.wr.usgs.gov/Feature/501
105.6368,20.0126,Angu,Angu,1988/01/01 00:00:00,Town in Zaire.,2.079610000000000,105.636800000000008,20.012600000000003,"Crater, craters",AA,Adopted by IAU,105.618099999999998,105.655400000000000,19.995100000000001,20.030200000000001,Zaire,Africa,Amenthes,mc14,http://planetarynames.wr.usgs.gov/Feature/273
93.3808,-27.7768,Bazas,Bazas,1991/01/01 00:00:00,Town in France.,16.427600000000002,93.380800000000008,-27.776800000000001,"Crater, craters",AA,Adopted by IAU,93.225999999999999,93.539200000000008,-27.915800000000001,-27.638600000000000,France,Europe,Mare Tyrrhenum,mc22,http://planetarynames.wr.usgs.gov/Feature/648
310.9804,22.9619,Albany,Albany,1979/01/01 00:00:00,American colonial town (New York).,2.147620000000000,310.980400000000031,22.961900000000000,"Crater, craters",AA,Adopted by IAU,310.961000000000013,311.000300000000038,22.945000000000000,22.981200000000001,United States,North America,Lunae Palus,mc10,http://planetarynames.wr.usgs.gov/Feature/160
89.6398,-40.7678,Tungla,Tungla,1991/01/01 00:00:00,Town in Nicaragua.,16.609500000000001,89.639800000000008,-40.767800000000001,"Crater, craters",AA,Adopted by IAU,89.456800000000001,89.826800000000006,-40.908600000000000,-40.628399999999999,Nicaragua,South and Central America,Hellas,mc28,http://planetarynames.wr.usgs.gov/Feature/6133
311.1078,23.1327,Bordeaux,Bordeaux,1979/01/01 00:00:00,French port.,2.006120000000000,311.107799999999997,23.132700000000000,"Crater, craters",AA,Adopted by IAU,311.089300000000037,311.126100000000008,23.116600000000002,23.150400000000001,France,Europe,Lunae Palus,mc10,http://planetarynames.wr.usgs.gov/Feature/821
338.0248,-26.6325,Tura,Tura,1976/01/01 00:00:00,Town in Russia.,14.811900000000000,338.024800000000027,-26.632500000000000,"Crater, craters",AA,Adopted by IAU,337.887300000000039,338.166899999999998,-26.755800000000001,-26.505900000000000,Russia,Europe,Margaritifer Sinus,mc19,http://planetarynames.wr.usgs.gov/Feature/6136
111.1013,15.9069,Aban,Aban,1988/01/01 00:00:00,Town in Russia.,4.280700000000000,111.101300000000009,15.906900000000000,"Crater, craters",AA,Adopted by IAU,111.063800000000001,111.138900000000007,15.870800000000001,15.943000000000001,Russia,Europe,Amenthes,mc14,http://planetarynames.wr.usgs.gov/Feature/6
123.1615,45.4309,Achar,Achar,1979/01/01 00:00:00,Town in Uruguay.,5.361610000000000,123.161500000000004,45.430900000000001,"Crater, craters",AA,Adopted by IAU,123.100000000000009,123.228900000000010,45.386400000000002,45.476900000000001,Uruguay,South and Central America,Cebrenia,mc07,http://planetarynames.wr.usgs.gov/Feature/31
163.1,30.9137,Adams,Adams,1973/01/01 00:00:00,"Walter S.; American astronomer (1876-1956).",90.215800000000002,163.099999999999994,30.913700000000002,"Crater, craters",AA,Adopted by IAU,162.216200000000015,163.990200000000016,30.153200000000002,31.675200000000000,American,North America,Cebrenia,mc07,http://planetarynames.wr.usgs.gov/Feature/46
271.1145,-69.8826,Agassiz,Agassiz,1973/01/01 00:00:00,"Jean L.; American naturalist (1807-1873).",108.766999999999996,271.114500000000021,-69.882599999999996,"Crater, craters",AA,Adopted by IAU,268.459499999999991,273.796199999999999,-70.801200000000009,-68.966300000000004,American,North America,Mare Australe,mc30,http://planetarynames.wr.usgs.gov/Feature/81
352.057,21.8922,Becquerel,Becquerel,1973/01/01 00:00:00,"Antoine H.; French physicist (1852-1908).",165.230999999999995,352.057000000000016,21.892200000000003,"Crater, craters",AA,Adopted by IAU,350.561300000000017,353.565500000000043,20.498799999999999,23.286400000000000,France,Europe,Oxia Palus,mc11,http://planetarynames.wr.usgs.gov/Feature/655
103.1429,16.4913,Ajon,Ajon,1988/01/01 00:00:00,Town in Russia.,8.083620000000000,103.142900000000012,16.491300000000003,"Crater, craters",AA,Adopted by IAU,103.071100000000001,103.213300000000004,16.423400000000001,16.559799999999999,Russia,Europe,Amenthes,mc14,http://planetarynames.wr.usgs.gov/Feature/124
299.7558,-35.4643,Aki,Aki,1979/01/01 00:00:00,Town in Japan.,7.874970000000000,299.755800000000022,-35.464300000000001,"Crater, craters",AA,Adopted by IAU,299.676100000000019,299.839200000000005,-35.527999999999999,-35.395200000000003,Japan,Asia,Thaumasia,mc25,http://planetarynames.wr.usgs.gov/Feature/131
313.5106,20.4112,Aktaj,Aktaj,1988/01/01 00:00:00,Town in Russia.,5.005370000000000,313.510600000000011,20.411200000000001,"Crater, craters",AA,Adopted by IAU,313.467600000000004,313.557700000000011,20.368400000000001,20.452900000000000,Russia,Europe,Lunae Palus,mc10,http://planetarynames.wr.usgs.gov/Feature/139
324.9924,-41.4747,Albi,Albi,1976/01/01 00:00:00,Town in France.,9.066970000000000,324.992400000000032,-41.474699999999999,"Crater, craters",AA,Adopted by IAU,324.892200000000003,325.096300000000042,-41.550500000000000,-41.397600000000004,France,Europe,Argyre,mc26,http://planetarynames.wr.usgs.gov/Feature/164
125.3387,-47.4389,Alexey Tolstoy,Alexey Tolstoy,1982/01/01 00:00:00,"Aleksey; Soviet writer (1882-1945).",93.037599999999998,125.338700000000003,-47.438900000000004,"Crater, craters",AA,Adopted by IAU,124.181500000000000,126.502200000000002,-48.224499999999999,-46.654900000000005,Soviet,Europe,Eridania,mc29,http://planetarynames.wr.usgs.gov/Feature/178
333.323,-24.3414,Alga,Alga,1976/01/01 00:00:00,Town in Kazakhstan.,18.715199999999999,333.323000000000036,-24.341400000000000,"Crater, craters",AA,Adopted by IAU,333.150200000000041,333.496700000000033,-24.498300000000000,-24.182500000000001,Kazakhstan,Asia,Margaritifer Sinus,mc19,http://planetarynames.wr.usgs.gov/Feature/182
312.9971,23.0029,Amsterdam,Amsterdam,1979/01/01 00:00:00,Dutch port.,1.659440000000000,312.997099999999989,23.002900000000000,"Crater, craters",AA,Adopted by IAU,312.981899999999996,313.012300000000039,22.988900000000001,23.016900000000000,The Netherlands (Dutch),Europe,Lunae Palus,mc10,http://planetarynames.wr.usgs.gov/Feature/246
290.4372,-31.8378,Aniak,Aniak,1979/01/01 00:00:00,"Town in Alaska, USA.",50.968359999999997,290.437200000000018,-31.837800000000001,"Crater, craters",AA,Adopted by IAU,289.938899999999990,290.936399999999992,-32.209400000000002,-31.468000000000000,United States,North America,Thaumasia,mc25,http://planetarynames.wr.usgs.gov/Feature/277
60.8311,21.3819,Antoniadi,Antoniadi,1973/01/01 00:00:00,"Eugène Michael; Turkish-born French astronomer (1870-1944).",400.949999999999989,60.831100000000006,21.381900000000002,"Crater, craters",AA,Adopted by IAU,57.199300000000001,64.465100000000007,17.999600000000001,24.764900000000001,France,Europe,Syrtis Major,mc13,http://planetarynames.wr.usgs.gov/Feature/297
89.015,-37.283,Apia,Apia,1991/01/01 00:00:00,Town in Samoa.,10.060300000000000,89.015000000000001,-37.283000000000001,"Crater, craters",AA,Adopted by IAU,88.910300000000007,89.123600000000010,-37.368500000000004,-37.198799999999999,Samoa,Oceania,Hellas,mc28,http://planetarynames.wr.usgs.gov/Feature/319
350.5301,39.8804,Apt,Apt,1976/01/01 00:00:00,Town in France.,9.573320000000001,350.530100000000004,39.880400000000002,"Crater, craters",AA,Adopted by IAU,350.425900000000013,350.636400000000037,39.800300000000000,39.961800000000004,France,Europe,Mare Acidalium,mc04,http://planetarynames.wr.usgs.gov/Feature/333
285.5338,25.5042,Labeatis Mensa,Labeatis Mensa,1988/01/01 00:00:00,Classical albedo feature name.,124.673760000000001,285.533800000000042,25.504200000000001,"Mensa, mensae",MN,Adopted by IAU,284.686100000000010,286.445699999999988,24.710000000000001,26.155500000000000,Latin,Europe,Lunae Palus,mc10,http://planetarynames.wr.usgs.gov/Feature/3192
29.9262,10.2212,Arago,Arago,1973/01/01 00:00:00,"Dominique F.; French astronomer (1786-1853).",152.353000000000009,29.926200000000001,10.221200000000000,"Crater, craters",AA,Adopted by IAU,28.620800000000003,31.232600000000001,8.936200000000001,11.506500000000001,France,Europe,Arabia,mc12,http://planetarynames.wr.usgs.gov/Feature/338
344.9728,42.4061,Arandas,Arandas,1976/01/01 00:00:00,Town in Mexico.,24.761199999999999,344.972800000000007,42.406100000000002,"Crater, craters",AA,Adopted by IAU,344.697800000000029,345.263599999999997,42.198000000000000,42.615700000000004,Mexico,North America,Mare Acidalium,mc04,http://planetarynames.wr.usgs.gov/Feature/342
309.8316,23.3286,Argas,Argas,1988/01/01 00:00:00,Town in Russia.,3.550960000000000,309.831600000000037,23.328600000000002,"Crater, craters",AA,Adopted by IAU,309.798000000000002,309.863200000000006,23.300100000000000,23.359999999999999,Russia,Europe,Lunae Palus,mc10,http://planetarynames.wr.usgs.gov/Feature/362
110.238,-23.8006,Arica,Arica,1991/01/01 00:00:00,Town in Colombia.,15.772800000000000,110.238000000000000,-23.800600000000003,"Crater, craters",AA,Adopted by IAU,110.094600000000000,110.385400000000004,-23.934000000000001,-23.668000000000003,Colombia,South and Central America,Mare Tyrrhenum,mc22,http://planetarynames.wr.usgs.gov/Feature/377
335.212,-41.0876,Arkhangelsky,Arkhangelsky,1979/01/01 00:00:00,"A.D.; Russian geologist.",116.828999999999994,335.211999999999989,-41.087600000000002,"Crater, craters",AA,Adopted by IAU,333.911900000000003,336.527100000000019,-42.073799999999999,-40.102800000000002,Russia,Europe,Argyre,mc26,http://planetarynames.wr.usgs.gov/Feature/384
122.7059,-40.0418,Arrhenius,Arrhenius,1973/01/01 00:00:00,"Svante; Swedish physical chemist (1859-1927).",122.722759999999994,122.705900000000000,-40.041800000000002,"Crater, craters",AA,Adopted by IAU,121.353700000000003,124.058199999999999,-41.077000000000005,-39.006500000000003,Sweden,Europe,Eridania,mc29,http://planetarynames.wr.usgs.gov/Feature/392
305.7134,21.383,Arta,Arta,1988/01/01 00:00:00,Town in Russia.,3.962960000000000,305.713400000000036,21.383000000000003,"Crater, craters",AA,Adopted by IAU,305.677600000000041,305.749400000000037,21.349600000000002,21.416399999999999,Russia,Europe,Lunae Palus,mc10,http://planetarynames.wr.usgs.gov/Feature/397
267.9742,38.1819,Ayacucho,Ayacucho,1991/01/01 00:00:00,Town in Bolivia.,2.588120000000000,267.974199999999996,38.181899999999999,"Crater, craters",AA,Adopted by IAU,267.946400000000040,268.002000000000010,38.160000000000004,38.203700000000005,Bolivia,South and Central America,Arcadia,mc03,http://planetarynames.wr.usgs.gov/Feature/517
91.5814,-38.9832,Ayr,Ayr,1991/01/01 00:00:00,"Town in Queensland, Australia.",12.740000000000000,91.581400000000002,-38.983200000000004,"Crater, craters",AA,Adopted by IAU,91.445100000000011,91.721600000000009,-39.091300000000004,-38.876400000000004,Australia,Oceania,Hellas,mc28,http://planetarynames.wr.usgs.gov/Feature/521
317.4854,-42.0711,Azul,Azul,1976/01/01 00:00:00,Town in Argentina.,19.531900000000000,317.485400000000027,-42.071100000000001,"Crater, craters",AA,Adopted by IAU,317.267600000000016,317.711500000000001,-42.230400000000003,-41.900900000000000,Argentina,South and Central America,Argyre,mc26,http://planetarynames.wr.usgs.gov/Feature/525
319.6784,-5.4811,Azusa,Azusa,1976/01/01 00:00:00,"Town in California, USA.",39.254600000000003,319.678400000000011,-5.481100000000001,"Crater, craters",AA,Adopted by IAU,319.351200000000006,320.016400000000033,-5.812300000000000,-5.150100000000000,United States,North America,Margaritifer Sinus,mc19,http://planetarynames.wr.usgs.gov/Feature/526
288.555,-36.0048,Babakin,Babakin,1985/01/01 00:00:00,Soviet builder of unmanned space stations (1914-1970).,76.664000000000001,288.555000000000007,-36.004800000000003,"Crater, craters",AA,Adopted by IAU,287.761599999999987,289.360400000000027,-36.652100000000004,-35.358699999999999,Russia,Europe,Thaumasia,mc25,http://planetarynames.wr.usgs.gov/Feature/532
102.698,18.6561,Bacht,Bacht,1976/01/01 00:00:00,Town in Uzbekistan.,7.862560000000000,102.698000000000008,18.656100000000002,"Crater, craters",AA,Adopted by IAU,102.625900000000001,102.765900000000002,18.590100000000000,18.722700000000000,Uzbekistan,Asia,Amenthes,mc14,http://planetarynames.wr.usgs.gov/Feature/539
118.5996,32.9937,Bacolor,Bacolor,2006/01/01 00:00:00,Town in the Philippines.,21.577610000000000,118.599600000000009,32.993700000000004,"Crater, craters",AA,Adopted by IAU,118.382800000000003,118.816800000000001,32.811700000000002,33.175800000000002,Philippines,Asia,Casius,mc06,http://planetarynames.wr.usgs.gov/Feature/544
309.3108,20.3484,Bada,Bada,1988/01/01 00:00:00,Town in Russia.,2.523490000000000,309.310800000000029,20.348400000000002,"Crater, craters",AA,Adopted by IAU,309.288900000000012,309.334300000000042,20.327999999999999,20.370600000000000,Russia,Europe,Lunae Palus,mc10,http://planetarynames.wr.usgs.gov/Feature/546
316.6814,-3.4963,Bahn,Bahn,1976/01/01 00:00:00,Town in Liberia.,11.928400000000000,316.681399999999996,-3.496300000000000,"Crater, craters",AA,Adopted by IAU,316.586000000000013,316.787599999999998,-3.597000000000000,-3.395700000000000,Liberia,Africa,Margaritifer Sinus,mc19,http://planetarynames.wr.usgs.gov/Feature/557
103.7849,18.0493,Bak,Bak,1988/01/01 00:00:00,Town in Hungary.,3.131720000000000,103.784900000000007,18.049300000000002,"Crater, craters",AA,Adopted by IAU,103.757100000000008,103.812700000000007,18.022800000000000,18.075700000000001,Hungary,Europe,Amenthes,mc14,http://planetarynames.wr.usgs.gov/Feature/563
15.7278,-22.9729,Bakhuysen,Bakhuysen,1973/01/01 00:00:00,"Hendrik G.; Dutch astronomer (1838-1923).",152.899000000000001,15.727800000000000,-22.972900000000003,"Crater, craters",AA,Adopted by IAU,14.327300000000001,17.128900000000002,-24.263100000000001,-21.683600000000002,The Netherlands (Dutch),Europe,Sinus Sabaeus,mc20,http://planetarynames.wr.usgs.gov/Feature/566
326.1229,-3.8215,Balboa,Balboa,1976/01/01 00:00:00,"Town in the Republic of Panama, formerly within the US Panama Canal Zone.",21.946970000000000,326.122900000000016,-3.821500000000000,"Crater, craters",AA,Adopted by IAU,325.937299999999993,326.308400000000006,-4.006700000000000,-3.636400000000000,Panama,South and Central America,Margaritifer Sinus,mc19,http://planetarynames.wr.usgs.gov/Feature/571
65.4819,22.762,Baldet,Baldet,1973/01/01 00:00:00,"Fernand; French astronomer (1885-1964).",181.306000000000012,65.481900000000010,22.762000000000000,"Crater, craters",AA,Adopted by IAU,63.824500000000000,67.141700000000000,21.233000000000001,24.291800000000002,France,Europe,Syrtis Major,mc13,http://planetarynames.wr.usgs.gov/Feature/575
333.4503,-23.8182,Balta,Balta,1976/01/01 00:00:00,Town in Ukraine.,17.281600000000001,333.450300000000027,-23.818200000000001,"Crater, craters",AA,Adopted by IAU,333.294199999999989,333.612900000000025,-23.962900000000001,-23.671400000000002,Ukraine,Europe,Margaritifer Sinus,mc19,http://planetarynames.wr.usgs.gov/Feature/582
305.3403,-42.2678,Baltisk,Baltisk,1976/01/01 00:00:00,Town in Russia.,50.752099999999999,305.340300000000013,-42.267800000000001,"Crater, craters",AA,Adopted by IAU,304.768599999999992,305.925800000000038,-42.696700000000000,-41.840400000000002,Russia,Europe,Argyre,mc26,http://planetarynames.wr.usgs.gov/Feature/585
306.7615,16.2024,Balvicar,Balvicar,1988/01/01 00:00:00,Town in Scotland.,20.350230000000000,306.761500000000012,16.202400000000001,"Crater, craters",AA,Adopted by IAU,306.582699999999988,306.940200000000004,16.030799999999999,16.374100000000002,Scotland,Europe,Lunae Palus,mc10,http://planetarynames.wr.usgs.gov/Feature/586
318.4113,-3.3625,Bamba,Bamba,1976/01/01 00:00:00,Town in Zaire.,22.566530000000000,318.411300000000040,-3.362500000000000,"Crater, craters",AA,Adopted by IAU,318.220700000000022,318.602000000000032,-3.552900000000000,-3.172200000000000,Zaire,Africa,Margaritifer Sinus,mc19,http://planetarynames.wr.usgs.gov/Feature/588
356.9001,39.7072,Bamberg,Bamberg,1976/01/01 00:00:00,Town in Germany.,55.702599999999997,356.900100000000009,39.707200000000000,"Crater, craters",AA,Adopted by IAU,356.297300000000007,357.518500000000017,39.238000000000000,40.177800000000005,Germany,Europe,Mare Acidalium,mc04,http://planetarynames.wr.usgs.gov/Feature/589
329.2923,17.5097,Banff,Banff,1976/01/01 00:00:00,"Town in Alberta, Canada.",5.004660000000000,329.292300000000012,17.509700000000002,"Crater, craters",AA,Adopted by IAU,329.248700000000042,329.337199999999996,17.467800000000000,17.552300000000002,Canada,North America,Oxia Palus,mc11,http://planetarynames.wr.usgs.gov/Feature/595
304.5027,19.417,Banh,Banh,1976/01/01 00:00:00,Town in Burkina Faso (formerly Upper Volta).,14.395500000000000,304.502700000000004,19.417000000000002,"Crater, craters",AA,Adopted by IAU,304.379400000000032,304.636900000000026,19.295900000000000,19.538800000000002,Burkina Faso (Upper Volta),Africa,Lunae Palus,mc10,http://planetarynames.wr.usgs.gov/Feature/596
340.5038,-25.2468,Bar,Bar,1976/01/01 00:00:00,Town in Ukraine.,2.056000000000000,340.503800000000012,-25.246800000000000,"Crater, craters",AA,Adopted by IAU,340.484800000000007,340.523099999999999,-25.262000000000000,-25.227300000000000,Ukraine,Europe,Margaritifer Sinus,mc19,http://planetarynames.wr.usgs.gov/Feature/600
291.2485,47.3252,Barabashov,Barabashov,1973/01/01 00:00:00,"Nikolay P.; Russian astronomer (1894-1971).",120.665000000000006,291.248500000000035,47.325200000000002,"Crater, craters",AA,Adopted by IAU,289.753800000000012,292.757700000000000,46.308100000000003,48.343800000000002,Russia,Europe,Arcadia,mc03,http://planetarynames.wr.usgs.gov/Feature/601
61.5894,-61.0629,Barnard,Barnard,1973/01/01 00:00:00,"Edward E.; American astronomer (1857-1923).",121.105999999999995,61.589400000000005,-61.062900000000006,"Crater, craters",AA,Adopted by IAU,59.478900000000003,63.704200000000000,-62.085500000000003,-60.042300000000004,American,North America,Hellas,mc28,http://planetarynames.wr.usgs.gov/Feature/609
110.6981,-24.803,Baro,Baro,1991/01/01 00:00:00,Town in Nigeria.,16.932700000000001,110.698100000000011,-24.803000000000001,"Crater, craters",AA,Adopted by IAU,110.542800000000000,110.857500000000002,-24.946300000000001,-24.660600000000002,Nigeria,Africa,Mare Tyrrhenum,mc22,http://planetarynames.wr.usgs.gov/Feature/612
330.9842,7.9727,Barsukov,Barsukov,2003/01/01 00:00:00,"Valery L.; Soviet geochemist and planetologist (1928-1992).",68.449600000000004,330.984200000000044,7.972700000000001,"Crater, craters",AA,Adopted by IAU,330.406800000000032,331.572900000000004,7.395400000000000,8.550200000000000,Soviet,Europe,Oxia Palus,mc11,http://planetarynames.wr.usgs.gov/Feature/620
106.9998,17.8175,Basin,Basin,1976/01/01 00:00:00,"Town in Wyoming, USA.",15.526800000000000,106.999800000000008,17.817500000000003,"Crater, craters",AA,Adopted by IAU,106.860300000000009,107.135500000000008,17.686800000000002,17.948800000000002,United States,North America,Amenthes,mc14,http://planetarynames.wr.usgs.gov/Feature/629
323.3472,-7.5529,Batoka,Batoka,1976/01/01 00:00:00,Town in Zambia.,14.957700000000001,323.347200000000043,-7.552900000000000,"Crater, craters",AA,Adopted by IAU,323.218200000000024,323.472800000000007,-7.678400000000001,-7.426000000000000,Zambia,Africa,Margaritifer Sinus,mc19,http://planetarynames.wr.usgs.gov/Feature/637
330.5007,21.5038,Batoş,Batos,1976/01/01 00:00:00,Town in Romania.,17.328600000000002,330.500699999999995,21.503800000000002,"Crater, craters",AA,Adopted by IAU,330.344500000000039,330.658800000000042,21.359400000000001,21.651800000000001,Romania (Rumania),Europe,Oxia Palus,mc11,http://planetarynames.wr.usgs.gov/Feature/638
132.6789,46.4099,Baykonyr,Baykonyr,1979/01/01 00:00:00,Soviet launch site.,3.899290000000000,132.678899999999999,46.409900000000000,"Crater, craters",AA,Adopted by IAU,132.632200000000012,132.727599999999995,46.377800000000001,46.443600000000004,Soviet,Europe,Cebrenia,mc07,http://planetarynames.wr.usgs.gov/Feature/647
351.831,-14.4723,Beer,Beer,1973/01/01 00:00:00,"Wilhelm; German astronomer (1797-1850).",85.496899999999997,351.831000000000017,-14.472300000000001,"Crater, craters",AA,Adopted by IAU,351.092300000000023,352.581999999999994,-15.193700000000002,-13.751300000000001,Germany,Europe,Margaritifer Sinus,mc19,http://planetarynames.wr.usgs.gov/Feature/659
135.8307,46.8296,Canaveral,Canaveral,1979/01/01 00:00:00,American launch site.,3.179120000000000,135.830700000000007,46.829599999999999,"Crater, craters",AA,Adopted by IAU,135.792500000000018,135.870900000000006,46.803500000000000,46.857199999999999,United States,North America,Cebrenia,mc07,http://planetarynames.wr.usgs.gov/Feature/996
102.4041,18.0114,Beltra,Beltra,1988/01/01 00:00:00,Town in Ireland.,7.174060000000000,102.404100000000000,18.011400000000002,"Crater, craters",AA,Adopted by IAU,102.342300000000009,102.469600000000000,17.951200000000000,18.072200000000002,Ireland,Europe,Amenthes,mc14,http://planetarynames.wr.usgs.gov/Feature/680
316.772,21.5742,Belz,Belz,1976/01/01 00:00:00,Town in Ukraine.,10.210200000000000,316.771999999999991,21.574200000000001,"Crater, craters",AA,Adopted by IAU,316.680299999999988,316.865499999999997,21.489800000000002,21.662100000000002,Ukraine,Europe,Oxia Palus,mc11,http://planetarynames.wr.usgs.gov/Feature/683
332.2649,-22.4018,Bend,Bend,1976/01/01 00:00:00,"Town in Oregon, USA.",3.700870000000000,332.264900000000011,-22.401800000000001,"Crater, craters",AA,Adopted by IAU,332.231100000000026,332.298699999999997,-22.433000000000000,-22.370600000000000,United States,North America,Margaritifer Sinus,mc19,http://planetarynames.wr.usgs.gov/Feature/687
319.4471,-55.7793,Bentham,Bentham,1991/01/01 00:00:00,Town in England.,11.363619999999999,319.447100000000034,-55.779299999999999,"Crater, craters",AA,Adopted by IAU,319.276600000000030,319.617500000000007,-55.875300000000003,-55.683600000000006,England,Europe,Argyre,mc26,http://planetarynames.wr.usgs.gov/Feature/693
340.9568,-22.3083,Bentong,Bentong,1976/01/01 00:00:00,Town in Malaysia.,10.320900000000000,340.956800000000044,-22.308300000000003,"Crater, craters",AA,Adopted by IAU,340.865499999999997,341.053699999999992,-22.394400000000001,-22.220300000000002,Malaysia,Asia,Margaritifer Sinus,mc19,http://planetarynames.wr.usgs.gov/Feature/694
205.7947,-23.2439,Bernard,Bernard,1985/01/01 00:00:00,"P.; French atmospheric scientist.",128.099999999999994,205.794700000000006,-23.243900000000000,"Crater, craters",AA,Adopted by IAU,204.622399999999999,206.974500000000006,-24.324900000000000,-22.163700000000002,France,Europe,Memnonia,mc16,http://planetarynames.wr.usgs.gov/Feature/705
322.398,-4.3959,Berseba,Berseba,1976/01/01 00:00:00,Town in Namibia.,36.830300000000001,322.398000000000025,-4.395900000000000,"Crater, craters",AA,Adopted by IAU,322.091900000000010,322.715100000000007,-4.706600000000000,-4.085300000000000,Namibia,Africa,Margaritifer Sinus,mc19,http://planetarynames.wr.usgs.gov/Feature/712
134.5281,41.7474,Bhor,Bhor,1979/01/01 00:00:00,Town in India.,5.725960000000000,134.528099999999995,41.747399999999999,"Crater, craters",AA,Adopted by IAU,134.466399999999993,134.595900000000000,41.699900000000000,41.796400000000006,India,Asia,Cebrenia,mc07,http://planetarynames.wr.usgs.gov/Feature/730
264.71,-63.8528,Bianchini,Bianchini,1973/01/01 00:00:00,"Francesco; Italian astronomer (1662-1729).",70.713800000000006,264.710000000000036,-63.852800000000002,"Crater, craters",AA,Adopted by IAU,263.366399999999999,266.073900000000037,-64.450400000000002,-63.257400000000004,Italy,Europe,Thaumasia,mc25,http://planetarynames.wr.usgs.gov/Feature/735
325.2493,-24.7779,Bigbee,Bigbee,1976/01/01 00:00:00,"Town in Mississippi, USA.",20.856400000000001,325.249300000000005,-24.777900000000002,"Crater, craters",AA,Adopted by IAU,325.057700000000011,325.445200000000000,-24.950300000000002,-24.598500000000001,United States,North America,Margaritifer Sinus,mc19,http://planetarynames.wr.usgs.gov/Feature/741
314.4591,25.097,Bira,Bira,1988/01/01 00:00:00,Town in Russia.,2.700870000000000,314.459100000000035,25.097000000000001,"Crater, craters",AA,Adopted by IAU,314.434100000000001,314.484399999999994,25.075200000000002,25.120800000000003,Russia,Europe,Lunae Palus,mc10,http://planetarynames.wr.usgs.gov/Feature/751
303.168,20.2244,Bise,Bise,1976/01/01 00:00:00,Town in Okinawa.,9.207960000000000,303.168000000000006,20.224399999999999,"Crater, craters",AA,Adopted by IAU,303.090700000000027,303.256200000000035,20.147000000000002,20.302400000000002,Japan,Asia,Lunae Palus,mc10,http://planetarynames.wr.usgs.gov/Feature/757
330.8519,-26.305,Bison,Bison,1976/01/01 00:00:00,"Town in Kansas, USA.",15.276999999999999,330.851900000000001,-26.305000000000000,"Crater, craters",AA,Adopted by IAU,330.709499999999991,330.997000000000014,-26.431900000000002,-26.174200000000003,United States,North America,Margaritifer Sinus,mc19,http://planetarynames.wr.usgs.gov/Feature/758
171.4831,-43.0126,Bjerknes,Bjerknes,1973/01/01 00:00:00,"Vilhelm F.; Norwegian physicist (1862-1951).",88.639189999999999,171.483100000000007,-43.012599999999999,"Crater, craters",AA,Adopted by IAU,170.460499999999996,172.505600000000015,-43.760300000000001,-42.264800000000001,Norway,Europe,Eridania,mc29,http://planetarynames.wr.usgs.gov/Feature/760
108.7559,18.2952,Bland,Bland,1988/01/01 00:00:00,"Town in Missouri, USA.",6.629640000000000,108.755900000000011,18.295200000000001,"Crater, craters",AA,Adopted by IAU,108.696700000000007,108.814500000000010,18.239599999999999,18.351400000000002,United States,North America,Amenthes,mc14,http://planetarynames.wr.usgs.gov/Feature/771
328.5436,21.5847,Bled,Bled,1976/01/01 00:00:00,Town in Slovenia.,7.693480000000000,328.543600000000026,21.584700000000002,"Crater, craters",AA,Adopted by IAU,328.474400000000003,328.614000000000033,21.520200000000003,21.650000000000002,Slovenia,Europe,Oxia Palus,mc11,http://planetarynames.wr.usgs.gov/Feature/774
339.0415,-25.8952,Blitta,Blitta,1976/01/01 00:00:00,Town in Togo.,12.954300000000000,339.041500000000042,-25.895200000000003,"Crater, craters",AA,Adopted by IAU,338.921100000000024,339.164100000000019,-26.004900000000003,-25.786400000000000,Togo,Africa,Margaritifer Sinus,mc19,http://planetarynames.wr.usgs.gov/Feature/777
304.1511,23.5952,Blois,Blois,1976/01/01 00:00:00,Town in France.,11.583700000000000,304.151100000000042,23.595200000000002,"Crater, craters",AA,Adopted by IAU,304.042399999999986,304.256200000000035,23.500000000000000,23.695500000000003,France,Europe,Lunae Palus,mc10,http://planetarynames.wr.usgs.gov/Feature/780
110.0296,23.466,Bluff,Bluff,1976/01/01 00:00:00,Town in New Zealand.,6.745110000000000,110.029600000000002,23.466000000000001,"Crater, craters",AA,Adopted by IAU,109.967600000000004,110.091600000000000,23.409100000000002,23.522900000000000,New Zealand,Oceania,Amenthes,mc14,http://planetarynames.wr.usgs.gov/Feature/781
162.4873,-14.8216,Boeddicker,Boeddicker,1973/01/01 00:00:00,"Otto; German astronomer (1853-1937).",107.117999999999995,162.487300000000005,-14.821600000000000,"Crater, craters",AA,Adopted by IAU,161.555499999999995,163.424900000000008,-15.725500000000000,-13.918300000000000,Germany,Europe,Aeolis,mc23,http://planetarynames.wr.usgs.gov/Feature/791
331.1954,-24.1642,Bogra,Bogra,1976/01/01 00:00:00,Town in Bangladesh.,21.308700000000002,331.195400000000006,-24.164200000000001,"Crater, craters",AA,Adopted by IAU,331.004500000000007,331.398500000000013,-24.344300000000000,-23.984800000000000,Bangladesh,Asia,Margaritifer Sinus,mc19,http://planetarynames.wr.usgs.gov/Feature/795
328.3966,20.5796,Bok,Bok,1976/01/01 00:00:00,Town in Papua New Guinea.,7.338890000000000,328.396600000000035,20.579599999999999,"Crater, craters",AA,Adopted by IAU,328.331600000000037,328.463900000000024,20.519200000000001,20.643100000000000,Papua New Guinea,Oceania,Oxia Palus,mc11,http://planetarynames.wr.usgs.gov/Feature/801
306.0054,25.3544,Bole,Bole,1976/01/01 00:00:00,Town in Ghana.,8.538700000000000,306.005400000000009,25.354400000000002,"Crater, craters",AA,Adopted by IAU,305.931399999999996,306.090800000000002,25.282800000000002,25.426900000000000,Ghana,Africa,Lunae Palus,mc10,http://planetarynames.wr.usgs.gov/Feature/802
106.134,-27.6021,Bombala,Bombala,1991/01/01 00:00:00,"Town in New S. Wales, Australia.",37.142699999999998,106.134000000000000,-27.602100000000000,"Crater, craters",AA,Adopted by IAU,105.782499999999999,106.489600000000010,-27.915900000000001,-27.289300000000001,Australia,Oceania,Mare Tyrrhenum,mc22,http://planetarynames.wr.usgs.gov/Feature/807
326.3175,18.1682,Bor,Bor,1976/01/01 00:00:00,Town in Russia.,4.275070000000000,326.317499999999995,18.168200000000002,"Crater, craters",AA,Adopted by IAU,326.279600000000016,326.355500000000006,18.132100000000001,18.204200000000000,Russia,Europe,Oxia Palus,mc11,http://planetarynames.wr.usgs.gov/Feature/819
324.0606,-32.7946,Bond,Bond,1973/01/01 00:00:00,"George P.; American astronomer (1825-1865).",104.691999999999993,324.060600000000022,-32.794600000000003,"Crater, craters",AA,Adopted by IAU,323.016600000000039,325.117700000000013,-33.678300000000000,-31.912000000000003,American,North America,Argyre,mc26,http://planetarynames.wr.usgs.gov/Feature/811
329.6071,41.9979,Bonestell,Bonestell,1997/01/01 00:00:00,"Chesley; American space artist (1888-1986).",40.672300000000000,329.607100000000003,41.997900000000001,"Crater, craters",AA,Adopted by IAU,329.152899999999988,330.076300000000003,41.655500000000004,42.341700000000003,American,North America,Mare Acidalium,mc04,http://planetarynames.wr.usgs.gov/Feature/814
332.1295,-24.3431,Boru,Boru,1976/01/01 00:00:00,Town in Russia.,10.873030000000000,332.129500000000007,-24.343100000000000,"Crater, craters",AA,Adopted by IAU,332.028799999999990,332.230099999999993,-24.434900000000003,-24.251400000000000,Russia,Europe,Margaritifer Sinus,mc19,http://planetarynames.wr.usgs.gov/Feature/830
299.2615,-13.3654,Coprates Chasma,Coprates Chasma,1973/01/01 00:00:00,Classical albedo feature name.,958.311159999999973,299.261500000000012,-13.365400000000001,"Chasma, chasmata",CM,Adopted by IAU,291.036000000000001,307.437299999999993,-16.263000000000002,-10.321900000000001,Greek,Europe,Coprates,mc18,http://planetarynames.wr.usgs.gov/Feature/1302
308.5457,-40.6221,Turbi,Turbi,1976/01/01 00:00:00,Town in Kenya.,30.588000000000001,308.545700000000011,-40.622100000000003,"Crater, craters",AA,Adopted by IAU,308.212600000000009,308.892400000000009,-40.880800000000001,-40.364800000000002,Kenya,Africa,Argyre,mc26,http://planetarynames.wr.usgs.gov/Feature/6138
27.2666,-18.4611,Bouguer,Bouguer,1973/01/01 00:00:00,"Pierre; French physicist-hydrographer (1698-1758).",107.783779999999993,27.266600000000000,-18.461100000000002,"Crater, craters",AA,Adopted by IAU,26.308400000000002,28.225300000000001,-19.370300000000000,-17.552000000000000,France,Europe,Sinus Sabaeus,mc20,http://planetarynames.wr.usgs.gov/Feature/840
111.3189,-22.8855,Boulia,Boulia,1991/01/01 00:00:00,"Town in Queensland, Australia.",9.991379999999999,111.318899999999999,-22.885500000000000,"Crater, craters",AA,Adopted by IAU,111.229399999999998,111.412400000000005,-22.970200000000002,-22.801600000000001,Australia,Oceania,Mare Tyrrhenum,mc22,http://planetarynames.wr.usgs.gov/Feature/842
313.0679,22.0904,Bristol,Bristol,1979/01/01 00:00:00,English port.,2.999230000000000,313.067900000000009,22.090400000000002,"Crater, craters",AA,Adopted by IAU,313.042900000000031,313.097500000000025,22.067800000000002,22.118400000000001,Great Britain,Europe,Lunae Palus,mc10,http://planetarynames.wr.usgs.gov/Feature/884
327.8209,-44.1384,Bozkir,Bozkir,1976/01/01 00:00:00,Town in Turkey.,79.892730000000000,327.820899999999995,-44.138400000000004,"Crater, craters",AA,Adopted by IAU,326.881500000000017,328.759500000000003,-44.812300000000000,-43.464500000000001,Turkey,Asia,Argyre,mc26,http://planetarynames.wr.usgs.gov/Feature/853
303.1055,23.514,Broach,Broach,1976/01/01 00:00:00,Town in India.,11.307499999999999,303.105500000000006,23.514000000000003,"Crater, craters",AA,Adopted by IAU,302.998300000000029,303.206400000000031,23.419000000000000,23.609700000000000,India,Asia,Lunae Palus,mc10,http://planetarynames.wr.usgs.gov/Feature/886
240.972,-53.8149,Brashear,Brashear,1973/01/01 00:00:00,"John A.; American astronomer (1840-1920).",77.445099999999996,240.972000000000008,-53.814900000000002,"Crater, craters",AA,Adopted by IAU,239.872300000000024,242.085500000000025,-54.469100000000005,-53.162500000000001,American,North America,Thaumasia,mc25,http://planetarynames.wr.usgs.gov/Feature/865
311.358,23.698,Bremerhaven,Bremerhaven,1979/01/01 00:00:00,German port.,2.687940000000000,311.358000000000004,23.698000000000000,"Crater, craters",AA,Adopted by IAU,311.332899999999995,311.382400000000018,23.675700000000003,23.721100000000000,Germany,Europe,Lunae Palus,mc10,http://planetarynames.wr.usgs.gov/Feature/872
89.6824,-9.9784,Briault,Briault,1973/01/01 00:00:00,"P.; French astronomer (d. 1922).",93.057500000000005,89.682400000000001,-9.978400000000001,"Crater, craters",AA,Adopted by IAU,88.886800000000008,90.481000000000009,-10.763600000000000,-9.193600000000000,France,Europe,Iapygia,mc21,http://planetarynames.wr.usgs.gov/Feature/876
312.9214,21.8959,Bridgetown,Bridgetown,1979/01/01 00:00:00,Port of Barbados.,1.572280000000000,312.921400000000006,21.895900000000001,"Crater, craters",AA,Adopted by IAU,312.907000000000039,312.935600000000022,21.881900000000002,21.908400000000000,Barbados,North America,Lunae Palus,mc10,http://planetarynames.wr.usgs.gov/Feature/878
304.7941,-10.7036,Bronkhorst,Bronkhorst,2006/01/01 00:00:00,Town in The Netherlands.,17.747209999999999,304.794100000000014,-10.703600000000000,"Crater, craters",AA,Adopted by IAU,304.641799999999989,304.946500000000015,-10.853300000000001,-10.553800000000001,The Netherlands (Dutch),Europe,Coprates,mc18,http://planetarynames.wr.usgs.gov/Feature/888
111.3384,21.7001,Brush,Brush,1976/01/01 00:00:00,"Town in Colorado, USA.",6.487580000000000,111.338400000000007,21.700100000000003,"Crater, craters",AA,Adopted by IAU,111.279499999999999,111.397300000000001,21.645300000000002,21.754799999999999,United States,North America,Amenthes,mc14,http://planetarynames.wr.usgs.gov/Feature/901
134.5187,50.358,Bulhar,Bulhar,1979/01/01 00:00:00,Town in Somalia.,18.236400000000000,134.518699999999995,50.358000000000004,"Crater, craters",AA,Adopted by IAU,134.281200000000013,134.763400000000019,50.205100000000002,50.512700000000002,Somalia,Africa,Cebrenia,mc07,http://planetarynames.wr.usgs.gov/Feature/915
311.408,-33.8171,Bunge,Bunge,1979/01/01 00:00:00,"Andrey Aleksandrovich; Russian zoologist, permafrost investigator (Late 19th century), and Nicolai A.; Russian chemist.",70.833200000000005,311.408000000000015,-33.817100000000003,"Crater, craters",AA,Adopted by IAU,310.695200000000000,312.133500000000026,-34.415199999999999,-33.220199999999998,Russia,Europe,Argyre,mc26,http://planetarynames.wr.usgs.gov/Feature/919
327.5881,-23.2487,Buta,Buta,1979/01/01 00:00:00,Town in Zaire.,11.273300000000001,327.588099999999997,-23.248699999999999,"Crater, craters",AA,Adopted by IAU,327.485400000000027,327.692400000000021,-23.341600000000000,-23.151400000000002,Zaire,Africa,Margaritifer Sinus,mc19,http://planetarynames.wr.usgs.gov/Feature/931
117.0992,-72.2898,Burroughs,Burroughs,1973/01/01 00:00:00,"Edgar R.; American novelist (1875-1950).",112.687079999999995,117.099200000000010,-72.289800000000000,"Crater, craters",AA,Adopted by IAU,113.954599999999999,120.243800000000007,-73.246000000000009,-71.333600000000004,American,North America,Mare Australe,mc30,http://planetarynames.wr.usgs.gov/Feature/928
203.669,-13.8805,Burton,Burton,1973/01/01 00:00:00,"Charles E.; British astronomer (1846-1882).",119.265000000000001,203.669000000000011,-13.880500000000001,"Crater, craters",AA,Adopted by IAU,202.636200000000002,204.708799999999997,-14.886800000000001,-12.874700000000001,Great Britain,Europe,Memnonia,mc16,http://planetarynames.wr.usgs.gov/Feature/929
321.0858,-5.0827,Butte,Butte,1976/01/01 00:00:00,"Town in Montana, USA.",12.545999999999999,321.085800000000006,-5.082700000000000,"Crater, craters",AA,Adopted by IAU,320.985000000000014,321.197499999999991,-5.188600000000000,-4.976900000000001,United States,North America,Margaritifer Sinus,mc19,http://planetarynames.wr.usgs.gov/Feature/936
127.83,-65.2216,Byrd,Byrd,1976/01/01 00:00:00,"Richard Edwin; American aviator-explorer (1888-1975).",123.274000000000001,127.830000000000013,-65.221600000000009,"Crater, craters",AA,Adopted by IAU,125.353300000000004,130.317000000000007,-66.262600000000006,-64.182800000000000,American,North America,Mare Australe,mc30,http://planetarynames.wr.usgs.gov/Feature/942
326.0484,-4.9731,Byske,Byske,1976/01/01 00:00:00,Town in Sweden.,12.561710000000000,326.048400000000015,-4.973100000000001,"Crater, craters",AA,Adopted by IAU,325.942000000000007,326.154699999999991,-5.079100000000000,-4.867100000000001,Sweden,Europe,Margaritifer Sinus,mc19,http://planetarynames.wr.usgs.gov/Feature/945
312.5427,23.5647,Cairns,Cairns,1976/01/01 00:00:00,Town in Australia.,8.734510000000000,312.542700000000025,23.564700000000002,"Crater, craters",AA,Adopted by IAU,312.463200000000029,312.623899999999992,23.491400000000002,23.638800000000000,Australia,Oceania,Lunae Palus,mc10,http://planetarynames.wr.usgs.gov/Feature/961
321.349,26.4568,Calahorra,Calahorra,1997/01/01 00:00:00,Town in Spain.,34.221299999999999,321.348999999999990,26.456800000000001,"Crater, craters",AA,Adopted by IAU,321.026499999999999,321.671400000000006,26.168500000000002,26.745900000000002,Spain,Europe,Oxia Palus,mc11,http://planetarynames.wr.usgs.gov/Feature/966
305.1268,18.2749,Calamar,Calamar,1988/01/01 00:00:00,Town in Colombia.,7.213640000000000,305.126800000000003,18.274900000000002,"Crater, craters",AA,Adopted by IAU,305.068100000000015,305.196300000000008,18.214400000000001,18.336100000000002,Colombia,South and Central America,Lunae Palus,mc10,http://planetarynames.wr.usgs.gov/Feature/969
331.1271,-25.1365,Calbe,Calbe,1976/01/01 00:00:00,Town in Germany.,13.143300000000000,331.127100000000041,-25.136500000000002,"Crater, craters",AA,Adopted by IAU,331.004000000000019,331.249000000000024,-25.246800000000000,-25.025100000000002,Germany,Europe,Margaritifer Sinus,mc19,http://planetarynames.wr.usgs.gov/Feature/970
109.6418,17.6993,Camargo,Camargo,1988/01/01 00:00:00,Town in Bolivia.,4.772350000000000,109.641800000000003,17.699300000000001,"Crater, craters",AA,Adopted by IAU,109.599500000000006,109.684000000000012,17.659000000000002,17.739500000000000,Bolivia,South and Central America,Amenthes,mc14,http://planetarynames.wr.usgs.gov/Feature/982
322.0012,-0.7139,Camiling,Camiling,1976/01/01 00:00:00,Town in the Philippines.,21.910299999999999,322.001200000000040,-0.713900000000000,"Crater, craters",AA,Adopted by IAU,321.821799999999996,322.191399999999987,-0.898700000000000,-0.529100000000000,Philippines,Asia,Margaritifer Sinus,mc19,http://planetarynames.wr.usgs.gov/Feature/987
317.828,-44.6547,Camiri,Camiri,1976/01/01 00:00:00,Town in Bolivia.,31.364000000000001,317.828000000000031,-44.654700000000005,"Crater, craters",AA,Adopted by IAU,317.463600000000042,318.207500000000039,-44.920000000000002,-44.390900000000002,Bolivia,South and Central America,Argyre,mc26,http://planetarynames.wr.usgs.gov/Feature/988
165.581,-54.2541,Campbell,Campbell,1973/01/01 00:00:00,"John W.; Canadian physicist (1889-1955). William W.; American astronomer (1862-1938).",125.260000000000005,165.581000000000017,-54.254100000000001,"Crater, craters",AA,Adopted by IAU,163.776900000000012,167.394599999999997,-55.311600000000006,-53.198399999999999,American,North America,Eridania,mc29,http://planetarynames.wr.usgs.gov/Feature/991
332.1858,-21.7981,Campos,Campos,1976/01/01 00:00:00,Town in Brazil.,8.247180000000000,332.185800000000029,-21.798100000000002,"Crater, craters",AA,Adopted by IAU,332.108499999999992,332.258399999999995,-21.865600000000001,-21.726500000000001,Brazil,South and Central America,Margaritifer Sinus,mc19,http://planetarynames.wr.usgs.gov/Feature/992
345.4149,48.2065,Can,Can,1976/01/01 00:00:00,Town in Turkey.,8.619560000000000,345.414899999999989,48.206500000000005,"Crater, craters",AA,Adopted by IAU,345.304700000000025,345.522899999999993,48.136600000000001,48.282000000000004,Turkey,Asia,Mare Acidalium,mc04,http://planetarynames.wr.usgs.gov/Feature/995
132.662,47.2032,Canberra,Canberra,1979/01/01 00:00:00,Australian tracking site.,3.099210000000000,132.662000000000006,47.203200000000002,"Crater, craters",AA,Adopted by IAU,132.624300000000005,132.701200000000000,47.177900000000001,47.230100000000000,Australia,Oceania,Cebrenia,mc07,http://planetarynames.wr.usgs.gov/Feature/997
270.4087,41.8456,Cangwu,Cangwu,1991/01/01 00:00:00,Town in China.,13.638500000000001,270.408700000000010,41.845600000000005,"Crater, craters",AA,Adopted by IAU,270.260400000000004,270.569200000000023,41.731200000000001,41.961300000000001,China,Asia,Arcadia,mc03,http://planetarynames.wr.usgs.gov/Feature/1003
299.3796,21.3641,Canso,Canso,1988/01/01 00:00:00,"Town in Nova Scotia, Canada.",26.416300000000000,299.379600000000039,21.364100000000001,"Crater, craters",AA,Adopted by IAU,299.134900000000016,299.613400000000013,21.141700000000000,21.587300000000003,Canada,North America,Lunae Palus,mc10,http://planetarynames.wr.usgs.gov/Feature/1006
342.0276,-23.2527,Cartago,Cartago,1976/01/01 00:00:00,Town in Costa Rica.,36.570399999999999,342.027600000000007,-23.252700000000001,"Crater, craters",AA,Adopted by IAU,341.698200000000043,342.369700000000023,-23.561600000000002,-22.944600000000001,Costa Rica,South and Central America,Margaritifer Sinus,mc19,http://planetarynames.wr.usgs.gov/Feature/1034
32.1103,23.3513,Cassini,Cassini,1973/01/01 00:00:00,"Giovanni; Italian astronomer (1625-1712).",408.230999999999995,32.110300000000002,23.351300000000002,"Crater, craters",AA,Adopted by IAU,28.359300000000001,35.862500000000004,19.907600000000002,26.795800000000000,Italy,Europe,Arabia,mc12,http://planetarynames.wr.usgs.gov/Feature/1046
175.3002,-14.6992,Castril,Castril,2006/01/01 00:00:00,Town in Spain.,2.193940000000000,175.300200000000018,-14.699200000000001,"Crater, craters",AA,Adopted by IAU,175.281400000000019,175.319600000000008,-14.717300000000000,-14.680300000000001,Spain,Europe,Aeolis,mc23,http://planetarynames.wr.usgs.gov/Feature/1051
324.3609,21.6143,Cave,Cave,1976/01/01 00:00:00,Town in New Zealand.,8.197030000000000,324.360900000000015,21.614300000000000,"Crater, craters",AA,Adopted by IAU,324.286600000000021,324.435300000000041,21.545200000000001,21.683500000000002,New Zealand,Oceania,Oxia Palus,mc11,http://planetarynames.wr.usgs.gov/Feature/1084
259.3195,-28.9543,Caxias,Caxias,1991/01/01 00:00:00,Town in Brazil.,25.881699999999999,259.319500000000005,-28.954300000000000,"Crater, craters",AA,Adopted by IAU,259.074999999999989,259.574000000000012,-29.173100000000002,-28.736400000000000,Brazil,South and Central America,Phoenicis Lacus,mc17,http://planetarynames.wr.usgs.gov/Feature/1091
89.8581,-31.1875,Cañas,Canas,1991/01/01 00:00:00,Town in Puerto Rico.,41.523600000000002,89.858100000000007,-31.187500000000000,"Crater, craters",AA,Adopted by IAU,89.450500000000005,90.269300000000001,-31.538300000000003,-30.837800000000001,Puerto Rico,North America,Hellas,mc28,http://planetarynames.wr.usgs.gov/Feature/1094
22.1161,32.2019,Cerulli,Cerulli,1973/01/01 00:00:00,"Vicenzo; Italian astronomer (1859-1927).",114.280000000000001,22.116099999999999,32.201900000000002,"Crater, craters",AA,Adopted by IAU,20.977300000000000,23.255800000000001,31.238400000000002,33.166400000000003,Italy,Europe,Ismenius Lacus,mc05,http://planetarynames.wr.usgs.gov/Feature/1112
102.4098,15.1013,Chafe,Chafe,1988/01/01 00:00:00,Town in Nigeria.,4.667440000000000,102.409800000000004,15.101300000000000,"Crater, craters",AA,Adopted by IAU,102.369000000000000,102.450600000000009,15.061900000000001,15.140700000000001,Nigeria,Africa,Amenthes,mc14,http://planetarynames.wr.usgs.gov/Feature/1119
235.7089,-65.8441,Chamberlin,Chamberlin,1973/01/01 00:00:00,"Thomas C.; American geologist (1843-1928).",120.245999999999995,235.708900000000000,-65.844099999999997,"Crater, craters",AA,Adopted by IAU,233.239600000000024,238.197500000000019,-66.859300000000005,-64.831000000000003,American,North America,Mare Australe,mc30,http://planetarynames.wr.usgs.gov/Feature/1130
302.6605,23.4704,Changsŏng,Changsong,1976/01/01 00:00:00,Town in the Democratic People's Republic of Korea.,33.542800000000000,302.660500000000013,23.470400000000001,"Crater, craters",AA,Adopted by IAU,302.348800000000040,302.965800000000002,23.194800000000001,23.760700000000000,Democratic People's Republic of Korea,Asia,Lunae Palus,mc10,http://planetarynames.wr.usgs.gov/Feature/1137
339.446,-22.3457,Chapais,Chapais,1976/01/01 00:00:00,"Town in Quebec, Canada.",36.669400000000003,339.446000000000026,-22.345700000000001,"Crater, craters",AA,Adopted by IAU,339.117799999999988,339.786600000000021,-22.655400000000000,-22.036799999999999,Canada,North America,Margaritifer Sinus,mc19,http://planetarynames.wr.usgs.gov/Feature/1141
191.5322,-68.5606,Charlier,Charlier,1973/01/01 00:00:00,"Carl V.; Swedish astronomer (1862-1934).",106.277000000000001,191.532200000000017,-68.560600000000008,"Crater, craters",AA,Adopted by IAU,189.087600000000009,193.994500000000016,-69.458300000000008,-67.665199999999999,Sweden,Europe,Mare Australe,mc30,http://planetarynames.wr.usgs.gov/Feature/1154
276.0128,38.1544,Charlieu,Charlieu,1991/01/01 00:00:00,Town in France.,18.628100000000000,276.012800000000027,38.154400000000003,"Crater, craters",AA,Adopted by IAU,275.808800000000019,276.208500000000015,37.998000000000005,38.312200000000004,France,Europe,Arcadia,mc03,http://planetarynames.wr.usgs.gov/Feature/1155
265.0567,35.3801,Chatturat,Chatturat,1991/01/01 00:00:00,Town in Thailand.,7.839560000000000,265.056700000000035,35.380099999999999,"Crater, craters",AA,Adopted by IAU,264.990600000000029,265.122900000000016,35.317500000000003,35.442700000000002,Thailand,Asia,Arcadia,mc03,http://planetarynames.wr.usgs.gov/Feature/1162
304.0905,23.3532,Chauk,Chauk,1976/01/01 00:00:00,Town in Burma.,9.968460000000000,304.090500000000020,23.353200000000001,"Crater, craters",AA,Adopted by IAU,303.999200000000030,304.182400000000030,23.269500000000001,23.437700000000000,Burma,Asia,Lunae Palus,mc10,http://planetarynames.wr.usgs.gov/Feature/1164
340.5567,-24.1962,Cheb,Cheb,1976/01/01 00:00:00,Town in the Czech Republic.,8.276009999999999,340.556700000000035,-24.196200000000001,"Crater, craters",AA,Adopted by IAU,340.480200000000025,340.633300000000020,-24.266000000000002,-24.126300000000001,Czech Republic,Europe,Margaritifer Sinus,mc19,http://planetarynames.wr.usgs.gov/Feature/1166
112.2416,-22.9122,Chefu,Chefu,1991/01/01 00:00:00,Town in Mozambique.,11.273899999999999,112.241600000000005,-22.912200000000002,"Crater, craters",AA,Adopted by IAU,112.140400000000000,112.346900000000005,-23.007700000000000,-22.817500000000003,Mozambique,Africa,Mare Tyrrhenum,mc22,http://planetarynames.wr.usgs.gov/Feature/1169
333.1915,-24.2753,Chekalin,Chekalin,1976/01/01 00:00:00,Town in Russia.,87.784660000000002,333.191500000000019,-24.275300000000001,"Crater, craters",AA,Adopted by IAU,332.379799999999989,334.004400000000032,-25.015800000000002,-23.534800000000001,Russia,Europe,Margaritifer Sinus,mc19,http://planetarynames.wr.usgs.gov/Feature/1170
300.347,1.571,Chia,Chia,1985/01/01 00:00:00,Town in Spain.,91.908900000000003,300.347000000000037,1.571000000000000,"Crater, craters",AA,Adopted by IAU,299.576500000000010,301.127700000000004,0.795800000000000,2.346300000000000,Spain,Europe,Lunae Palus,mc10,http://planetarynames.wr.usgs.gov/Feature/1177
320.3171,-1.4233,Chimbote,Chimbote,1976/01/01 00:00:00,Town in Peru.,62.860700000000001,320.317100000000039,-1.423300000000000,"Crater, craters",AA,Adopted by IAU,319.792100000000005,320.852900000000034,-1.953600000000000,-0.893100000000000,Peru,South and Central America,Margaritifer Sinus,mc19,http://planetarynames.wr.usgs.gov/Feature/1181
124.1163,41.2045,Chincoteague,Chincoteague,1979/01/01 00:00:00,"Town in Virginia, USA.",34.030900000000003,124.116300000000010,41.204500000000003,"Crater, craters",AA,Adopted by IAU,123.737600000000000,124.500600000000006,40.918199999999999,41.492300000000000,United States,North America,Cebrenia,mc07,http://planetarynames.wr.usgs.gov/Feature/1183
317.8567,-4.5162,Chinju,Chinju,1976/01/01 00:00:00,Town in the Republic of Korea.,65.709130000000002,317.856699999999989,-4.516200000000000,"Crater, craters",AA,Adopted by IAU,317.300600000000031,318.412599999999998,-5.070700000000000,-3.962200000000000,Republic of Korea,Asia,Margaritifer Sinus,mc19,http://planetarynames.wr.usgs.gov/Feature/1185
304.541,22.5022,Chinook,Chinook,1976/01/01 00:00:00,"Town in Alberta, Canada.",18.102599999999999,304.540999999999997,22.502200000000002,"Crater, craters",AA,Adopted by IAU,304.374300000000005,304.704900000000009,22.353899999999999,22.659300000000002,Canada,North America,Lunae Palus,mc10,http://planetarynames.wr.usgs.gov/Feature/1186
303.9867,21.6819,Chive,Chive,1976/01/01 00:00:00,Town in Bolivia.,9.096550000000001,303.986700000000042,21.681900000000002,"Crater, craters",AA,Adopted by IAU,303.905599999999993,304.070800000000020,21.606900000000000,21.760400000000001,Bolivia,South and Central America,Lunae Palus,mc10,http://planetarynames.wr.usgs.gov/Feature/1188
322.7574,-41.1856,Choctaw,Choctaw,1976/01/01 00:00:00,"Town in Ohio, USA.",23.959399999999999,322.757400000000018,-41.185600000000001,"Crater, craters",AA,Adopted by IAU,322.496100000000013,323.033200000000022,-41.388400000000004,-40.984200000000001,United States,North America,Argyre,mc26,http://planetarynames.wr.usgs.gov/Feature/1193
357.4849,38.5741,Chom,Chom,1976/01/01 00:00:00,Town in China (Tibet).,5.579710000000000,357.484900000000039,38.574100000000001,"Crater, craters",AA,Adopted by IAU,357.424700000000030,357.545099999999991,38.527700000000003,38.621800000000000,Tibet,Asia,Mare Acidalium,mc04,http://planetarynames.wr.usgs.gov/Feature/1195
330.6943,16.9344,Chur,Chur,1976/01/01 00:00:00,Town in Russia.,4.391720000000000,330.694299999999998,16.934400000000000,"Crater, craters",AA,Adopted by IAU,330.655700000000024,330.733100000000036,16.899400000000000,16.973500000000001,Russia,Europe,Oxia Palus,mc11,http://planetarynames.wr.usgs.gov/Feature/1212
334.4745,-22.1717,Circle,Circle,1976/01/01 00:00:00,"Town in Montana, USA.",11.796099999999999,334.474500000000035,-22.171700000000001,"Crater, craters",AA,Adopted by IAU,334.367099999999994,334.581999999999994,-22.271200000000000,-22.072200000000002,United States,North America,Margaritifer Sinus,mc19,http://planetarynames.wr.usgs.gov/Feature/1221
307.9549,21.4659,Clova,Clova,1988/01/01 00:00:00,"Town in Quebec, Canada.",7.753510000000000,307.954900000000009,21.465900000000001,"Crater, craters",AA,Adopted by IAU,307.884600000000034,308.025100000000009,21.400500000000001,21.531300000000002,Canada,North America,Lunae Palus,mc10,http://planetarynames.wr.usgs.gov/Feature/1251
226.796,-55.1437,Clark,Clark,1973/01/01 00:00:00,"Alvan; American optician-astronomer (1804-1887).",97.503299999999996,226.796000000000021,-55.143700000000003,"Crater, craters",AA,Adopted by IAU,225.363200000000006,228.242300000000000,-55.967100000000002,-54.322200000000002,American,North America,Phaethontis,mc24,http://planetarynames.wr.usgs.gov/Feature/1233
312.332,20.5633,Clogh,Clogh,1976/01/01 00:00:00,Town in Ireland.,11.204000000000001,312.331999999999994,20.563300000000002,"Crater, craters",AA,Adopted by IAU,312.228400000000022,312.430200000000013,20.469100000000001,20.658100000000001,Ireland,Europe,Lunae Palus,mc10,http://planetarynames.wr.usgs.gov/Feature/1247
332.6978,-23.8646,Cluny,Cluny,1976/01/01 00:00:00,Town in France.,14.841400000000000,332.697800000000029,-23.864599999999999,"Crater, craters",AA,Adopted by IAU,332.562500000000000,332.836299999999994,-23.990200000000002,-23.739800000000002,France,Europe,Margaritifer Sinus,mc19,http://planetarynames.wr.usgs.gov/Feature/1252
332.9666,-25.7878,Cobalt,Cobalt,1976/01/01 00:00:00,"Town in Connecticut, USA.",10.528000000000000,332.966600000000028,-25.787800000000001,"Crater, craters",AA,Adopted by IAU,332.867999999999995,333.065200000000004,-25.876600000000000,-25.698900000000002,United States,North America,Margaritifer Sinus,mc19,http://planetarynames.wr.usgs.gov/Feature/1255
269.6919,-54.8999,Coblentz,Coblentz,1973/01/01 00:00:00,"William W.; American physicist (1873-1962).",101.753760000000000,269.691900000000032,-54.899900000000002,"Crater, craters",AA,Adopted by IAU,268.221900000000005,271.177799999999991,-55.690400000000004,-54.125600000000006,American,North America,Thaumasia,mc25,http://planetarynames.wr.usgs.gov/Feature/1257
206.402,-11.6966,Cobres,Cobres,1985/01/01 00:00:00,Village in Argentina.,93.763300000000001,206.402000000000015,-11.696600000000000,"Crater, craters",AA,Adopted by IAU,205.597900000000010,207.213300000000004,-12.487700000000000,-10.905900000000001,Argentina,South and Central America,Memnonia,mc16,http://planetarynames.wr.usgs.gov/Feature/1258
194.0179,-29.2933,Columbus,Columbus,1976/01/01 00:00:00,"Christopher; Italian explorer (1451-1506).",112.600880000000004,194.017899999999997,-29.293300000000002,"Crater, craters",AA,Adopted by IAU,192.928799999999995,195.106800000000021,-30.243100000000002,-28.343500000000002,Italy,Europe,Memnonia,mc16,http://planetarynames.wr.usgs.gov/Feature/1274
201.488,-19.59,Comas Sola,Comas Sola,1973/01/01 00:00:00,"Jose; Spanish astronomer (1868-1937).",120.234999999999999,201.488000000000000,-19.590000000000000,"Crater, craters",AA,Adopted by IAU,200.415100000000024,202.568100000000015,-20.604600000000001,-18.576100000000000,Spain,Europe,Memnonia,mc16,http://planetarynames.wr.usgs.gov/Feature/1276
325.7972,-4.2237,Conches,Conches,1976/01/01 00:00:00,Town in France.,20.885600000000000,325.797200000000032,-4.223700000000000,"Crater, craters",AA,Adopted by IAU,325.616399999999999,325.969699999999989,-4.399900000000001,-4.047600000000000,France,Europe,Margaritifer Sinus,mc19,http://planetarynames.wr.usgs.gov/Feature/1283
325.9796,16.5251,Concord,Concord,1976/01/01 00:00:00,"Town in Massachusetts, USA.",20.460000000000001,325.979600000000005,16.525100000000002,"Crater, craters",AA,Adopted by IAU,325.800700000000006,326.160700000000020,16.353800000000000,16.698900000000002,United States,North America,Oxia Palus,mc11,http://planetarynames.wr.usgs.gov/Feature/1284
251.6501,-23.686,Cooma,Cooma,1991/01/01 00:00:00,"Town in New South Wales, Australia.",17.850989999999999,251.650100000000009,-23.686000000000000,"Crater, craters",AA,Adopted by IAU,251.485700000000008,251.814500000000010,-23.836700000000000,-23.535500000000003,Australia,Oceania,Phoenicis Lacus,mc17,http://planetarynames.wr.usgs.gov/Feature/1293
191.172,-48.8446,Copernicus,Copernicus,1973/01/01 00:00:00,"Nicolaus; Polish astronomer (1473-1543).",301.831000000000017,191.171999999999997,-48.844600000000000,"Crater, craters",AA,Adopted by IAU,187.306100000000015,195.047700000000020,-51.391700000000000,-46.299199999999999,Poland,Europe,Phaethontis,mc24,http://planetarynames.wr.usgs.gov/Feature/1297
137.5615,42.8755,Corby,Corby,1979/01/01 00:00:00,Town in England.,6.618730000000000,137.561499999999995,42.875500000000002,"Crater, craters",AA,Adopted by IAU,137.488400000000013,137.640800000000013,42.820399999999999,42.932100000000005,England,Europe,Cebrenia,mc07,http://planetarynames.wr.usgs.gov/Feature/1307
104.0197,14.9787,Cost,Cost,1976/01/01 00:00:00,"Town in Texas, USA.",11.065200000000001,104.019700000000000,14.978700000000000,"Crater, craters",AA,Adopted by IAU,103.924900000000008,104.118200000000002,14.885600000000000,15.072300000000000,United States,North America,Amenthes,mc14,http://planetarynames.wr.usgs.gov/Feature/1319
343.8819,44.0958,Cray,Cray,1976/01/01 00:00:00,Town in England.,6.982730000000000,343.881900000000030,44.095800000000004,"Crater, craters",AA,Adopted by IAU,343.801100000000019,343.965100000000007,44.039700000000003,44.157499999999999,England,Europe,Mare Acidalium,mc04,http://planetarynames.wr.usgs.gov/Feature/1326
321.1484,-6.0473,Creel,Creel,1976/01/01 00:00:00,Town in Mexico.,9.189450000000001,321.148400000000038,-6.047300000000000,"Crater, craters",AA,Adopted by IAU,321.070600000000013,321.226499999999987,-6.124400000000001,-5.969400000000000,Mexico,North America,Margaritifer Sinus,mc19,http://planetarynames.wr.usgs.gov/Feature/1327
340.4731,-24.8409,Crewe,Crewe,1976/01/01 00:00:00,Town in England.,3.680830000000000,340.473099999999988,-24.840900000000001,"Crater, craters",AA,Adopted by IAU,340.438899999999990,340.507300000000043,-24.871900000000000,-24.809800000000003,Great Britain,Europe,Margaritifer Sinus,mc19,http://planetarynames.wr.usgs.gov/Feature/1332
174.789,-14.5507,Crivitz,Crivitz,2003/01/01 00:00:00,Town in Germany.,6.194580000000000,174.789000000000016,-14.550700000000001,"Crater, craters",AA,Adopted by IAU,174.738000000000000,174.846000000000004,-14.603200000000001,-14.498700000000001,Germany,Europe,Aeolis,mc23,http://planetarynames.wr.usgs.gov/Feature/1335
349.863,5.0776,Crommelin,Crommelin,1973/01/01 00:00:00,"Andrew C.; British astronomer (1865-1939).",110.082999999999998,349.863000000000000,5.077600000000000,"Crater, craters",AA,Adopted by IAU,348.936700000000030,350.801199999999994,4.149100000000000,6.006300000000000,Great Britain,Europe,Oxia Palus,mc11,http://planetarynames.wr.usgs.gov/Feature/1338
163.0256,-42.9125,Cruls,Cruls,1973/01/01 00:00:00,"Luiz; Brazilian astronomer (1848-1908).",87.892200000000003,163.025599999999997,-42.912500000000001,"Crater, craters",AA,Adopted by IAU,162.017300000000006,164.041500000000013,-43.654600000000002,-42.171800000000005,Brazil,South and Central America,Eridania,mc29,http://planetarynames.wr.usgs.gov/Feature/1341
358.0337,38.4634,Cruz,Cruz,1976/01/01 00:00:00,Town in Venezuela.,5.326070000000000,358.033700000000010,38.463400000000000,"Crater, craters",AA,Adopted by IAU,357.976300000000037,358.091100000000040,38.418500000000002,38.508299999999998,Venezuela,South and Central America,Mare Acidalium,mc04,http://planetarynames.wr.usgs.gov/Feature/1342
93.2284,-35.8354,Cue,Cue,1991/01/01 00:00:00,Town in Western Australia.,10.541700000000001,93.228400000000008,-35.835400000000000,"Crater, craters",AA,Adopted by IAU,93.120699999999999,93.340000000000003,-35.924900000000001,-35.747100000000003,Australia,Oceania,Hellas,mc28,http://planetarynames.wr.usgs.gov/Feature/1346
355.2492,28.7832,Curie,Curie,1973/01/01 00:00:00,"Pierre; French physicist-chemist (1859-1906).",111.105999999999995,355.249200000000030,28.783200000000001,"Crater, craters",AA,Adopted by IAU,354.186800000000005,356.325300000000027,27.846400000000003,29.720900000000000,France,Europe,Oxia Palus,mc11,http://planetarynames.wr.usgs.gov/Feature/1351
310.9721,23.1464,Cádiz,Cadiz,1979/01/01 00:00:00,Spanish port.,1.378090000000000,310.972100000000012,23.146400000000000,"Crater, craters",AA,Adopted by IAU,310.959600000000023,310.984900000000039,23.135100000000001,23.158300000000001,Spain,Europe,Lunae Palus,mc10,http://planetarynames.wr.usgs.gov/Feature/1375
320.7353,1.4668,Da Vinci,Da Vinci,1973/01/01 00:00:00,"Leonardo; Italian artist-scientist (1452-1519).",96.303700000000006,320.735299999999995,1.466800000000000,"Crater, craters",AA,Adopted by IAU,319.922799999999995,321.548000000000002,0.654500000000000,2.279300000000000,Italy,Europe,Oxia Palus,mc11,http://planetarynames.wr.usgs.gov/Feature/1377
91.578,-40.4764,Daan,Daan,1991/01/01 00:00:00,Town in China.,12.223800000000001,91.578000000000003,-40.476400000000005,"Crater, craters",AA,Adopted by IAU,91.444500000000005,91.715600000000009,-40.580200000000005,-40.374000000000002,China,Asia,Hellas,mc28,http://planetarynames.wr.usgs.gov/Feature/1378
318.2042,-7.2879,Daet,Daet,1976/01/01 00:00:00,Town in the Philippines.,10.575100000000001,318.204200000000014,-7.287900000000000,"Crater, craters",AA,Adopted by IAU,318.114800000000002,318.294600000000003,-7.373400000000000,-7.195000000000000,Philippines,Asia,Margaritifer Sinus,mc19,http://planetarynames.wr.usgs.gov/Feature/1383
336.8833,-66.2945,Daly,Daly,1973/01/01 00:00:00,"Reginald A.; Canadian-born American geologist (1871-1957).",79.717449999999999,336.883300000000020,-66.294499999999999,"Crater, craters",AA,Adopted by IAU,335.200700000000040,338.566000000000031,-66.970900000000000,-65.618099999999998,Canada,North America,Mare Australe,mc30,http://planetarynames.wr.usgs.gov/Feature/1394
327.2059,-72.4923,Dana,Dana,1973/01/01 00:00:00,"James D.; American geologist (1813-1895).",88.492000000000004,327.205900000000042,-72.492300000000000,"Crater, craters",AA,Adopted by IAU,324.742099999999994,329.706400000000031,-73.240000000000009,-71.747100000000003,American,North America,Mare Australe,mc30,http://planetarynames.wr.usgs.gov/Feature/1398
106.9972,21.956,Dank,Dank,1976/01/01 00:00:00,Town in Oman.,8.286390000000001,106.997200000000007,21.956000000000000,"Crater, craters",AA,Adopted by IAU,106.921800000000005,107.072600000000008,21.886100000000003,22.025900000000000,Oman,Asia,Amenthes,mc14,http://planetarynames.wr.usgs.gov/Feature/1403
308.9899,17.783,Darvel,Darvel,1988/01/01 00:00:00,Town in Scotland.,22.361799999999999,308.989900000000034,17.783000000000001,"Crater, craters",AA,Adopted by IAU,308.790300000000002,309.186500000000024,17.594700000000000,17.972000000000001,Scotland,Europe,Lunae Palus,mc10,http://planetarynames.wr.usgs.gov/Feature/1416
340.8489,-56.9706,Darwin,Darwin,1973/01/01 00:00:00,"Charles R.; British naturalist (1809-1882) and George H.; British astronomer (1845-1912).",176.383999999999986,340.848900000000015,-56.970600000000005,"Crater, craters",AA,Adopted by IAU,338.130100000000027,343.588900000000024,-58.459400000000002,-55.483600000000003,Great Britain,Europe,Argyre,mc26,http://planetarynames.wr.usgs.gov/Feature/1418
38.0584,-9.1062,Dawes,Dawes,1973/01/01 00:00:00,"William R.; British astronomer (1799-1868).",185.322000000000003,38.058399999999999,-9.106200000000001,"Crater, craters",AA,Adopted by IAU,36.475800000000000,39.642299999999999,-10.669600000000001,-7.543100000000001,Great Britain,Europe,Sinus Sabaeus,mc20,http://planetarynames.wr.usgs.gov/Feature/1431
170.9961,-13.3127,de Vaucouleurs,de Vaucouleurs,2000/01/01 00:00:00,"Gerard Henri; American astronomer (1918-1995).",302.265469999999993,170.996100000000013,-13.312700000000001,"Crater, craters",AA,Adopted by IAU,168.379900000000021,173.620400000000018,-15.876300000000001,-10.775300000000000,American,North America,Aeolis,mc23,http://planetarynames.wr.usgs.gov/Feature/1447
342.7001,-23.9549,Deba,Deba,1976/01/01 00:00:00,Town in Nigeria.,8.798080000000001,342.700100000000020,-23.954900000000002,"Crater, craters",AA,Adopted by IAU,342.618400000000008,342.780799999999999,-24.027800000000003,-23.879300000000001,Nigeria,Africa,Margaritifer Sinus,mc19,http://planetarynames.wr.usgs.gov/Feature/1451
357.4865,38.2076,Dein,Dein,1976/01/01 00:00:00,Town in Papua New Guinea.,25.521300000000000,357.486500000000035,38.207599999999999,"Crater, craters",AA,Adopted by IAU,357.205800000000011,357.753700000000038,37.993000000000002,38.423500000000004,Papua New Guinea,Oceania,Mare Acidalium,mc04,http://planetarynames.wr.usgs.gov/Feature/1460
195.359,-25.1367,Dejnev,Dejnev,1985/01/01 00:00:00,"Semen Ivanovich; Russian geographer, explorer, and navigator (1605-1673).",152.093999999999994,195.359000000000009,-25.136700000000001,"Crater, craters",AA,Adopted by IAU,193.945400000000006,196.779800000000023,-26.420100000000001,-23.854100000000003,Russia,Europe,Memnonia,mc16,http://planetarynames.wr.usgs.gov/Feature/1463
320.8266,-45.9601,Delta,Delta,1976/01/01 00:00:00,"Town in Louisiana, USA.",7.889120000000000,320.826600000000042,-45.960100000000004,"Crater, craters",AA,Adopted by IAU,320.729600000000005,320.921100000000024,-46.025600000000004,-45.892500000000005,United States,North America,Argyre,mc26,http://planetarynames.wr.usgs.gov/Feature/1478
33.5247,-17.4277,Denning,Denning,1973/01/01 00:00:00,"William F.; British astronomer (1848-1931).",159.715000000000003,33.524700000000003,-17.427700000000002,"Crater, craters",AA,Adopted by IAU,32.113199999999999,34.937400000000004,-18.775300000000001,-16.080700000000000,Great Britain,Europe,Sinus Sabaeus,mc20,http://planetarynames.wr.usgs.gov/Feature/1490
308.1101,22.6356,Dersu,Dersu,1988/01/01 00:00:00,Town in Russia.,5.883560000000000,308.110099999999989,22.635600000000000,"Crater, craters",AA,Adopted by IAU,308.055299999999988,308.162800000000004,22.586800000000000,22.686100000000000,Russia,Europe,Lunae Palus,mc10,http://planetarynames.wr.usgs.gov/Feature/1495
329.387,-45.4122,Dese,Dese,1976/01/01 00:00:00,Town in Ethiopa.,13.141610000000000,329.387000000000000,-45.412200000000006,"Crater, craters",AA,Adopted by IAU,329.229100000000017,329.544900000000041,-45.523000000000003,-45.301300000000005,Ethiopia,Africa,Argyre,mc26,http://planetarynames.wr.usgs.gov/Feature/1499
70.2876,-80.6237,Deseado,Deseado,2006/01/01 00:00:00,Town in Argentina.,26.997010000000000,70.287599999999998,-80.623699999999999,"Crater, craters",AA,Adopted by IAU,68.881399999999999,71.693800000000010,-80.852800000000002,-80.394700000000000,Argentina,South and Central America,Mare Australe,mc30,http://planetarynames.wr.usgs.gov/Feature/1500
306.8743,-42.7596,Dessau,Dessau,1976/01/01 00:00:00,Town in Germany.,9.950469999999999,306.874300000000005,-42.759599999999999,"Crater, craters",AA,Adopted by IAU,306.759999999999991,306.988600000000019,-42.843600000000002,-42.675699999999999,Germany,Europe,Argyre,mc26,http://planetarynames.wr.usgs.gov/Feature/1504
317.3352,-0.363,Dia-Cau,Dia Cau,1976/01/01 00:00:00,Town in the Socialist Republic of Vietnam.,29.468979999999998,317.335200000000043,-0.363000000000000,"Crater, craters",AA,Adopted by IAU,317.086600000000033,317.583799999999997,-0.611600000000000,-0.114400000000000,Vietnam,Asia,Margaritifer Sinus,mc19,http://planetarynames.wr.usgs.gov/Feature/1521
342.5063,-23.7057,Dingo,Dingo,1976/01/01 00:00:00,Town in Australia.,15.558600000000000,342.506300000000010,-23.705700000000000,"Crater, craters",AA,Adopted by IAU,342.366700000000037,342.653300000000002,-23.834800000000001,-23.572300000000002,Australia,Oceania,Margaritifer Sinus,mc19,http://planetarynames.wr.usgs.gov/Feature/1539
258.5366,-30.0327,Dinorwic,Dinorwic,1991/01/01 00:00:00,"Town in Ontario, Canada.",51.329599999999999,258.536600000000021,-30.032700000000002,"Crater, craters",AA,Adopted by IAU,258.041300000000035,259.041899999999998,-30.466200000000001,-29.600300000000001,Canada,North America,Thaumasia,mc25,http://planetarynames.wr.usgs.gov/Feature/1540
343.4987,-25.0322,Dison,Dison,1976/01/01 00:00:00,Town in Belgium.,20.665500000000002,343.498700000000042,-25.032200000000000,"Crater, craters",AA,Adopted by IAU,343.307500000000005,343.692299999999989,-25.205900000000000,-24.857300000000002,Belgium,Europe,Margaritifer Sinus,mc19,http://planetarynames.wr.usgs.gov/Feature/1549
304.0857,17.7768,Dixie,Dixie,1988/01/01 00:00:00,"Town in Georgia, USA.",28.444299999999998,304.085700000000031,17.776800000000001,"Crater, craters",AA,Adopted by IAU,303.839100000000030,304.343000000000018,17.537200000000002,18.017099999999999,United States,North America,Lunae Palus,mc10,http://planetarynames.wr.usgs.gov/Feature/1552
214.2445,77.1713,Dokka,Dokka,2006/01/01 00:00:00,Town in Norway.,51.100099999999998,214.244500000000016,77.171300000000002,"Crater, craters",AA,Adopted by IAU,212.318900000000014,216.202700000000021,76.741500000000002,77.603600000000000,Norway,Europe,Mare Boreum,mc01,http://planetarynames.wr.usgs.gov/Feature/1564
232.9155,-60.6239,Dokuchaev,Dokuchaev,1982/01/01 00:00:00,"Vasily Vasil'evich; Russian soil scientist; founded modern genetical soil science (1840-1903).",74.736199999999997,232.915500000000009,-60.623900000000006,"Crater, craters",AA,Adopted by IAU,231.637900000000002,234.209000000000003,-61.255300000000005,-59.994500000000002,Russia,Europe,Phaethontis,mc24,http://planetarynames.wr.usgs.gov/Feature/1565
109.5077,23.5299,Doon,Doon,1988/01/01 00:00:00,"Town in Ontario, Canada.",3.790450000000000,109.507700000000000,23.529900000000001,"Crater, craters",AA,Adopted by IAU,109.472900000000010,109.542600000000007,23.497900000000001,23.561900000000001,Canada,North America,Amenthes,mc14,http://planetarynames.wr.usgs.gov/Feature/1578
289.464,-51.3446,Douglass,Douglass,1973/01/01 00:00:00,"Andrew E.; American astronomer (1867-1962).",92.950199999999995,289.463999999999999,-51.344600000000000,"Crater, craters",AA,Adopted by IAU,288.216499999999996,290.727100000000007,-52.129500000000000,-50.561399999999999,American,North America,Thaumasia,mc25,http://planetarynames.wr.usgs.gov/Feature/1631
175.783,-15.9775,Downe,Downe,2003/01/01 00:00:00,Town in England.,28.129300000000001,175.783000000000015,-15.977500000000001,"Crater, craters",AA,Adopted by IAU,175.539299999999997,176.032900000000012,-16.215000000000000,-15.740500000000001,England,Europe,Aeolis,mc23,http://planetarynames.wr.usgs.gov/Feature/1634
310.4176,19.88,Dromore,Dromore,1976/01/01 00:00:00,Town in Northern Ireland.,14.747000000000000,310.417599999999993,19.880000000000003,"Crater, craters",AA,Adopted by IAU,310.283999999999992,310.548499999999990,19.757000000000001,20.005800000000001,Ireland,Europe,Lunae Palus,mc10,http://planetarynames.wr.usgs.gov/Feature/1641
93.5809,5.4543,Du Martheray,Du Martheray,1973/01/01 00:00:00,"Maurice; Swiss astronomer (1892-1955).",96.116200000000006,93.580900000000000,5.454300000000000,"Crater, craters",AA,Adopted by IAU,92.768000000000001,94.397000000000006,4.643600000000000,6.265200000000000,Switzerland,Europe,Amenthes,mc14,http://planetarynames.wr.usgs.gov/Feature/1650
304.7992,-34.9687,Dubki,Dubki,1979/01/01 00:00:00,Town in Russia.,9.188319999999999,304.799200000000042,-34.968699999999998,"Crater, craters",AA,Adopted by IAU,304.704600000000028,304.893799999999999,-35.046199999999999,-34.891200000000005,Russia,Europe,Argyre,mc26,http://planetarynames.wr.usgs.gov/Feature/1654
311.4723,-80.8396,Dunhuang,Dunhuang,1991/01/01 00:00:00,Town in China.,11.732500000000000,311.472300000000018,-80.839600000000004,"Crater, craters",AA,Adopted by IAU,310.847399999999993,312.090700000000027,-80.938100000000006,-80.740099999999998,China,Asia,Mare Australe,mc30,http://planetarynames.wr.usgs.gov/Feature/1664
305.9818,22.4942,Dush,Dush,1988/01/01 00:00:00,Town in Egypt.,2.391720000000000,305.981800000000021,22.494199999999999,"Crater, craters",AA,Adopted by IAU,305.960100000000011,306.003800000000012,22.474500000000003,22.514800000000001,Egypt,Africa,Lunae Palus,mc10,http://planetarynames.wr.usgs.gov/Feature/1675
289.5274,-80.5076,Dzeng,Dzeng,1991/01/01 00:00:00,Town in Cameroon.,10.878600000000000,289.527400000000000,-80.507600000000011,"Crater, craters",AA,Adopted by IAU,289.000499999999988,290.113499999999988,-80.600700000000003,-80.417100000000005,Cameroon,Africa,Mare Australe,mc30,http://planetarynames.wr.usgs.gov/Feature/1687
330.0907,-28.4833,Eads,Eads,1976/01/01 00:00:00,"Town in Colorado, USA.",2.741410000000000,330.090700000000027,-28.483300000000000,"Crater, craters",AA,Adopted by IAU,330.064400000000035,330.117000000000019,-28.506500000000003,-28.460200000000000,United States,North America,Margaritifer Sinus,mc19,http://planetarynames.wr.usgs.gov/Feature/1702
351.8347,43.8084,Eagle,Eagle,1976/01/01 00:00:00,"Town in Idaho, USA.",12.502000000000001,351.834699999999998,43.808399999999999,"Crater, craters",AA,Adopted by IAU,351.689799999999991,351.982100000000003,43.703700000000005,43.914600000000000,United States,North America,Mare Acidalium,mc04,http://planetarynames.wr.usgs.gov/Feature/1703
331.8126,-21.9729,Echt,Echt,1976/01/01 00:00:00,Town in Scotland.,2.148740000000000,331.812600000000032,-21.972900000000003,"Crater, craters",AA,Adopted by IAU,331.793100000000038,331.832200000000000,-21.991000000000000,-21.954800000000002,Scotland,Europe,Margaritifer Sinus,mc19,http://planetarynames.wr.usgs.gov/Feature/1710
339.9613,-26.2807,Edam,Edam,1976/01/01 00:00:00,Town in the Netherlands.,19.489000000000001,339.961299999999994,-26.280700000000000,"Crater, craters",AA,Adopted by IAU,339.782199999999989,340.148900000000026,-26.442200000000000,-26.113500000000002,The Netherlands (Dutch),Europe,Margaritifer Sinus,mc19,http://planetarynames.wr.usgs.gov/Feature/1716
142.1958,12.3238,Eddie,Eddie,1973/01/01 00:00:00,"Lindsay A.; South African astronomer (1845-1913).",86.377240000000000,142.195800000000020,12.323800000000000,"Crater, craters",AA,Adopted by IAU,141.451099999999997,142.942599999999999,11.595700000000001,13.053000000000001,South Africa,Africa,Elysium,mc15,http://planetarynames.wr.usgs.gov/Feature/1718
308.132,-48.2946,Eger,Eger,1976/01/01 00:00:00,Town in Hungary.,12.254799999999999,308.132000000000005,-48.294600000000003,"Crater, craters",AA,Adopted by IAU,307.984399999999994,308.295200000000023,-48.398800000000001,-48.192000000000000,Hungary,Europe,Argyre,mc26,http://planetarynames.wr.usgs.gov/Feature/1729
350.2578,41.7286,Eil,Eil,1976/01/01 00:00:00,Town in Somalia.,5.558390000000000,350.257800000000032,41.728600000000000,"Crater, craters",AA,Adopted by IAU,350.194700000000012,350.320300000000032,41.682800000000000,41.776600000000002,Somalia,Africa,Mare Acidalium,mc04,http://planetarynames.wr.usgs.gov/Feature/1739
346.3965,45.8723,Elath,Elath,1976/01/01 00:00:00,Town in Israel.,13.233300000000000,346.396500000000003,45.872300000000003,"Crater, craters",AA,Adopted by IAU,346.236199999999997,346.556900000000041,45.763600000000004,45.986800000000002,Israel,Asia,Mare Acidalium,mc04,http://planetarynames.wr.usgs.gov/Feature/1756
186.1743,-19.2008,Ejriksson,Ejriksson,1967/01/01 00:00:00,"Leif; Norse explorer (c. 1000).",46.630400000000002,186.174300000000017,-19.200800000000001,"Crater, craters",AA,Adopted by IAU,185.761099999999999,186.594099999999997,-19.594500000000000,-18.807800000000000,Norse,Europe,Memnonia,mc16,http://planetarynames.wr.usgs.gov/Feature/1750
96.7984,-80.1703,Elim,Elim,2006/01/01 00:00:00,Town in South Africa.,43.625590000000003,96.798400000000001,-80.170299999999997,"Crater, craters",AA,Adopted by IAU,94.629600000000011,98.967200000000005,-80.540500000000009,-79.800100000000000,South Africa,Africa,Mare Australe,mc30,http://planetarynames.wr.usgs.gov/Feature/1764
276.6957,36.2885,Ellsley,Ellsley,1991/01/01 00:00:00,Town in England.,10.936900000000000,276.695699999999988,36.288499999999999,"Crater, craters",AA,Adopted by IAU,276.586999999999989,276.815899999999999,36.196899999999999,36.381399999999999,England,Europe,Arcadia,mc03,http://planetarynames.wr.usgs.gov/Feature/1771
304.9605,76.894,Escorial,Escorial,1991/01/01 00:00:00,Town in Spain.,22.235600000000002,304.960500000000025,76.894000000000005,"Crater, craters",AA,Adopted by IAU,304.129400000000032,305.791600000000017,76.705300000000008,77.082599999999999,Spain,Europe,Mare Boreum,mc01,http://planetarynames.wr.usgs.gov/Feature/1844
332.7009,-23.6167,Ely,Ely,1976/01/01 00:00:00,"Town in Nevada, USA.",10.433240000000000,332.700899999999990,-23.616700000000002,"Crater, craters",AA,Adopted by IAU,332.604900000000043,332.797000000000025,-23.704700000000003,-23.528700000000001,United States,North America,Margaritifer Sinus,mc19,http://planetarynames.wr.usgs.gov/Feature/1778
115.3923,0.1931,Escalante,Escalante,1973/01/01 00:00:00,"F.; Mexican astronomer (c. 1930).",75.259140000000002,115.392300000000006,0.193100000000000,"Crater, craters",AA,Adopted by IAU,114.757400000000004,116.027100000000004,-0.441700000000000,0.828000000000000,Mexico,North America,Amenthes,mc14,http://planetarynames.wr.usgs.gov/Feature/1841
352.9775,45.2078,Esk,Esk,1976/01/01 00:00:00,Town in Australia.,3.667230000000000,352.977500000000020,45.207799999999999,"Crater, craters",AA,Adopted by IAU,352.933899999999994,353.021700000000010,45.178699999999999,45.240600000000001,Australia,Oceania,Mare Acidalium,mc04,http://planetarynames.wr.usgs.gov/Feature/1846
110.3361,-19.6904,Espino,Espino,1991/01/01 00:00:00,Town in Venezuela.,12.046300000000000,110.336100000000002,-19.690400000000000,"Crater, craters",AA,Adopted by IAU,110.230200000000011,110.446000000000012,-19.792300000000001,-19.589100000000002,Venezuela,South and Central America,Mare Tyrrhenum,mc22,http://planetarynames.wr.usgs.gov/Feature/1850
212.7773,-44.5171,Eudoxus,Eudoxus,1973/01/01 00:00:00,Greek astronomer (c. 408-355 B.C.).,98.511240000000001,212.777299999999997,-44.517099999999999,"Crater, craters",AA,Adopted by IAU,211.616500000000002,213.947200000000009,-45.348500000000001,-43.686599999999999,Greek,Europe,Phaethontis,mc24,http://planetarynames.wr.usgs.gov/Feature/1864
348.1713,42.9238,Faith,Faith,1976/01/01 00:00:00,"Town in South Dakota, USA.",5.302530000000000,348.171300000000031,42.923800000000000,"Crater, craters",AA,Adopted by IAU,348.108900000000006,348.231100000000026,42.881100000000004,42.970500000000001,United States,North America,Mare Acidalium,mc04,http://planetarynames.wr.usgs.gov/Feature/1902
335.3296,-23.9594,Falun,Falun,1976/01/01 00:00:00,Town in Sweden.,10.007000000000000,335.329600000000028,-23.959400000000002,"Crater, craters",AA,Adopted by IAU,335.234500000000025,335.419300000000021,-24.043300000000002,-23.874500000000001,Sweden,Europe,Margaritifer Sinus,mc19,http://planetarynames.wr.usgs.gov/Feature/1906
106.3423,-24.5419,Faqu,Faqu,1991/01/01 00:00:00,Town in Jordan.,12.251799999999999,106.342300000000009,-24.541900000000002,"Crater, craters",AA,Adopted by IAU,106.230699999999999,106.457900000000009,-24.645700000000001,-24.439000000000000,Jordan,Asia,Mare Tyrrhenum,mc22,http://planetarynames.wr.usgs.gov/Feature/1909
339.6258,-25.0411,Fastov,Fastov,1976/01/01 00:00:00,Town in Ukraine.,11.118499999999999,339.625800000000027,-25.041100000000000,"Crater, craters",AA,Adopted by IAU,339.520500000000027,339.727500000000020,-25.130300000000002,-24.942700000000002,Ukraine,Europe,Margaritifer Sinus,mc19,http://planetarynames.wr.usgs.gov/Feature/1915
144.367,34.2904,Fenagh,Fenagh,1991/01/01 00:00:00,Town in Ireland.,6.215210000000000,144.367000000000019,34.290399999999998,"Crater, craters",AA,Adopted by IAU,144.304599999999994,144.431500000000000,34.238500000000002,34.343400000000003,Ireland,Europe,Cebrenia,mc07,http://planetarynames.wr.usgs.gov/Feature/1935
273.474,21.664,Fesenkov,Fesenkov,1973/01/01 00:00:00,"Vasilii G.; Russian astrophysicist (1889-1972).",87.379999999999995,273.473999999999990,21.664000000000001,"Crater, craters",AA,Adopted by IAU,272.685900000000004,274.272100000000023,20.927300000000002,22.401400000000002,Russia,Europe,Lunae Palus,mc10,http://planetarynames.wr.usgs.gov/Feature/1948
48.2764,25.2209,Flammarion,Flammarion,1973/01/01 00:00:00,"Camille; French astronomer (1842-1925).",173.699999999999989,48.276400000000002,25.220900000000000,"Crater, craters",AA,Adopted by IAU,46.657600000000002,49.897000000000006,23.756100000000000,26.686600000000002,France,Europe,Syrtis Major,mc13,http://planetarynames.wr.usgs.gov/Feature/1973
340.4528,-25.419,Flat,Flat,1976/01/01 00:00:00,"Town in Alaska, USA.",3.036570000000000,340.452800000000025,-25.419000000000000,"Crater, craters",AA,Adopted by IAU,340.424599999999998,340.481300000000033,-25.441300000000002,-25.390100000000000,United States,North America,Margaritifer Sinus,mc19,http://planetarynames.wr.usgs.gov/Feature/1976
19.2218,-16.7988,Flaugergues,Flaugergues,1973/01/01 00:00:00,"Honore; French astronomer (1755-1835).",236.062999999999988,19.221800000000002,-16.798800000000000,"Crater, craters",AA,Adopted by IAU,17.141999999999999,21.302300000000002,-18.790400000000002,-14.807700000000001,France,Europe,Sinus Sabaeus,mc20,http://planetarynames.wr.usgs.gov/Feature/1978
107.1594,14.9411,Floq,Floq,1988/01/01 00:00:00,Town in Albania.,2.550070000000000,107.159400000000005,14.941100000000000,"Crater, craters",AA,Adopted by IAU,107.137200000000007,107.181700000000006,14.919800000000000,14.962800000000001,Albania,Europe,Amenthes,mc14,http://planetarynames.wr.usgs.gov/Feature/1981
308.55,-44.6656,Flora,Flora,1976/01/01 00:00:00,"Town in Mississippi, USA.",18.309699999999999,308.550000000000011,-44.665600000000005,"Crater, craters",AA,Adopted by IAU,308.340200000000038,308.774499999999989,-44.820800000000006,-44.511900000000004,United States,North America,Argyre,mc26,http://planetarynames.wr.usgs.gov/Feature/1982
12.7511,33.5642,Focas,Focas,1973/01/01 00:00:00,"Jean H.; Greco-French astronomer (1909-1969).",72.023300000000006,12.751100000000001,33.564200000000000,"Crater, craters",AA,Adopted by IAU,12.022300000000001,13.480500000000001,32.957200000000000,34.172300000000000,France,Europe,Ismenius Lacus,mc05,http://planetarynames.wr.usgs.gov/Feature/1989
287.8815,-62.9088,Fontana,Fontana,1973/01/01 00:00:00,"Francesco; Italian astronomer (1585-1646).",80.062100000000001,287.881500000000017,-62.908800000000006,"Crater, craters",AA,Adopted by IAU,286.408800000000042,289.375600000000020,-63.585200000000000,-62.234500000000004,Italy,Europe,Thaumasia,mc25,http://planetarynames.wr.usgs.gov/Feature/1991
332.1292,-33.3966,Foros,Foros,1979/01/01 00:00:00,Town in Ukraine.,24.543920000000000,332.129200000000026,-33.396599999999999,"Crater, craters",AA,Adopted by IAU,331.881400000000042,332.377299999999991,-33.603600000000000,-33.189599999999999,Ukraine,Europe,Argyre,mc26,http://planetarynames.wr.usgs.gov/Feature/1995
72.6378,-4.2994,Fournier,Fournier,1973/01/01 00:00:00,"Georges; French astronomer (1881-1954).",114.275999999999996,72.637799999999999,-4.299400000000000,"Crater, craters",AA,Adopted by IAU,71.672300000000007,73.605699999999999,-5.263400000000000,-3.335500000000000,France,Europe,Iapygia,mc21,http://planetarynames.wr.usgs.gov/Feature/2004
351.0193,43.3599,Freedom,Freedom,1976/01/01 00:00:00,"Town in Oklahoma, USA.",12.740300000000000,351.019300000000044,43.359900000000003,"Crater, craters",AA,Adopted by IAU,350.872500000000002,351.168100000000038,43.252500000000005,43.467400000000005,United States,North America,Mare Acidalium,mc04,http://planetarynames.wr.usgs.gov/Feature/2019
310.561,22.9802,Funchal,Funchal,1979/01/01 00:00:00,Port of Madeira Islands.,1.616150000000000,310.561000000000035,22.980200000000000,"Crater, craters",AA,Adopted by IAU,310.546199999999999,310.575800000000015,22.966500000000000,22.993800000000000,Portugal,Europe,Lunae Palus,mc10,http://planetarynames.wr.usgs.gov/Feature/2040
356.5958,38.6597,Gaan,Gaan,1976/01/01 00:00:00,Town in Somalia.,3.009180000000000,356.595799999999997,38.659700000000001,"Crater, craters",AA,Adopted by IAU,356.562600000000032,356.627600000000029,38.635600000000004,38.686399999999999,Somalia,Africa,Mare Acidalium,mc04,http://planetarynames.wr.usgs.gov/Feature/2047
337.8973,-20.6359,Gagra,Gagra,1976/01/01 00:00:00,Town in the Republic of Georgia.,13.408400000000000,337.897300000000030,-20.635899999999999,"Crater, craters",AA,Adopted by IAU,337.777600000000007,338.019300000000044,-20.747400000000003,-20.521100000000001,Georgia,Asia,Margaritifer Sinus,mc19,http://planetarynames.wr.usgs.gov/Feature/2055
176.628,-13.3389,Galdakao,Galdakao,2003/01/01 00:00:00,Euskadi (Basque) town in Spain.,33.435600000000001,176.628000000000014,-13.338900000000001,"Crater, craters",AA,Adopted by IAU,176.341200000000015,176.920900000000017,-13.621200000000000,-13.057100000000000,Spain,Europe,Aeolis,mc23,http://planetarynames.wr.usgs.gov/Feature/2070
137.811,-5.3672,Gale,Gale,1991/01/01 00:00:00,"Walter F.; Australian astronomer (1865-1945).",154.084000000000003,137.811000000000007,-5.367200000000000,"Crater, craters",AA,Adopted by IAU,136.507800000000003,139.118799999999993,-6.667100000000000,-4.067500000000000,Australia,Oceania,Aeolis,mc23,http://planetarynames.wr.usgs.gov/Feature/2071
322.8112,-43.7477,Gali,Gali,1976/01/01 00:00:00,Town in the Republic of Georgia.,25.864899999999999,322.811200000000042,-43.747700000000002,"Crater, craters",AA,Adopted by IAU,322.516700000000014,323.120800000000031,-43.966700000000003,-43.530300000000004,Georgia,Asia,Argyre,mc26,http://planetarynames.wr.usgs.gov/Feature/2073
333.091,5.7212,Galilaei,Galilaei,1973/01/01 00:00:00,"Galileo; Italian astronomer and physicist (1564-1642).",137.171999999999997,333.091000000000008,5.721200000000001,"Crater, craters",AA,Adopted by IAU,331.933800000000019,334.259500000000003,4.564100000000000,6.878400000000000,Italy,Europe,Oxia Palus,mc11,http://planetarynames.wr.usgs.gov/Feature/2075
329.0007,-50.6286,Galle,Galle,1973/01/01 00:00:00,"Johann G.; German astronomer (1812-1910).",223.528240000000011,329.000699999999995,-50.628600000000006,"Crater, craters",AA,Adopted by IAU,326.023200000000031,331.974300000000028,-52.552300000000002,-48.780600000000000,Germany,Europe,Argyre,mc26,http://planetarynames.wr.usgs.gov/Feature/2080
338.3308,-22.0762,Galu,Galu,1976/01/01 00:00:00,Town in Zaire.,13.568300000000001,338.330800000000011,-22.076200000000000,"Crater, craters",AA,Adopted by IAU,338.209200000000010,338.456200000000024,-22.188400000000001,-21.959500000000002,Zaire,Africa,Margaritifer Sinus,mc19,http://planetarynames.wr.usgs.gov/Feature/2082
94.2213,-31.2573,Gander,Gander,1991/01/01 00:00:00,"Town in Newfoundland, Canada.",36.080500000000001,94.221299999999999,-31.257300000000001,"Crater, craters",AA,Adopted by IAU,93.867100000000008,94.579200000000000,-31.562200000000001,-30.953500000000002,Canada,North America,Hellas,mc28,http://planetarynames.wr.usgs.gov/Feature/2089
312.7195,-45.3763,Gandu,Gandu,1976/01/01 00:00:00,Town in Brazil.,9.488569999999999,312.719500000000039,-45.376300000000001,"Crater, craters",AA,Adopted by IAU,312.609000000000037,312.836900000000014,-45.455700000000000,-45.295700000000004,Brazil,South and Central America,Argyre,mc26,http://planetarynames.wr.usgs.gov/Feature/2090
269.1693,34.2385,Gandzani,Gandzani,1991/01/01 00:00:00,Town in the Republic of Georgia.,51.913359999999997,269.169300000000021,34.238500000000002,"Crater, craters",AA,Adopted by IAU,268.664400000000001,269.676300000000026,33.829100000000004,34.649300000000004,Georgia,Asia,Arcadia,mc03,http://planetarynames.wr.usgs.gov/Feature/2092
335.2279,-26.6652,Gardo,Gardo,1976/01/01 00:00:00,Town in Somalia.,15.525200000000000,335.227900000000034,-26.665200000000002,"Crater, craters",AA,Adopted by IAU,335.080100000000016,335.373199999999997,-26.792300000000001,-26.530400000000000,Somalia,Africa,Margaritifer Sinus,mc19,http://planetarynames.wr.usgs.gov/Feature/2105
288.7735,-35.877,Gari,Gari,1979/01/01 00:00:00,Town in Russia.,9.425580000000000,288.773500000000013,-35.877000000000002,"Crater, craters",AA,Adopted by IAU,288.679200000000037,288.875499999999988,-35.953900000000004,-35.794800000000002,Russia,Europe,Thaumasia,mc25,http://planetarynames.wr.usgs.gov/Feature/2107
350.9387,48.2531,Garm,Garm,1976/01/01 00:00:00,Town in Tajikistan.,4.801760000000000,350.938700000000040,48.253100000000003,"Crater, craters",AA,Adopted by IAU,350.877900000000011,350.999600000000044,48.212600000000002,48.293600000000005,Tajikistan,Asia,Mare Acidalium,mc04,http://planetarynames.wr.usgs.gov/Feature/2109
112.526,24.607,Gastre,Gastre,1976/01/01 00:00:00,Town in Argentina.,7.097580000000000,112.526000000000010,24.607000000000003,"Crater, craters",AA,Adopted by IAU,112.460100000000011,112.591800000000006,24.547200000000000,24.666900000000002,Argentina,South and Central America,Amenthes,mc14,http://planetarynames.wr.usgs.gov/Feature/2113
86.0823,-67.999,Gilbert,Gilbert,1973/01/01 00:00:00,"Grove K.; American geologist (1843-1918).",121.340000000000003,86.082300000000004,-67.999000000000009,"Crater, craters",AA,Adopted by IAU,83.352800000000002,88.819500000000005,-69.023700000000005,-66.976500000000001,American,North America,Mare Australe,mc30,http://planetarynames.wr.usgs.gov/Feature/2160
5.5471,15.7631,Gill,Gill,1973/01/01 00:00:00,"David; British astronomer (1843-1914).",83.170400000000001,5.547100000000000,15.763100000000001,"Crater, craters",AA,Adopted by IAU,4.818200000000000,6.276200000000000,15.061800000000000,16.464900000000000,Great Britain,Europe,Arabia,mc12,http://planetarynames.wr.usgs.gov/Feature/2164
333.41,-20.6203,Glazov,Glazov,1976/01/01 00:00:00,Town in Russia.,22.015899999999998,333.410000000000025,-20.620300000000000,"Crater, craters",AA,Adopted by IAU,333.212800000000016,333.609600000000000,-20.804800000000000,-20.433300000000003,Russia,Europe,Margaritifer Sinus,mc19,http://planetarynames.wr.usgs.gov/Feature/2187
87.1017,-53.1744,Gledhill,Gledhill,1973/01/01 00:00:00,"Joseph; British astronomer (1836-1906).",78.469700000000003,87.101700000000008,-53.174400000000006,"Crater, craters",AA,Adopted by IAU,85.999400000000009,88.208900000000000,-53.837200000000003,-52.513400000000004,Great Britain,Europe,Hellas,mc28,http://planetarynames.wr.usgs.gov/Feature/2188
308.3336,18.337,Glendore,Glendore,1988/01/01 00:00:00,Town in Ireland.,8.228990000000000,308.333599999999990,18.337000000000000,"Crater, craters",AA,Adopted by IAU,308.261700000000019,308.407900000000041,18.267200000000003,18.406000000000002,Ireland,Europe,Lunae Palus,mc10,http://planetarynames.wr.usgs.gov/Feature/2189
316.8213,-8.1308,Glide,Glide,1976/01/01 00:00:00,"Town in Oregon, USA.",9.849610000000000,316.821300000000008,-8.130800000000001,"Crater, craters",AA,Adopted by IAU,316.735800000000040,316.903600000000040,-8.211600000000001,-8.045500000000001,United States,North America,Margaritifer Sinus,mc19,http://planetarynames.wr.usgs.gov/Feature/2190
332.648,-23.6848,Globe,Globe,1976/01/01 00:00:00,"Town in Arizona, USA.",50.740600000000001,332.648000000000025,-23.684800000000003,"Crater, craters",AA,Adopted by IAU,332.186800000000005,333.121500000000026,-24.113200000000003,-23.257200000000001,United States,North America,Margaritifer Sinus,mc19,http://planetarynames.wr.usgs.gov/Feature/2191
338.9886,-23.2226,Goba,Goba,1976/01/01 00:00:00,Town in Ethiopia.,10.897270000000001,338.988600000000019,-23.222600000000000,"Crater, craters",AA,Adopted by IAU,338.888599999999997,339.088700000000017,-23.314500000000002,-23.130700000000001,Ethiopia,Africa,Margaritifer Sinus,mc19,http://planetarynames.wr.usgs.gov/Feature/2197
104.8579,23.2602,Goff,Goff,1976/01/01 00:00:00,Town in Somalia.,7.954270000000000,104.857900000000001,23.260200000000001,"Crater, craters",AA,Adopted by IAU,104.784700000000001,104.930700000000002,23.194000000000003,23.328200000000002,Somalia,Africa,Amenthes,mc14,http://planetarynames.wr.usgs.gov/Feature/2205
349.3596,47.1527,Gol,Gol,1976/01/01 00:00:00,Town in Norway.,9.532340000000000,349.359600000000000,47.152700000000003,"Crater, craters",AA,Adopted by IAU,349.240900000000011,349.477399999999989,47.077600000000004,47.238500000000002,Norway,Europe,Mare Acidalium,mc04,http://planetarynames.wr.usgs.gov/Feature/2207
328.7574,20.0269,Gold,Gold,1976/01/01 00:00:00,"Town in Pennsylvania, USA.",8.906020000000000,328.757400000000018,20.026900000000001,"Crater, craters",AA,Adopted by IAU,328.678600000000017,328.838500000000010,19.953300000000002,20.103600000000000,United States,North America,Oxia Palus,mc11,http://planetarynames.wr.usgs.gov/Feature/2208
326.5133,-22.0067,Golden,Golden,1976/01/01 00:00:00,"Town in Illinois, USA.",19.591500000000000,326.513300000000015,-22.006700000000002,"Crater, craters",AA,Adopted by IAU,326.335200000000043,326.691700000000026,-22.170900000000000,-21.840400000000002,United States,North America,Margaritifer Sinus,mc19,http://planetarynames.wr.usgs.gov/Feature/2209
331.171,-22.9455,Gori,Gori,1979/01/01 00:00:00,town in the Republic of Georgia.,6.432900000000000,331.170999999999992,-22.945500000000003,"Crater, craters",AA,Adopted by IAU,331.111600000000010,331.229399999999998,-23.001400000000000,-22.892900000000001,Georgia,Asia,Margaritifer Sinus,mc19,http://planetarynames.wr.usgs.gov/Feature/2225
153.8081,-21.1806,Graff,Graff,1973/01/01 00:00:00,"Kasimir; German astronomer (1878-1950).",154.491729999999990,153.808099999999996,-21.180600000000002,"Crater, craters",AA,Adopted by IAU,152.415700000000015,155.210599999999999,-22.484999999999999,-19.878600000000002,Germany,Europe,Aeolis,mc23,http://planetarynames.wr.usgs.gov/Feature/2234
351.456,-52.3007,Green,Green,1973/01/01 00:00:00,"Nathan E.; British astronomer (1823-1899).",182.070999999999998,351.456000000000017,-52.300699999999999,"Crater, craters",AA,Adopted by IAU,348.953599999999994,353.977800000000002,-53.837500000000006,-50.765700000000002,Great Britain,Europe,Argyre,mc26,http://planetarynames.wr.usgs.gov/Feature/2244
329.1564,-21.4701,Grójec,Grojec,1976/01/01 00:00:00,Town in Poland.,37.314999999999998,329.156400000000019,-21.470100000000002,"Crater, craters",AA,Adopted by IAU,328.824100000000044,329.500600000000020,-21.785200000000000,-21.155700000000000,Poland,Europe,Margaritifer Sinus,mc19,http://planetarynames.wr.usgs.gov/Feature/2264
314.9666,25.664,Guaymas,Guaymas,1976/01/01 00:00:00,Town in Mexico.,20.115700000000000,314.966600000000028,25.664000000000001,"Crater, craters",AA,Adopted by IAU,314.784199999999998,315.160700000000020,25.494800000000001,25.834200000000003,Mexico,North America,Lunae Palus,mc10,http://planetarynames.wr.usgs.gov/Feature/2266
339.4968,-21.5366,Guir,Guir,1976/01/01 00:00:00,Town in Mali.,18.201499999999999,339.496800000000007,-21.536600000000000,"Crater, craters",AA,Adopted by IAU,339.337899999999991,339.668000000000006,-21.690500000000000,-21.383400000000002,Mali,Africa,Margaritifer Sinus,mc19,http://planetarynames.wr.usgs.gov/Feature/2274
109.021,15.8452,Gulch,Gulch,1976/01/01 00:00:00,Town in Ethiopia.,8.324249999999999,109.021000000000001,15.845200000000000,"Crater, craters",AA,Adopted by IAU,108.949900000000000,109.095900000000000,15.775300000000001,15.915700000000001,Ethiopia,Africa,Amenthes,mc14,http://planetarynames.wr.usgs.gov/Feature/2278
102.9175,-43.6694,Gunnison,Gunnison,2003/01/01 00:00:00,"Town in Colorado, USA.",39.573500000000003,102.917500000000004,-43.669400000000003,"Crater, craters",AA,Adopted by IAU,102.458300000000008,103.381500000000003,-44.004000000000005,-43.336300000000001,United States,North America,Hellas,mc28,http://planetarynames.wr.usgs.gov/Feature/2284
175.5244,-14.5308,Gusev,Gusev,1976/01/01 00:00:00,"Matvei M.; Russian astronomer (1826-1866).",158.125000000000000,175.524400000000014,-14.530800000000001,"Crater, craters",AA,Adopted by IAU,174.149600000000021,176.905200000000008,-15.864900000000000,-13.197200000000000,Russia,Europe,Aeolis,mc23,http://planetarynames.wr.usgs.gov/Feature/2289
356.839,38.9606,Gwash,Gwash,1976/01/01 00:00:00,Town in Pakistan.,4.747900000000000,356.838999999999999,38.960599999999999,"Crater, craters",AA,Adopted by IAU,356.787500000000023,356.890500000000031,38.920600000000000,39.000700000000002,Pakistan,Asia,Mare Acidalium,mc04,http://planetarynames.wr.usgs.gov/Feature/2294
156.973,-19.2625,Hadley,Hadley,1973/01/01 00:00:00,"George; British meteorologist (1685-1768).",115.457999999999998,156.973000000000013,-19.262499999999999,"Crater, craters",AA,Adopted by IAU,155.944100000000020,158.007500000000022,-20.236800000000002,-18.288900000000002,Great Britain,Europe,Aeolis,mc23,http://planetarynames.wr.usgs.gov/Feature/2309
129.2576,-52.7451,Haldane,Haldane,1973/01/01 00:00:00,"John B.; British physiologist-geneticist (1892-1964).",76.745400000000004,129.257599999999996,-52.745100000000001,"Crater, craters",AA,Adopted by IAU,128.191400000000016,130.331000000000017,-53.393300000000004,-52.098600000000005,Great Britain,Europe,Eridania,mc29,http://planetarynames.wr.usgs.gov/Feature/2320
323.6384,-35.6879,Hale,Hale,1973/01/01 00:00:00,"George E.; American astronomer (1868-1938).",137.311399999999992,323.638399999999990,-35.687899999999999,"Crater, craters",AA,Adopted by IAU,322.212300000000027,325.064500000000010,-36.846200000000003,-34.529600000000002,American,North America,Argyre,mc26,http://planetarynames.wr.usgs.gov/Feature/2322
300.733,-48.3415,Halley,Halley,1973/01/01 00:00:00,"Edmund; British astronomer (1656-1742).",83.718199999999996,300.733000000000004,-48.341500000000003,"Crater, craters",AA,Adopted by IAU,299.678200000000004,301.803100000000029,-49.048500000000004,-47.636099999999999,Great Britain,Europe,Argyre,mc26,http://planetarynames.wr.usgs.gov/Feature/2331
327.5034,-44.6734,Ham,Ham,1976/01/01 00:00:00,Town in France.,1.591590000000000,327.503399999999999,-44.673400000000001,"Crater, craters",AA,Adopted by IAU,327.485700000000008,327.523400000000038,-44.686100000000003,-44.659200000000006,France,Europe,Argyre,mc26,http://planetarynames.wr.usgs.gov/Feature/2336
327.248,20.2523,Hamelin,Hamelin,1976/01/01 00:00:00,Old German town referred to in the Pied Piper fairy tale.,9.740390000000000,327.247999999999990,20.252300000000002,"Crater, craters",AA,Adopted by IAU,327.160300000000007,327.335500000000025,20.171700000000001,20.336000000000002,Germany,Europe,Oxia Palus,mc11,http://planetarynames.wr.usgs.gov/Feature/2338
271.4142,37.6851,Handlová,Handlova,1991/01/01 00:00:00,Town in Slovakia.,4.389850000000000,271.414199999999994,37.685099999999998,"Crater, craters",AA,Adopted by IAU,271.367400000000032,271.461000000000013,37.648099999999999,37.722100000000005,Slovakia,Europe,Arcadia,mc03,http://planetarynames.wr.usgs.gov/Feature/2345
331.9935,-27.4554,Harad̦,Harad,1976/01/01 00:00:00,Town in Saudi Arabia.,8.062320000000000,331.993500000000040,-27.455400000000001,"Crater, craters",AA,Adopted by IAU,331.919000000000040,332.072300000000041,-27.519700000000000,-27.383600000000001,Saudi Arabia,Asia,Margaritifer Sinus,mc19,http://planetarynames.wr.usgs.gov/Feature/2360
344.137,-38.6588,Hartwig,Hartwig,1973/01/01 00:00:00,"Ernst; German astronomer (1851-1923).",99.332400000000007,344.137000000000000,-38.658799999999999,"Crater, craters",AA,Adopted by IAU,343.071400000000040,345.217500000000030,-39.497399999999999,-37.821500000000000,Germany,Europe,Argyre,mc26,http://planetarynames.wr.usgs.gov/Feature/2377
264.784,-70.5042,Heaviside,Heaviside,1973/01/01 00:00:00,"Oliver; British physicist (1850-1925).",83.284000000000006,264.783999999999992,-70.504199999999997,"Crater, craters",AA,Adopted by IAU,262.691800000000001,266.903000000000020,-71.207900000000009,-69.802900000000008,Great Britain,Europe,Mare Australe,mc30,http://planetarynames.wr.usgs.gov/Feature/2401
349.7038,44.8354,Hope,Hope,1976/01/01 00:00:00,"Town in British Columbia, Canada.",7.264900000000000,349.703800000000001,44.835400000000000,"Crater, craters",AA,Adopted by IAU,349.625699999999995,349.798499999999990,44.774900000000002,44.897500000000001,Canada,North America,Mare Acidalium,mc04,http://planetarynames.wr.usgs.gov/Feature/2550
116.3096,-64.4815,Heinlein,Heinlein,1994/01/01 00:00:00,"Robert A.; American author (1907-1988).",85.342500000000001,116.309600000000003,-64.481499999999997,"Crater, craters",AA,Adopted by IAU,114.638400000000004,117.980800000000002,-65.201400000000007,-63.761600000000001,American,North America,Hellas,mc28,http://planetarynames.wr.usgs.gov/Feature/2415
338.727,-45.3974,Helmholtz,Helmholtz,1973/01/01 00:00:00,"Hermann von; German physicist (1821-1894).",111.257000000000005,338.727000000000032,-45.397400000000005,"Crater, craters",AA,Adopted by IAU,337.398500000000013,340.071799999999996,-46.336700000000000,-44.459700000000005,Germany,Europe,Argyre,mc26,http://planetarynames.wr.usgs.gov/Feature/2439
23.4465,10.7899,Henry,Henry,1973/01/01 00:00:00,"Paul; French astronomer (1848-1905). Prosper; French astronomer (1849-1903).",167.568999999999988,23.446500000000000,10.789900000000001,"Crater, craters",AA,Adopted by IAU,22.007899999999999,24.885899999999999,9.376600000000000,12.203600000000000,France,Europe,Arabia,mc12,http://planetarynames.wr.usgs.gov/Feature/2452
301.3458,19.3068,Herculaneum,Herculaneum,1988/01/01 00:00:00,Town in Italy.,34.712400000000002,301.345799999999997,19.306800000000003,"Crater, craters",AA,Adopted by IAU,301.040999999999997,301.661499999999990,19.014400000000002,19.600000000000001,Italy,Europe,Lunae Palus,mc10,http://planetarynames.wr.usgs.gov/Feature/2466
343.6049,-22.3976,Honda,Honda,1976/01/01 00:00:00,Town in Colombia.,9.260890000000000,343.604900000000043,-22.397600000000001,"Crater, craters",AA,Adopted by IAU,343.521299999999997,343.690300000000036,-22.473400000000002,-22.317100000000000,Colombia,South and Central America,Margaritifer Sinus,mc19,http://planetarynames.wr.usgs.gov/Feature/2547
129.893,-14.48,Herschel,Herschel,1973/01/01 00:00:00,"John F.; British astronomer (1792-1871); William H.; British astronomer (1738-1822).",297.918000000000006,129.893000000000001,-14.480000000000000,"Crater, craters",AA,Adopted by IAU,127.299600000000012,132.491000000000014,-16.993500000000001,-11.967000000000001,Great Britain,Europe,Mare Tyrrhenum,mc22,http://planetarynames.wr.usgs.gov/Feature/2479
208.7951,-44.4523,Hipparchus,Hipparchus,1973/01/01 00:00:00,Greek astronomer (c. 160-125 B.C.).,94.812700000000007,208.795100000000019,-44.452300000000001,"Crater, craters",AA,Adopted by IAU,207.679600000000022,209.920600000000007,-45.252900000000004,-43.653300000000002,Greek,Europe,Phaethontis,mc24,http://planetarynames.wr.usgs.gov/Feature/2517
325.981,-26.04,Holden,Holden,1973/01/01 00:00:00,"Edward S.; American astronomer (1846-1914).",152.664999999999992,325.980999999999995,-26.040000000000003,"Crater, craters",AA,Adopted by IAU,324.553800000000024,327.420400000000029,-27.328200000000002,-24.752600000000001,American,North America,Margaritifer Sinus,mc19,http://planetarynames.wr.usgs.gov/Feature/2540
66.5497,-74.8552,Holmes,Holmes,1973/01/01 00:00:00,"Arthur; British geologist (1890-1965).",114.060000000000002,66.549700000000001,-74.855200000000011,"Crater, craters",AA,Adopted by IAU,62.868700000000004,70.239300000000000,-75.818600000000004,-73.894300000000001,Great Britain,Europe,Mare Australe,mc30,http://planetarynames.wr.usgs.gov/Feature/2544
315.604,-44.9207,Hooke,Hooke,1973/01/01 00:00:00,"Robert; British physicist-astronomer (1635-1703).",137.653999999999996,315.604000000000042,-44.920700000000004,"Crater, craters",AA,Adopted by IAU,313.971499999999992,317.251500000000021,-46.082599999999999,-43.760300000000001,Great Britain,Europe,Argyre,mc26,http://planetarynames.wr.usgs.gov/Feature/2549
135.9471,48.2256,Houston,Houston,1979/01/01 00:00:00,American mission control site.,1.982700000000000,135.947100000000006,48.225600000000000,"Crater, craters",AA,Adopted by IAU,135.922400000000010,135.972600000000000,48.209099999999999,48.242600000000003,United States,North America,Cebrenia,mc07,http://planetarynames.wr.usgs.gov/Feature/2561
320.2341,-3.6373,Huancayo,Huancayo,1976/01/01 00:00:00,Town in Peru.,24.344000000000001,320.234100000000012,-3.637300000000000,"Crater, craters",AA,Adopted by IAU,320.026900000000012,320.438400000000001,-3.843700000000000,-3.433000000000000,Peru,South and Central America,Margaritifer Sinus,mc19,http://planetarynames.wr.usgs.gov/Feature/2570
155.844,-49.0361,Huggins,Huggins,1973/01/01 00:00:00,"William; British astronomer (1824-1910).",82.639799999999994,155.843999999999994,-49.036100000000005,"Crater, craters",AA,Adopted by IAU,154.784600000000012,156.911400000000015,-49.734000000000002,-48.339800000000004,Great Britain,Europe,Eridania,mc29,http://planetarynames.wr.usgs.gov/Feature/2575
233.4142,-53.318,Hussey,Hussey,1973/01/01 00:00:00,"William J.; American astronomer (1862-1926).",99.710780000000000,233.414200000000022,-53.318000000000005,"Crater, craters",AA,Adopted by IAU,232.006900000000002,234.823500000000024,-54.167400000000001,-52.485199999999999,American,North America,Phaethontis,mc24,http://planetarynames.wr.usgs.gov/Feature/2591
104.6002,-71.6349,Hutton,Hutton,1973/01/01 00:00:00,"James; British geologist (1726-1797).",91.741500000000002,104.600200000000001,-71.634900000000002,"Crater, craters",AA,Adopted by IAU,102.149000000000001,107.062600000000003,-72.409900000000007,-70.862300000000005,Great Britain,Europe,Mare Australe,mc30,http://planetarynames.wr.usgs.gov/Feature/2593
100.77,-62.6737,Huxley,Huxley,1973/01/01 00:00:00,"Thomas H.; British biologist (1825-1895).",106.522999999999996,100.770000000000010,-62.673700000000004,"Crater, craters",AA,Adopted by IAU,98.814000000000007,102.733400000000003,-63.573300000000003,-61.776200000000003,Great Britain,Europe,Hellas,mc28,http://planetarynames.wr.usgs.gov/Feature/2595
55.5817,-13.8819,Huygens,Huygens,1973/01/01 00:00:00,"Christiaan; Dutch physicist-astronomer (1629-1695).",467.254000000000019,55.581700000000005,-13.881900000000000,"Crater, craters",AA,Adopted by IAU,51.521700000000003,59.643700000000003,-17.824300000000001,-9.939900000000000,The Netherlands (Dutch),Europe,Iapygia,mc21,http://planetarynames.wr.usgs.gov/Feature/2596
138.3491,47.0588,Hīt,Hit,1979/01/01 00:00:00,Town in Iraq.,7.090890000000000,138.349099999999993,47.058800000000005,"Crater, craters",AA,Adopted by IAU,138.264700000000005,138.440300000000008,46.999800000000000,47.119399999999999,Iraq,Asia,Cebrenia,mc07,http://planetarynames.wr.usgs.gov/Feature/2621
300.43,-25.4316,Ibragimov,Ibragimov,1982/01/01 00:00:00,"Nadir Baba Ogly; Soviet astronomer (1932-1977).",86.766199999999998,300.430000000000007,-25.431600000000000,"Crater, craters",AA,Adopted by IAU,299.625200000000007,301.246000000000038,-26.163900000000002,-24.700100000000003,Soviet,Europe,Coprates,mc18,http://planetarynames.wr.usgs.gov/Feature/2637
110.8969,-20.0915,Igal,Igal,1991/01/01 00:00:00,Town in Hungary. Name changed from Igol (incorrect spelling).,8.826700000000001,110.896900000000002,-20.091500000000000,"Crater, craters",AA,Adopted by IAU,110.819600000000008,110.978200000000001,-20.166300000000000,-20.017300000000002,Hungary,Europe,Mare Tyrrhenum,mc22,http://planetarynames.wr.usgs.gov/Feature/2654
112.5007,20.9554,Ikej,Ikej,1988/01/01 00:00:00,Town in Russia.,4.511030000000000,112.500700000000009,20.955400000000001,"Crater, craters",AA,Adopted by IAU,112.460000000000008,112.541499999999999,20.917400000000001,20.993500000000001,Russia,Europe,Amenthes,mc14,http://planetarynames.wr.usgs.gov/Feature/2658
111.1836,19.1233,Imgr,Imgr,1988/01/01 00:00:00,Town in Russia.,3.421170000000000,111.183599999999998,19.123300000000000,"Crater, craters",AA,Adopted by IAU,111.153000000000006,111.214100000000002,19.095200000000002,19.153000000000002,Russia,Europe,Amenthes,mc14,http://planetarynames.wr.usgs.gov/Feature/2677
320.0364,-6.3906,Innsbruck,Innsbruck,1976/01/01 00:00:00,Town in Austria.,59.002299999999998,320.036400000000015,-6.390600000000000,"Crater, craters",AA,Adopted by IAU,319.540999999999997,320.542599999999993,-6.888400000000001,-5.893000000000001,Austria,Europe,Margaritifer Sinus,mc19,http://planetarynames.wr.usgs.gov/Feature/2698
108.8999,24.488,Ins,Ins,1988/01/01 00:00:00,Town in Switzerland.,2.776870000000000,108.899900000000002,24.488000000000000,"Crater, craters",AA,Adopted by IAU,108.874200000000002,108.925600000000003,24.464600000000001,24.511500000000002,Switzerland,Europe,Amenthes,mc14,http://planetarynames.wr.usgs.gov/Feature/2700
331.6816,78.5877,Inuvik,Inuvik,1988/01/01 00:00:00,"Town in Northwest Territories, Canada.",20.523389999999999,331.681600000000003,78.587699999999998,"Crater, craters",AA,Adopted by IAU,330.806100000000015,332.557200000000023,78.414600000000007,78.760800000000003,Canada,North America,Mare Boreum,mc01,http://planetarynames.wr.usgs.gov/Feature/2703
335.0862,-24.3431,Irbit,Irbit,1976/01/01 00:00:00,Town in Russia.,12.728400000000001,335.086200000000019,-24.343100000000000,"Crater, craters",AA,Adopted by IAU,334.970400000000041,335.206099999999992,-24.448800000000002,-24.234000000000002,Russia,Europe,Margaritifer Sinus,mc19,http://planetarynames.wr.usgs.gov/Feature/2713
140.822,34.4904,Irharen,Irharen,1991/01/01 00:00:00,Town in Algeria.,6.484910000000000,140.822000000000003,34.490400000000001,"Crater, craters",AA,Adopted by IAU,140.756400000000014,140.889100000000013,34.436300000000003,34.545700000000004,Algeria,Africa,Cebrenia,mc07,http://planetarynames.wr.usgs.gov/Feature/2715
87.9329,-27.0173,Isil,Isil,1991/01/01 00:00:00,Town in Spain.,77.123199999999997,87.932900000000004,-27.017300000000002,"Crater, craters",AA,Adopted by IAU,87.204300000000003,88.664800000000000,-27.668300000000002,-26.367200000000000,Spain,Europe,Iapygia,mc21,http://planetarynames.wr.usgs.gov/Feature/2737
258.5618,-28.8825,Izendy,Izendy,1991/01/01 00:00:00,Town in Russia.,22.256300000000000,258.561800000000005,-28.882500000000000,"Crater, craters",AA,Adopted by IAU,258.352300000000014,258.781200000000013,-29.070700000000002,-28.695300000000003,Russia,Europe,Phoenicis Lacus,mc17,http://planetarynames.wr.usgs.gov/Feature/2775
331.2366,-26.2495,Jal,Jal,1976/01/01 00:00:00,"Town in New Mexico, USA.",4.807940000000000,331.236600000000010,-26.249500000000001,"Crater, craters",AA,Adopted by IAU,331.191300000000012,331.281800000000032,-26.290000000000003,-26.208900000000000,United States,North America,Margaritifer Sinus,mc19,http://planetarynames.wr.usgs.gov/Feature/2787
306.8199,21.3946,Jama,Jama,1988/01/01 00:00:00,Town in Tunisia.,2.904090000000000,306.819900000000018,21.394600000000001,"Crater, craters",AA,Adopted by IAU,306.793600000000026,306.846300000000042,21.370100000000001,21.419100000000000,Tunisia,Africa,Lunae Palus,mc10,http://planetarynames.wr.usgs.gov/Feature/2790
278.4507,38.7142,Jampur,Jampur,1991/01/01 00:00:00,Town in Pakistan.,27.895499999999998,278.450700000000040,38.714200000000005,"Crater, craters",AA,Adopted by IAU,278.155100000000004,278.758199999999988,38.479500000000002,38.950099999999999,Pakistan,Asia,Arcadia,mc03,http://planetarynames.wr.usgs.gov/Feature/2792
205.5761,-8.6277,Labou Vallis,Labou Vallis,1985/01/01 00:00:00,Origin unknown.,257.786740000000009,205.576099999999997,-8.627700000000001,"Vallis, valles",VA,Adopted by IAU,203.948000000000008,207.075900000000019,-9.678400000000000,-7.340000000000001,,,Memnonia,mc16,http://planetarynames.wr.usgs.gov/Feature/3194
132.3041,47.4689,Jodrell,Jodrell,1979/01/01 00:00:00,United Kingdom tracking site.,3.021060000000000,132.304100000000005,47.468900000000005,"Crater, craters",AA,Adopted by IAU,132.267200000000003,132.342600000000004,47.444300000000005,47.495200000000004,Great Britain,Europe,Cebrenia,mc07,http://planetarynames.wr.usgs.gov/Feature/2833
37.6094,2.6928,Janssen,Janssen,1973/01/01 00:00:00,"Pierre Jules César; French astronomer (1824-1907).",153.633000000000010,37.609400000000001,2.692800000000000,"Crater, craters",AA,Adopted by IAU,36.312600000000003,38.907400000000003,1.396900000000000,3.988800000000000,France,Europe,Arabia,mc12,http://planetarynames.wr.usgs.gov/Feature/2801
83.8533,-9.3749,Jarry-Desloges,Jarry Desloges,1973/01/01 00:00:00,"Rene; French astronomer (1868-1951).",93.362399999999994,83.853300000000004,-9.374900000000000,"Crater, craters",AA,Adopted by IAU,83.056500000000000,84.652900000000002,-10.162600000000001,-8.587500000000000,France,Europe,Iapygia,mc21,http://planetarynames.wr.usgs.gov/Feature/2807
154.1819,-69.6377,Jeans,Jeans,1973/01/01 00:00:00,"James H.; British physicist, astronomer (1877-1946).",73.602819999999994,154.181900000000013,-69.637700000000009,"Crater, craters",AA,Adopted by IAU,152.386700000000019,155.976900000000001,-70.262200000000007,-69.013199999999998,Great Britain,Europe,Mare Australe,mc30,http://planetarynames.wr.usgs.gov/Feature/2815
349.4257,39.8834,Jen,Jen,1976/01/01 00:00:00,Town in Nigeria.,8.880580000000000,349.425700000000006,39.883400000000002,"Crater, craters",AA,Adopted by IAU,349.328500000000020,349.523799999999994,39.811300000000003,39.961200000000005,Nigeria,Africa,Mare Acidalium,mc04,http://planetarynames.wr.usgs.gov/Feature/2817
322.0783,-48.4202,Jezža,Jezza,1976/01/01 00:00:00,Town in Russia.,9.221470000000000,322.078300000000013,-48.420200000000001,"Crater, craters",AA,Adopted by IAU,321.963700000000017,322.198100000000011,-48.496000000000002,-48.340500000000006,Russia,Europe,Argyre,mc26,http://planetarynames.wr.usgs.gov/Feature/2826
306.0477,25.1073,Jijiga,Jijiga,1976/01/01 00:00:00,Town in Ethiopia.,16.156600000000001,306.047700000000020,25.107300000000002,"Crater, craters",AA,Adopted by IAU,305.895000000000039,306.196000000000026,24.975400000000000,25.247900000000001,Ethiopia,Africa,Lunae Palus,mc10,http://planetarynames.wr.usgs.gov/Feature/2828
308.9344,-9.8041,Johnstown,Johnstown,2006/01/01 00:00:00,"Town in Pennsylvania, USA.",3.362660000000000,308.934400000000039,-9.804100000000000,"Crater, craters",AA,Adopted by IAU,308.905599999999993,308.963200000000029,-9.832400000000000,-9.775700000000001,United States,North America,Coprates,mc18,http://planetarynames.wr.usgs.gov/Feature/2837
317.3144,-74.5006,Joly,Joly,1973/01/01 00:00:00,"John; Irish geologist (1857-1933).",76.993099999999998,317.314400000000035,-74.500600000000006,"Crater, craters",AA,Adopted by IAU,314.903200000000027,319.765600000000006,-75.151300000000006,-73.852300000000000,Ireland,Europe,Mare Australe,mc30,http://planetarynames.wr.usgs.gov/Feature/2841
340.1749,-18.884,Jones,Jones,1973/01/01 00:00:00,"Harold S.; British astronomer (1890-1960).",90.107900000000001,340.174900000000036,-18.884000000000000,"Crater, craters",AA,Adopted by IAU,339.377700000000004,340.984300000000019,-19.644400000000001,-18.124200000000002,Great Britain,Europe,Margaritifer Sinus,mc19,http://planetarynames.wr.usgs.gov/Feature/2843
86.4411,-21.2928,Jumla,Jumla,2006/01/01 00:00:00,Town in Nepal.,49.228200000000001,86.441100000000006,-21.292800000000000,"Crater, craters",AA,Adopted by IAU,85.997000000000000,86.888300000000001,-21.708400000000001,-20.877900000000000,Nepal,Asia,Iapygia,mc21,http://planetarynames.wr.usgs.gov/Feature/2863
107.5887,18.1493,Kachug,Kachug,1988/01/01 00:00:00,Town in Russia.,4.857000000000000,107.588700000000003,18.149300000000000,"Crater, craters",AA,Adopted by IAU,107.545600000000007,107.631799999999998,18.108400000000000,18.190300000000001,Russia,Europe,Amenthes,mc14,http://planetarynames.wr.usgs.gov/Feature/2880
340.9729,-23.7335,Kagul,Kagul,1976/01/01 00:00:00,Town in Moldova.,9.132300000000001,340.972900000000038,-23.733499999999999,"Crater, craters",AA,Adopted by IAU,340.890000000000043,341.058300000000031,-23.807600000000001,-23.653500000000001,Moldova,Europe,Margaritifer Sinus,mc19,http://planetarynames.wr.usgs.gov/Feature/2885
19.1086,-46.194,Kaiser,Kaiser,1973/01/01 00:00:00,"Frederick; Dutch astronomer (1808-1872).",201.669070000000005,19.108599999999999,-46.194000000000003,"Crater, craters",AA,Adopted by IAU,16.639200000000002,21.557300000000001,-47.921199999999999,-44.518500000000003,The Netherlands (Dutch),Europe,Noachis,mc27,http://planetarynames.wr.usgs.gov/Feature/2890
330.6138,-27.0451,Kaj,Kaj,1976/01/01 00:00:00,Town in Russia.,1.826510000000000,330.613800000000026,-27.045100000000001,"Crater, craters",AA,Adopted by IAU,330.596600000000024,330.631200000000035,-27.060500000000001,-27.029700000000002,Russia,Europe,Margaritifer Sinus,mc19,http://planetarynames.wr.usgs.gov/Feature/2892
330.1479,-41.4901,Kakori,Kakori,1976/01/01 00:00:00,Town in India.,28.087800000000001,330.147899999999993,-41.490100000000005,"Crater, craters",AA,Adopted by IAU,329.839100000000030,330.471699999999998,-41.727699999999999,-41.253900000000002,India,Asia,Argyre,mc26,http://planetarynames.wr.usgs.gov/Feature/2893
99.9934,-20.5037,Kamativi,Kamativi,1991/01/01 00:00:00,Town in Zimbabwe.,58.810299999999998,99.993400000000008,-20.503700000000002,"Crater, craters",AA,Adopted by IAU,99.465600000000009,100.524799999999999,-21.000100000000000,-20.008000000000003,Zimbabwe,Africa,Mare Tyrrhenum,mc22,http://planetarynames.wr.usgs.gov/Feature/2905
327.3951,-53.4511,Kamloops,Kamloops,1991/01/01 00:00:00,Town in Canada.,63.962200000000003,327.395100000000014,-53.451100000000004,"Crater, craters",AA,Adopted by IAU,326.498400000000004,328.310300000000041,-53.991600000000005,-52.912500000000001,Canada,North America,Argyre,mc26,http://planetarynames.wr.usgs.gov/Feature/2908
314.4077,-41.783,Kampot,Kampot,1976/01/01 00:00:00,Town in Democratic Kampuchea (Cambodia).,13.234100000000000,314.407700000000034,-41.783000000000001,"Crater, craters",AA,Adopted by IAU,314.258000000000038,314.557400000000030,-41.894600000000004,-41.671400000000006,Cambodia,Asia,Argyre,mc26,http://planetarynames.wr.usgs.gov/Feature/2909
340.9967,-27.2013,Kanab,Kanab,1976/01/01 00:00:00,"Town in Utah, USA.",14.545669999999999,340.996700000000033,-27.201300000000000,"Crater, craters",AA,Adopted by IAU,340.858800000000031,341.134700000000009,-27.324000000000002,-27.078600000000002,United States,North America,Margaritifer Sinus,mc19,http://planetarynames.wr.usgs.gov/Feature/2911
342.7341,-20.5245,Kansk,Kansk,1976/01/01 00:00:00,Town in Russia.,33.351199999999999,342.734100000000012,-20.524500000000000,"Crater, craters",AA,Adopted by IAU,342.439900000000023,343.040700000000015,-20.806100000000001,-20.243500000000001,Russia,Europe,Margaritifer Sinus,mc19,http://planetarynames.wr.usgs.gov/Feature/2918
342.424,-24.4406,Kantang,Kantang,1976/01/01 00:00:00,Town in Thailand.,52.436900000000001,342.424000000000035,-24.440600000000000,"Crater, craters",AA,Adopted by IAU,341.944500000000005,342.916200000000003,-24.883300000000002,-23.998699999999999,Thailand,Asia,Margaritifer Sinus,mc19,http://planetarynames.wr.usgs.gov/Feature/2920
327.8499,-45.5731,Karpinsk,Karpinsk,1976/01/01 00:00:00,Town in Russia.,28.843000000000000,327.849899999999991,-45.573100000000004,"Crater, craters",AA,Adopted by IAU,327.500100000000032,328.195400000000006,-45.813200000000002,-45.326599999999999,Russia,Europe,Argyre,mc26,http://planetarynames.wr.usgs.gov/Feature/2933
340.6796,-23.2775,Karshi,Karshi,1976/01/01 00:00:00,town in Uzbekistan.,21.518799999999999,340.679599999999994,-23.277500000000000,"Crater, craters",AA,Adopted by IAU,340.483200000000011,340.878300000000024,-23.453300000000002,-23.090199999999999,Uzbekistan,Asia,Margaritifer Sinus,mc19,http://planetarynames.wr.usgs.gov/Feature/2937
307.5434,-40.8486,Kartabo,Kartabo,1976/01/01 00:00:00,Town in Guyana.,19.411000000000001,307.543400000000020,-40.848600000000005,"Crater, craters",AA,Adopted by IAU,307.333799999999997,307.766700000000014,-41.013100000000001,-40.685600000000001,Guyana,South and Central America,Argyre,mc26,http://planetarynames.wr.usgs.gov/Feature/2938
89.0588,-27.7715,Kasabi,Kasabi,1991/01/01 00:00:00,Town in Zambia.,41.091400000000000,89.058800000000005,-27.771500000000000,"Crater, craters",AA,Adopted by IAU,88.668800000000005,89.452300000000008,-28.118600000000001,-27.425300000000000,Zambia,Africa,Iapygia,mc21,http://planetarynames.wr.usgs.gov/Feature/2941
341.6933,-27.087,Kashira,Kashira,1976/01/01 00:00:00,Town in Russia.,65.797399999999996,341.693300000000022,-27.087000000000000,"Crater, craters",AA,Adopted by IAU,341.076300000000003,342.323100000000011,-27.642500000000002,-26.532400000000003,Russia,Europe,Margaritifer Sinus,mc19,http://planetarynames.wr.usgs.gov/Feature/2943
337.0602,-24.63,Kasimov,Kasimov,1976/01/01 00:00:00,Town in Russia.,87.181799999999996,337.060200000000009,-24.630000000000003,"Crater, craters",AA,Adopted by IAU,336.257400000000018,337.875499999999988,-25.365800000000000,-23.895000000000000,Russia,Europe,Margaritifer Sinus,mc19,http://planetarynames.wr.usgs.gov/Feature/2944
103.6316,21.9756,Kasra,Kasra,1988/01/01 00:00:00,Town in Tunisia.,3.457030000000000,103.631600000000006,21.975600000000000,"Crater, craters",AA,Adopted by IAU,103.600300000000004,103.663200000000003,21.946800000000000,22.005100000000002,Tunisia,Africa,Amenthes,mc14,http://planetarynames.wr.usgs.gov/Feature/2947
127.809,-79.0109,Katoomba,Katoomba,2006/01/01 00:00:00,Town in Australia.,51.235729999999997,127.809000000000012,-79.010900000000007,"Crater, craters",AA,Adopted by IAU,125.541200000000003,130.076700000000017,-79.443100000000001,-78.578699999999998,Australia,Oceania,Mare Australe,mc30,http://planetarynames.wr.usgs.gov/Feature/2958
326.8365,22.6349,Kaup,Kaup,1976/01/01 00:00:00,Town in Papua New Guinea.,3.205920000000000,326.836500000000001,22.634900000000002,"Crater, craters",AA,Adopted by IAU,326.807000000000016,326.865600000000029,22.607700000000001,22.661799999999999,Papua New Guinea,Oceania,Oxia Palus,mc11,http://planetarynames.wr.usgs.gov/Feature/2964
104.2819,16.4016,Kaw,Kaw,1976/01/01 00:00:00,Town in French Guiana.,10.717520000000000,104.281900000000007,16.401600000000002,"Crater, craters",AA,Adopted by IAU,104.187700000000007,104.376100000000008,16.311299999999999,16.492100000000001,French Guiana,South and Central America,Amenthes,mc14,http://planetarynames.wr.usgs.gov/Feature/2967
173.5596,-15.4951,Kayne,Kayne,1997/01/01 00:00:00,Town in Botswana.,33.821800000000003,173.559600000000017,-15.495100000000001,"Crater, craters",AA,Adopted by IAU,173.266600000000011,173.858699999999999,-15.780700000000001,-15.210100000000001,Botswana,Africa,Aeolis,mc23,http://planetarynames.wr.usgs.gov/Feature/2972
208.7554,-60.6918,Keeler,Keeler,1973/01/01 00:00:00,"James E.; American astronomer (1857-1900).",90.190299999999993,208.755400000000009,-60.691800000000001,"Crater, craters",AA,Adopted by IAU,207.206900000000019,210.318399999999997,-61.453600000000002,-59.932100000000005,American,North America,Phaethontis,mc24,http://planetarynames.wr.usgs.gov/Feature/2977
327.0335,-44.9362,Kem',Kem,1976/01/01 00:00:00,Town in Russia.,3.623320000000000,327.033500000000004,-44.936199999999999,"Crater, craters",AA,Adopted by IAU,326.990299999999991,327.076700000000017,-44.966799999999999,-44.905600000000000,Russia,Europe,Argyre,mc26,http://planetarynames.wr.usgs.gov/Feature/2986
140.9798,-46.6938,Kepler,Kepler,1973/01/01 00:00:00,"Johannes; German astronomer (1571-1630).",228.235369999999989,140.979800000000012,-46.693800000000003,"Crater, craters",AA,Adopted by IAU,138.172300000000007,143.787300000000016,-48.619399999999999,-44.768300000000004,Germany,Europe,Eridania,mc29,http://planetarynames.wr.usgs.gov/Feature/2991
122.2254,45.9886,Keul',Keul,1979/01/01 00:00:00,Town in Russia.,5.805690000000000,122.225400000000008,45.988600000000005,"Crater, craters",AA,Adopted by IAU,122.157900000000012,122.298900000000003,45.940400000000004,46.038400000000003,Russia,Europe,Cebrenia,mc07,http://planetarynames.wr.usgs.gov/Feature/2995
102.0026,20.7294,Khanpur,Khanpur,1988/01/01 00:00:00,Town in Pakistan.,2.679270000000000,102.002600000000001,20.729400000000002,"Crater, craters",AA,Adopted by IAU,101.978500000000011,102.026800000000009,20.706800000000001,20.752000000000002,Pakistan,Asia,Amenthes,mc14,http://planetarynames.wr.usgs.gov/Feature/3004
317.9951,-7.2074,Kholm,Kholm,1976/01/01 00:00:00,Town in Russia.,11.078700000000000,317.995100000000036,-7.207400000000001,"Crater, craters",AA,Adopted by IAU,317.901499999999999,318.089900000000000,-7.296100000000000,-7.109200000000000,Russia,Europe,Margaritifer Sinus,mc19,http://planetarynames.wr.usgs.gov/Feature/3011
112.9583,-20.9443,Khurli,Khurli,1991/01/01 00:00:00,Town in Pakistan.,8.780900000000001,112.958300000000008,-20.944300000000002,"Crater, craters",AA,Adopted by IAU,112.881000000000000,113.039600000000007,-21.018700000000003,-20.870500000000000,Pakistan,Asia,Mare Tyrrhenum,mc22,http://planetarynames.wr.usgs.gov/Feature/3017
305.6916,-45.6392,Kifrī,Kifri,1976/01/01 00:00:00,Town in Iraq.,13.892500000000000,305.691599999999994,-45.639200000000002,"Crater, craters",AA,Adopted by IAU,305.531400000000019,305.866700000000037,-45.757100000000001,-45.522800000000004,Iraq,Asia,Argyre,mc26,http://planetarynames.wr.usgs.gov/Feature/3027
343.6767,-20.1433,Kimry,Kimry,1976/01/01 00:00:00,Town in Russia.,20.643500000000000,343.676700000000039,-20.143300000000000,"Crater, craters",AA,Adopted by IAU,343.497400000000027,343.868300000000033,-20.317800000000002,-19.969500000000000,Russia,Europe,Margaritifer Sinus,mc19,http://planetarynames.wr.usgs.gov/Feature/3031
326.6184,20.1996,Kin,Kin,1976/01/01 00:00:00,Town in Japan.,8.096800000000000,326.618400000000008,20.199600000000000,"Crater, craters",AA,Adopted by IAU,326.546700000000044,326.692299999999989,20.130400000000002,20.266999999999999,Japan,Asia,Oxia Palus,mc11,http://planetarynames.wr.usgs.gov/Feature/3034
254.8488,-25.688,Kinda,Kinda,1991/01/01 00:00:00,Town in Zaire.,14.041499999999999,254.848800000000011,-25.688000000000002,"Crater, craters",AA,Adopted by IAU,254.717000000000013,254.979900000000015,-25.806900000000002,-25.570000000000000,Zaire,Africa,Phoenicis Lacus,mc17,http://planetarynames.wr.usgs.gov/Feature/3036
112.876,-24.949,Kinkora,Kinkora,1991/01/01 00:00:00,"Town in Prince Edward Island, Canada.",51.087699999999998,112.876000000000005,-24.949000000000002,"Crater, craters",AA,Adopted by IAU,112.402799999999999,113.353400000000008,-25.380400000000002,-24.518500000000000,Canada,North America,Mare Tyrrhenum,mc22,http://planetarynames.wr.usgs.gov/Feature/3042
328.4354,25.8582,Kipini,Kipini,1976/01/01 00:00:00,Town in Kenya.,67.257099999999994,328.435400000000016,25.858200000000000,"Crater, craters",AA,Adopted by IAU,327.811100000000010,329.072000000000003,25.291300000000000,26.426000000000002,Kenya,Africa,Oxia Palus,mc11,http://planetarynames.wr.usgs.gov/Feature/3044
340.5565,-26.3054,Kirs,Kirs,1976/01/01 00:00:00,Town in Russia.,3.461080000000000,340.556500000000028,-26.305400000000002,"Crater, craters",AA,Adopted by IAU,340.523900000000026,340.589100000000030,-26.334600000000002,-26.276200000000003,Russia,Europe,Margaritifer Sinus,mc19,http://planetarynames.wr.usgs.gov/Feature/3051
334.8782,-22.2011,Kirsanov,Kirsanov,1976/01/01 00:00:00,Town in Russia.,15.077900000000000,334.878199999999993,-22.201100000000000,"Crater, craters",AA,Adopted by IAU,334.742099999999994,335.016799999999989,-22.326200000000000,-22.071800000000000,Russia,Europe,Margaritifer Sinus,mc19,http://planetarynames.wr.usgs.gov/Feature/3052
271.0784,34.0747,Kisambo,Kisambo,1991/01/01 00:00:00,Town in Zaire.,15.223400000000000,271.078399999999988,34.074700000000000,"Crater, craters",AA,Adopted by IAU,270.923100000000034,271.233200000000011,33.946800000000003,34.203600000000002,Zaire,Africa,Arcadia,mc03,http://planetarynames.wr.usgs.gov/Feature/3053
342.8169,-22.7795,Kita,Kita,1976/01/01 00:00:00,Town in Mali.,10.715630000000001,342.816900000000032,-22.779500000000002,"Crater, craters",AA,Adopted by IAU,342.721300000000042,342.912500000000023,-22.856300000000001,-22.702700000000000,Mali,Africa,Margaritifer Sinus,mc19,http://planetarynames.wr.usgs.gov/Feature/3056
133.31,-6.5739,Knobel,Knobel,1973/01/01 00:00:00,"Edward B.; British astronomer (1841-1930).",123.308000000000007,133.310000000000002,-6.573900000000000,"Crater, craters",AA,Adopted by IAU,132.265199999999993,134.359300000000019,-7.614200000000000,-5.533900000000000,Great Britain,Europe,Mare Tyrrhenum,mc22,http://planetarynames.wr.usgs.gov/Feature/3066
256.2407,-28.9623,Koga,Koga,1991/01/01 00:00:00,Town in Tanzania.,19.172100000000000,256.240700000000004,-28.962300000000003,"Crater, craters",AA,Adopted by IAU,256.060800000000029,256.430499999999995,-29.124500000000001,-28.801000000000002,Tanzania,Africa,Phoenicis Lacus,mc17,http://planetarynames.wr.usgs.gov/Feature/3070
331.9324,15.6471,Kok,Kok,1976/01/01 00:00:00,Town in Malaysia (Sarawak).,6.134870000000000,331.932400000000030,15.647100000000000,"Crater, craters",AA,Adopted by IAU,331.878600000000006,331.986100000000022,15.595300000000000,15.698800000000000,Malaysia,Asia,Oxia Palus,mc11,http://planetarynames.wr.usgs.gov/Feature/3075
321.429,-5.3617,Kong,Kong,1976/01/01 00:00:00,Town in Ivory Coast.,11.663900000000000,321.429000000000030,-5.361700000000000,"Crater, craters",AA,Adopted by IAU,321.328700000000026,321.526299999999992,-5.458200000000001,-5.261400000000000,Ivory Coast,Africa,Margaritifer Sinus,mc19,http://planetarynames.wr.usgs.gov/Feature/3084
164.584,72.7677,Korolev,Korolev,1973/01/01 00:00:00,"Sergey Pavlovich; Russian engineer (1906-1966).",81.368809999999996,164.584000000000003,72.767700000000005,"Crater, craters",AA,Adopted by IAU,162.266600000000011,166.901499999999999,72.081299999999999,73.454099999999997,Russia,Europe,Mare Boreum,mc01,http://planetarynames.wr.usgs.gov/Feature/3091
105.4506,19.3423,Korph,Korph,1988/01/01 00:00:00,Town in Russia.,7.331250000000000,105.450600000000009,19.342300000000002,"Crater, craters",AA,Adopted by IAU,105.383800000000008,105.514900000000011,19.280799999999999,19.404500000000002,Russia,Europe,Amenthes,mc14,http://planetarynames.wr.usgs.gov/Feature/3092
132.7822,46.7307,Kourou,Kourou,1979/01/01 00:00:00,French Guianan launch site.,1.843920000000000,132.782200000000017,46.730699999999999,"Crater, craters",AA,Adopted by IAU,132.760899999999992,132.806299999999993,46.715900000000005,46.747000000000000,French Guiana,South and Central America,Cebrenia,mc07,http://planetarynames.wr.usgs.gov/Feature/3102
218.4591,-29.5601,Koval'sky,Koval sky,1985/01/01 00:00:00,"M. A.; Russian astronomer (1821-1884).",296.666380000000004,218.459100000000007,-29.560100000000002,"Crater, craters",AA,Adopted by IAU,215.570900000000023,221.329100000000011,-32.063000000000002,-27.058200000000003,Russia,Europe,Memnonia,mc16,http://planetarynames.wr.usgs.gov/Feature/3106
309.5932,21.4656,Koy,Koy,1988/01/01 00:00:00,Town in Russia.,7.118120000000000,309.593200000000024,21.465600000000002,"Crater, craters",AA,Adopted by IAU,309.528700000000015,309.657700000000034,21.406500000000001,21.526500000000002,Russia,Europe,Lunae Palus,mc10,http://planetarynames.wr.usgs.gov/Feature/3107
143.8382,35.8534,Krasnoye,Krasnoye,1991/01/01 00:00:00,Town in Russia.,6.545650000000000,143.838200000000001,35.853400000000001,"Crater, craters",AA,Adopted by IAU,143.773099999999999,143.909300000000002,35.798800000000000,35.909199999999998,Russia,Europe,Cebrenia,mc07,http://planetarynames.wr.usgs.gov/Feature/3116
316.4885,-42.9964,Kribi,Kribi,1976/01/01 00:00:00,Town in the United Republic of Cameroon.,13.180500000000000,316.488499999999988,-42.996400000000001,"Crater, craters",AA,Adopted by IAU,316.343799999999987,316.647800000000018,-43.108300000000000,-42.886000000000003,Cameroon,Africa,Argyre,mc26,http://planetarynames.wr.usgs.gov/Feature/3119
97.3443,-48.0864,Krishtofovich,Krishtofovich,1982/01/01 00:00:00,"Afrikan Nikolaevich; Soviet paleobotanist (1885-1953).",111.089420000000004,97.344300000000004,-48.086400000000005,"Crater, craters",AA,Adopted by IAU,95.946400000000011,98.752099999999999,-49.031700000000001,-47.157499999999999,Soviet,Europe,Hellas,mc28,http://planetarynames.wr.usgs.gov/Feature/3122
340.36,-25.3116,Kuba,Kuba,1976/01/01 00:00:00,Town in Azerbaijan.,26.588000000000001,340.360000000000014,-25.311600000000002,"Crater, craters",AA,Adopted by IAU,340.118300000000033,340.614500000000021,-25.536300000000001,-25.087700000000002,Azerbaijan,Asia,Margaritifer Sinus,mc19,http://planetarynames.wr.usgs.gov/Feature/3134
120.301,40.357,Kufra,Kufra,1979/01/01 00:00:00,Town in Libya.,37.482100000000003,120.301000000000002,40.356999999999999,"Crater, craters",AA,Adopted by IAU,119.888800000000003,120.718600000000009,40.041499999999999,40.673900000000003,Libya,Africa,Cebrenia,mc07,http://planetarynames.wr.usgs.gov/Feature/3136
202.8654,-56.9936,Kuiper,Kuiper,1976/01/01 00:00:00,"Gerard P.; American astronomer (1905-1973).",81.780490000000000,202.865400000000022,-56.993600000000001,"Crater, craters",AA,Adopted by IAU,201.599000000000018,204.131799999999998,-57.683400000000006,-56.303699999999999,American,North America,Phaethontis,mc24,http://planetarynames.wr.usgs.gov/Feature/3139
108.1426,16.3931,Kular,Kular,1988/01/01 00:00:00,Town in Russia.,8.475580000000001,108.142600000000002,16.393100000000000,"Crater, craters",AA,Adopted by IAU,108.068000000000012,108.217100000000002,16.321600000000000,16.464600000000001,Russia,Europe,Amenthes,mc14,http://planetarynames.wr.usgs.gov/Feature/3141
291.932,-35.4737,Kumak,Kumak,1979/01/01 00:00:00,Town in Russia.,13.503200000000000,291.932000000000016,-35.473700000000001,"Crater, craters",AA,Adopted by IAU,291.795200000000023,292.074900000000014,-35.586700000000000,-35.358899999999998,Russia,Europe,Thaumasia,mc25,http://planetarynames.wr.usgs.gov/Feature/3148
128.556,43.0317,Kumara,Kumara,1979/01/01 00:00:00,Town in New Zealand.,11.866199999999999,128.556000000000012,43.031700000000001,"Crater, craters",AA,Adopted by IAU,128.421999999999997,128.695899999999995,42.932300000000005,43.132500000000000,New Zealand,Oceania,Cebrenia,mc07,http://planetarynames.wr.usgs.gov/Feature/3151
107.9379,-25.2384,Kunes,Kunes,1991/01/01 00:00:00,Town in Norway.,15.129899999999999,107.937899999999999,-25.238400000000002,"Crater, craters",AA,Adopted by IAU,107.798800000000000,108.081000000000003,-25.366400000000002,-25.111200000000000,Norway,Europe,Mare Tyrrhenum,mc22,http://planetarynames.wr.usgs.gov/Feature/3158
350.3567,56.8232,Kunowsky,Kunowsky,1973/01/01 00:00:00,"George K.; German astronomer (1786-1846).",66.293700000000001,350.356699999999989,56.823200000000000,"Crater, craters",AA,Adopted by IAU,349.345200000000034,351.389800000000037,56.264900000000004,57.383300000000006,Germany,Europe,Mare Acidalium,mc04,http://planetarynames.wr.usgs.gov/Feature/3162
324.488,-43.9587,Kushva,Kushva,1976/01/01 00:00:00,Town in Russia.,37.548699999999997,324.488000000000000,-43.958700000000000,"Crater, craters",AA,Adopted by IAU,324.055600000000027,324.935600000000022,-44.276200000000003,-43.642700000000005,Russia,Europe,Argyre,mc26,http://planetarynames.wr.usgs.gov/Feature/3171
315.3,-4.4645,Kāid,Kaid,1976/01/01 00:00:00,Town in Iraq.,7.672030000000000,315.300000000000011,-4.464500000000000,"Crater, craters",AA,Adopted by IAU,315.235000000000014,315.364900000000034,-4.529300000000000,-4.399800000000000,Iraq,Asia,Margaritifer Sinus,mc19,http://planetarynames.wr.usgs.gov/Feature/3179
311.9278,-34.9353,Labria,Labria,1979/01/01 00:00:00,Town in Brazil.,52.640630000000002,311.927799999999991,-34.935300000000005,"Crater, craters",AA,Adopted by IAU,311.385899999999992,312.469100000000026,-35.379300000000001,-34.491199999999999,Brazil,South and Central America,Argyre,mc26,http://planetarynames.wr.usgs.gov/Feature/3195
320.2432,-4.2669,Lachute,Lachute,1976/01/01 00:00:00,Town in Canada.,15.147069999999999,320.243200000000002,-4.266900000000001,"Crater, craters",AA,Adopted by IAU,320.115100000000041,320.371300000000019,-4.394600000000001,-4.139100000000000,Canada,North America,Margaritifer Sinus,mc19,http://planetarynames.wr.usgs.gov/Feature/3200
354.0974,48.0118,Laf,Laf,1976/01/01 00:00:00,Town in the United Republic of Cameroon.,2.858980000000000,354.097399999999993,48.011800000000001,"Crater, craters",AA,Adopted by IAU,354.062200000000018,354.134299999999996,47.988900000000001,48.037100000000002,Cameroon,Africa,Mare Acidalium,mc04,http://planetarynames.wr.usgs.gov/Feature/3227
351.7084,49.8638,Lagarto,Lagarto,1976/01/01 00:00:00,Town in Brazil.,19.793330000000001,351.708400000000040,49.863800000000005,"Crater, craters",AA,Adopted by IAU,351.449800000000039,351.967900000000043,49.697000000000003,50.031000000000006,Brazil,South and Central America,Mare Acidalium,mc04,http://planetarynames.wr.usgs.gov/Feature/3230
339.3618,-26.9948,Lamas,Lamas,1976/01/01 00:00:00,Town in Peru.,22.986899999999999,339.361800000000017,-26.994800000000001,"Crater, craters",AA,Adopted by IAU,339.147500000000036,339.582699999999988,-27.186100000000000,-26.798300000000001,Peru,South and Central America,Margaritifer Sinus,mc19,http://planetarynames.wr.usgs.gov/Feature/3250
25.3869,-19.9694,Lambert,Lambert,1973/01/01 00:00:00,"Johann H.; German physicist (1728-1777).",92.527799999999999,25.386900000000001,-19.969400000000000,"Crater, craters",AA,Adopted by IAU,24.556900000000002,26.217800000000000,-20.750299999999999,-19.189299999999999,Germany,Europe,Sinus Sabaeus,mc20,http://planetarynames.wr.usgs.gov/Feature/3254
246.4573,-58.1739,Lamont,Lamont,1973/01/01 00:00:00,"Johann von; German astronomer (1805-1879).",76.616969999999995,246.457300000000004,-58.173900000000003,"Crater, craters",AA,Adopted by IAU,245.235800000000012,247.687500000000000,-58.825900000000004,-57.533300000000004,Germany,Europe,Thaumasia,mc25,http://planetarynames.wr.usgs.gov/Feature/3257
280.481,-35.5419,Lampland,Lampland,1973/01/01 00:00:00,"Carl O.; American astronomer (1873-1951).",76.777979999999999,280.480999999999995,-35.541899999999998,"Crater, craters",AA,Adopted by IAU,279.685499999999990,281.277300000000025,-36.189500000000002,-34.894300000000001,American,North America,Thaumasia,mc25,http://planetarynames.wr.usgs.gov/Feature/3260
351.2832,48.2593,Land,Land,1976/01/01 00:00:00,"Town in Alabama, USA.",5.198210000000000,351.283200000000022,48.259300000000003,"Crater, craters",AA,Adopted by IAU,351.217300000000023,351.349100000000021,48.215500000000006,48.303200000000004,United States,North America,Mare Acidalium,mc04,http://planetarynames.wr.usgs.gov/Feature/3263
107.4882,20.322,Lapri,Lapri,1988/01/01 00:00:00,Town in Russia.,3.012950000000000,107.488200000000006,20.322000000000003,"Crater, craters",AA,Adopted by IAU,107.461100000000002,107.515300000000011,20.296600000000002,20.347500000000000,Russia,Europe,Amenthes,mc14,http://planetarynames.wr.usgs.gov/Feature/3277
330.896,-25.8309,Lar,Lar,1979/01/01 00:00:00,Town in Iran.,6.850290000000000,330.896000000000015,-25.830900000000000,"Crater, craters",AA,Adopted by IAU,330.831800000000044,330.960200000000043,-25.888700000000000,-25.773100000000003,Iran,Asia,Margaritifer Sinus,mc19,http://planetarynames.wr.usgs.gov/Feature/3278
297.5425,-20.608,Lassell,Lassell,1973/01/01 00:00:00,"William; British astronomer (1799-1880).",85.598200000000006,297.542500000000018,-20.608000000000001,"Crater, craters",AA,Adopted by IAU,296.776600000000030,298.319200000000023,-21.330400000000001,-19.886300000000002,Great Britain,Europe,Coprates,mc18,http://planetarynames.wr.usgs.gov/Feature/3287
304.9869,23.908,Leuk,Leuk,1988/01/01 00:00:00,Town in Switzerland.,3.442990000000000,304.986899999999991,23.908000000000001,"Crater, craters",AA,Adopted by IAU,304.956900000000019,305.020399999999995,23.879400000000000,23.937400000000000,Switzerland,Europe,Lunae Palus,mc10,http://planetarynames.wr.usgs.gov/Feature/3365
138.306,-9.3114,Lasswitz,Lasswitz,1976/01/01 00:00:00,"Kurd; German author (1848-1910).",108.034999999999997,138.306000000000012,-9.311400000000001,"Crater, craters",AA,Adopted by IAU,137.384900000000016,139.231799999999993,-10.222900000000001,-8.400200000000000,Germany,Europe,Aeolis,mc23,http://planetarynames.wr.usgs.gov/Feature/3288
252.5246,-74.3032,Lau,Lau,1973/01/01 00:00:00,"Hans E.; Danish astronomer (1879-1918).",106.915959999999998,252.524600000000021,-74.303200000000004,"Crater, craters",AA,Adopted by IAU,249.169600000000003,255.879500000000007,-75.210400000000007,-73.395899999999997,Denmark,Europe,Mare Australe,mc30,http://planetarynames.wr.usgs.gov/Feature/3296
17.0951,-37.7129,Le Verrier,Le Verrier,1973/01/01 00:00:00,"Urbain J.; French astronomer (1811-1877).",137.550129999999996,17.095100000000002,-37.712900000000005,"Crater, craters",AA,Adopted by IAU,15.628500000000001,18.562400000000000,-38.882400000000004,-36.561700000000002,France,Europe,Noachis,mc27,http://planetarynames.wr.usgs.gov/Feature/3314
340.5324,-20.2907,Lebu,Lebu,1976/01/01 00:00:00,Town in Chile.,19.337299999999999,340.532399999999996,-20.290700000000001,"Crater, craters",AA,Adopted by IAU,340.360600000000034,340.708400000000040,-20.451499999999999,-20.125200000000000,Chile,South and Central America,Margaritifer Sinus,mc19,http://planetarynames.wr.usgs.gov/Feature/3324
138.1674,36.461,Leleque,Leleque,1991/01/01 00:00:00,Town in Argentina.,8.426790000000000,138.167400000000015,36.460999999999999,"Crater, craters",AA,Adopted by IAU,138.079100000000011,138.255799999999994,36.389900000000004,36.532100000000000,Argentina,South and Central America,Cebrenia,mc07,http://planetarynames.wr.usgs.gov/Feature/3339
311.3665,21.8099,Lexington,Lexington,1979/01/01 00:00:00,American colonial town (Massachusetts).,5.167160000000000,311.366500000000030,21.809900000000003,"Crater, craters",AA,Adopted by IAU,311.319500000000005,311.413400000000024,21.766300000000001,21.853500000000000,United States,North America,Lunae Palus,mc10,http://planetarynames.wr.usgs.gov/Feature/3371
325.214,-42.5021,Lemgo,Lemgo,1976/01/01 00:00:00,Town in Germany.,15.732200000000001,325.213999999999999,-42.502099999999999,"Crater, craters",AA,Adopted by IAU,325.041400000000010,325.401400000000024,-42.635500000000000,-42.370100000000001,Germany,Europe,Argyre,mc26,http://planetarynames.wr.usgs.gov/Feature/3341
253.2004,-26.719,Lenya,Lenya,1991/01/01 00:00:00,Town in Burma.,14.957700000000001,253.200400000000002,-26.719000000000001,"Crater, craters",AA,Adopted by IAU,253.057000000000016,253.339500000000015,-26.845600000000001,-26.593300000000003,Burma,Asia,Phoenicis Lacus,mc17,http://planetarynames.wr.usgs.gov/Feature/3349
348.1994,46.3163,Lota,Lota,1976/01/01 00:00:00,Town in Chile.,14.683100000000000,348.199400000000026,46.316300000000005,"Crater, craters",AA,Adopted by IAU,348.020900000000040,348.379500000000007,46.194500000000005,46.442200000000000,Chile,South and Central America,Mare Acidalium,mc04,http://planetarynames.wr.usgs.gov/Feature/3479
206.939,-46.8808,Li Fan,Li Fan,1973/01/01 00:00:00,Chinese astronomer (c. A.D. 85).,105.584000000000003,206.939000000000021,-46.880800000000001,"Crater, craters",AA,Adopted by IAU,205.641000000000020,208.247200000000021,-47.772200000000005,-45.990900000000003,China,Asia,Phaethontis,mc24,http://planetarynames.wr.usgs.gov/Feature/3379
132.2839,-69.3239,Thyles Rupes,Thyles Rupes,1985/01/01 00:00:00,Name and feature changes 1984 from Ultimi Cavi and Thyles Chasma.,548.753600000000006,132.283900000000017,-69.323900000000009,"Rupes, rupēs",RU,Adopted by IAU,123.979700000000008,141.514000000000010,-73.267600000000002,-64.562899999999999,Greek,Europe,Mare Australe,mc30,http://planetarynames.wr.usgs.gov/Feature/5987
291.2462,-62.1536,Argyre Rupes,Argyre Rupes,1973/01/01 00:00:00,Classical albedo feature name.,335.423220000000015,291.246199999999988,-62.153600000000004,"Rupes, rupēs",RU,Adopted by IAU,288.583799999999997,294.257700000000000,-64.429500000000004,-59.878000000000000,Greek,Europe,Thaumasia,mc25,http://planetarynames.wr.usgs.gov/Feature/372
330.5938,23.0591,Libertad,Libertad,1976/01/01 00:00:00,Town in Venezuela.,31.189699999999998,330.593799999999987,23.059100000000001,"Crater, craters",AA,Adopted by IAU,330.305700000000002,330.877600000000029,22.796400000000002,23.322600000000001,Venezuela,South and Central America,Oxia Palus,mc11,http://planetarynames.wr.usgs.gov/Feature/3387
107.1424,15.6993,Littleton,Littleton,1988/01/01 00:00:00,"Town in Maine, USA.",7.346560000000000,107.142400000000009,15.699300000000001,"Crater, craters",AA,Adopted by IAU,107.078000000000003,107.206800000000001,15.637400000000001,15.761300000000000,United States,North America,Amenthes,mc14,http://planetarynames.wr.usgs.gov/Feature/3426
113.2068,18.142,Linpu,Linpu,1976/01/01 00:00:00,Town in China (Chekiang).,18.160399999999999,113.206800000000001,18.141999999999999,"Crater, craters",AA,Adopted by IAU,113.047600000000003,113.370000000000005,17.989100000000001,18.295500000000001,China,Asia,Amenthes,mc14,http://planetarynames.wr.usgs.gov/Feature/3414
330.1996,15.7589,Lins,Lins,1976/01/01 00:00:00,Town in Brazil.,6.172780000000000,330.199600000000032,15.758900000000001,"Crater, craters",AA,Adopted by IAU,330.146400000000028,330.254600000000039,15.707100000000001,15.811300000000001,Brazil,South and Central America,Oxia Palus,mc11,http://planetarynames.wr.usgs.gov/Feature/3415
188.4472,-53.1973,Liu Hsin,Liu Hsin,1973/01/01 00:00:00,Chinese astronomer (d. A.D. 22).,134.506000000000000,188.447200000000009,-53.197300000000006,"Crater, craters",AA,Adopted by IAU,186.558300000000003,190.346699999999998,-54.332800000000006,-52.063600000000001,China,Asia,Phaethontis,mc24,http://planetarynames.wr.usgs.gov/Feature/3428
321.9121,-3.3912,Locana,Locana,1976/01/01 00:00:00,Town in Italy.,6.641020000000000,321.912100000000009,-3.391200000000000,"Crater, craters",AA,Adopted by IAU,321.855900000000020,321.968200000000024,-3.447200000000000,-3.335100000000000,Italy,Europe,Margaritifer Sinus,mc19,http://planetarynames.wr.usgs.gov/Feature/3441
330.8812,-27.1615,Livny,Livny,1976/01/01 00:00:00,Town in Russia.,9.293279999999999,330.881200000000035,-27.161500000000000,"Crater, craters",AA,Adopted by IAU,330.796400000000006,330.972600000000000,-27.240300000000001,-27.083500000000001,Russia,Europe,Margaritifer Sinus,mc19,http://planetarynames.wr.usgs.gov/Feature/3430
258.8876,-28.1816,Llanesco,Llanesco,1991/01/01 00:00:00,"Probably named for Llanes, a town in Spain.",29.402500000000000,258.887600000000020,-28.181600000000003,"Crater, craters",AA,Adopted by IAU,258.606200000000001,259.169000000000040,-28.429900000000000,-27.933900000000001,Spain,Europe,Phoenicis Lacus,mc17,http://planetarynames.wr.usgs.gov/Feature/3432
160.5104,27.8428,Lockyer,Lockyer,1973/01/01 00:00:00,"Joseph N.; British astronomer (1836-1920).",71.351500000000001,160.510400000000004,27.842800000000000,"Crater, craters",AA,Adopted by IAU,159.832800000000020,161.194100000000020,27.241400000000002,28.445100000000000,Great Britain,Europe,Elysium,mc15,http://planetarynames.wr.usgs.gov/Feature/3444
248.976,2.7336,Pavonis Chasma,Pavonis Chasma,1991/01/01 00:00:00,Albedo name.,45.941839999999999,248.975999999999999,2.733600000000000,"Chasma, chasmata",CM,Adopted by IAU,248.600900000000024,249.288000000000011,2.413300000000000,3.051900000000000,Greek,Europe,Tharsis,mc09,http://planetarynames.wr.usgs.gov/Feature/4618
294.4877,10.7933,Lunae Planum,Lunae Planum,1973/01/01 00:00:00,Classical albedo feature name.,1817.664700000000039,294.487700000000018,10.793300000000000,"Planum, plana",PM,Adopted by IAU,280.433800000000019,305.425600000000031,-4.738500000000000,24.071000000000002,Latin,Europe,Lunae Palus,mc10,http://planetarynames.wr.usgs.gov/Feature/3519
328.4614,20.9839,Lod,Lod,1976/01/01 00:00:00,Town in Israel.,7.598600000000000,328.461400000000026,20.983900000000002,"Crater, craters",AA,Adopted by IAU,328.392699999999991,328.530000000000030,20.920200000000001,21.048300000000001,Israel,Asia,Oxia Palus,mc11,http://planetarynames.wr.usgs.gov/Feature/3446
316.683,-55.0921,Lodwar,Lodwar,1991/01/01 00:00:00,Town in Kenya.,15.009800000000000,316.682999999999993,-55.092100000000002,"Crater, craters",AA,Adopted by IAU,316.467000000000041,316.909600000000012,-55.215600000000002,-54.962400000000002,Kenya,Africa,Argyre,mc26,http://planetarynames.wr.usgs.gov/Feature/3448
343.3124,-43.236,Lohse,Lohse,1973/01/01 00:00:00,"Oswald; German astronomer (1845-1915).",151.011899999999997,343.312400000000025,-43.236000000000004,"Crater, craters",AA,Adopted by IAU,341.550000000000011,345.047100000000000,-44.512100000000004,-41.964500000000001,Germany,Europe,Argyre,mc26,http://planetarynames.wr.usgs.gov/Feature/3454
136.2131,41.2208,Loja,Loja,1979/01/01 00:00:00,Town in Ecuador.,9.898099999999999,136.213099999999997,41.220800000000004,"Crater, craters",AA,Adopted by IAU,136.102100000000007,136.324100000000016,41.137300000000003,41.304300000000005,Ecuador,South and Central America,Cebrenia,mc07,http://planetarynames.wr.usgs.gov/Feature/3457
303.8071,-81.6501,Lomela,Lomela,1991/01/01 00:00:00,Town in Zaire.,11.163600000000001,303.807099999999991,-81.650100000000009,"Crater, craters",AA,Adopted by IAU,303.181100000000015,304.477900000000034,-81.742900000000006,-81.554500000000004,Zaire,Africa,Mare Australe,mc30,http://planetarynames.wr.usgs.gov/Feature/3461
350.765,65.0406,Lomonosov,Lomonosov,1973/01/01 00:00:00,"Mikhail Vasilievich; Russian poet, scientist, and grammarian (1711-1765).",130.532999999999987,350.765000000000043,65.040599999999998,"Crater, craters",AA,Adopted by IAU,348.168800000000033,353.389200000000017,63.940600000000003,66.142800000000008,Russia,Europe,Mare Boreum,mc01,http://planetarynames.wr.usgs.gov/Feature/3463
334.0588,-20.6673,Longa,Longa,1976/01/01 00:00:00,Town in Angola.,10.972899999999999,334.058800000000019,-20.667300000000001,"Crater, craters",AA,Adopted by IAU,333.959499999999991,334.157399999999996,-20.760200000000001,-20.575100000000003,Angola,Africa,Margaritifer Sinus,mc19,http://planetarynames.wr.usgs.gov/Feature/3464
113.4508,-18.8401,Loon,Loon,1991/01/01 00:00:00,"Town in Ontario, Canada.",7.706480000000000,113.450800000000001,-18.840100000000000,"Crater, craters",AA,Adopted by IAU,113.384100000000004,113.521500000000003,-18.905500000000000,-18.775400000000001,Canada,North America,Mare Tyrrhenum,mc22,http://planetarynames.wr.usgs.gov/Feature/3469
331.6662,-19.8284,Lorica,Lorica,1976/01/01 00:00:00,Town in Colombia.,58.485199999999999,331.666200000000003,-19.828400000000002,"Crater, craters",AA,Adopted by IAU,331.147800000000018,332.196599999999989,-20.322100000000002,-19.335400000000000,Colombia,South and Central America,Margaritifer Sinus,mc19,http://planetarynames.wr.usgs.gov/Feature/3474
283.7717,-35.0773,Los,Los,1979/01/01 00:00:00,Town in Sweden.,8.054250000000000,283.771700000000010,-35.077300000000001,"Crater, craters",AA,Adopted by IAU,283.688700000000040,283.854800000000012,-35.145299999999999,-35.009399999999999,Sweden,Europe,Thaumasia,mc25,http://planetarynames.wr.usgs.gov/Feature/3476
337.5613,-21.8834,Loto,Loto,1976/01/01 00:00:00,Town in Zaire.,22.137599999999999,337.561300000000017,-21.883400000000002,"Crater, craters",AA,Adopted by IAU,337.358600000000024,337.761099999999999,-22.070500000000003,-21.697000000000003,Zaire,Africa,Margaritifer Sinus,mc19,http://planetarynames.wr.usgs.gov/Feature/3480
267.0754,42.4134,Lowbury,Lowbury,1991/01/01 00:00:00,"Named for a town in New Zealand, probably Lowburn incorrectly recorded as Lowbury.",17.183399999999999,267.075400000000002,42.413400000000003,"Crater, craters",AA,Adopted by IAU,266.885199999999998,267.277899999999988,42.269200000000005,42.559100000000001,New Zealand,Oceania,Arcadia,mc03,http://planetarynames.wr.usgs.gov/Feature/3492
278.4956,-51.9579,Lowell,Lowell,1973/01/01 00:00:00,"Percival; American astronomer (1855-1916).",202.219789999999989,278.495600000000024,-51.957900000000002,"Crater, craters",AA,Adopted by IAU,275.752100000000041,281.293200000000013,-53.694100000000006,-50.282000000000004,American,North America,Thaumasia,mc25,http://planetarynames.wr.usgs.gov/Feature/3494
163.7142,40.3967,Phlegra Montes,Phlegra Montes,1973/01/01 00:00:00,Classical albedo feature name.,1350.646700000000010,163.714200000000005,40.396700000000003,"Mons, montes",MO,Adopted by IAU,159.737099999999998,167.261500000000012,29.054200000000002,51.572099999999999,Greek,Europe,Cebrenia,mc07,http://planetarynames.wr.usgs.gov/Feature/4701
323.0928,17.262,Luck,Luck,1976/01/01 00:00:00,"Town in Wisconsin, USA.",7.752900000000000,323.092800000000011,17.262000000000000,"Crater, craters",AA,Adopted by IAU,323.024300000000039,323.161300000000040,17.196600000000000,17.327400000000001,United States,North America,Oxia Palus,mc11,http://planetarynames.wr.usgs.gov/Feature/3504
312.5831,-44.2491,Luga,Luga,1976/01/01 00:00:00,Town in Russia.,44.560859999999998,312.583100000000002,-44.249100000000006,"Crater, craters",AA,Adopted by IAU,312.058400000000006,313.107900000000029,-44.625000000000000,-43.873300000000000,Russia,Europe,Argyre,mc26,http://planetarynames.wr.usgs.gov/Feature/3509
322.6322,-29.5337,Luki,Luki,1979/01/01 00:00:00,Town in Ukraine.,20.801700000000000,322.632200000000012,-29.533700000000003,"Crater, craters",AA,Adopted by IAU,322.427700000000016,322.831000000000017,-29.704500000000003,-29.353500000000000,Ukraine,Europe,Margaritifer Sinus,mc19,http://planetarynames.wr.usgs.gov/Feature/3512
356.9128,38.6998,Lutsk,Lutsk,1976/01/01 00:00:00,Town in Ukraine.,4.854050000000000,356.912800000000004,38.699800000000003,"Crater, craters",AA,Adopted by IAU,356.862600000000043,356.967600000000004,38.660200000000003,38.742000000000004,Ukraine,Europe,Mare Acidalium,mc04,http://planetarynames.wr.usgs.gov/Feature/3524
31.2821,27.0622,Luzin,Luzin,1976/01/01 00:00:00,"N. N.; Russian mathematician (1883-1950).",101.043999999999997,31.282100000000000,27.062200000000001,"Crater, craters",AA,Adopted by IAU,30.325600000000001,32.239800000000002,26.210300000000000,27.915000000000003,Russia,Europe,Arabia,mc12,http://planetarynames.wr.usgs.gov/Feature/3525
328.0484,24.4227,Lydda,Lydda,1997/01/01 00:00:00,Town in Israel.,33.830599999999997,328.048400000000015,24.422700000000003,"Crater, craters",AA,Adopted by IAU,327.731400000000008,328.358200000000011,24.136300000000002,24.707100000000001,Israel,Asia,Oxia Palus,mc11,http://planetarynames.wr.usgs.gov/Feature/3530
344.528,-69.9068,Lyell,Lyell,1973/01/01 00:00:00,"Charles; British geologist (1797-1875).",121.832999999999998,344.528000000000020,-69.906800000000004,"Crater, craters",AA,Adopted by IAU,341.552099999999996,347.537700000000029,-70.935699999999997,-68.880300000000005,Great Britain,Europe,Mare Australe,mc30,http://planetarynames.wr.usgs.gov/Feature/3533
29.3413,50.4671,Lyot,Lyot,1973/01/01 00:00:00,"Bernard; French astronomer (1897-1952).",221.531000000000006,29.341300000000000,50.467100000000002,"Crater, craters",AA,Adopted by IAU,26.405400000000000,32.278800000000004,48.599200000000003,52.336700000000000,France,Europe,Ismenius Lacus,mc05,http://planetarynames.wr.usgs.gov/Feature/3538
135.4356,48.4497,Madrid,Madrid,1979/01/01 00:00:00,Spanish tracking site.,3.799770000000000,135.435599999999994,48.449700000000000,"Crater, craters",AA,Adopted by IAU,135.397300000000001,135.474000000000018,48.418199999999999,48.481300000000005,Spain,Europe,Cebrenia,mc07,http://planetarynames.wr.usgs.gov/Feature/3567
306.8505,-44.0192,Mafra,Mafra,1976/01/01 00:00:00,Town in Brazil.,13.348500000000000,306.850500000000011,-44.019200000000005,"Crater, craters",AA,Adopted by IAU,306.696599999999989,307.009800000000041,-44.131000000000000,-43.905799999999999,Brazil,South and Central America,Argyre,mc26,http://planetarynames.wr.usgs.gov/Feature/3573
313.9307,-34.519,Magadi,Magadi,1979/01/01 00:00:00,Town in Kenya.,50.786200000000001,313.930700000000002,-34.518999999999998,"Crater, craters",AA,Adopted by IAU,313.417100000000005,314.457100000000025,-34.948000000000000,-34.091200000000001,Kenya,Africa,Argyre,mc26,http://planetarynames.wr.usgs.gov/Feature/3575
185.4216,-32.3566,Magelhaens,Magelhaens,1976/01/01 00:00:00,"Fernao de; Portuguese navigator (1480-1521).",103.798580000000001,185.421600000000012,-32.356600000000000,"Crater, craters",AA,Adopted by IAU,184.380200000000002,186.453300000000013,-33.234900000000003,-31.483700000000002,Portugal,Europe,Phaethontis,mc24,http://planetarynames.wr.usgs.gov/Feature/3579
9.4997,27.7818,Maggini,Maggini,1973/01/01 00:00:00,"Mentore; Italian astronomer (1890-1941).",139.063999999999993,9.499700000000001,27.781800000000000,"Crater, craters",AA,Adopted by IAU,8.174000000000001,10.825700000000001,26.609200000000001,28.955300000000001,Italy,Europe,Arabia,mc12,http://planetarynames.wr.usgs.gov/Feature/3580
105.3583,15.9249,Mago,Mago,1988/01/01 00:00:00,Town in Russia.,2.739280000000000,105.358300000000000,15.924900000000001,"Crater, craters",AA,Adopted by IAU,105.334400000000002,105.382400000000004,15.901400000000001,15.947700000000001,Russia,Europe,Amenthes,mc14,http://planetarynames.wr.usgs.gov/Feature/3583
305.7778,-41.5589,Maidstone,Maidstone,1976/01/01 00:00:00,Town in England.,9.386430000000001,305.777800000000013,-41.558900000000001,"Crater, craters",AA,Adopted by IAU,305.673699999999997,305.885300000000029,-41.634900000000002,-41.476500000000001,Great Britain,Europe,Argyre,mc26,http://planetarynames.wr.usgs.gov/Feature/3594
49.0091,-76.5411,Main,Main,1973/01/01 00:00:00,"Robert; British astronomer (1808-1878).",110.992999999999995,49.009100000000004,-76.541100000000000,"Crater, craters",AA,Adopted by IAU,44.986400000000003,53.038900000000005,-77.478700000000003,-75.606099999999998,Great Britain,Europe,Mare Australe,mc30,http://planetarynames.wr.usgs.gov/Feature/3596
306.3731,12.2216,Mandora,Mandora,1988/01/01 00:00:00,Town in Australia.,55.942000000000000,306.373100000000022,12.221600000000000,"Crater, craters",AA,Adopted by IAU,305.895600000000002,306.861199999999997,11.749900000000000,12.693700000000000,Australia,Oceania,Lunae Palus,mc10,http://planetarynames.wr.usgs.gov/Feature/3626
322.4273,-3.5783,Manti,Manti,1976/01/01 00:00:00,"Town in Utah, USA.",15.642400000000000,322.427300000000002,-3.578300000000000,"Crater, craters",AA,Adopted by IAU,322.300600000000031,322.564999999999998,-3.710300000000000,-3.446400000000000,United States,North America,Margaritifer Sinus,mc19,http://planetarynames.wr.usgs.gov/Feature/3639
332.5291,-22.1467,Manzī,Manzi,1976/01/01 00:00:00,Town in Burma.,7.518100000000000,332.529100000000028,-22.146700000000003,"Crater, craters",AA,Adopted by IAU,332.461900000000014,332.598800000000040,-22.208900000000000,-22.082000000000001,Burma,Asia,Margaritifer Sinus,mc19,http://planetarynames.wr.usgs.gov/Feature/3648
328.0436,-61.9189,Maraldi,Maraldi,1973/01/01 00:00:00,"Giacomo F.; French astronomer (1665-1729).",118.239999999999995,328.043600000000026,-61.918900000000001,"Crater, craters",AA,Adopted by IAU,325.934400000000039,330.176400000000001,-62.917400000000001,-60.922600000000003,France,Europe,Argyre,mc26,http://planetarynames.wr.usgs.gov/Feature/3651
111.034,17.6469,Marbach,Marbach,1976/01/01 00:00:00,Town in Switzerland.,24.742999999999999,111.034000000000006,17.646900000000002,"Crater, craters",AA,Adopted by IAU,110.816900000000004,111.255000000000010,17.438500000000001,17.855900000000002,Switzerland,Europe,Amenthes,mc14,http://planetarynames.wr.usgs.gov/Feature/3654
201.8509,-9.9804,Marca,Marca,1985/01/01 00:00:00,Village in Peru.,78.351399999999998,201.850899999999996,-9.980400000000001,"Crater, craters",AA,Adopted by IAU,201.183300000000003,202.525400000000019,-10.641500000000001,-9.319600000000001,Peru,South and Central America,Memnonia,mc16,http://planetarynames.wr.usgs.gov/Feature/3655
314.1159,-52.0115,Mari,Mari,1991/01/01 00:00:00,Ruined city in Syria.,37.047899999999998,314.115900000000011,-52.011500000000005,"Crater, craters",AA,Adopted by IAU,313.616800000000012,314.632200000000012,-52.324900000000000,-51.699900000000000,Syria,Asia,Argyre,mc26,http://planetarynames.wr.usgs.gov/Feature/3703
195.765,-34.6817,Mariner,Mariner,1967/01/01 00:00:00,Named for Mariner IV spacecraft.,156.575999999999993,195.765000000000015,-34.681699999999999,"Crater, craters",AA,Adopted by IAU,194.162800000000004,197.375300000000010,-36.003100000000003,-33.361499999999999,American,North America,Phaethontis,mc24,http://planetarynames.wr.usgs.gov/Feature/3711
356.5529,12.9366,Marth,Marth,1973/01/01 00:00:00,"Albert; German astronomer (1828-1897).",96.687200000000004,356.552900000000022,12.936600000000000,"Crater, craters",AA,Adopted by IAU,355.722200000000043,357.395900000000040,12.121200000000000,13.752400000000002,Great Britain,Europe,Oxia Palus,mc11,http://planetarynames.wr.usgs.gov/Feature/3725
144.1769,-34.9148,Martz,Martz,1973/01/01 00:00:00,"Edwin P.; American physicist (1916-1967).",92.744640000000004,144.176900000000018,-34.914800000000000,"Crater, craters",AA,Adopted by IAU,143.242199999999997,145.150400000000019,-35.697200000000002,-34.132500000000000,American,North America,Eridania,mc29,http://planetarynames.wr.usgs.gov/Feature/3729
273.7937,36.3799,N. Mareotis Tholus,N  Mareotis Tholus,1991/01/01 00:00:00,Classical albedo name.,3.578760000000000,273.793700000000001,36.379899999999999,"Tholus, tholi",TH,Adopted by IAU,273.760899999999992,273.824500000000000,36.350500000000004,36.410800000000002,Greek,Europe,Arcadia,mc03,http://planetarynames.wr.usgs.gov/Feature/4097
327.695,12.0673,Masursky,Masursky,1997/01/01 00:00:00,"Harold; American astrogeologist (1922-1990).",115.341999999999999,327.694999999999993,12.067300000000001,"Crater, craters",AA,Adopted by IAU,326.705700000000036,328.695600000000013,11.094500000000000,13.040500000000000,American,North America,Oxia Palus,mc11,http://planetarynames.wr.usgs.gov/Feature/3746
1.7514,-49.6039,Maunder,Maunder,1973/01/01 00:00:00,"Edward W.; British astronomer (1851-1928).",90.844600000000000,1.751400000000000,-49.603900000000003,"Crater, craters",AA,Adopted by IAU,0.568900000000000,2.934000000000000,-50.371000000000002,-48.838400000000000,Great Britain,Europe,Noachis,mc27,http://planetarynames.wr.usgs.gov/Feature/3757
337.633,21.8966,McLaughlin,McLaughlin,1973/01/01 00:00:00,"Dean B.; American astronomer (1901-1965).",90.920400000000001,337.633000000000038,21.896599999999999,"Crater, craters",AA,Adopted by IAU,336.812600000000032,338.465700000000027,21.130000000000003,22.663900000000002,American,North America,Oxia Palus,mc11,http://planetarynames.wr.usgs.gov/Feature/3782
303.4315,18.6418,Medrissa,Medrissa,1988/01/01 00:00:00,Town in Algeria.,19.524699999999999,303.431500000000028,18.641800000000000,"Crater, craters",AA,Adopted by IAU,303.263100000000009,303.610700000000008,18.477399999999999,18.806800000000003,Algeria,Africa,Lunae Palus,mc10,http://planetarynames.wr.usgs.gov/Feature/3794
202.1416,-41.5727,Palikir,Palikir,2011/09/29 00:00:00,Capital of the Federated States of Micronesia.,15.574000000000000,202.141600000000011,-41.572700000000005,"Crater, craters",AA,Adopted by IAU,201.965400000000017,202.317800000000005,-41.703400000000002,-41.442100000000003,Micronesia,Oceania,Phaethontis,mc24,http://planetarynames.wr.usgs.gov/Feature/14872
323.0952,-1.4305,Mega,Mega,1976/01/01 00:00:00,Town in Ethiopia.,16.947900000000001,323.095200000000034,-1.430500000000000,"Crater, craters",AA,Adopted by IAU,322.953700000000026,323.239700000000028,-1.572500000000000,-1.286600000000000,Ethiopia,Africa,Margaritifer Sinus,mc19,http://planetarynames.wr.usgs.gov/Feature/3799
107.3128,18.8649,Meget,Meget,1988/01/01 00:00:00,Town in Russia.,4.585680000000000,107.312800000000010,18.864900000000002,"Crater, craters",AA,Adopted by IAU,107.271000000000001,107.352800000000002,18.826499999999999,18.903900000000000,Russia,Europe,Amenthes,mc14,http://planetarynames.wr.usgs.gov/Feature/3801
242.4231,-48.1022,Raga,Raga,2011/09/29 00:00:00,Town in South Sudan.,3.434000000000000,242.423100000000005,-48.102200000000003,"Crater, craters",AA,Adopted by IAU,242.382000000000005,242.464300000000009,-48.131300000000003,-48.073200000000000,South Sudan,Africa,Thaumasia,mc25,http://planetarynames.wr.usgs.gov/Feature/14873
336.259,-72.6274,Mellish,Mellish,1994/01/01 00:00:00,"John E.; American amateur astronomer (1886-1970).",104.951999999999998,336.259000000000015,-72.627400000000009,"Crater, craters",AA,Adopted by IAU,333.311599999999999,339.244400000000041,-73.513900000000007,-71.743300000000005,American,North America,Mare Australe,mc30,http://planetarynames.wr.usgs.gov/Feature/3821
206.1789,-23.6269,Memnonia Fossae,Memnonia Fossae,1973/01/01 00:00:00,Classical albedo feature name.,1585.282300000000077,206.178899999999999,-23.626900000000003,"Fossa, fossae",FO,Adopted by IAU,190.388900000000007,220.263700000000000,-27.492400000000000,-19.111900000000002,Greek,Europe,Memnonia,mc16,http://planetarynames.wr.usgs.gov/Feature/3827
291.7848,24.642,Sacra Mensa,Sacra Mensa,1988/01/01 00:00:00,Albedo feature name.,577.000000000000000,291.784800000000018,24.641999999999999,"Mensa, mensae",MN,Adopted by IAU,286.626300000000015,297.086000000000013,22.290100000000002,26.983500000000003,Latin,Europe,Lunae Palus,mc10,http://planetarynames.wr.usgs.gov/Feature/5268
280.0382,2.4716,Echus Chasma,Echus Chasma,1976/01/01 00:00:00,Classical albedo feature name.,391.095199999999977,280.038200000000018,2.471600000000000,"Chasma, chasmata",CM,Adopted by IAU,278.670700000000011,282.567700000000002,-1.354900000000000,5.736600000000000,Latin,Europe,Lunae Palus,mc10,http://planetarynames.wr.usgs.gov/Feature/1712
341.243,-32.1097,Mena,Mena,1979/01/01 00:00:00,Town in Russia.,29.910280000000000,341.242999999999995,-32.109700000000004,"Crater, craters",AA,Adopted by IAU,340.945100000000025,341.540799999999990,-32.362400000000001,-31.857700000000001,Russia,Europe,Argyre,mc26,http://planetarynames.wr.usgs.gov/Feature/3831
211.8716,-5.1576,Dubis Vallis,Dubis Vallis,1985/01/01 00:00:00,"Classical name for modern Doubs River, France.",45.416240000000002,211.871600000000001,-5.157600000000000,"Vallis, valles",VA,Adopted by IAU,211.849500000000006,211.995100000000008,-5.502300000000000,-4.862300000000000,France,Europe,Memnonia,mc16,http://planetarynames.wr.usgs.gov/Feature/1653
297.4995,23.9108,Lunae Mensa,Lunae Mensa,1988/01/01 00:00:00,Albedo feature name.,114.750860000000003,297.499500000000012,23.910800000000002,"Mensa, mensae",MN,Adopted by IAU,296.470200000000034,298.468299999999999,23.469900000000003,24.460000000000001,Roman,Europe,Lunae Palus,mc10,http://planetarynames.wr.usgs.gov/Feature/3517
240.6539,-7.4691,Arsia Chasmata,Arsia Chasmata,1991/01/01 00:00:00,Albedo name.,97.057050000000004,240.653900000000021,-7.469100000000000,"Chasma, chasmata",CM,Adopted by IAU,239.903199999999998,241.374500000000012,-8.273800000000000,-6.669500000000000,Latin,Europe,Phoenicis Lacus,mc17,http://planetarynames.wr.usgs.gov/Feature/393
319.7079,-58.0971,Charitum Montes,Charitum Montes,1973/01/01 00:00:00,Classical albedo feature name.,933.540470000000028,319.707899999999995,-58.097100000000005,"Mons, montes",MO,Adopted by IAU,305.940600000000018,332.629200000000026,-60.553100000000001,-52.903900000000000,Greek,Europe,Argyre,mc26,http://planetarynames.wr.usgs.gov/Feature/1149
161.2488,-58.7836,Mendel,Mendel,1973/01/01 00:00:00,"Gregor J.; Austrian biologist (1822-1884).",77.320380000000000,161.248800000000017,-58.783600000000000,"Crater, craters",AA,Adopted by IAU,159.990300000000019,162.507300000000015,-59.435800000000000,-58.131500000000003,Austria,Europe,Eridania,mc29,http://planetarynames.wr.usgs.gov/Feature/3836
138.3319,35.8277,Mendota,Mendota,1991/01/01 00:00:00,"Town in Illinois, USA.",8.859320000000000,138.331900000000019,35.827700000000000,"Crater, craters",AA,Adopted by IAU,138.242600000000010,138.426999999999992,35.753500000000003,35.902999999999999,United States,North America,Cebrenia,mc07,http://planetarynames.wr.usgs.gov/Feature/3839
9.5303,-45.9271,Tivat,Tivat,2011/09/29 00:00:00,Town in Montenegro.,3.622000000000000,9.530300000000000,-45.927100000000003,"Crater, craters",AA,Adopted by IAU,9.486300000000000,9.574400000000001,-45.954599999999999,-45.899500000000003,Montenegro,Europe,Noachis,mc27,http://planetarynames.wr.usgs.gov/Feature/14874
139.6548,48.1646,Mie,Mie,1973/01/01 00:00:00,"Gustav; German physicist (1868-1957).",100.908000000000001,139.654799999999994,48.164600000000000,"Crater, craters",AA,Adopted by IAU,138.383200000000016,140.933600000000013,47.314200000000000,49.016600000000004,Germany,Europe,Cebrenia,mc07,http://planetarynames.wr.usgs.gov/Feature/3886
339.2487,-27.1635,Mila,Mila,1976/01/01 00:00:00,Town in Algeria.,10.873400000000000,339.248700000000042,-27.163500000000003,"Crater, craters",AA,Adopted by IAU,339.146900000000016,339.353100000000040,-27.252600000000001,-27.069100000000002,Algeria,Africa,Margaritifer Sinus,mc19,http://planetarynames.wr.usgs.gov/Feature/3891
140.6184,21.5967,Hyblaeus Catena,Hyblaeus Catena,1985/01/01 00:00:00,Albedo feature name.,10.485670000000001,140.618400000000008,21.596700000000002,"Catena, catenae",CA,Adopted by IAU,140.524699999999996,140.714900000000000,21.595500000000001,21.597200000000001,Latin,Europe,Elysium,mc15,http://planetarynames.wr.usgs.gov/Feature/2598
213.4214,54.4617,Milanković,Milankovic,1973/01/01 00:00:00,"Milutin; Yugoslav geophysicist, astrophysicist (1879-1958).",113.513000000000005,213.421400000000006,54.461700000000000,"Crater, craters",AA,Adopted by IAU,211.778900000000021,215.076200000000000,53.505100000000006,55.420100000000005,Yugoslavia,Europe,Diacria,mc02,http://planetarynames.wr.usgs.gov/Feature/3893
318.5094,-52.4123,Milford,Milford,1991/01/01 00:00:00,"Town in Utah, USA.",24.972100000000001,318.509400000000028,-52.412300000000002,"Crater, craters",AA,Adopted by IAU,318.172700000000020,318.863800000000026,-52.623800000000003,-52.202500000000001,United States,North America,Argyre,mc26,http://planetarynames.wr.usgs.gov/Feature/3896
106.6256,-21.3872,Tyrrhena Patera,Tyrrhena Patera,1973/01/01 00:00:00,Classical albedo feature name.,12.637280000000001,106.625600000000006,-21.387200000000000,"Patera, paterae",PE,Adopted by IAU,106.506600000000006,106.734600000000000,-21.492500000000000,-21.279300000000003,Latin,Europe,Mare Tyrrhenum,mc22,http://planetarynames.wr.usgs.gov/Feature/6174
212.3042,-9.8387,Arimanes Rupes,Arimanes Rupes,1985/01/01 00:00:00,"Albedo feature; classical Persian deity of wickedness.",192.672130000000010,212.304200000000009,-9.838700000000001,"Rupes, rupēs",RU,Adopted by IAU,212.164000000000016,212.848900000000015,-11.332900000000000,-8.312000000000001,Persian,Asia,Memnonia,mc16,http://planetarynames.wr.usgs.gov/Feature/378
210.361,-53.9497,Millman,Millman,1994/01/01 00:00:00,"Peter; Canadian astronomer (1906-1990).",73.840599999999995,210.361000000000018,-53.949700000000000,"Crater, craters",AA,Adopted by IAU,209.308600000000013,211.425500000000000,-54.573500000000003,-53.327700000000000,Canada,North America,Phaethontis,mc24,http://planetarynames.wr.usgs.gov/Feature/3901
85.1049,-21.1894,Millochau,Millochau,1973/01/01 00:00:00,"Gaston; French astronomer (b. 1866).",112.891999999999996,85.104900000000001,-21.189400000000003,"Crater, craters",AA,Adopted by IAU,84.085099999999997,86.127800000000008,-22.141999999999999,-20.237500000000001,France,Europe,Iapygia,mc21,http://planetarynames.wr.usgs.gov/Feature/3902
308.2444,22.1248,Mirtos,Mirtos,1988/01/01 00:00:00,Town in Greece (Crete).,6.382590000000000,308.244400000000041,22.124800000000000,"Crater, craters",AA,Adopted by IAU,308.186300000000017,308.302600000000041,22.071000000000002,22.178700000000003,Greek,Europe,Lunae Palus,mc10,http://planetarynames.wr.usgs.gov/Feature/3924
250.8708,-24.6808,Mistretta,Mistretta,1991/01/01 00:00:00,Town in Sicily.,16.564599999999999,250.870800000000003,-24.680800000000001,"Crater, craters",AA,Adopted by IAU,250.721699999999998,251.029200000000003,-24.821000000000002,-24.541500000000003,Italy,Europe,Phoenicis Lacus,mc17,http://planetarynames.wr.usgs.gov/Feature/3930
102.6843,9.0748,Amenthes Fossae,Amenthes Fossae,1976/01/01 00:00:00,Classical albedo feature name.,850.000000000000000,102.684300000000007,9.074800000000000,"Fossa, fossae",FO,Adopted by IAU,96.970900000000000,107.284300000000002,2.171400000000000,13.730700000000001,Egypt,Africa,Amenthes,mc14,http://planetarynames.wr.usgs.gov/Feature/227
76.0077,-67.526,Mitchel,Mitchel,1973/01/01 00:00:00,"Ormsby M.; American astronomer (1809-1862).",135.897349999999989,76.007700000000000,-67.525999999999996,"Crater, craters",AA,Adopted by IAU,72.990200000000002,79.025500000000008,-68.679200000000009,-66.372900000000001,American,North America,Mare Australe,mc30,http://planetarynames.wr.usgs.gov/Feature/3931
87.9844,-39.607,Mliba,Mliba,1991/01/01 00:00:00,Town in Swaziland.,11.851240000000001,87.984400000000008,-39.606999999999999,"Crater, craters",AA,Adopted by IAU,87.854600000000005,88.114200000000011,-39.707100000000004,-39.507100000000001,Swaziland (Eswatini),Africa,Hellas,mc28,http://planetarynames.wr.usgs.gov/Feature/3937
148.1452,5.7765,Cerberus Palus,Cerberus Palus,2006/01/01 00:00:00,Classical albedo feature name.,466.677759999999978,148.145200000000017,5.776500000000000,"Palus, paludes",PA,Adopted by IAU,144.579900000000009,152.466400000000021,1.026300000000000,8.983900000000000,Greek,Europe,Elysium,mc15,http://planetarynames.wr.usgs.gov/Feature/14162
150.5673,23.2526,Stygis Catena,Stygis Catena,1985/01/01 00:00:00,"From albedo feature at 30N, 200W.",65.380840000000006,150.567300000000017,23.252600000000001,"Catena, catenae",CA,Adopted by IAU,150.333400000000012,150.759100000000018,22.745300000000000,23.773700000000002,Greek,Europe,Elysium,mc15,http://planetarynames.wr.usgs.gov/Feature/5732
354.6487,42.888,Mohawk,Mohawk,1976/01/01 00:00:00,"Town in New York, USA.",17.493700000000000,354.648700000000019,42.888000000000005,"Crater, craters",AA,Adopted by IAU,354.447900000000004,354.850799999999992,42.741100000000003,43.036300000000004,United States,North America,Mare Acidalium,mc04,http://planetarynames.wr.usgs.gov/Feature/3945
327.0136,7.4841,Mojave,Mojave,2006/01/01 00:00:00,"Town in California, USA.",57.969900000000003,327.013599999999997,7.484100000000001,"Crater, craters",AA,Adopted by IAU,326.526000000000010,327.512400000000014,6.995200000000001,7.973200000000000,United States,North America,Oxia Palus,mc11,http://planetarynames.wr.usgs.gov/Feature/3951
283.4398,80.7206,Abalos Scopuli,Abalos Scopuli,2006/01/01 00:00:00,Classical albedo feature name.,109.161439999999999,283.439799999999991,80.720600000000005,"Scopulus, scopuli",SC,Adopted by IAU,279.472399999999993,290.517200000000003,80.202600000000004,81.955200000000005,Roman,Europe,Mare Boreum,mc01,http://planetarynames.wr.usgs.gov/Feature/14148
149.2705,-27.4952,Molesworth,Molesworth,1973/01/01 00:00:00,"Percy B.; British astronomer (1867-1908).",168.867230000000006,149.270499999999998,-27.495200000000001,"Crater, craters",AA,Adopted by IAU,147.674700000000001,150.885800000000017,-28.922700000000003,-26.073800000000002,Great Britain,Europe,Aeolis,mc23,http://planetarynames.wr.usgs.gov/Feature/3953
305.7349,15.2515,Montevallo,Montevallo,1988/01/01 00:00:00,"Town in Alabama, USA.",50.421100000000003,305.734900000000039,15.251500000000000,"Crater, craters",AA,Adopted by IAU,305.299399999999991,306.181000000000040,14.826500000000001,15.677100000000001,United States,North America,Lunae Palus,mc10,http://planetarynames.wr.usgs.gov/Feature/4021
150.1209,32.0845,Trebia Valles,Trebia Valles,1985/01/01 00:00:00,"Classical name for modern Trebbia River, Italy.",179.796189999999996,150.120900000000006,32.084499999999998,"Vallis, valles",VA,Adopted by IAU,148.583900000000000,151.504099999999994,30.596800000000002,33.627700000000004,Italy,Europe,Cebrenia,mc07,http://planetarynames.wr.usgs.gov/Feature/6078
308.613,-9.5799,Morella,Morella,2006/01/01 00:00:00,Town in Spain.,76.973200000000006,308.613000000000000,-9.579900000000000,"Crater, craters",AA,Adopted by IAU,307.959800000000030,309.276800000000037,-10.229400000000000,-8.930800000000000,Spain,Europe,Coprates,mc18,http://planetarynames.wr.usgs.gov/Feature/4033
44.5439,41.7922,Moreux,Moreux,1973/01/01 00:00:00,"Theophile; French astronomer and meteorologist (1867-1954).",131.548000000000002,44.543900000000001,41.792200000000001,"Crater, craters",AA,Adopted by IAU,43.056500000000000,46.033300000000004,40.683199999999999,42.902600000000000,France,Europe,Ismenius Lacus,mc05,http://planetarynames.wr.usgs.gov/Feature/4035
153.7297,-1.0807,Zephyria Planum,Zephyria Planum,2006/01/01 00:00:00,Classical albedo feature name.,575.106899999999996,153.729700000000008,-1.080700000000000,"Planum, plana",PM,Adopted by IAU,149.958600000000018,156.751500000000021,-5.415900000000001,3.258700000000000,Greek,Europe,Aeolis,mc23,http://planetarynames.wr.usgs.gov/Feature/14164
109.488,19.2335,Moss,Moss,1976/01/01 00:00:00,Town in Norway.,9.085010000000000,109.488000000000000,19.233499999999999,"Crater, craters",AA,Adopted by IAU,109.406800000000004,109.569100000000006,19.156900000000000,19.310200000000002,Norway,Europe,Amenthes,mc14,http://planetarynames.wr.usgs.gov/Feature/4050
337.5544,-23.6371,Murgoo,Murgoo,1976/01/01 00:00:00,Town in Australia.,22.643400000000000,337.554400000000044,-23.637100000000000,"Crater, craters",AA,Adopted by IAU,337.347700000000032,337.764600000000030,-23.822900000000001,-23.440900000000003,Australia,Oceania,Margaritifer Sinus,mc19,http://planetarynames.wr.usgs.gov/Feature/4073
324.238,22.3562,Mut,Mut,1976/01/01 00:00:00,Town in Turkey.,6.972760000000000,324.238000000000000,22.356200000000001,"Crater, craters",AA,Adopted by IAU,324.173499999999990,324.300700000000006,22.297800000000002,22.415400000000002,Turkey,Asia,Oxia Palus,mc11,http://planetarynames.wr.usgs.gov/Feature/4080
304.793,0.5954,Mutch,Mutch,1985/01/01 00:00:00,"Dr. Thomas A.; American geologist, Viking Lander Imaging Team leader (1931-1980).",198.811000000000007,304.793000000000006,0.595400000000000,"Crater, craters",AA,Adopted by IAU,303.121000000000038,306.475300000000004,-1.081600000000000,2.272500000000000,American,North America,Lunae Palus,mc10,http://planetarynames.wr.usgs.gov/Feature/4082
2.7656,-10.6538,Mädler,Madler,1973/01/01 00:00:00,"Johann H. von; German astronomer (1794-1874).",124.161000000000001,2.765600000000000,-10.653800000000000,"Crater, craters",AA,Adopted by IAU,1.700000000000000,3.831400000000000,-11.701300000000000,-9.606600000000000,Germany,Europe,Sinus Sabaeus,mc20,http://planetarynames.wr.usgs.gov/Feature/4092
127.8865,-25.7357,Müller,Muller,1973/01/01 00:00:00,"Hermann J.; American geneticist (1890-1967), and Carl H.; German astronomer (1851-1925).",120.515000000000001,127.886500000000012,-25.735700000000001,"Crater, craters",AA,Adopted by IAU,126.760300000000001,129.017500000000013,-26.752700000000001,-24.719500000000000,American,North America,Mare Tyrrhenum,mc22,http://planetarynames.wr.usgs.gov/Feature/4096
317.8701,22.9137,Naar,Naar,1976/01/01 00:00:00,Town in Egypt.,11.337190000000000,317.870100000000036,22.913700000000002,"Crater, craters",AA,Adopted by IAU,317.766300000000001,317.973999999999990,22.818100000000001,23.009399999999999,Egypt,Africa,Oxia Palus,mc11,http://planetarynames.wr.usgs.gov/Feature/4098
107.4394,24.4533,Naic,Naic,1976/01/01 00:00:00,Town in the Philippines.,8.678390000000000,107.439400000000006,24.453300000000002,"Crater, craters",AA,Adopted by IAU,107.361000000000004,107.521799999999999,24.380500000000001,24.526900000000001,Philippines,Asia,Amenthes,mc14,http://planetarynames.wr.usgs.gov/Feature/4113
244.174,19.7665,Jovis Fossae,Jovis Fossae,1985/01/01 00:00:00,"From albedo feature at 16N, 111W.",348.632400000000018,244.174000000000007,19.766500000000001,"Fossa, fossae",FO,Adopted by IAU,242.253700000000009,245.582500000000010,16.772600000000001,22.650200000000002,Greek,Europe,Tharsis,mc09,http://planetarynames.wr.usgs.gov/Feature/2849
126.8428,41.4675,Nain,Nain,1979/01/01 00:00:00,"Town in Newfoundland, Canada.",6.885870000000000,126.842800000000011,41.467500000000001,"Crater, craters",AA,Adopted by IAU,126.768100000000004,126.923200000000008,41.410100000000000,41.526299999999999,Canada,North America,Cebrenia,mc07,http://planetarynames.wr.usgs.gov/Feature/4115
105.7725,23.5046,Never,Never,1988/01/01 00:00:00,Town in Russia.,2.753010000000000,105.772500000000008,23.504600000000000,"Crater, craters",AA,Adopted by IAU,105.746900000000011,105.797600000000003,23.481700000000000,23.528200000000002,Russia,Europe,Amenthes,mc14,http://planetarynames.wr.usgs.gov/Feature/4228
289.3857,38.6877,Tempe Terra,Tempe Terra,1979/01/01 00:00:00,"From albedo feature at 40N, 70W.",1954.937899999999900,289.385699999999986,38.687700000000000,"Terra, terrae",TA,Adopted by IAU,267.059900000000027,309.163499999999999,25.781700000000001,54.081800000000001,Greek,Europe,Arcadia,mc03,http://planetarynames.wr.usgs.gov/Feature/5916
262.7486,24.0021,Ceraunius Tholus,Ceraunius Tholus,1973/01/01 00:00:00,Classical albedo feature name.,128.579859999999996,262.748600000000010,24.002100000000002,"Tholus, tholi",TH,Adopted by IAU,261.564900000000023,263.931100000000015,23.187600000000000,24.826500000000003,Greek,Europe,Tharsis,mc09,http://planetarynames.wr.usgs.gov/Feature/1106
122.8566,44.9871,Naju,Naju,1979/01/01 00:00:00,Town in the Republic of Korea.,8.029120000000001,122.856600000000000,44.987100000000005,"Crater, craters",AA,Adopted by IAU,122.763800000000003,122.955300000000008,44.920100000000005,45.055600000000005,Republic of Korea,Asia,Cebrenia,mc07,http://planetarynames.wr.usgs.gov/Feature/4116
232.2717,10.0188,Gigas Sulci,Gigas Sulci,1976/01/01 00:00:00,Classical albedo feature name.,418.562799999999982,232.271700000000010,10.018800000000001,"Sulcus, sulci",SU,Adopted by IAU,230.116200000000021,234.396900000000016,6.555400000000001,13.101500000000001,Greek,Europe,Tharsis,mc09,http://planetarynames.wr.usgs.gov/Feature/2158
340.0624,-26.6891,Nan,Nan,1976/01/01 00:00:00,Town in Thailand.,2.286490000000000,340.062400000000025,-26.689100000000000,"Crater, craters",AA,Adopted by IAU,340.040799999999990,340.084000000000003,-26.708400000000001,-26.669900000000002,Thailand,Asia,Margaritifer Sinus,mc19,http://planetarynames.wr.usgs.gov/Feature/4133
219.5781,-49.9182,Nansen,Nansen,1967/01/01 00:00:00,"Fridtjof; Norwegian explorer (1861-1930).",74.626990000000006,219.578100000000006,-49.918200000000006,"Crater, craters",AA,Adopted by IAU,218.601600000000019,220.557100000000020,-50.551800000000000,-49.292800000000000,Norway,Europe,Phaethontis,mc24,http://planetarynames.wr.usgs.gov/Feature/4143
232.4,14.8317,Gordii Fossae,Gordii Fossae,2000/01/01 00:00:00,From classical albedo feature name.,369.000000000000000,232.400000000000006,14.831700000000001,"Fossa, fossae",FO,Adopted by IAU,229.001700000000000,233.437000000000012,12.200600000000001,18.271800000000002,Greek,Europe,Tharsis,mc09,http://planetarynames.wr.usgs.gov/Feature/2223
36.8634,-66.8798,Pityusa Patera,Pityusa Patera,2003/01/01 00:00:00,Classical albedo feature name.,196.505779999999987,36.863399999999999,-66.879800000000003,"Patera, paterae",PE,Adopted by IAU,32.609100000000005,41.127400000000002,-68.496200000000002,-65.404800000000009,Greek,Europe,Mare Australe,mc30,http://planetarynames.wr.usgs.gov/Feature/4742
310.7378,22.0752,New Haven,New Haven,1979/01/01 00:00:00,American colonial town (Connecticut).,1.514890000000000,310.737799999999993,22.075200000000002,"Crater, craters",AA,Adopted by IAU,310.723999999999990,310.751599999999996,22.062400000000000,22.088000000000001,United States,North America,Lunae Palus,mc10,http://planetarynames.wr.usgs.gov/Feature/4230
327.1586,-27.5053,Nardo,Nardo,1976/01/01 00:00:00,Town in Italy.,25.104600000000001,327.158600000000035,-27.505300000000002,"Crater, craters",AA,Adopted by IAU,326.920500000000004,327.398000000000025,-27.715700000000002,-27.292200000000001,Italy,Europe,Margaritifer Sinus,mc19,http://planetarynames.wr.usgs.gov/Feature/4153
329.4241,21.2545,Naukan,Naukan,1976/01/01 00:00:00,Town in Russia.,7.465420000000000,329.424100000000010,21.254500000000000,"Crater, craters",AA,Adopted by IAU,329.358100000000036,329.493200000000002,21.193000000000001,21.319000000000003,Russia,Europe,Oxia Palus,mc11,http://planetarynames.wr.usgs.gov/Feature/4164
233.9552,27.3461,Halex Fossae,Halex Fossae,1985/01/01 00:00:00,"From albedo feature at 40N, 110W.",147.245249999999999,233.955200000000019,27.346100000000000,"Fossa, fossae",FO,Adopted by IAU,232.974700000000013,234.542400000000015,26.154400000000003,28.618000000000002,Greek,Europe,Tharsis,mc09,http://planetarynames.wr.usgs.gov/Feature/2323
336.4971,-25.8859,Navan,Navan,1976/01/01 00:00:00,Town in Ireland.,24.864300000000000,336.497099999999989,-25.885899999999999,"Crater, craters",AA,Adopted by IAU,336.270300000000020,336.736600000000010,-26.096100000000000,-25.676600000000001,Ireland,Europe,Margaritifer Sinus,mc19,http://planetarynames.wr.usgs.gov/Feature/4169
93.671,-31.6268,Nazca,Nazca,1991/01/01 00:00:00,Town in Peru.,15.014400000000000,93.671000000000006,-31.626800000000003,"Crater, craters",AA,Adopted by IAU,93.524100000000004,93.821600000000004,-31.753900000000002,-31.500600000000002,Peru,South and Central America,Hellas,mc28,http://planetarynames.wr.usgs.gov/Feature/4173
242.5854,18.204,Jovis Tholus,Jovis Tholus,1973/01/01 00:00:00,Classical albedo feature name.,58.070850000000000,242.585400000000021,18.204000000000001,"Tholus, tholi",TH,Adopted by IAU,242.070600000000013,243.100500000000011,17.810200000000002,18.664999999999999,Greek,Europe,Tharsis,mc09,http://planetarynames.wr.usgs.gov/Feature/2850
95.9969,-35.7998,Negele,Negele,1991/01/01 00:00:00,Town in Ethiopia.,36.927419999999998,95.996900000000011,-35.799800000000005,"Crater, craters",AA,Adopted by IAU,95.612500000000011,96.380700000000004,-36.111899999999999,-35.488900000000001,Ethiopia,Africa,Hellas,mc28,http://planetarynames.wr.usgs.gov/Feature/4192
107.0739,23.1826,Neive,Neive,1988/01/01 00:00:00,Town in Italy.,2.787120000000000,107.073900000000009,23.182600000000001,"Crater, craters",AA,Adopted by IAU,107.047200000000004,107.098399999999998,23.159500000000001,23.206500000000002,Italy,Europe,Amenthes,mc14,http://planetarynames.wr.usgs.gov/Feature/4199
226.1975,18.6528,Olympus Mons,Olympus Mons,1973/01/01 00:00:00,Classical albedo feature name.,610.129999999999995,226.197500000000019,18.652799999999999,"Mons, montes",MO,Adopted by IAU,220.756700000000023,232.198400000000021,13.481800000000000,23.676000000000002,Greek,Europe,Tharsis,mc09,http://planetarynames.wr.usgs.gov/Feature/4453
307.8722,20.6954,Nema,Nema,1976/01/01 00:00:00,Town in Russia.,14.542500000000000,307.872200000000021,20.695399999999999,"Crater, craters",AA,Adopted by IAU,307.746600000000001,308.008900000000040,20.573100000000000,20.818400000000000,Russia,Europe,Lunae Palus,mc10,http://planetarynames.wr.usgs.gov/Feature/4202
340.3344,-24.9736,Nepa,Nepa,1976/01/01 00:00:00,Town in Russia.,16.157000000000000,340.334400000000016,-24.973600000000001,"Crater, craters",AA,Adopted by IAU,340.185800000000029,340.486500000000035,-25.105600000000003,-24.833000000000002,Russia,Europe,Margaritifer Sinus,mc19,http://planetarynames.wr.usgs.gov/Feature/4205
68.7657,6.9812,Meroe Patera,Meroe Patera,1982/01/01 00:00:00,Classical albedo feature name.,52.596769999999999,68.765700000000010,6.981200000000000,"Patera, paterae",PE,Adopted by IAU,68.319400000000002,69.173400000000001,6.550700000000000,7.425800000000001,Greek,Europe,Syrtis Major,mc13,http://planetarynames.wr.usgs.gov/Feature/3859
325.9569,35.8995,Xanthe Dorsa,Xanthe Dorsa,1976/01/01 00:00:00,Classical albedo feature name.,0.000000000000000,325.956900000000019,35.899500000000003,"Dorsum, dorsa",DO,Adopted by IAU,308.890000000000043,349.303899999999999,12.068300000000001,49.724100000000000,Greek,Europe,Mare Acidalium,mc04,http://planetarynames.wr.usgs.gov/Feature/6597
175.8688,-15.7766,New Plymouth,New Plymouth,2003/01/01 00:00:00,"Town in Idaho, USA.",31.538900000000002,175.868800000000022,-15.776600000000000,"Crater, craters",AA,Adopted by IAU,175.595400000000012,176.148300000000006,-16.042899999999999,-15.510800000000001,United States,North America,Aeolis,mc23,http://planetarynames.wr.usgs.gov/Feature/4231
323.4384,-51.0535,Horarum Mons,Horarum Mons,1991/01/01 00:00:00,Albedo name.,20.503450000000001,323.438400000000001,-51.053500000000000,"Mons, montes",MO,Adopted by IAU,323.227500000000020,323.673100000000034,-51.218200000000003,-50.888700000000000,Greek,Europe,Argyre,mc26,http://planetarynames.wr.usgs.gov/Feature/2553
333.071,3.0875,Hydaspis Chaos,Hydaspis Chaos,1976/01/01 00:00:00,Classical albedo feature name.,336.041380000000004,333.071000000000026,3.087500000000000,"Chaos, chaoses",CH,Adopted by IAU,330.146500000000003,335.779800000000023,1.555500000000000,4.484800000000000,Greek,Europe,Oxia Palus,mc11,http://planetarynames.wr.usgs.gov/Feature/2603
311.0426,22.238,Newport,Newport,1979/01/01 00:00:00,American colonial town (Rhode Island).,1.972590000000000,311.042599999999993,22.238000000000000,"Crater, craters",AA,Adopted by IAU,311.024600000000021,311.060600000000022,22.221299999999999,22.254600000000000,United States,North America,Lunae Palus,mc10,http://planetarynames.wr.usgs.gov/Feature/4234
273.5087,38.7372,Tanais Fossae,Tanais Fossae,1991/01/01 00:00:00,Classical albedo name.,172.947750000000013,273.508700000000033,38.737200000000001,"Fossa, fossae",FO,Adopted by IAU,273.191900000000032,274.038700000000006,37.307500000000005,40.182900000000004,Greek,Europe,Arcadia,mc03,http://planetarynames.wr.usgs.gov/Feature/5851
195.5695,0.2111,Nicholson,Nicholson,1973/01/01 00:00:00,"Seth Barnes; American astronomer (1891-1963).",102.451409999999996,195.569500000000005,0.211100000000000,"Crater, craters",AA,Adopted by IAU,194.705300000000022,196.433600000000013,-0.653100000000000,1.075300000000000,American,North America,Amazonis,mc08,http://planetarynames.wr.usgs.gov/Feature/4249
201.9712,-40.502,Newton,Newton,1973/01/01 00:00:00,"Isaac; British physicist (1643-1727).",299.935360000000003,201.971200000000010,-40.502000000000002,"Crater, craters",AA,Adopted by IAU,198.643100000000004,205.299300000000017,-43.032900000000005,-37.971200000000003,Great Britain,Europe,Phaethontis,mc24,http://planetarynames.wr.usgs.gov/Feature/4236
256.6694,-28.6786,Nhill,Nhill,1991/01/01 00:00:00,"Town in Victoria, Australia.",23.703740000000000,256.669399999999996,-28.678600000000003,"Crater, craters",AA,Adopted by IAU,256.441700000000026,256.897500000000036,-28.878800000000002,-28.478900000000003,Australia,Oceania,Phoenicis Lacus,mc17,http://planetarynames.wr.usgs.gov/Feature/4242
101.1155,-16.1817,Tyrrhenus Labyrinthus,Tyrrhenus Labyrinthus,2006/01/01 00:00:00,Classical albedo feature name.,102.676860000000005,101.115500000000011,-16.181699999999999,"Labyrinthus, labyrinthi",LB,Adopted by IAU,100.576599999999999,101.692599999999999,-16.985099999999999,-15.377700000000001,Latin,Europe,Mare Tyrrhenum,mc22,http://planetarynames.wr.usgs.gov/Feature/7024
106.109,42.7876,Nier,Nier,1997/01/01 00:00:00,"Alfred O.C.; American physicist (1911-1994).",46.298600000000000,106.109000000000009,42.787600000000005,"Crater, craters",AA,Adopted by IAU,105.579300000000003,106.643600000000006,42.397800000000004,43.178899999999999,American,North America,Casius,mc06,http://planetarynames.wr.usgs.gov/Feature/4258
247.0376,1.4801,Pavonis Mons,Pavonis Mons,1973/01/01 00:00:00,Classical albedo feature name.,366.529499999999985,247.037599999999998,1.480100000000000,"Mons, montes",MO,Adopted by IAU,243.945600000000013,250.129800000000017,-1.927400000000000,4.212700000000000,Greek,Europe,Tharsis,mc09,http://planetarynames.wr.usgs.gov/Feature/4620
57.7455,-27.9996,Niesten,Niesten,1973/01/01 00:00:00,"Louis; Belgian astronomer (1844-1920).",114.807000000000002,57.745500000000000,-27.999600000000001,"Crater, craters",AA,Adopted by IAU,56.649700000000003,58.843600000000002,-28.968500000000002,-27.031600000000001,Belgium,Europe,Iapygia,mc21,http://planetarynames.wr.usgs.gov/Feature/4259
303.765,19.9058,Nif,Nif,1976/01/01 00:00:00,Town in the Caroline Islands (Yap).,8.483910000000000,303.764999999999986,19.905799999999999,"Crater, craters",AA,Adopted by IAU,303.689099999999996,303.841299999999990,19.835300000000000,19.978400000000001,Caroline Is.,Oceania,Lunae Palus,mc10,http://planetarynames.wr.usgs.gov/Feature/4260
242.6314,4.0135,Pavonis Sulci,Pavonis Sulci,1991/01/01 00:00:00,Albedo name.,425.802250000000015,242.631400000000014,4.013500000000001,"Sulcus, sulci",SU,Adopted by IAU,242.145600000000002,245.376600000000025,0.294200000000000,7.284500000000000,Latin,Europe,Tharsis,mc09,http://planetarynames.wr.usgs.gov/Feature/4621
278.1586,33.759,Nipigon,Nipigon,1991/01/01 00:00:00,Town in Canada.,8.890190000000000,278.158600000000035,33.759000000000000,"Crater, craters",AA,Adopted by IAU,278.068199999999990,278.248600000000010,33.685000000000002,33.835000000000001,Canada,North America,Arcadia,mc03,http://planetarynames.wr.usgs.gov/Feature/4305
335.9956,-21.2624,Nitro,Nitro,1976/01/01 00:00:00,"Town in West Virginia, USA.",29.338999999999999,335.995600000000024,-21.262400000000000,"Crater, craters",AA,Adopted by IAU,335.736100000000022,336.267200000000003,-21.510300000000001,-21.015300000000000,United States,North America,Margaritifer Sinus,mc19,http://planetarynames.wr.usgs.gov/Feature/4313
242.9105,-9.6303,Oti Fossae,Oti Fossae,1982/01/01 00:00:00,Classical albedo feature.,373.587649999999996,242.910500000000013,-9.630300000000000,"Fossa, fossae",FO,Adopted by IAU,240.627499999999998,245.084200000000010,-11.892300000000001,-7.022900000000000,Greek,Europe,Phoenicis Lacus,mc17,http://planetarynames.wr.usgs.gov/Feature/4523
88.2121,12.9239,Isidis Dorsa,Isidis Dorsa,2003/01/01 00:00:00,"Named for classical albedo feature at 25N, 270W.",1074.698399999999992,88.212100000000007,12.923900000000001,"Dorsum, dorsa",DO,Adopted by IAU,79.021400000000000,96.914300000000011,4.095600000000000,21.702800000000000,Greek,Europe,Syrtis Major,mc13,http://planetarynames.wr.usgs.gov/Feature/2734
334.6576,46.6938,Acidalia Mensa,Acidalia Mensa,2000/01/01 00:00:00,From classical albedo feature name.,226.860549999999989,334.657600000000002,46.693800000000003,"Mensa, mensae",MN,Adopted by IAU,331.809700000000021,337.028099999999995,45.030400000000000,48.685100000000006,Greek,Europe,Mare Acidalium,mc04,http://planetarynames.wr.usgs.gov/Feature/37
85.1086,-35.2498,Njesko,Njesko,1991/01/01 00:00:00,Town in Czechoslovakia.,27.768719999999998,85.108600000000010,-35.249800000000000,"Crater, craters",AA,Adopted by IAU,84.821500000000000,85.395200000000003,-35.484400000000001,-35.015900000000002,Czechoslovakia,Europe,Hellas,mc28,http://planetarynames.wr.usgs.gov/Feature/4316
335.6944,-25.4284,Noma,Noma,1976/01/01 00:00:00,Town in Namibia.,40.492159999999998,335.694400000000030,-25.428400000000000,"Crater, craters",AA,Adopted by IAU,335.315699999999993,336.072100000000034,-25.770100000000003,-25.087000000000000,Namibia,Africa,Margaritifer Sinus,mc19,http://planetarynames.wr.usgs.gov/Feature/4327
354.8433,-50.4072,Noachis Terra,Noachis Terra,1979/01/01 00:00:00,Classical albedo feature name.,5519.445300000000316,354.843299999999999,-50.407200000000003,"Terra, terrae",TA,Adopted by IAU,-59.959500000000006,74.612499999999997,-83.601700000000008,-2.527600000000000,Greek,Europe,Argyre,mc26,http://planetarynames.wr.usgs.gov/Feature/4319
201.2408,-52.3664,Nordenskiöld,Nordenskiold,1982/01/01 00:00:00,"Nils Adolf Erik; Swedish geologist and geographer, arctic researcher (1832-1901).",85.600099999999998,201.240800000000007,-52.366400000000006,"Crater, craters",AA,Adopted by IAU,200.063600000000008,202.429100000000005,-53.089300000000001,-51.645200000000003,Sweden,Europe,Phaethontis,mc24,http://planetarynames.wr.usgs.gov/Feature/4332
305.522,18.5235,Northport,Northport,1988/01/01 00:00:00,"Town in Alabama, USA.",18.442000000000000,305.521999999999991,18.523500000000002,"Crater, craters",AA,Adopted by IAU,305.363300000000038,305.691500000000019,18.368300000000001,18.679400000000001,United States,North America,Lunae Palus,mc10,http://planetarynames.wr.usgs.gov/Feature/4343
317.7831,11.874,Xanthe Chaos,Xanthe Chaos,2006/01/01 00:00:00,Classical albedo feature name.,34.366230000000002,317.783099999999990,11.874000000000001,"Chaos, chaoses",CH,Adopted by IAU,317.613900000000001,318.020500000000027,11.593100000000000,12.171300000000000,Greek,Europe,Oxia Palus,mc11,http://planetarynames.wr.usgs.gov/Feature/14161
321.2401,17.5501,Nune,Nune,1976/01/01 00:00:00,Town in Mozambique.,8.470310000000000,321.240100000000041,17.550100000000000,"Crater, craters",AA,Adopted by IAU,321.165099999999995,321.314999999999998,17.478600000000000,17.621500000000001,Mozambique,Africa,Oxia Palus,mc11,http://planetarynames.wr.usgs.gov/Feature/4357
329.7438,17.4146,Nutak,Nutak,1976/01/01 00:00:00,"Town in Newfoundland, Canada.",11.264210000000000,329.743800000000022,17.414600000000000,"Crater, craters",AA,Adopted by IAU,329.644200000000012,329.843400000000031,17.319600000000001,17.509700000000002,Canada,North America,Oxia Palus,mc11,http://planetarynames.wr.usgs.gov/Feature/4365
113.792,14.0097,Nepenthes Planum,Nepenthes Planum,2009/07/01 00:00:00,Classical albedo feature name.,1650.140400000000000,113.792000000000002,14.009700000000000,"Planum, plana",PM,Adopted by IAU,99.513700000000000,127.412500000000009,7.194000000000000,18.088100000000001,Greek,Europe,Amenthes,mc14,http://planetarynames.wr.usgs.gov/Feature/14572
150.4661,18.867,Albor Tholus,Albor Tholus,1973/01/01 00:00:00,Classical albedo feature name.,158.375900000000001,150.466100000000012,18.867000000000001,"Tholus, tholi",TH,Adopted by IAU,149.058899999999994,151.875400000000013,17.630400000000002,19.991099999999999,Latin,Europe,Elysium,mc15,http://planetarynames.wr.usgs.gov/Feature/166
138.304,32.665,Ocampo,Ocampo,1991/01/01 00:00:00,Town in Mexico.,7.160550000000000,138.304000000000002,32.664999999999999,"Crater, craters",AA,Adopted by IAU,138.235000000000014,138.378500000000003,32.605200000000004,32.725999999999999,Mexico,North America,Cebrenia,mc07,http://planetarynames.wr.usgs.gov/Feature/4392
328.1401,-42.1145,Ochakov,Ochakov,1976/01/01 00:00:00,Town in Ukraine.,31.049759999999999,328.140100000000018,-42.114500000000000,"Crater, craters",AA,Adopted by IAU,327.787100000000009,328.493200000000002,-42.376899999999999,-41.853100000000005,Ukraine,Europe,Argyre,mc26,http://planetarynames.wr.usgs.gov/Feature/4396
216.2906,-2.1507,Amazonis Sulci,Amazonis Sulci,1985/01/01 00:00:00,"Albedo feature name; home of the Amazons.",250.591780000000000,216.290600000000012,-2.150700000000000,"Sulcus, sulci",SU,Adopted by IAU,212.747000000000014,216.618500000000012,-4.147000000000000,-0.231200000000000,Greek,Europe,Memnonia,mc16,http://planetarynames.wr.usgs.gov/Feature/221
321.8874,-3.1073,Oglala,Oglala,1976/01/01 00:00:00,"Town in South Dakota, USA.",17.586800000000000,321.887400000000014,-3.107300000000000,"Crater, craters",AA,Adopted by IAU,321.744300000000010,322.041400000000010,-3.255700000000000,-2.959000000000000,United States,North America,Margaritifer Sinus,mc19,http://planetarynames.wr.usgs.gov/Feature/4413
312.6672,22.9656,Okhotsk,Okhotsk,1979/01/01 00:00:00,Russian port.,1.669490000000000,312.667200000000037,22.965600000000002,"Crater, craters",AA,Adopted by IAU,312.651900000000012,312.682500000000005,22.951499999999999,22.979600000000001,Russia,Europe,Lunae Palus,mc10,http://planetarynames.wr.usgs.gov/Feature/4426
322.8104,9.8646,Chryse Chaos,Chryse Chaos,2008/03/31 00:00:00,Classical albedo feature name.,658.887200000000007,322.810400000000016,9.864600000000001,"Chaos, chaoses",CH,Adopted by IAU,318.297000000000025,328.247800000000041,4.822100000000000,15.738600000000000,Greek,Europe,Oxia Palus,mc11,http://planetarynames.wr.usgs.gov/Feature/14386
84.4111,-21.2069,Okotoks,Okotoks,2006/01/01 00:00:00,"Town in Alberta, Canada.",21.783200000000001,84.411100000000005,-21.206900000000001,"Crater, craters",AA,Adopted by IAU,84.215600000000009,84.609800000000007,-21.391000000000002,-21.023500000000002,Canada,North America,Iapygia,mc21,http://planetarynames.wr.usgs.gov/Feature/4428
305.7843,19.8749,Olenek,Olenek,1988/01/01 00:00:00,Town in Russia.,3.063300000000000,305.784300000000030,19.874900000000000,"Crater, craters",AA,Adopted by IAU,305.757299999999987,305.812299999999993,19.849399999999999,19.901100000000000,Russia,Europe,Lunae Palus,mc10,http://planetarynames.wr.usgs.gov/Feature/4436
321.9925,19.0867,Simud Valles,Simud Valles,1973/01/01 00:00:00,"Word for ""Mars"" in Sumerian.",987.991599999999949,321.992500000000007,19.086700000000000,"Vallis, valles",VA,Adopted by IAU,316.583500000000015,326.065600000000018,10.972400000000000,27.201800000000002,Sumerian,Asia,Oxia Palus,mc11,http://planetarynames.wr.usgs.gov/Feature/5544
302.3405,22.9627,Olom,Olom,1988/01/01 00:00:00,Town in Russia.,5.888250000000000,302.340500000000020,22.962700000000002,"Crater, craters",AA,Adopted by IAU,302.286900000000003,302.394800000000032,22.915100000000002,23.014500000000002,Russia,Europe,Lunae Palus,mc10,http://planetarynames.wr.usgs.gov/Feature/4444
104.0232,20.5999,Ome,Ome,1988/01/01 00:00:00,Town in Japan.,2.852870000000000,104.023200000000003,20.599900000000002,"Crater, craters",AA,Adopted by IAU,103.997399999999999,104.048900000000003,20.576900000000002,20.625000000000000,Japan,Asia,Amenthes,mc14,http://planetarynames.wr.usgs.gov/Feature/4458
51.3035,2.7188,Terra Sabaea,Terra Sabaea,1979/01/01 00:00:00,Classical albedo feature name.,4688.438500000000204,51.303500000000000,2.718800000000000,"Terra, terrae",TA,Adopted by IAU,9.159800000000001,82.001700000000000,-36.849699999999999,42.162600000000005,Latin,Europe,Syrtis Major,mc13,http://planetarynames.wr.usgs.gov/Feature/5931
50.3724,14.0451,Cusus Valles,Cusus Valles,1985/01/01 00:00:00,Classical name for modern Hron River in Czechoslovakia.,250.240679999999998,50.372399999999999,14.045100000000001,"Vallis, valles",VA,Adopted by IAU,48.371600000000001,52.690800000000003,11.933700000000000,16.155000000000001,Czechoslovakia,Europe,Syrtis Major,mc13,http://planetarynames.wr.usgs.gov/Feature/1355
102.4757,16.134,Onon,Onon,1988/01/01 00:00:00,Town in Mongolia.,3.417580000000000,102.475700000000003,16.134000000000000,"Crater, craters",AA,Adopted by IAU,102.445700000000002,102.505700000000004,16.105100000000000,16.162800000000001,Mongolia,Asia,Amenthes,mc14,http://planetarynames.wr.usgs.gov/Feature/4469
325.826,-52.4281,Oodnadatta,Oodnadatta,1991/01/01 00:00:00,Town in Australia.,25.439299999999999,325.826000000000022,-52.428100000000001,"Crater, craters",AA,Adopted by IAU,325.483100000000036,326.186900000000037,-52.643599999999999,-52.214400000000005,Australia,Oceania,Argyre,mc26,http://planetarynames.wr.usgs.gov/Feature/4470
317.579,-12.0703,Daga Vallis,Daga Vallis,2006/01/01 00:00:00,River in Burma.,49.856560000000002,317.579000000000008,-12.070300000000001,"Vallis, valles",VA,Adopted by IAU,317.092300000000023,318.072400000000016,-12.474500000000001,-11.800500000000001,Burma,Asia,Margaritifer Sinus,mc19,http://planetarynames.wr.usgs.gov/Feature/14154
88.3772,13.9357,Isidis Planitia,Isidis Planitia,1973/01/01 00:00:00,Classical albedo feature name.,1224.579799999999977,88.377200000000002,13.935700000000001,"Planitia, planitiae",PL,Adopted by IAU,77.622799999999998,98.908500000000004,3.197400000000000,22.590199999999999,Greek,Europe,Syrtis Major,mc13,http://planetarynames.wr.usgs.gov/Feature/2735
327.656,17.2165,Oraibi,Oraibi,1976/01/01 00:00:00,"Town in Arizona, USA.",32.374099999999999,327.656000000000006,17.216500000000000,"Crater, craters",AA,Adopted by IAU,327.371700000000033,327.943500000000029,16.943700000000000,17.489900000000002,United States,North America,Oxia Palus,mc11,http://planetarynames.wr.usgs.gov/Feature/4483
326.0697,16.7803,Ore,Ore,1976/01/01 00:00:00,Town in Nigeria.,7.148840000000000,326.069700000000012,16.780300000000000,"Crater, craters",AA,Adopted by IAU,326.006900000000030,326.132900000000006,16.720300000000002,16.840900000000001,Nigeria,Africa,Oxia Palus,mc11,http://planetarynames.wr.usgs.gov/Feature/4486
288.3501,76.8291,Abalos Colles,Abalos Colles,2003/01/01 00:00:00,"Named for classical albedo feature at 72N, 70W.",235.827599999999990,288.350099999999998,76.829099999999997,"Collis, colles",CO,Adopted by IAU,284.539500000000032,293.395000000000039,74.810900000000004,78.783799999999999,Roman,Europe,Mare Boreum,mc01,http://planetarynames.wr.usgs.gov/Feature/4
124.2679,37.5382,Tinjar Valles,Tinjar Valles,1985/01/01 00:00:00,"Modern river in Sarawak, Malaysia.",400.584529999999972,124.267900000000012,37.538200000000003,"Vallis, valles",VA,Adopted by IAU,120.982700000000008,126.108800000000002,35.259700000000002,39.088200000000001,Malaysia,Asia,Cebrenia,mc07,http://planetarynames.wr.usgs.gov/Feature/6019
126.981,45.3682,Orinda,Orinda,1979/01/01 00:00:00,"Town in California, USA.",9.029019999999999,126.981000000000009,45.368200000000002,"Crater, craters",AA,Adopted by IAU,126.875600000000006,127.092500000000001,45.292800000000000,45.445100000000004,United States,North America,Cebrenia,mc07,http://planetarynames.wr.usgs.gov/Feature/4491
314.0997,-0.1902,Orson Welles,Orson Welles,2003/01/01 00:00:00,"George Orson; American radio and motion picture actor and director (1915-1985).",115.992000000000004,314.099700000000041,-0.190200000000000,"Crater, craters",AA,Adopted by IAU,313.126500000000021,315.083400000000040,-1.168600000000000,0.788300000000000,American,North America,Coprates,mc18,http://planetarynames.wr.usgs.gov/Feature/4499
310.3027,79.9145,Hyperborei Cavi,Hyperborei Cavi,1988/01/01 00:00:00,Classical albedo feature name.,92.809250000000006,310.302700000000016,79.914500000000004,"Cavus, cavi",CB,Adopted by IAU,307.367700000000013,312.655599999999993,79.218299999999999,80.622000000000000,Roman,Europe,Mare Boreum,mc01,http://planetarynames.wr.usgs.gov/Feature/2612
257.2083,26.9991,Tractus Catena,Tractus Catena,1976/01/01 00:00:00,Classical albedo feature name.,910.571699999999964,257.208300000000008,26.999100000000002,"Catena, catenae",CA,Adopted by IAU,255.946300000000008,260.130300000000034,19.708500000000001,34.361100000000000,Latin,Europe,Tharsis,mc09,http://planetarynames.wr.usgs.gov/Feature/6074
331.892,-26.5463,Ostrov,Ostrov,1976/01/01 00:00:00,Town in Russia.,72.976399999999998,331.891999999999996,-26.546300000000002,"Crater, craters",AA,Adopted by IAU,331.210100000000011,332.586400000000026,-27.162300000000002,-25.931200000000000,Russia,Europe,Margaritifer Sinus,mc19,http://planetarynames.wr.usgs.gov/Feature/4513
304.2465,24.5837,Ottumwa,Ottumwa,1976/01/01 00:00:00,"Town in Iowa, USA.",51.621259999999999,304.246500000000026,24.583700000000000,"Crater, craters",AA,Adopted by IAU,303.768500000000017,304.726200000000006,24.148700000000002,25.019600000000001,United States,North America,Lunae Palus,mc10,http://planetarynames.wr.usgs.gov/Feature/4526
300.2491,80.2838,Hyperboreus Labyrinthus,Hyperboreus Labyrinthus,1988/01/01 00:00:00,Classical albedo feature name.,111.972210000000004,300.249099999999999,80.283799999999999,"Labyrinthus, labyrinthi",LB,Adopted by IAU,297.467500000000030,302.407800000000009,79.289600000000007,81.183700000000002,Romania (Rumania),Europe,Mare Boreum,mc01,http://planetarynames.wr.usgs.gov/Feature/2614
268.229,-9.8446,Oudemans,Oudemans,1973/01/01 00:00:00,"Jean A.; Dutch astronomer (1827-1906).",124.159000000000006,268.228999999999985,-9.844600000000000,"Crater, craters",AA,Adopted by IAU,267.170600000000036,269.296600000000012,-10.892100000000001,-8.797500000000001,The Netherlands (Dutch),Europe,Phoenicis Lacus,mc17,http://planetarynames.wr.usgs.gov/Feature/4528
336.9179,-26.8971,Pabo,Pabo,1976/01/01 00:00:00,Town in Uganda.,9.181179999999999,336.917900000000031,-26.897100000000002,"Crater, craters",AA,Adopted by IAU,336.830800000000011,337.004500000000007,-26.972800000000003,-26.817900000000002,Uganda,Africa,Margaritifer Sinus,mc19,http://planetarynames.wr.usgs.gov/Feature/4542
150.2443,32.1195,Hecates Tholus,Hecates Tholus,1973/01/01 00:00:00,Classcial albedo feature name.,181.571879999999993,150.244300000000010,32.119500000000002,"Tholus, tholi",TH,Adopted by IAU,148.544600000000003,151.888100000000009,30.588200000000001,33.650500000000001,Greek,Europe,Cebrenia,mc07,http://planetarynames.wr.usgs.gov/Feature/2407
317.9552,-7.6642,Paks,Paks,1976/01/01 00:00:00,Town in Hungary.,6.904120000000000,317.955199999999991,-7.664200000000000,"Crater, craters",AA,Adopted by IAU,317.897899999999993,318.015400000000000,-7.718700000000000,-7.602200000000001,Hungary,Europe,Margaritifer Sinus,mc19,http://planetarynames.wr.usgs.gov/Feature/4551
102.0236,21.0371,Palana,Palana,1988/01/01 00:00:00,"Town in Kamchatka, Russia.",4.526390000000000,102.023600000000002,21.037100000000002,"Crater, craters",AA,Adopted by IAU,101.982700000000008,102.064500000000010,20.998900000000003,21.075300000000002,Russia,Europe,Amenthes,mc14,http://planetarynames.wr.usgs.gov/Feature/4552
110.8982,-2.6896,Palos,Palos,2000/01/01 00:00:00,Town in Spain.,54.815100000000001,110.898200000000003,-2.689600000000000,"Crater, craters",AA,Adopted by IAU,110.437200000000004,111.363000000000000,-3.152100000000000,-2.227300000000000,Spain,Europe,Mare Tyrrhenum,mc22,http://planetarynames.wr.usgs.gov/Feature/4564
261.8686,21.9851,Paros,Paros,1988/01/01 00:00:00,Famous in antiquity for its marble quarries.,34.609299999999998,261.868600000000015,21.985100000000003,"Crater, craters",AA,Adopted by IAU,261.558500000000038,262.188199999999995,21.693500000000000,22.277400000000000,Greek,Europe,Tharsis,mc09,http://planetarynames.wr.usgs.gov/Feature/4592
297.9127,-15.0039,Coprates Catena,Coprates Catena,1973/01/01 00:00:00,Classical albedo feature name.,302.058199999999999,297.912700000000029,-15.003900000000002,"Catena, catenae",CA,Adopted by IAU,293.412900000000036,302.126300000000015,-15.953000000000001,-14.367700000000001,Greek,Europe,Coprates,mc18,http://planetarynames.wr.usgs.gov/Feature/1301
24.6181,19.3091,Pasteur,Pasteur,1973/01/01 00:00:00,"Louis; French chemist (1822-1895).",116.149000000000001,24.618100000000002,19.309100000000001,"Crater, craters",AA,Adopted by IAU,23.580400000000001,25.656700000000001,18.329700000000003,20.289200000000001,France,Europe,Arabia,mc12,http://planetarynames.wr.usgs.gov/Feature/4605
312.4001,20.3267,Peixe,Peixe,1976/01/01 00:00:00,Town in Brazil.,9.352810000000000,312.400100000000009,20.326700000000002,"Crater, craters",AA,Adopted by IAU,312.318800000000010,312.487000000000023,20.249500000000001,20.407299999999999,Brazil,South and Central America,Lunae Palus,mc10,http://planetarynames.wr.usgs.gov/Feature/4635
306.4618,80.318,Hyperborea Lingula,Hyperborea Lingula,2006/01/01 00:00:00,Classical albedo feature name.,124.799769999999995,306.461800000000039,80.317999999999998,"Lingula, lingulae",LN,Adopted by IAU,300.187999999999988,312.510300000000029,79.241900000000001,81.332999999999998,Roman,Europe,Mare Boreum,mc01,http://planetarynames.wr.usgs.gov/Feature/14155
83.9134,25.5101,Peridier,Peridier,1973/01/01 00:00:00,"Julien; French astronomer (1882-1967).",94.210800000000006,83.913400000000010,25.510100000000001,"Crater, craters",AA,Adopted by IAU,83.034599999999998,84.795400000000001,24.715800000000002,26.305200000000003,France,Europe,Syrtis Major,mc13,http://planetarynames.wr.usgs.gov/Feature/4659
282.0625,-2.8219,Perrotin,Perrotin,1988/01/01 00:00:00,"Henri A.; French astronomer, studied dark lineations on Mars (1845-1904).",82.823269999999994,282.062500000000000,-2.821900000000000,"Crater, craters",AA,Adopted by IAU,281.363100000000031,282.762100000000032,-3.520600000000000,-2.123300000000000,France,Europe,Coprates,mc18,http://planetarynames.wr.usgs.gov/Feature/4663
239.9075,-8.2571,Arsia Mons,Arsia Mons,1973/01/01 00:00:00,Arsia Silva-classical albedo feature name.,470.000000000000000,239.907499999999999,-8.257100000000001,"Mons, montes",MO,Adopted by IAU,236.274600000000021,243.815100000000001,-11.570800000000000,-4.720900000000000,Latin,Europe,Phoenicis Lacus,mc17,http://planetarynames.wr.usgs.gov/Feature/394
350.9034,-21.2588,Peta,Peta,1997/01/01 00:00:00,Town in Greece.,75.748400000000004,350.903400000000033,-21.258800000000001,"Crater, craters",AA,Adopted by IAU,350.224199999999996,351.595400000000041,-21.898099999999999,-20.620200000000001,Greek,Europe,Margaritifer Sinus,mc19,http://planetarynames.wr.usgs.gov/Feature/4667
186.1337,12.2524,Pettit,Pettit,1973/01/01 00:00:00,"Edison; American astronomer (1890-1962).",92.491100000000003,186.133700000000005,12.252400000000000,"Crater, craters",AA,Adopted by IAU,185.338600000000014,186.935300000000012,11.472400000000000,13.032800000000000,American,North America,Amazonis,mc08,http://planetarynames.wr.usgs.gov/Feature/4677
171.0221,-1.734,Avernus Colles,Avernus Colles,1985/01/01 00:00:00,"Named for albedo feature at 10S, 195W.",238.695850000000007,171.022099999999995,-1.734000000000000,"Collis, colles",CO,Adopted by IAU,169.845200000000006,172.902200000000022,-3.793200000000000,0.332900000000000,Latin,Europe,Aeolis,mc23,http://planetarynames.wr.usgs.gov/Feature/504
312.015,21.7599,Philadelphia,Philadelphia,1979/01/01 00:00:00,American colonial town (Pennsylvania).,1.645230000000000,312.015000000000043,21.759900000000002,"Crater, craters",AA,Adopted by IAU,312.000100000000032,312.030000000000030,21.746100000000002,21.773800000000001,United States,North America,Lunae Palus,mc10,http://planetarynames.wr.usgs.gov/Feature/4687
315.109,-66.3351,Phillips,Phillips,1973/01/01 00:00:00,"John; British geologist (1800-1874). Theodore E.; British astronomer (1868-1942).",185.453000000000003,315.109000000000037,-66.335099999999997,"Crater, craters",AA,Adopted by IAU,311.222199999999987,319.022300000000030,-67.900599999999997,-64.771799999999999,Great Britain,Europe,Mare Australe,mc30,http://planetarynames.wr.usgs.gov/Feature/4690
309.654,73.0556,Aspledon Undae,Aspledon Undae,2007/03/20 00:00:00,Classical albedo feature name.,215.204960000000000,309.653999999999996,73.055599999999998,"Unda, undae",UN,Adopted by IAU,305.829900000000009,315.042100000000005,71.472099999999998,75.140600000000006,Greek,Europe,Mare Boreum,mc01,http://planetarynames.wr.usgs.gov/Feature/14279
102.7864,15.5275,Phon,Phon,1976/01/01 00:00:00,Town in Thailand.,10.023500000000000,102.786400000000000,15.527500000000000,"Crater, craters",AA,Adopted by IAU,102.700400000000002,102.875900000000001,15.443200000000001,15.612300000000001,Thailand,Asia,Amenthes,mc14,http://planetarynames.wr.usgs.gov/Feature/4709
306.766,19.8155,Pica,Pica,1988/01/01 00:00:00,Town in Chile.,2.404530000000000,306.766000000000020,19.815500000000000,"Crater, craters",AA,Adopted by IAU,306.746199999999988,306.789400000000001,19.796800000000001,19.837400000000002,Chile,South and Central America,Lunae Palus,mc10,http://planetarynames.wr.usgs.gov/Feature/4719
209.6518,77.553,Scandia Cavi,Scandia Cavi,2003/01/01 00:00:00,"Named for classical albedo feature at 65N, 150W.",663.795299999999997,209.651800000000009,77.552999999999997,"Cavus, cavi",CB,Adopted by IAU,182.720700000000022,236.551100000000019,75.528700000000001,78.762200000000007,Latin,Europe,Mare Boreum,mc01,http://planetarynames.wr.usgs.gov/Feature/5355
227.3853,-33.4786,Pickering,Pickering,1973/01/01 00:00:00,"Edward Charles; American astronomer (1846-1919), William Henry; American astronomer (1858-1938), Sir William Hayward; New Zealand-American engineer (1910-2004).",115.197000000000003,227.385300000000001,-33.478600000000000,"Crater, craters",AA,Adopted by IAU,226.224900000000019,228.554900000000004,-34.450900000000004,-32.507400000000004,American,North America,Phaethontis,mc24,http://planetarynames.wr.usgs.gov/Feature/4723
111.7415,18.3669,Piña,Pina,1988/01/01 00:00:00,Town in Panama.,5.051540000000000,111.741500000000002,18.366900000000001,"Crater, craters",AA,Adopted by IAU,111.697000000000003,111.786799999999999,18.325100000000003,18.410299999999999,Panama,South and Central America,Amenthes,mc14,http://planetarynames.wr.usgs.gov/Feature/4731
220.8724,65.467,Scandia Colles,Scandia Colles,1985/01/01 00:00:00,From albedo feature name.,1521.675799999999981,220.872399999999999,65.466999999999999,"Collis, colles",CO,Adopted by IAU,198.859600000000000,255.272600000000011,55.770600000000002,70.938400000000001,Latin,Europe,Mare Boreum,mc01,http://planetarynames.wr.usgs.gov/Feature/5356
323.2442,-2.9183,Pinglo,Pinglo,1976/01/01 00:00:00,Town in China (Ningsia).,15.899680000000000,323.244200000000035,-2.918300000000000,"Crater, craters",AA,Adopted by IAU,323.109900000000039,323.378399999999999,-3.052400000000000,-2.784100000000000,China,Asia,Margaritifer Sinus,mc19,http://planetarynames.wr.usgs.gov/Feature/4734
106.629,-22.8764,Piyi,Piyi,1991/01/01 00:00:00,Town in Cyprus.,11.627200000000000,106.629000000000005,-22.876400000000000,"Crater, craters",AA,Adopted by IAU,106.524500000000003,106.737400000000008,-22.974800000000002,-22.778700000000001,Cyprus,Europe,Mare Tyrrhenum,mc22,http://planetarynames.wr.usgs.gov/Feature/4745
201.2803,73.9139,Scandia Tholi,Scandia Tholi,2003/01/01 00:00:00,"Named for classical albedo feature at 65N, 150W.",398.268520000000024,201.280300000000011,73.913899999999998,"Tholus, tholi",TH,Adopted by IAU,189.192000000000007,212.699600000000004,72.184399999999997,74.974100000000007,Latin,Europe,Mare Boreum,mc01,http://planetarynames.wr.usgs.gov/Feature/5357
272.0413,35.5584,W. Mareotis Tholus,W  Mareotis Tholus,1991/01/01 00:00:00,Classical albedo name.,13.190759999999999,272.041300000000035,35.558399999999999,"Tholus, tholi",TH,Adopted by IAU,271.913000000000011,272.147699999999986,35.450099999999999,35.672499999999999,Greek,Europe,Arcadia,mc03,http://planetarynames.wr.usgs.gov/Feature/6467
113.1752,16.031,Platte,Platte,1988/01/01 00:00:00,"Town in South Dakota, USA.",3.421130000000000,113.175200000000004,16.031000000000002,"Crater, craters",AA,Adopted by IAU,113.145099999999999,113.205200000000005,16.002100000000002,16.059799999999999,United States,North America,Amenthes,mc14,http://planetarynames.wr.usgs.gov/Feature/4758
234.2199,-77.913,Playfair,Playfair,1973/01/01 00:00:00,"John; British geologist and mathematician (1748-1819).",62.213700000000003,234.219900000000024,-77.912999999999997,"Crater, craters",AA,Adopted by IAU,231.731500000000011,236.746000000000009,-78.439100000000010,-77.389499999999998,Great Britain,Europe,Mare Australe,mc30,http://planetarynames.wr.usgs.gov/Feature/4760
340.9252,-26.0653,Plum,Plum,1976/01/01 00:00:00,"Town in Wisconsin, USA.",2.757960000000000,340.925200000000018,-26.065300000000001,"Crater, craters",AA,Adopted by IAU,340.899100000000033,340.950899999999990,-26.087700000000002,-26.041200000000000,United States,North America,Margaritifer Sinus,mc19,http://planetarynames.wr.usgs.gov/Feature/4764
316.86,-44.1089,Podor,Podor,1976/01/01 00:00:00,Town in Senegal.,25.078199999999999,316.860000000000014,-44.108900000000006,"Crater, craters",AA,Adopted by IAU,316.572800000000029,317.162100000000009,-44.321200000000005,-43.898099999999999,Senegal,Africa,Argyre,mc26,http://planetarynames.wr.usgs.gov/Feature/4773
147.7458,-32.6795,Terra Cimmeria,Terra Cimmeria,1979/01/01 00:00:00,Classical albedo feature name.,5855.872599999999693,147.745800000000003,-32.679500000000004,"Terra, terrae",TA,Adopted by IAU,98.787800000000004,179.660100000000000,-73.540599999999998,12.129600000000000,Greek,Europe,Eridania,mc29,http://planetarynames.wr.usgs.gov/Feature/5930
25.2565,-7.79,Pollack,Pollack,1997/01/01 00:00:00,"James B.; American physicist (1938-1994).",96.346299999999999,25.256500000000003,-7.790000000000000,"Crater, craters",AA,Adopted by IAU,24.436600000000002,26.077200000000001,-8.602800000000000,-6.977400000000000,American,North America,Sinus Sabaeus,mc20,http://planetarynames.wr.usgs.gov/Feature/4782
333.6648,-19.89,Polotsk,Polotsk,1976/01/01 00:00:00,Town in Belarus.,30.115800000000000,333.664800000000014,-19.890000000000001,"Crater, craters",AA,Adopted by IAU,333.392500000000041,333.932800000000043,-20.142300000000002,-19.634200000000000,Belarus,Europe,Margaritifer Sinus,mc19,http://planetarynames.wr.usgs.gov/Feature/4784
119.9751,78.0016,Olympia Mensae,Olympia Mensae,2006/01/01 00:00:00,Classical albedo feature name.,335.416749999999979,119.975100000000012,78.001600000000010,"Mensa, mensae",MN,Adopted by IAU,110.058800000000005,134.653300000000002,76.099800000000002,79.624499999999998,Greek,Europe,Mare Boreum,mc01,http://planetarynames.wr.usgs.gov/Feature/14158
300.8992,18.9824,Pompeii,Pompeii,1988/01/01 00:00:00,Ruined town in Italy.,31.131399999999999,300.899200000000008,18.982400000000002,"Crater, craters",AA,Adopted by IAU,300.626800000000003,301.182200000000023,18.720100000000002,19.245300000000000,Italy,Europe,Lunae Palus,mc10,http://planetarynames.wr.usgs.gov/Feature/4792
307.6833,23.7578,Poona,Poona,1986/01/01 00:00:00,Town in India.,19.866499999999998,307.683300000000031,23.757800000000000,"Crater, craters",AA,Adopted by IAU,307.497200000000021,307.863400000000013,23.594300000000000,23.929400000000001,India,Asia,Lunae Palus,mc10,http://planetarynames.wr.usgs.gov/Feature/4799
267.0409,81.1273,Tenuis Mensa,Tenuis Mensa,2006/01/01 00:00:00,Classical albedo feature name.,120.919150000000002,267.040900000000022,81.127300000000005,"Mensa, mensae",MN,Adopted by IAU,260.778500000000008,273.401900000000012,80.606800000000007,81.567500000000010,Roman,Europe,Mare Boreum,mc01,http://planetarynames.wr.usgs.gov/Feature/14160
246.241,-50.3619,Porter,Porter,1973/01/01 00:00:00,"Russell W.; American astronomer (1871-1949).",103.989000000000004,246.241000000000014,-50.361900000000006,"Crater, craters",AA,Adopted by IAU,244.872399999999999,247.622700000000009,-51.239900000000006,-49.485600000000005,American,North America,Thaumasia,mc25,http://planetarynames.wr.usgs.gov/Feature/4804
104.2118,21.1915,Porth,Porth,1976/01/01 00:00:00,Town in Wales.,9.519230000000000,104.211800000000011,21.191500000000001,"Crater, craters",AA,Adopted by IAU,104.127500000000012,104.299800000000005,21.111499999999999,21.272100000000002,Wales,Europe,Amenthes,mc14,http://planetarynames.wr.usgs.gov/Feature/4805
97.0044,-64.3701,Promethei Terra,Promethei Terra,1979/01/01 00:00:00,Classical albedo feature name.,3244.295999999999822,97.004400000000004,-64.370100000000008,"Terra, terrae",TA,Adopted by IAU,29.616600000000002,129.300900000000013,-82.864000000000004,-26.711900000000000,Greek,Europe,Hellas,mc28,http://planetarynames.wr.usgs.gov/Feature/4835
319.1892,-43.3019,Porvoo,Porvoo,1976/01/01 00:00:00,Town in Finland.,9.853090000000000,319.189200000000028,-43.301900000000003,"Crater, craters",AA,Adopted by IAU,319.073900000000037,319.302300000000002,-43.384000000000000,-43.217800000000004,Finland,Europe,Argyre,mc26,http://planetarynames.wr.usgs.gov/Feature/4807
86.561,-36.3107,Poti,Poti,1991/01/01 00:00:00,Town in Georgia.,30.551500000000001,86.561000000000007,-36.310700000000004,"Crater, craters",AA,Adopted by IAU,86.243000000000009,86.882700000000000,-36.569000000000003,-36.053600000000003,Georgia,Asia,Hellas,mc28,http://planetarynames.wr.usgs.gov/Feature/4811
224.9762,38.2742,Acheron Fossae,Acheron Fossae,1979/01/01 00:00:00,"From classical albedo feature at 35N, 140W.",703.110959999999977,224.976200000000006,38.274200000000000,"Fossa, fossae",FO,Adopted by IAU,216.896299999999997,230.922500000000014,31.474900000000002,40.032299999999999,Greek,Europe,Diacria,mc02,http://planetarynames.wr.usgs.gov/Feature/35
247.246,8.423,Poynting,Poynting,1988/01/01 00:00:00,"J.H.; English astrophysicist (1852-1914).",69.698300000000003,247.246000000000009,8.423000000000000,"Crater, craters",AA,Adopted by IAU,246.655900000000003,247.844600000000014,7.835200000000000,9.011000000000001,Great Britain,Europe,Tharsis,mc09,http://planetarynames.wr.usgs.gov/Feature/4816
130.6985,-54.1236,Priestley,Priestley,1973/01/01 00:00:00,"Joseph; British chemist (1733-1804).",42.262549999999997,130.698499999999996,-54.123600000000003,"Crater, craters",AA,Adopted by IAU,130.090200000000010,131.306800000000010,-54.480100000000000,-53.767099999999999,Great Britain,Europe,Eridania,mc29,http://planetarynames.wr.usgs.gov/Feature/4823
222.4399,55.8961,Arcadia Dorsa,Arcadia Dorsa,2003/01/01 00:00:00,"Named for classical albedo feature at 45N, 120W.",1952.652599999999893,222.439900000000023,55.896100000000004,"Dorsum, dorsa",DO,Adopted by IAU,202.491399999999999,245.577800000000025,39.453000000000003,66.809399999999997,Greek,Europe,Diacria,mc02,http://planetarynames.wr.usgs.gov/Feature/347
310.8923,21.6936,Princeton,Princeton,1979/01/01 00:00:00,American colonial town (New Jersey).,2.160590000000000,310.892300000000034,21.693600000000000,"Crater, craters",AA,Adopted by IAU,310.872700000000009,310.911900000000003,21.675400000000000,21.711900000000000,United States,North America,Lunae Palus,mc10,http://planetarynames.wr.usgs.gov/Feature/4824
29.7223,-47.6349,Proctor,Proctor,1973/01/01 00:00:00,"Richard A.; British astronomer (1837-1888).",172.558459999999997,29.722300000000001,-47.634900000000002,"Crater, craters",AA,Adopted by IAU,27.555200000000003,31.877500000000001,-49.110700000000001,-46.199300000000001,Great Britain,Europe,Noachis,mc27,http://planetarynames.wr.usgs.gov/Feature/4829
283.8769,44.3428,Mareotis Fossae,Mareotis Fossae,1973/01/01 00:00:00,"From albedo feature at 32N, 96W.",1907.944799999999987,283.876900000000035,44.342800000000004,"Fossa, fossae",FO,Adopted by IAU,267.163000000000011,302.479399999999998,33.380400000000002,53.105000000000004,Greek,Europe,Arcadia,mc03,http://planetarynames.wr.usgs.gov/Feature/3695
215.8578,4.1069,Gordii Dorsum,Gordii Dorsum,1976/01/01 00:00:00,Classical albedo feature name.,481.560900000000004,215.857799999999997,4.106900000000000,"Dorsum, dorsa",DO,Adopted by IAU,213.747000000000014,217.823000000000008,0.686900000000000,7.631500000000000,Greek,Europe,Amazonis,mc08,http://planetarynames.wr.usgs.gov/Feature/2222
202.3987,-45.8762,Ptolemaeus,Ptolemaeus,1973/01/01 00:00:00,"Claudius; Greco-Egyptian astronomer (c. A.D. 90-160).",165.182389999999998,202.398700000000019,-45.876200000000004,"Crater, craters",AA,Adopted by IAU,200.397400000000005,204.400300000000016,-47.269600000000004,-44.482800000000005,Egypt,Africa,Phaethontis,mc24,http://planetarynames.wr.usgs.gov/Feature/4861
283.381,-36.4058,Puławy,Pulawy,1979/01/01 00:00:00,Town in Poland.,51.843600000000002,283.381000000000029,-36.405799999999999,"Crater, craters",AA,Adopted by IAU,282.843600000000038,283.930299999999988,-36.843699999999998,-35.969100000000005,Poland,Europe,Thaumasia,mc25,http://planetarynames.wr.usgs.gov/Feature/4867
42.7599,-44.3682,Hellespontus Montes,Hellespontus Montes,1973/01/01 00:00:00,Classical albedo feature name.,711.459839999999986,42.759900000000002,-44.368200000000002,"Mons, montes",MO,Adopted by IAU,40.958700000000000,44.722600000000000,-50.496500000000005,-38.564700000000002,Latin,Europe,Noachis,mc27,http://planetarynames.wr.usgs.gov/Feature/2435
238.8286,31.2538,Cyane Fossae,Cyane Fossae,1985/01/01 00:00:00,Classical albedo feature name.,913.171900000000051,238.828600000000023,31.253800000000002,"Fossa, fossae",FO,Adopted by IAU,233.965600000000023,245.185400000000016,23.516999999999999,38.955900000000000,Greek,Europe,Diacria,mc02,http://planetarynames.wr.usgs.gov/Feature/1358
329.9155,16.7903,Pylos,Pylos,1976/01/01 00:00:00,Town in Greece.,18.937999999999999,329.915500000000009,16.790300000000002,"Crater, craters",AA,Adopted by IAU,329.750699999999995,330.084499999999991,16.630800000000001,16.950300000000002,Greek,Europe,Oxia Palus,mc11,http://planetarynames.wr.usgs.gov/Feature/4882
318.87,20.62,Puńsk,Punsk,1976/01/01 00:00:00,Town in Poland.,11.241099999999999,318.870000000000005,20.620000000000001,"Crater, craters",AA,Adopted by IAU,318.774400000000014,318.977000000000032,20.525500000000001,20.715100000000000,Poland,Europe,Oxia Palus,mc11,http://planetarynames.wr.usgs.gov/Feature/4888
185.0229,35.6613,Erebus Montes,Erebus Montes,1982/01/01 00:00:00,"From albedo feature at 26N, 182W.",811.667100000000005,185.022900000000021,35.661300000000004,"Mons, montes",MO,Adopted by IAU,180.327900000000000,191.324600000000004,30.023200000000003,41.492000000000004,Latin,Europe,Diacria,mc02,http://planetarynames.wr.usgs.gov/Feature/1821
103.0881,17.1282,Qibā,Qiba,1988/01/01 00:00:00,Town in Saudi Arabia.,4.078200000000000,103.088100000000011,17.128200000000000,"Crater, craters",AA,Adopted by IAU,103.052000000000007,103.124000000000009,17.093800000000002,17.162600000000001,Saudi Arabia,Asia,Amenthes,mc14,http://planetarynames.wr.usgs.gov/Feature/4895
136.0611,44.9666,Rimac,Rimac,1979/01/01 00:00:00,Town in Peru.,7.293000000000000,136.061100000000010,44.966600000000000,"Crater, craters",AA,Adopted by IAU,135.977400000000017,136.151300000000020,44.905799999999999,45.028800000000004,Peru,South and Central America,Cebrenia,mc07,http://planetarynames.wr.usgs.gov/Feature/5090
40.6717,34.2678,Quenisset,Quenisset,1973/01/01 00:00:00,"Ferdinand J.; French astronomer (1872-1951).",136.663999999999987,40.671700000000001,34.267800000000001,"Crater, craters",AA,Adopted by IAU,39.277500000000003,42.067500000000003,33.115600000000001,35.421199999999999,France,Europe,Ismenius Lacus,mc05,http://planetarynames.wr.usgs.gov/Feature/4896
264.3158,35.9263,Tantalus Fluctus,Tantalus Fluctus,1991/01/01 00:00:00,Albedo feature name.,794.342300000000023,264.315800000000024,35.926300000000005,"Fluctus, fluctūs",FL,Adopted by IAU,256.167200000000037,268.862300000000005,31.419900000000002,42.987100000000005,Latin,Europe,Arcadia,mc03,http://planetarynames.wr.usgs.gov/Feature/5859
310.7527,18.1875,Quick,Quick,1976/01/01 00:00:00,"Town in British Columbia, Canada.",13.308000000000000,310.752700000000004,18.187500000000000,"Crater, craters",AA,Adopted by IAU,310.634800000000041,310.871100000000013,18.075500000000002,18.300000000000001,Canada,North America,Lunae Palus,mc10,http://planetarynames.wr.usgs.gov/Feature/4900
89.252,-41.8555,Quines,Quines,1991/01/01 00:00:00,Town in Argentina.,10.748100000000001,89.252000000000010,-41.855499999999999,"Crater, craters",AA,Adopted by IAU,89.132300000000001,89.375700000000009,-41.946899999999999,-41.765500000000003,Argentina,South and Central America,Hellas,mc28,http://planetarynames.wr.usgs.gov/Feature/4903
253.1751,49.3945,Alba Fossae,Alba Fossae,1973/01/01 00:00:00,Classical albedo name.,2072.020799999999781,253.175100000000015,49.394500000000001,"Fossa, fossae",FO,Adopted by IAU,243.767099999999999,264.077200000000005,33.892900000000004,66.909100000000009,Latin,Europe,Arcadia,mc03,http://planetarynames.wr.usgs.gov/Feature/158
271.483,39.4728,Pindus Mons,Pindus Mons,1991/01/01 00:00:00,Mountains near Vale of Tempe.,16.295490000000001,271.483000000000004,39.472799999999999,"Mons, montes",MO,Adopted by IAU,271.300800000000038,271.657000000000039,39.335100000000004,39.621700000000004,Greek,Europe,Arcadia,mc03,http://planetarynames.wr.usgs.gov/Feature/4732
326.3833,-5.5553,Quorn,Quorn,1976/01/01 00:00:00,Town in Australia.,6.328150000000000,326.383300000000020,-5.555300000000000,"Crater, craters",AA,Adopted by IAU,326.329600000000028,326.436900000000037,-5.608600000000000,-5.501800000000000,Australia,Oceania,Margaritifer Sinus,mc19,http://planetarynames.wr.usgs.gov/Feature/4905
34.9067,-43.6099,Rabe,Rabe,1973/01/01 00:00:00,"Wilhelm F.; German astronomer (1893-1958).",106.947999999999993,34.906700000000001,-43.609900000000003,"Crater, craters",AA,Adopted by IAU,33.661500000000004,36.153600000000004,-44.512799999999999,-42.708500000000001,Germany,Europe,Noachis,mc27,http://planetarynames.wr.usgs.gov/Feature/4909
250.8242,39.5258,Alba Patera,Alba Patera,1973/01/01 00:00:00,Classical albedo name.,65.975219999999993,250.824200000000019,39.525800000000004,"Patera, paterae",PE,Adopted by IAU,250.118500000000012,251.554200000000009,39.136000000000003,39.943800000000003,Latin,Europe,Arcadia,mc03,http://planetarynames.wr.usgs.gov/Feature/159
316.5845,-7.6681,Sfax,Sfax,1976/01/01 00:00:00,Town in Tunisia.,6.698370000000000,316.584499999999991,-7.668100000000001,"Crater, craters",AA,Adopted by IAU,316.527800000000013,316.641900000000021,-7.724000000000000,-7.611000000000001,Tunisia,Africa,Margaritifer Sinus,mc19,http://planetarynames.wr.usgs.gov/Feature/5449
355.294,16.954,Radau,Radau,1973/01/01 00:00:00,"Rodolphe; French astronomer (1835-1911).",109.959000000000003,355.294000000000040,16.954000000000001,"Crater, craters",AA,Adopted by IAU,354.330600000000004,356.270000000000039,16.026700000000002,17.881800000000002,France,Europe,Oxia Palus,mc11,http://planetarynames.wr.usgs.gov/Feature/4916
316.6371,-4.5679,Rakke,Rakke,1976/01/01 00:00:00,Town in Estonia.,18.466699999999999,316.637100000000032,-4.567900000000000,"Crater, craters",AA,Adopted by IAU,316.486199999999997,316.798699999999997,-4.723800000000001,-4.412200000000000,Estonia,Europe,Margaritifer Sinus,mc19,http://planetarynames.wr.usgs.gov/Feature/4933
279.2235,40.5923,Ascuris Planum,Ascuris Planum,1991/01/01 00:00:00,Classical albedo name.,617.662349999999947,279.223500000000001,40.592300000000002,"Planum, plana",PM,Adopted by IAU,273.756300000000010,286.241500000000030,36.279499999999999,43.938500000000005,Greek,Europe,Arcadia,mc03,http://planetarynames.wr.usgs.gov/Feature/419
274.8667,35.9164,E. Mareotis Tholus,E  Mareotis Tholus,1991/01/01 00:00:00,Classical albedo name.,4.602800000000000,274.866700000000037,35.916400000000003,"Tholus, tholi",TH,Adopted by IAU,274.821000000000026,274.908700000000010,35.876200000000004,35.959200000000003,Greek,Europe,Arcadia,mc03,http://planetarynames.wr.usgs.gov/Feature/1700
338.2025,-25.5946,Rana,Rana,1976/01/01 00:00:00,Town in Norway.,12.333500000000001,338.202500000000043,-25.594600000000000,"Crater, craters",AA,Adopted by IAU,338.088600000000042,338.319299999999998,-25.695600000000002,-25.487500000000001,Norway,Europe,Margaritifer Sinus,mc19,http://planetarynames.wr.usgs.gov/Feature/4942
135.1143,42.3802,Raub,Raub,1979/01/01 00:00:00,Town in Malaysia.,6.945290000000000,135.114300000000014,42.380200000000002,"Crater, craters",AA,Adopted by IAU,135.035200000000003,135.193800000000010,42.322800000000001,42.439900000000002,Malaysia,Asia,Cebrenia,mc07,http://planetarynames.wr.usgs.gov/Feature/4955
269.1177,41.2143,Gonnus Mons,Gonnus Mons,1991/01/01 00:00:00,Classical town.,49.384459999999997,269.117700000000013,41.214300000000001,"Mons, montes",MO,Adopted by IAU,268.711200000000019,269.465700000000027,40.894000000000005,41.684100000000001,Greek,Europe,Arcadia,mc03,http://planetarynames.wr.usgs.gov/Feature/2219
265.1724,36.0546,Issedon Tholus,Issedon Tholus,1991/01/01 00:00:00,Classical albedo name.,54.532660000000000,265.172400000000039,36.054600000000001,"Tholus, tholi",TH,Adopted by IAU,264.705300000000022,265.702300000000037,35.595600000000005,36.513600000000004,Greek,Europe,Arcadia,mc03,http://planetarynames.wr.usgs.gov/Feature/2746
301.8657,21.5599,Rauch,Rauch,1976/01/01 00:00:00,Town in Argentina.,32.895499999999998,301.865700000000004,21.559900000000003,"Crater, craters",AA,Adopted by IAU,301.572800000000029,302.169500000000028,21.282800000000002,21.837700000000002,Argentina,South and Central America,Lunae Palus,mc10,http://planetarynames.wr.usgs.gov/Feature/4956
102.4342,-18.4537,Rayadurg,Rayadurg,1991/01/01 00:00:00,Town in India.,21.377099999999999,102.434200000000004,-18.453700000000001,"Crater, craters",AA,Adopted by IAU,102.245900000000006,102.626100000000008,-18.634300000000000,-18.273700000000002,India,Asia,Mare Tyrrhenum,mc22,http://planetarynames.wr.usgs.gov/Feature/4964
249.8254,46.1235,Ravius Valles,Ravius Valles,1985/01/01 00:00:00,Classical name for river in N.W. Ireland.,388.184939999999983,249.825400000000002,46.123500000000000,"Vallis, valles",VA,Adopted by IAU,245.197000000000003,254.517099999999999,43.821300000000001,47.723400000000005,Ireland,Europe,Arcadia,mc03,http://planetarynames.wr.usgs.gov/Feature/4963
92.7995,-60.3279,Redi,Redi,1973/01/01 00:00:00,"Francesco; Italian physicist (1626-1697).",60.309199999999997,92.799500000000009,-60.327900000000000,"Crater, craters",AA,Adopted by IAU,91.774900000000002,93.830400000000012,-60.837600000000002,-59.820200000000000,Italy,Europe,Hellas,mc28,http://planetarynames.wr.usgs.gov/Feature/4975
62.6797,42.0442,Renaudot,Renaudot,1973/01/01 00:00:00,"Gabrielle; French astronomer (1877-1962).",63.744500000000002,62.679700000000004,42.044200000000004,"Crater, craters",AA,Adopted by IAU,61.957100000000004,63.405100000000004,41.507200000000005,42.582599999999999,France,Europe,Casius,mc06,http://planetarynames.wr.usgs.gov/Feature/4992
269.1693,39.5495,Tanaica Montes,Tanaica Montes,1991/01/01 00:00:00,Classical albedo name.,178.547560000000004,269.169300000000021,39.549500000000002,"Mons, montes",MO,Adopted by IAU,267.671800000000019,270.743899999999996,38.349000000000004,40.549300000000002,Greek,Europe,Arcadia,mc03,http://planetarynames.wr.usgs.gov/Feature/5849
316.371,-43.4521,Rengo,Rengo,1976/01/01 00:00:00,Town in Chile.,13.697600000000000,316.371000000000038,-43.452100000000002,"Crater, craters",AA,Adopted by IAU,316.219200000000001,316.537500000000023,-43.568400000000004,-43.337299999999999,Chile,South and Central America,Argyre,mc26,http://planetarynames.wr.usgs.gov/Feature/4994
166.9287,-9.6306,Reuyl,Reuyl,1973/01/01 00:00:00,"Dirk; American physicist (1906-1972).",84.269840000000002,166.928700000000021,-9.630600000000001,"Crater, craters",AA,Adopted by IAU,166.207400000000007,167.649400000000014,-10.341500000000000,-8.919800000000000,American,North America,Aeolis,mc23,http://planetarynames.wr.usgs.gov/Feature/5007
320.1324,0.2205,Oxia Chaos,Oxia Chaos,2006/01/01 00:00:00,Classical albedo feature name.,24.116910000000001,320.132400000000018,0.220500000000000,"Chaos, chaoses",CH,Adopted by IAU,319.935800000000029,320.290500000000009,0.018500000000000,0.417000000000000,Latin,Europe,Oxia Palus,mc11,http://planetarynames.wr.usgs.gov/Feature/4533
331.5018,-24.2791,Revda,Revda,1976/01/01 00:00:00,Town in Russia.,26.601199999999999,331.501800000000003,-24.279100000000000,"Crater, craters",AA,Adopted by IAU,331.261700000000019,331.754000000000019,-24.503900000000002,-24.055200000000003,Russia,Europe,Margaritifer Sinus,mc19,http://planetarynames.wr.usgs.gov/Feature/5008
273.8566,40.4816,Reykholt,Reykholt,1991/01/01 00:00:00,Town in Iceland.,52.170200000000001,273.856600000000014,40.481600000000000,"Crater, craters",AA,Adopted by IAU,273.284100000000024,274.441200000000038,40.042200000000001,40.922400000000003,Iceland,Europe,Arcadia,mc03,http://planetarynames.wr.usgs.gov/Feature/5009
263.913,49.8345,Tantalus Fossae,Tantalus Fossae,1973/01/01 00:00:00,"From albedo feature at 35N, 110W.",2361.862500000000182,263.913000000000011,49.834500000000006,"Fossa, fossae",FO,Adopted by IAU,251.691600000000022,291.081900000000019,30.078900000000001,67.223399999999998,Latin,Europe,Arcadia,mc03,http://planetarynames.wr.usgs.gov/Feature/5860
202.4073,-74.9872,Reynolds,Reynolds,1973/01/01 00:00:00,"Osborne; British physicist (1842-1912).",90.688900000000004,202.407300000000021,-74.987200000000001,"Crater, craters",AA,Adopted by IAU,199.465600000000023,205.375300000000010,-75.753500000000003,-74.223399999999998,Great Britain,Europe,Mare Australe,mc30,http://planetarynames.wr.usgs.gov/Feature/5010
330.8446,16.4874,Ribe,Ribe,1976/01/01 00:00:00,Town in Denmark.,11.137000000000000,330.844600000000014,16.487400000000001,"Crater, craters",AA,Adopted by IAU,330.749600000000044,330.945500000000038,16.393699999999999,16.581600000000002,Denmark,Europe,Oxia Palus,mc11,http://planetarynames.wr.usgs.gov/Feature/5021
277.4353,33.7499,Tempe Colles,Tempe Colles,1991/01/01 00:00:00,Classical albedo name.,34.487659999999998,277.435300000000041,33.749900000000004,"Collis, colles",CO,Adopted by IAU,277.117000000000019,277.744799999999998,33.533700000000003,33.931899999999999,Greek,Europe,Arcadia,mc03,http://planetarynames.wr.usgs.gov/Feature/5913
60.8676,-58.6962,Amphitrites Patera,Amphitrites Patera,1973/01/01 00:00:00,"Mare Amphitrites; classical albedo feature name.",129.796300000000002,60.867600000000003,-58.696200000000005,"Patera, paterae",PE,Adopted by IAU,58.752900000000004,62.973100000000002,-59.795600000000000,-57.638000000000005,Greek,Europe,Hellas,mc28,http://planetarynames.wr.usgs.gov/Feature/242
316.9936,-7.9953,Rincon,Rincon,1976/01/01 00:00:00,Town in Netherlands. Antilles (Bonaire Is).,13.359600000000000,316.993600000000015,-7.995300000000000,"Crater, craters",AA,Adopted by IAU,316.881300000000010,317.108900000000006,-8.104300000000000,-7.878900000000001,Bonaire,North America,Margaritifer Sinus,mc19,http://planetarynames.wr.usgs.gov/Feature/5150
288.5998,40.4186,Tempe Fossae,Tempe Fossae,1973/01/01 00:00:00,"From albedo feature at 40N, 70W.",2116.239700000000084,288.599800000000016,40.418600000000005,"Fossa, fossae",FO,Adopted by IAU,270.732200000000034,309.855000000000018,30.717800000000000,52.350600000000000,Greek,Europe,Arcadia,mc03,http://planetarynames.wr.usgs.gov/Feature/5914
341.8315,-25.3953,Romny,Romny,1976/01/01 00:00:00,Town in Russia.,5.390640000000000,341.831500000000005,-25.395300000000002,"Crater, craters",AA,Adopted by IAU,341.780300000000011,341.881000000000029,-25.437500000000000,-25.346600000000002,Russia,Europe,Margaritifer Sinus,mc19,http://planetarynames.wr.usgs.gov/Feature/5178
309.0102,-28.4228,Ritchey,Ritchey,1973/01/01 00:00:00,"George W.; American astronomer (1864-1945).",77.231399999999994,309.010199999999998,-28.422800000000002,"Crater, craters",AA,Adopted by IAU,308.275200000000041,309.757000000000005,-29.074800000000000,-27.771900000000002,American,North America,Coprates,mc18,http://planetarynames.wr.usgs.gov/Feature/5156
355.5747,-49.375,Roddenberry,Roddenberry,1994/01/01 00:00:00,"Gene; American engineer, television producer (1921-1991).",139.149229999999989,355.574700000000007,-49.375000000000000,"Crater, craters",AA,Adopted by IAU,353.758399999999995,357.364100000000008,-50.550200000000004,-48.202700000000000,American,North America,Argyre,mc26,http://planetarynames.wr.usgs.gov/Feature/5168
203.6022,4.7921,Eumenides Dorsum,Eumenides Dorsum,1976/01/01 00:00:00,Classical albedo feature name.,569.260300000000029,203.602200000000011,4.792100000000000,"Dorsum, dorsa",DO,Adopted by IAU,201.537400000000019,204.940799999999996,-0.011600000000000,9.474500000000001,Greek,Europe,Amazonis,mc08,http://planetarynames.wr.usgs.gov/Feature/1868
314.6511,22.4566,Rong,Rong,1988/01/01 00:00:00,Town in China (Tibet).,8.915749999999999,314.651100000000042,22.456600000000002,"Crater, craters",AA,Adopted by IAU,314.569700000000012,314.732400000000041,22.382700000000000,22.533100000000001,Tibet,Asia,Lunae Palus,mc10,http://planetarynames.wr.usgs.gov/Feature/5182
249.2906,41.082,Alba Mons,Alba Mons,2007/09/19 00:00:00,Classical albedo feature name.,548.023099999999999,249.290600000000012,41.082000000000001,"Mons, montes",MO,Adopted by IAU,243.706600000000009,255.207100000000025,36.533700000000003,45.630200000000002,Latin,Europe,Arcadia,mc03,http://planetarynames.wr.usgs.gov/Feature/14306
336.9114,50.336,Acidalia Colles,Acidalia Colles,2000/01/01 00:00:00,From classical albedo feature name.,356.303380000000004,336.911400000000015,50.336000000000006,"Collis, colles",CO,Adopted by IAU,331.774499999999989,340.365600000000029,48.418600000000005,52.961600000000004,Greek,Europe,Mare Acidalium,mc04,http://planetarynames.wr.usgs.gov/Feature/36
304.5631,26.3308,Rongxar,Rongxar,1987/01/01 00:00:00,"Small village in Tibet, near Mt. Everest.",21.630500000000001,304.563100000000020,26.330800000000000,"Crater, craters",AA,Adopted by IAU,304.357000000000028,304.764200000000017,26.148800000000001,26.513800000000000,Tibet,Asia,Lunae Palus,mc10,http://planetarynames.wr.usgs.gov/Feature/5184
252.1613,-57.3921,Ross,Ross,1973/01/01 00:00:00,"Frank E.; American astronomer (1874-1966).",82.507000000000005,252.161300000000011,-57.392099999999999,"Crater, craters",AA,Adopted by IAU,250.877400000000023,253.461000000000013,-58.089100000000002,-56.697100000000006,American,North America,Thaumasia,mc25,http://planetarynames.wr.usgs.gov/Feature/5193
148.0388,25.2442,Elysium Rupes,Elysium Rupes,1985/01/01 00:00:00,Albedo feature name.,140.496319999999997,148.038800000000009,25.244200000000003,"Rupes, rupēs",RU,Adopted by IAU,147.307800000000015,148.203100000000006,24.093200000000000,26.108900000000002,Greek,Europe,Elysium,mc15,http://planetarynames.wr.usgs.gov/Feature/1785
50.9584,38.0334,Rudaux,Rudaux,1973/01/01 00:00:00,"Lucien; French astronomer (1874-1947).",107.183999999999997,50.958400000000005,38.033400000000000,"Crater, craters",AA,Adopted by IAU,49.811600000000006,52.107400000000005,37.129899999999999,38.938200000000002,France,Europe,Ismenius Lacus,mc05,http://planetarynames.wr.usgs.gov/Feature/5215
167.9231,-47.5249,Rossby,Rossby,1973/01/01 00:00:00,"Carl G.; Swedish-American meteorologist (1898-1957).",80.418000000000006,167.923100000000005,-47.524900000000002,"Crater, craters",AA,Adopted by IAU,166.922899999999998,168.931600000000003,-48.204100000000004,-46.847400000000000,American,North America,Eridania,mc29,http://planetarynames.wr.usgs.gov/Feature/5194
180.1357,-72.4705,Richardson,Richardson,1973/01/01 00:00:00,"Lewis F.; British meteorologist, chemist (1881-1953).",89.000000000000000,180.135700000000014,-72.470500000000001,"Crater, craters",AA,Adopted by IAU,177.436800000000005,182.602100000000007,-73.326000000000008,-71.733000000000004,Great Britain,Europe,Mare Australe,mc30,http://planetarynames.wr.usgs.gov/Feature/5028
342.9262,-25.2355,Ruby,Ruby,1976/01/01 00:00:00,"Town in South Carolina, USA.",26.428300000000000,342.926199999999994,-25.235500000000002,"Crater, craters",AA,Adopted by IAU,342.681600000000003,343.174500000000023,-25.458800000000000,-25.013000000000002,United States,North America,Margaritifer Sinus,mc19,http://planetarynames.wr.usgs.gov/Feature/5214
12.4325,-54.5048,Russell,Russell,1973/01/01 00:00:00,"Henry N.; American astronomer (1877-1957).",135.078450000000004,12.432500000000001,-54.504800000000003,"Crater, craters",AA,Adopted by IAU,10.457700000000001,14.384300000000001,-55.659500000000001,-53.380500000000005,American,North America,Noachis,mc27,http://planetarynames.wr.usgs.gov/Feature/5236
267.308,4.6434,Fortuna Fossae,Fortuna Fossae,1985/01/01 00:00:00,Classical albedo feature name.,324.278399999999976,267.307999999999993,4.643400000000001,"Fossa, fossae",FO,Adopted by IAU,265.556399999999996,268.805499999999995,1.833600000000000,7.154400000000001,Latin,Europe,Tharsis,mc09,http://planetarynames.wr.usgs.gov/Feature/1996
349.4056,19.0324,Rutherford,Rutherford,1973/01/01 00:00:00,"Ernest; British physicist (1871-1937).",107.082999999999998,349.405599999999993,19.032400000000003,"Crater, craters",AA,Adopted by IAU,348.456400000000031,350.367300000000000,18.129400000000000,19.936000000000000,Great Britain,Europe,Oxia Palus,mc11,http://planetarynames.wr.usgs.gov/Feature/5240
307.285,-34.0004,Ruza,Ruza,1979/01/01 00:00:00,Town in Russia.,22.252199999999998,307.285000000000025,-34.000399999999999,"Crater, craters",AA,Adopted by IAU,307.064799999999991,307.517699999999991,-34.188700000000004,-33.813299999999998,Russia,Europe,Argyre,mc26,http://planetarynames.wr.usgs.gov/Feature/5244
347.7792,39.0744,Cydonia Colles,Cydonia Colles,2003/01/01 00:00:00,"Named for classical albedo feature at 50N, 355W.",362.783659999999998,347.779200000000003,39.074400000000004,"Collis, colles",CO,Adopted by IAU,343.533000000000015,351.244700000000023,37.123300000000000,41.672699999999999,Latin,Europe,Mare Acidalium,mc04,http://planetarynames.wr.usgs.gov/Feature/1365
121.7599,44.126,Rynok,Rynok,1979/01/01 00:00:00,Town in Russia.,8.487000000000000,121.759900000000002,44.126000000000005,"Crater, craters",AA,Adopted by IAU,121.663000000000011,121.862500000000011,44.055100000000003,44.198300000000003,Russia,Europe,Cebrenia,mc07,http://planetarynames.wr.usgs.gov/Feature/5247
319.1069,-1.2838,Rypin,Rypin,1976/01/01 00:00:00,Town in Poland.,18.175660000000001,319.106899999999996,-1.283800000000000,"Crater, craters",AA,Adopted by IAU,318.953500000000020,319.260199999999998,-1.437100000000000,-1.130400000000000,Poland,Europe,Margaritifer Sinus,mc19,http://planetarynames.wr.usgs.gov/Feature/5248
212.8007,-5.4923,Abus Vallis,Abus Vallis,1985/01/01 00:00:00,Classical name for Humber River in England.,60.992789999999999,212.800700000000006,-5.492300000000000,"Vallis, valles",VA,Adopted by IAU,212.719000000000023,212.836000000000013,-5.993400000000000,-5.019500000000000,Great Britain,Europe,Memnonia,mc16,http://planetarynames.wr.usgs.gov/Feature/25
259.2035,37.474,Acheron Catena,Acheron Catena,1979/01/01 00:00:00,"Named for classical albedo feature at 35N, 140W.",421.769529999999975,259.203500000000020,37.474000000000004,"Catena, catenae",CA,Adopted by IAU,256.711400000000026,261.713700000000017,33.513600000000004,40.696000000000005,Greek,Europe,Arcadia,mc03,http://planetarynames.wr.usgs.gov/Feature/34
311.0578,25.1726,Sabo,Sabo,1988/01/01 00:00:00,Town in Russia.,4.391640000000000,311.057800000000043,25.172600000000003,"Crater, craters",AA,Adopted by IAU,311.016200000000026,311.098000000000013,25.136800000000001,25.210900000000002,Russia,Europe,Lunae Palus,mc10,http://planetarynames.wr.usgs.gov/Feature/5262
329.3968,10.723,Sagan,Sagan,2000/01/01 00:00:00,"Carl E.; American astronomer (1934-1996).",90.257090000000005,329.396800000000042,10.723000000000001,"Crater, craters",AA,Adopted by IAU,328.621199999999988,330.170999999999992,9.961800000000000,11.484500000000001,American,North America,Oxia Palus,mc11,http://planetarynames.wr.usgs.gov/Feature/5276
347.9434,41.2907,Cydonia Labyrinthus,Cydonia Labyrinthus,2003/01/01 00:00:00,"Named for classical albedo feature at 50N, 355W.",344.050999999999988,347.943399999999997,41.290700000000001,"Labyrinthus, labyrinthi",LB,Adopted by IAU,344.312600000000032,351.293800000000033,39.784199999999998,43.052199999999999,Latin,Europe,Mare Acidalium,mc04,http://planetarynames.wr.usgs.gov/Feature/1366
323.2864,-28.3432,Runa Vallis,Runa Vallis,1979/01/01 00:00:00,Name proposed by Soviets.,36.000000000000000,323.286400000000015,-28.343200000000003,"Vallis, valles",VA,Adopted by IAU,323.115000000000009,323.390000000000043,-28.609900000000000,-28.048900000000000,Soviet,Europe,Margaritifer Sinus,mc19,http://planetarynames.wr.usgs.gov/Feature/5221
23.9184,45.1095,Deuteronilus Mensae,Deuteronilus Mensae,1973/01/01 00:00:00,"From albedo feature at 35N, 355W.",919.167000000000030,23.918400000000002,45.109500000000004,"Mensa, mensae",MN,Adopted by IAU,13.677600000000000,35.371300000000005,39.573900000000002,49.862200000000001,Latin,Europe,Ismenius Lacus,mc05,http://planetarynames.wr.usgs.gov/Feature/1509
113.1555,-22.8014,Hesperia Dorsa,Hesperia Dorsa,1991/01/01 00:00:00,Albedo feature name.,818.254500000000007,113.155500000000004,-22.801400000000001,"Dorsum, dorsa",DO,Adopted by IAU,109.037199999999999,117.968900000000005,-29.354200000000002,-17.638600000000000,Latin,Europe,Mare Tyrrhenum,mc22,http://planetarynames.wr.usgs.gov/Feature/2487
308.8943,-47.1867,Salaga,Salaga,1976/01/01 00:00:00,Town in Ghana.,28.033300000000001,308.894299999999987,-47.186700000000002,"Crater, craters",AA,Adopted by IAU,308.546899999999994,309.242799999999988,-47.423600000000000,-46.950600000000001,Ghana,Africa,Argyre,mc26,http://planetarynames.wr.usgs.gov/Feature/5281
329.6496,-25.5569,Sandila,Sandila,1976/01/01 00:00:00,Town in India.,13.316900000000000,329.649600000000021,-25.556900000000002,"Crater, craters",AA,Adopted by IAU,329.525700000000029,329.774699999999996,-25.666400000000003,-25.441700000000001,India,Asia,Margaritifer Sinus,mc19,http://planetarynames.wr.usgs.gov/Feature/5303
347.6667,34.5618,Cydonia Mensae,Cydonia Mensae,1976/01/01 00:00:00,"From albedo feature at 50N, 355W.",764.956999999999994,347.666699999999992,34.561800000000005,"Mensa, mensae",MN,Adopted by IAU,340.160000000000025,351.021200000000022,29.745300000000000,40.647500000000001,Latin,Europe,Mare Acidalium,mc04,http://planetarynames.wr.usgs.gov/Feature/1367
308.8043,37.3317,Idaeus Fossae,Idaeus Fossae,2006/01/01 00:00:00,Classical albedo feature name.,202.008600000000001,308.804300000000012,37.331700000000005,"Fossa, fossae",FO,Adopted by IAU,306.646500000000003,310.836200000000019,35.931899999999999,39.234700000000004,,,Mare Acidalium,mc04,http://planetarynames.wr.usgs.gov/Feature/2647
335.665,-27.5292,Sangar,Sangar,1976/01/01 00:00:00,Town in Russia.,30.330600000000000,335.665000000000020,-27.529200000000003,"Crater, craters",AA,Adopted by IAU,335.382800000000032,335.959900000000005,-27.785500000000003,-27.273800000000001,Russia,Europe,Margaritifer Sinus,mc19,http://planetarynames.wr.usgs.gov/Feature/5306
312.0527,19.2823,Santa Fe,Santa Fe,1976/01/01 00:00:00,"Town in New Mexico, USA.",20.296299999999999,312.052700000000016,19.282299999999999,"Crater, craters",AA,Adopted by IAU,311.872299999999996,312.235000000000014,19.111499999999999,19.453900000000001,United States,North America,Lunae Palus,mc10,http://planetarynames.wr.usgs.gov/Feature/5311
308.0513,30.4806,Nilokeras Mensae,Nilokeras Mensae,1988/01/01 00:00:00,Albedo feature name.,450.883500000000026,308.051300000000026,30.480600000000003,"Mensa, mensae",MN,Adopted by IAU,304.281400000000019,312.819000000000017,27.720300000000002,35.223700000000001,Greek,Europe,Mare Acidalium,mc04,http://planetarynames.wr.usgs.gov/Feature/4276
87.372,-41.0635,Santaca,Santaca,1991/01/01 00:00:00,Town in Mozambique.,15.849600000000001,87.372000000000000,-41.063500000000005,"Crater, craters",AA,Adopted by IAU,87.196600000000004,87.551200000000009,-41.197900000000004,-40.930500000000002,Mozambique,Africa,Hellas,mc28,http://planetarynames.wr.usgs.gov/Feature/5313
305.2843,-77.3358,Sarn,Sarn,1991/01/01 00:00:00,Town in Wales.,11.366600000000000,305.284300000000030,-77.335800000000006,"Crater, craters",AA,Adopted by IAU,304.870400000000018,305.745200000000011,-77.433000000000007,-77.241200000000006,Wales,Europe,Mare Australe,mc30,http://planetarynames.wr.usgs.gov/Feature/5326
350.6956,53.9028,Ortygia Colles,Ortygia Colles,2003/01/01 00:00:00,"Named for classical albedo feature at 65N, 350W.",255.616800000000012,350.695600000000013,53.902799999999999,"Collis, colles",CO,Adopted by IAU,348.139100000000042,352.128000000000043,51.740500000000004,55.648500000000006,Greek,Europe,Mare Acidalium,mc04,http://planetarynames.wr.usgs.gov/Feature/4502
56.7804,36.6501,Coloe Fossae,Coloe Fossae,1982/01/01 00:00:00,Classical albedo feature name.,575.894300000000044,56.780400000000000,36.650100000000002,"Fossa, fossae",FO,Adopted by IAU,53.395800000000001,60.578900000000004,32.493900000000004,40.724299999999999,Greek,Europe,Ismenius Lacus,mc05,http://planetarynames.wr.usgs.gov/Feature/1272
305.8495,-44.3656,Sarno,Sarno,1976/01/01 00:00:00,Town in Italy.,20.287859999999998,305.849500000000035,-44.365600000000001,"Crater, craters",AA,Adopted by IAU,305.610200000000020,306.088999999999999,-44.536999999999999,-44.194700000000005,Italy,Europe,Argyre,mc26,http://planetarynames.wr.usgs.gov/Feature/5327
323.064,-42.6766,Satka,Satka,1976/01/01 00:00:00,Town in Russia.,18.804900000000000,323.064000000000021,-42.676600000000001,"Crater, craters",AA,Adopted by IAU,322.855700000000013,323.287200000000041,-42.835900000000002,-42.518700000000003,Russia,Europe,Argyre,mc26,http://planetarynames.wr.usgs.gov/Feature/5338
21.6971,41.9489,Deuteronilus Colles,Deuteronilus Colles,1982/01/01 00:00:00,Classical albedo feature name.,59.013399999999997,21.697100000000002,41.948900000000002,"Collis, colles",CO,Adopted by IAU,20.973000000000003,22.308000000000000,41.478800000000000,42.382700000000000,Latin,Europe,Ismenius Lacus,mc05,http://planetarynames.wr.usgs.gov/Feature/1508
327.4427,-44.6665,Sauk,Sauk,1976/01/01 00:00:00,"Town in Wisconsin, USA.",3.077660000000000,327.442700000000002,-44.666499999999999,"Crater, craters",AA,Adopted by IAU,327.406200000000013,327.479199999999992,-44.692500000000003,-44.640500000000003,United States,North America,Argyre,mc26,http://planetarynames.wr.usgs.gov/Feature/5339
96.1219,-27.4861,Savich,Savich,1991/01/01 00:00:00,"Aleksey N. Savich; Russian astronomer (1811-1883).",179.056000000000012,96.121900000000011,-27.486100000000000,"Crater, craters",AA,Adopted by IAU,94.421100000000010,97.826400000000007,-28.997000000000000,-25.976100000000002,Russia,Europe,Mare Tyrrhenum,mc22,http://planetarynames.wr.usgs.gov/Feature/5345
330.331,-28.0681,Say,Say,1976/01/01 00:00:00,Town in Niger.,13.587000000000000,330.331000000000017,-28.068100000000001,"Crater, craters",AA,Adopted by IAU,330.201200000000028,330.461000000000013,-28.183100000000000,-27.953900000000001,Niger,Africa,Margaritifer Sinus,mc19,http://planetarynames.wr.usgs.gov/Feature/5347
62.8762,38.7204,Colles Nili,Colles Nili,1988/01/01 00:00:00,"From classical albedo feature Portus Nili, at 38N, 295W.",653.668300000000045,62.876200000000004,38.720400000000005,"Collis, colles",CO,Adopted by IAU,55.782200000000003,69.704400000000007,36.650300000000001,40.597500000000004,Roman,Europe,Casius,mc06,http://planetarynames.wr.usgs.gov/Feature/1270
68.4704,34.7749,Nilosyrtis Mensae,Nilosyrtis Mensae,1973/01/01 00:00:00,Classical albedo feature name.,676.025099999999952,68.470399999999998,34.774900000000002,"Mensa, mensae",MN,Adopted by IAU,60.946700000000000,74.378200000000007,30.007600000000000,36.866199999999999,Greek,Europe,Casius,mc06,http://planetarynames.wr.usgs.gov/Feature/4279
50.225,-24.374,Schaeberle,Schaeberle,1973/01/01 00:00:00,"John M.; American astronomer (1853-1924).",158.671999999999997,50.225000000000001,-24.374000000000002,"Crater, craters",AA,Adopted by IAU,48.756200000000000,51.695600000000006,-25.712900000000001,-23.035900000000002,American,North America,Iapygia,mc21,http://planetarynames.wr.usgs.gov/Feature/5362
61.5326,-39.3795,Alpheus Colles,Alpheus Colles,1985/01/01 00:00:00,"From albedo feature at 45S, 292W.",633.025399999999991,61.532600000000002,-39.379500000000000,"Collis, colles",CO,Adopted by IAU,56.681300000000000,66.500300000000010,-44.514700000000005,-34.398700000000005,Greek,Europe,Hellas,mc28,http://planetarynames.wr.usgs.gov/Feature/205
8.7476,41.5146,Semeykin,Semeykin,1982/01/01 00:00:00,"Boris Evgen'evich; Soviet astronomer (1900-1937).",73.513199999999998,8.747600000000000,41.514600000000002,"Crater, craters",AA,Adopted by IAU,7.919800000000000,9.575800000000001,40.895099999999999,42.135400000000004,Soviet,Europe,Ismenius Lacus,mc05,http://planetarynames.wr.usgs.gov/Feature/5423
16.7716,-2.7138,Schiaparelli,Schiaparelli,1973/01/01 00:00:00,"Giovanni V.; Italian astronomer (1835-1910).",458.520449999999983,16.771599999999999,-2.713800000000000,"Crater, craters",AA,Adopted by IAU,12.902400000000000,20.646800000000002,-6.590300000000000,1.150700000000000,Italy,Europe,Sinus Sabaeus,mc20,http://planetarynames.wr.usgs.gov/Feature/5366
282.104,-72.0661,Schmidt,Schmidt,1973/01/01 00:00:00,"Johann F.; German astronomer (1825-1884); Otto Y.; Russian geophysicist (1891-1956).",201.348749999999995,282.104000000000042,-72.066100000000006,"Crater, craters",AA,Adopted by IAU,276.548100000000034,287.660400000000038,-73.774799999999999,-70.357500000000002,Germany,Europe,Mare Australe,mc30,http://planetarynames.wr.usgs.gov/Feature/5375
55.9937,-1.8957,Schroeter,Schroeter,1973/01/01 00:00:00,"Johann H.; German astronomer (1745-1816).",291.593000000000018,55.993700000000004,-1.895700000000000,"Crater, craters",AA,Adopted by IAU,53.533400000000000,58.455900000000000,-4.355600000000000,0.564100000000000,Germany,Europe,Iapygia,mc21,http://planetarynames.wr.usgs.gov/Feature/5380
50.6993,19.931,Schöner,Schoner,1976/01/01 00:00:00,"Johannes; German geographer (1477-1547).",198.965000000000003,50.699300000000001,19.931000000000001,"Crater, craters",AA,Adopted by IAU,48.914900000000003,52.485500000000002,18.252900000000000,21.609700000000000,Germany,Europe,Syrtis Major,mc13,http://planetarynames.wr.usgs.gov/Feature/5390
99.4086,-39.5005,Sebec,Sebec,1991/01/01 00:00:00,"Town in Maine, USA.",63.536400000000000,99.408600000000007,-39.500500000000002,"Crater, craters",AA,Adopted by IAU,98.716100000000012,100.105400000000003,-40.037100000000002,-38.965200000000003,United States,North America,Hellas,mc28,http://planetarynames.wr.usgs.gov/Feature/5399
102.1534,-57.8355,Secchi,Secchi,1973/01/01 00:00:00,"Angelo; Italian astronomer (1818-1878).",223.407240000000002,102.153400000000005,-57.835500000000003,"Crater, craters",AA,Adopted by IAU,98.611600000000010,105.694000000000003,-59.720100000000002,-55.950900000000004,Italy,Europe,Hellas,mc28,http://planetarynames.wr.usgs.gov/Feature/5402
340.8926,-24.183,Seminole,Seminole,1976/01/01 00:00:00,"Town in Florida, USA.",20.638900000000000,340.892600000000016,-24.183000000000000,"Crater, craters",AA,Adopted by IAU,340.702500000000043,341.084200000000010,-24.353300000000001,-24.005100000000002,United States,North America,Margaritifer Sinus,mc19,http://planetarynames.wr.usgs.gov/Feature/5424
324.7085,1.1179,Hydraotes Chaos,Hydraotes Chaos,1976/01/01 00:00:00,Classical albedo feature name.,419.043549999999982,324.708500000000015,1.117900000000000,"Chaos, chaoses",CH,Adopted by IAU,320.999300000000005,328.018500000000017,-1.256500000000000,3.265600000000000,Greek,Europe,Oxia Palus,mc11,http://planetarynames.wr.usgs.gov/Feature/2605
103.0298,18.8944,Sevi,Sevi,1988/01/01 00:00:00,Town in Russia.,3.195370000000000,103.029800000000009,18.894400000000001,"Crater, craters",AA,Adopted by IAU,103.001300000000001,103.058300000000003,18.867400000000000,18.921300000000002,Russia,Europe,Amenthes,mc14,http://planetarynames.wr.usgs.gov/Feature/5445
329.313,-20.58,Shambe,Shambe,1976/01/01 00:00:00,Town in Sudan.,35.577599999999997,329.312999999999988,-20.580000000000002,"Crater, craters",AA,Adopted by IAU,328.998400000000004,329.639499999999998,-20.880500000000001,-20.280200000000001,Sudan,Africa,Margaritifer Sinus,mc19,http://planetarynames.wr.usgs.gov/Feature/5463
301.4695,26.9977,Sharonov,Sharonov,1973/01/01 00:00:00,"Vsevolod V.; Russian astronomer (1901-1964).",99.916399999999996,301.469500000000039,26.997700000000002,"Crater, craters",AA,Adopted by IAU,300.529400000000010,302.420999999999992,26.155300000000000,27.841000000000001,Russia,Europe,Lunae Palus,mc10,http://planetarynames.wr.usgs.gov/Feature/5470
38.3526,41.3145,Ismeniae Fossae,Ismeniae Fossae,1982/01/01 00:00:00,"From albedo feature at 40N, 333W.",286.907930000000022,38.352600000000002,41.314500000000002,"Fossa, fossae",FO,Adopted by IAU,35.165700000000001,41.566600000000001,39.127099999999999,43.617699999999999,Latin,Europe,Ismenius Lacus,mc05,http://planetarynames.wr.usgs.gov/Feature/2741
311.996,19.964,Sian,Sian,1988/01/01 00:00:00,Town in Russia.,4.059950000000000,311.996000000000038,19.964000000000002,"Crater, craters",AA,Adopted by IAU,311.959600000000023,312.032500000000027,19.931500000000000,20.000000000000000,Russia,Europe,Lunae Palus,mc10,http://planetarynames.wr.usgs.gov/Feature/5511
345.113,-32.3566,Shatskiy,Shatskiy,1979/01/01 00:00:00,"N. S.; Russian geologist.",69.456900000000005,345.113000000000000,-32.356600000000000,"Crater, craters",AA,Adopted by IAU,344.426300000000026,345.813500000000033,-32.943000000000005,-31.771300000000000,Russia,Europe,Argyre,mc26,http://planetarynames.wr.usgs.gov/Feature/5477
333.7286,21.2373,Oxia Colles,Oxia Colles,1985/01/01 00:00:00,"From albedo feature at 25N, 24W.",595.237370000000055,333.728600000000029,21.237300000000001,"Collis, colles",CO,Adopted by IAU,330.141500000000008,336.497500000000002,17.145199999999999,25.644200000000001,Greek,Europe,Oxia Palus,mc11,http://planetarynames.wr.usgs.gov/Feature/4534
328.4886,22.4879,Shawnee,Shawnee,1976/01/01 00:00:00,"Town in Ohio, USA.",16.712550000000000,328.488600000000019,22.487900000000000,"Crater, craters",AA,Adopted by IAU,328.336000000000013,328.641099999999994,22.347000000000001,22.628900000000002,United States,North America,Oxia Palus,mc11,http://planetarynames.wr.usgs.gov/Feature/5478
17.075,33.8981,Ismenius Cavus,Ismenius Cavus,2009/08/06 00:00:00,Classical albedo feature name.,90.610979999999998,17.074999999999999,33.898099999999999,"Cavus, cavi",CB,Adopted by IAU,16.451400000000000,17.706500000000002,33.179300000000005,34.729700000000001,Greek,Europe,Ismenius Lacus,mc05,http://planetarynames.wr.usgs.gov/Feature/14592
340.2792,-23.0222,Sibu,Sibu,1976/01/01 00:00:00,Town in Malaysia.,17.634899999999998,340.279200000000003,-23.022200000000002,"Crater, craters",AA,Adopted by IAU,340.123800000000017,340.447000000000003,-23.171400000000002,-22.873900000000003,Malaysia,Asia,Margaritifer Sinus,mc19,http://planetarynames.wr.usgs.gov/Feature/5513
234.2741,19.0248,Sulci Gordii,Sulci Gordii,1976/01/01 00:00:00,Classical albedo feature name.,400.000000000000000,234.274100000000004,19.024800000000003,"Sulcus, sulci",SU,Adopted by IAU,232.615499999999997,236.178200000000004,15.898200000000001,22.111700000000003,Greek,Europe,Tharsis,mc09,http://planetarynames.wr.usgs.gov/Feature/5752
329.188,-20.3145,Sigli,Sigli,1976/01/01 00:00:00,Town in Indonesia.,30.298999999999999,329.187999999999988,-20.314500000000002,"Crater, craters",AA,Adopted by IAU,328.921400000000006,329.466499999999996,-20.570399999999999,-20.059300000000000,Indonesia,Asia,Margaritifer Sinus,mc19,http://planetarynames.wr.usgs.gov/Feature/5526
269.3073,13.2541,Tharsis Tholus,Tharsis Tholus,1973/01/01 00:00:00,Classical albedo feature name.,149.304570000000012,269.307299999999998,13.254100000000001,"Tholus, tholi",TH,Adopted by IAU,268.098999999999990,270.295700000000011,12.017900000000001,14.482500000000000,Latin,Europe,Tharsis,mc09,http://planetarynames.wr.usgs.gov/Feature/5949
111.279,15.7461,Sinda,Sinda,1988/01/01 00:00:00,Town in Russia.,6.665600000000000,111.279000000000011,15.746100000000000,"Crater, craters",AA,Adopted by IAU,111.220600000000005,111.337400000000002,15.689800000000000,15.802300000000001,Russia,Europe,Amenthes,mc14,http://planetarynames.wr.usgs.gov/Feature/5553
48.8636,43.8694,Protonilus Mensae,Protonilus Mensae,1973/01/01 00:00:00,"From albedo feature at 42N, 315W.",1033.973899999999958,48.863600000000005,43.869399999999999,"Mensa, mensae",MN,Adopted by IAU,36.979199999999999,59.711300000000001,39.870699999999999,47.062000000000005,Latin,Europe,Ismenius Lacus,mc05,http://planetarynames.wr.usgs.gov/Feature/4852
342.6655,-22.435,Singa,Singa,1976/01/01 00:00:00,Town in Sudan.,13.136400000000000,342.665500000000009,-22.435000000000002,"Crater, craters",AA,Adopted by IAU,342.547599999999989,342.787300000000016,-22.545100000000001,-22.323500000000003,Sudan,Africa,Margaritifer Sinus,mc19,http://planetarynames.wr.usgs.gov/Feature/5555
110.622,-23.2828,Sinop,Sinop,1991/01/01 00:00:00,Town in Turkey.,14.723599999999999,110.622000000000000,-23.282800000000002,"Crater, craters",AA,Adopted by IAU,110.488800000000012,110.759300000000010,-23.407400000000003,-23.159000000000002,Turkey,Asia,Mare Tyrrhenum,mc22,http://planetarynames.wr.usgs.gov/Feature/5557
105.1166,35.7035,Adamas Labyrinthus,Adamas Labyrinthus,1982/01/01 00:00:00,"Classical albedo feature name; ""A River of Diamonds""; today's River Sarbarnarekha in India.",853.000000000000000,105.116600000000005,35.703499999999998,"Labyrinthus, labyrinthi",LB,Adopted by IAU,96.272000000000006,111.456299999999999,30.344300000000000,41.068700000000000,Greek,Europe,Casius,mc06,http://planetarynames.wr.usgs.gov/Feature/45
320.7716,-4.2827,Sitka,Sitka,1976/01/01 00:00:00,"Town in Alaska, USA.",16.888230000000000,320.771600000000035,-4.282700000000000,"Crater, craters",AA,Adopted by IAU,320.628700000000038,320.914500000000032,-4.425200000000000,-4.140300000000000,United States,North America,Margaritifer Sinus,mc19,http://planetarynames.wr.usgs.gov/Feature/5586
357.0461,33.5162,Sklodowska,Sklodowska,1973/01/01 00:00:00,"Marie; Polish-born French chemist (Mme P. Curie) (1867-1934).",109.724620000000002,357.046100000000024,33.516200000000005,"Crater, craters",AA,Adopted by IAU,355.936800000000005,358.157300000000021,32.595500000000001,34.446700000000000,Poland,Europe,Mare Acidalium,mc04,http://planetarynames.wr.usgs.gov/Feature/5593
88.0803,35.4585,Astapus Colles,Astapus Colles,1985/01/01 00:00:00,"From albedo feature at 35N, 269W.",597.000000000000000,88.080300000000008,35.458500000000001,"Collis, colles",CO,Adopted by IAU,81.766400000000004,92.671100000000010,31.350600000000000,38.345100000000002,Greek,Europe,Casius,mc06,http://planetarynames.wr.usgs.gov/Feature/436
319.3236,-42.3711,Sokol,Sokol,1976/01/01 00:00:00,Town in Russia.,22.183499999999999,319.323599999999999,-42.371100000000006,"Crater, craters",AA,Adopted by IAU,319.069200000000023,319.575800000000015,-42.559000000000005,-42.184699999999999,Russia,Europe,Argyre,mc26,http://planetarynames.wr.usgs.gov/Feature/5620
275.5413,-47.3434,Slipher,Slipher,1973/01/01 00:00:00,"Vesto M.; American astronomer (1875-1969); Earl C.; American astronomer (1883-1964).",127.137000000000000,275.541300000000035,-47.343400000000003,"Crater, craters",AA,Adopted by IAU,273.965300000000013,277.131000000000029,-48.416700000000006,-46.271700000000003,American,North America,Thaumasia,mc25,http://planetarynames.wr.usgs.gov/Feature/5600
257.269,-65.7629,Smith,Smith,1973/01/01 00:00:00,"William; British geologist-engineer (1769-1839).",74.328440000000001,257.269000000000005,-65.762900000000002,"Crater, craters",AA,Adopted by IAU,255.767900000000026,258.763200000000040,-66.337000000000003,-65.188699999999997,Great Britain,Europe,Mare Australe,mc30,http://planetarynames.wr.usgs.gov/Feature/5603
108.9475,-26.7385,Solano,Solano,1991/01/01 00:00:00,Town in Philippines.,8.998659999999999,108.947500000000005,-26.738500000000002,"Crater, craters",AA,Adopted by IAU,108.864600000000010,109.034600000000012,-26.814900000000002,-26.663000000000000,Philippines,Asia,Mare Tyrrhenum,mc22,http://planetarynames.wr.usgs.gov/Feature/5622
112.2092,52.5315,Cydnus Rupēs,Cydnus Rupes,1985/01/01 00:00:00,"From albedo feature at 70N, 248W.",1550.814100000000053,112.209200000000010,52.531500000000001,"Rupes, rupēs",RU,Adopted by IAU,94.980200000000011,136.852699999999999,45.855900000000005,67.340900000000005,Greek,Europe,Casius,mc06,http://planetarynames.wr.usgs.gov/Feature/1363
302.5442,0.7665,Havel Vallis,Havel Vallis,2012/01/03 00:00:00,River in Germany.,240.187000000000012,302.544199999999989,0.766500000000000,"Vallis, valles",VA,Adopted by IAU,300.813800000000015,303.785700000000020,0.019500000000000,2.035500000000000,Germany,Europe,Lunae Palus,mc10,http://planetarynames.wr.usgs.gov/Feature/14918
308.7446,-9.7338,Somerset,Somerset,2006/01/01 00:00:00,"Town in Pennsylvania, USA.",3.327020000000000,308.744599999999991,-9.733800000000000,"Crater, craters",AA,Adopted by IAU,308.716200000000015,308.773099999999999,-9.761900000000001,-9.705700000000000,United States,North America,Coprates,mc18,http://planetarynames.wr.usgs.gov/Feature/5643
331.1828,16.7257,Soochow,Soochow,1976/01/01 00:00:00,Town in China (Kiangsu).,30.056699999999999,331.182800000000043,16.725700000000000,"Crater, craters",AA,Adopted by IAU,330.920099999999991,331.449600000000032,16.472500000000000,16.979500000000002,China,Asia,Oxia Palus,mc11,http://planetarynames.wr.usgs.gov/Feature/5647
113.314,19.473,Souris,Souris,1988/01/01 00:00:00,"Town in Manitoba, Canada.",2.930460000000000,113.314000000000007,19.473000000000003,"Crater, craters",AA,Adopted by IAU,113.287500000000009,113.340000000000003,19.448600000000003,19.498100000000001,Canada,North America,Amenthes,mc14,http://planetarynames.wr.usgs.gov/Feature/5654
247.4165,1.5703,Tharsis Montes,Tharsis Montes,1973/01/01 00:00:00,Classical albedo feature name.,2058.911099999999806,247.416500000000013,1.570300000000000,"Mons, montes",MO,Adopted by IAU,236.363799999999998,258.982900000000029,-11.621000000000000,15.712300000000001,Latin,Europe,Tharsis,mc09,http://planetarynames.wr.usgs.gov/Feature/5948
235.6173,2.5236,Biblis Tholus,Biblis Tholus,2007/09/19 00:00:00,Classical albedo feature name.,168.599719999999991,235.617300000000000,2.523600000000000,"Tholus, tholi",TH,Adopted by IAU,234.257200000000012,236.984900000000010,1.385000000000000,3.853300000000000,Latin,Europe,Tharsis,mc09,http://planetarynames.wr.usgs.gov/Feature/14308
321.5691,-3.6956,Spry,Spry,1976/01/01 00:00:00,"Town in Utah, USA.",7.666850000000000,321.569099999999992,-3.695600000000000,"Crater, craters",AA,Adopted by IAU,321.503899999999987,321.633500000000026,-3.756400000000000,-3.627000000000000,United States,North America,Margaritifer Sinus,mc19,http://planetarynames.wr.usgs.gov/Feature/5672
21.909,-76.9357,South,South,1973/01/01 00:00:00,"James; British astronomer (1785-1867).",101.843000000000004,21.909000000000002,-76.935699999999997,"Crater, craters",AA,Adopted by IAU,18.107300000000002,25.714200000000002,-77.796100000000010,-76.077900000000000,Great Britain,Europe,Mare Australe,mc30,http://planetarynames.wr.usgs.gov/Feature/5656
86.3784,-58.005,Spallanzani,Spallanzani,1973/01/01 00:00:00,"Lazzaro; Italian biologist (1729-1799).",71.694500000000005,86.378399999999999,-58.005000000000003,"Crater, craters",AA,Adopted by IAU,85.239200000000011,87.523200000000003,-58.610800000000005,-57.401200000000003,Italy,Europe,Hellas,mc28,http://planetarynames.wr.usgs.gov/Feature/5663
88.2284,1.4424,Libya Montes,Libya Montes,1979/01/01 00:00:00,Classical albedo feature name.,1043.634499999999889,88.228400000000008,1.442400000000000,"Mons, montes",MO,Adopted by IAU,78.990099999999998,96.585700000000003,-1.222200000000000,6.573800000000000,Latin,Europe,Syrtis Major,mc13,http://planetarynames.wr.usgs.gov/Feature/3391
307.7372,22.0152,Spur,Spur,1976/01/01 00:00:00,"Town in Texas, USA.",8.092620000000000,307.737200000000030,22.015200000000000,"Crater, craters",AA,Adopted by IAU,307.664300000000026,307.811599999999999,21.950200000000002,22.086700000000000,United States,North America,Lunae Palus,mc10,http://planetarynames.wr.usgs.gov/Feature/5674
305.4125,23.6886,Sucre,Sucre,1976/01/01 00:00:00,Town in Colombia.,13.564500000000001,305.412500000000023,23.688600000000001,"Crater, craters",AA,Adopted by IAU,305.287000000000035,305.536900000000003,23.580700000000000,23.809600000000000,Colombia,South and Central America,Lunae Palus,mc10,http://planetarynames.wr.usgs.gov/Feature/5742
259.2881,-30.7404,Srīpur,Sripur,1991/01/01 00:00:00,Town in Bangladesh.,22.990990000000000,259.288099999999986,-30.740400000000001,"Crater, craters",AA,Adopted by IAU,259.062600000000032,259.513900000000035,-30.934500000000000,-30.546600000000002,Bangladesh,Asia,Thaumasia,mc25,http://planetarynames.wr.usgs.gov/Feature/5677
300.4986,3.7548,Stege,Stege,1985/01/01 00:00:00,Town in Denmark.,76.443200000000004,300.498600000000010,3.754800000000000,"Crater, craters",AA,Adopted by IAU,299.857500000000016,301.149900000000002,3.110100000000000,4.399700000000000,Denmark,Europe,Lunae Palus,mc10,http://planetarynames.wr.usgs.gov/Feature/5689
66.3129,50.3948,Pyramus Fossae,Pyramus Fossae,1985/01/01 00:00:00,"From albedo feature at 65N, 300W.",298.182700000000011,66.312899999999999,50.394800000000004,"Fossa, fossae",FO,Adopted by IAU,64.317700000000002,68.403800000000004,48.274900000000002,53.128900000000002,Greek,Europe,Casius,mc06,http://planetarynames.wr.usgs.gov/Feature/4883
86.0326,43.5326,Utopia Rupēs,Utopia Rupes,2003/01/01 00:00:00,"Named for calssical albedo feature at 55N, 260W.",2492.681399999999940,86.032600000000002,43.532600000000002,"Rupes, rupēs",RU,Adopted by IAU,67.305599999999998,104.782400000000010,22.148400000000002,63.116100000000003,Latin,Europe,Casius,mc06,http://planetarynames.wr.usgs.gov/Feature/6261
281.3935,18.1709,Sulak,Sulak,1985/01/01 00:00:00,Town in Russia.,24.999630000000000,281.393500000000017,18.170900000000000,"Crater, craters",AA,Adopted by IAU,281.171699999999987,281.615600000000029,17.960100000000001,18.381900000000002,Russia,Europe,Lunae Palus,mc10,http://planetarynames.wr.usgs.gov/Feature/5751
244.6269,-67.7511,Steno,Steno,1973/01/01 00:00:00,"Nicolaus; Danish geologist (1638-1686).",103.537000000000006,244.626900000000006,-67.751100000000008,"Crater, craters",AA,Adopted by IAU,242.330500000000001,246.945200000000000,-68.625600000000006,-66.878799999999998,Denmark,Europe,Mare Australe,mc30,http://planetarynames.wr.usgs.gov/Feature/5697
321.7008,-4.9557,Stobs,Stobs,1976/01/01 00:00:00,Town in Scotland.,12.059799999999999,321.700800000000015,-4.955700000000000,"Crater, craters",AA,Adopted by IAU,321.604100000000017,321.808300000000031,-5.057500000000000,-4.854100000000000,Scotland,Europe,Margaritifer Sinus,mc19,http://planetarynames.wr.usgs.gov/Feature/5710
171.291,55.6276,Stokes,Stokes,1973/01/01 00:00:00,"George G.; British physicist (1819-1903).",62.735500000000002,171.290999999999997,55.627600000000001,"Crater, craters",AA,Adopted by IAU,170.358699999999999,172.233500000000021,55.099299999999999,56.157700000000006,Great Britain,Europe,Cebrenia,mc07,http://planetarynames.wr.usgs.gov/Feature/5712
122.5521,46.8722,Ston,Ston,1979/01/01 00:00:00,Town in Croatia.,6.494070000000000,122.552100000000010,46.872199999999999,"Crater, craters",AA,Adopted by IAU,122.475000000000009,122.635300000000001,46.818200000000004,46.927800000000005,Croatia,Europe,Cebrenia,mc07,http://planetarynames.wr.usgs.gov/Feature/5714
258.7173,25.8938,Tractus Fossae,Tractus Fossae,1988/01/01 00:00:00,Classical albedo feature name.,403.055270000000007,258.717300000000023,25.893800000000002,"Fossa, fossae",FO,Adopted by IAU,256.630500000000040,260.666600000000017,22.486700000000003,29.287000000000003,Latin,Europe,Tharsis,mc09,http://planetarynames.wr.usgs.gov/Feature/6075
221.489,-69.6095,Stoney,Stoney,1973/01/01 00:00:00,"George J.; Irish physicist (1826-1911).",161.367999999999995,221.489000000000004,-69.609499999999997,"Crater, craters",AA,Adopted by IAU,217.590000000000003,225.409400000000005,-70.971900000000005,-68.249499999999998,Ireland,Europe,Mare Australe,mc30,http://planetarynames.wr.usgs.gov/Feature/5717
106.667,-18.9066,Suata,Suata,1991/01/01 00:00:00,Town in Venezuela.,23.897400000000001,106.667000000000002,-18.906600000000001,"Crater, craters",AA,Adopted by IAU,106.455800000000011,106.881900000000002,-19.108499999999999,-18.705400000000001,Venezuela,South and Central America,Mare Tyrrhenum,mc22,http://planetarynames.wr.usgs.gov/Feature/5739
48.2644,8.8434,Locras Valles,Locras Valles,1979/01/01 00:00:00,Ancient name for river on Corsica.,351.315400000000011,48.264400000000002,8.843400000000001,"Vallis, valles",VA,Adopted by IAU,45.314800000000005,51.203800000000001,6.707300000000000,11.009000000000000,France,Europe,Syrtis Major,mc13,http://planetarynames.wr.usgs.gov/Feature/3445
181.5146,-66.8831,Suess,Suess,1973/01/01 00:00:00,"Eduard; Austrian geologist, engineer (1831-1914).",71.895120000000006,181.514600000000002,-66.883099999999999,"Crater, craters",AA,Adopted by IAU,179.960599999999999,183.068600000000004,-67.493099999999998,-66.273099999999999,Austria,Europe,Mare Australe,mc30,http://planetarynames.wr.usgs.gov/Feature/5747
236.9328,9.9474,Ulysses Fossae,Ulysses Fossae,1985/01/01 00:00:00,From albedo feature name.,849.943359999999984,236.932800000000015,9.947400000000000,"Fossa, fossae",FO,Adopted by IAU,233.627000000000010,243.534199999999998,3.181600000000000,17.477800000000002,Greek,Europe,Tharsis,mc09,http://planetarynames.wr.usgs.gov/Feature/6210
329.3573,16.8492,Surt,Surt,1976/01/01 00:00:00,Town in Libya.,9.846080000000001,329.357300000000009,16.849200000000000,"Crater, craters",AA,Adopted by IAU,329.273400000000038,329.447000000000003,16.767400000000002,16.933500000000002,Libya,Africa,Oxia Palus,mc11,http://planetarynames.wr.usgs.gov/Feature/5771
311.3291,-36.5315,Sumgin,Sumgin,1979/01/01 00:00:00,"M. I.; Russian cryopedologist.",78.604450000000000,311.329100000000039,-36.531500000000001,"Crater, craters",AA,Adopted by IAU,310.505100000000027,312.155400000000043,-37.197299999999998,-35.871200000000002,Russia,Europe,Argyre,mc26,http://planetarynames.wr.usgs.gov/Feature/5760
262.4294,26.2512,Uranius Tholus,Uranius Tholus,1973/01/01 00:00:00,Classical albedo feature name.,61.386360000000003,262.429399999999987,26.251200000000001,"Tholus, tholi",TH,Adopted by IAU,261.880800000000022,263.009299999999996,25.738500000000002,26.763900000000000,Greek,Europe,Tharsis,mc09,http://planetarynames.wr.usgs.gov/Feature/6238
326.3252,26.4524,Swanage,Swanage,1997/01/01 00:00:00,Town in England.,18.678100000000001,326.325199999999995,26.452400000000001,"Crater, craters",AA,Adopted by IAU,326.155300000000011,326.507300000000043,26.295300000000001,26.610400000000002,England,Europe,Oxia Palus,mc11,http://planetarynames.wr.usgs.gov/Feature/5785
86.0966,-27.4067,Suzhi,Suzhi,1991/01/01 00:00:00,Town in China.,24.625800000000002,86.096600000000009,-27.406700000000001,"Crater, craters",AA,Adopted by IAU,85.864200000000011,86.332200000000000,-27.614900000000002,-27.199500000000000,China,Asia,Iapygia,mc21,http://planetarynames.wr.usgs.gov/Feature/5780
146.5183,33.8276,Galaxias Chaos,Galaxias Chaos,1985/01/01 00:00:00,Albedo feature name.,234.482830000000007,146.518300000000011,33.827600000000004,"Chaos, chaoses",CH,Adopted by IAU,144.111099999999993,148.864200000000011,33.268799999999999,34.134000000000000,Latin,Europe,Cebrenia,mc07,http://planetarynames.wr.usgs.gov/Feature/2065
324.9602,-45.1036,Tabou,Tabou,1976/01/01 00:00:00,Town in Ivory Coast.,7.676630000000000,324.960200000000043,-45.103600000000000,"Crater, craters",AA,Adopted by IAU,324.868500000000040,325.052000000000021,-45.168400000000005,-45.038900000000005,Ivory Coast,Africa,Argyre,mc26,http://planetarynames.wr.usgs.gov/Feature/5812
306.945,42.4183,Sytinskaya,Sytinskaya,1982/01/01 00:00:00,"Nadezhda Nikolaevna; Soviet astronomer (1906-1974).",89.161100000000005,306.944999999999993,42.418300000000002,"Crater, craters",AA,Adopted by IAU,305.933199999999999,307.970799999999997,41.666900000000005,43.171100000000003,Soviet,Europe,Mare Acidalium,mc04,http://planetarynames.wr.usgs.gov/Feature/5797
147.4815,36.8022,Galaxias Colles,Galaxias Colles,1985/01/01 00:00:00,Albedo feature name.,610.338129999999978,147.481500000000011,36.802199999999999,"Collis, colles",CO,Adopted by IAU,139.974600000000009,152.691100000000006,33.614400000000003,42.168300000000002,Latin,Europe,Cebrenia,mc07,http://planetarynames.wr.usgs.gov/Feature/2066
321.7758,16.3416,Sūf,Suf,1976/01/01 00:00:00,Town in Jordan.,9.405980000000000,321.775800000000004,16.341600000000000,"Crater, craters",AA,Adopted by IAU,321.695400000000006,321.860800000000040,16.262499999999999,16.421200000000002,Jordan,Asia,Oxia Palus,mc11,http://planetarynames.wr.usgs.gov/Feature/5803
304.849,21.431,Sögel,Sogel,1976/01/01 00:00:00,Town in Germany.,28.448300000000000,304.848999999999990,21.431000000000001,"Crater, craters",AA,Adopted by IAU,304.590100000000007,305.105700000000013,21.195399999999999,21.675400000000000,Germany,Europe,Lunae Palus,mc10,http://planetarynames.wr.usgs.gov/Feature/5805
143.0287,30.9565,Galaxias Fluctūs,Galaxias Fluctus,1985/01/01 00:00:00,Albedo feature name.,607.030459999999948,143.028700000000015,30.956500000000002,"Fluctus, fluctūs",FL,Adopted by IAU,137.032300000000021,148.964699999999993,27.696800000000000,33.603100000000005,Latin,Europe,Cebrenia,mc07,http://planetarynames.wr.usgs.gov/Feature/2067
142.313,34.7635,Galaxius Mons,Galaxius Mons,1991/01/01 00:00:00,Classical albedo name.,22.225390000000001,142.313000000000017,34.763500000000001,"Mons, montes",MO,Adopted by IAU,142.113600000000019,142.511899999999997,34.598400000000005,34.918500000000002,Latin,Europe,Cebrenia,mc07,http://planetarynames.wr.usgs.gov/Feature/2069
129.8345,64.3717,Panchaia Rupēs,Panchaia Rupes,2003/01/01 00:00:00,"Named for classical albedo feature at 62N, 220W.",1113.399699999999939,129.834500000000020,64.371700000000004,"Rupes, rupēs",RU,Adopted by IAU,109.719700000000003,149.993500000000012,57.277700000000003,71.906300000000002,Latin,Europe,Cebrenia,mc07,http://planetarynames.wr.usgs.gov/Feature/4573
254.3719,8.7654,Ascraeus Chasmata,Ascraeus Chasmata,1991/01/01 00:00:00,Classical albedo name.,105.197879999999998,254.371900000000011,8.765400000000000,"Chasma, chasmata",CM,Adopted by IAU,253.574000000000012,255.256300000000010,7.769100000000001,9.576200000000000,Latin,Europe,Tharsis,mc09,http://planetarynames.wr.usgs.gov/Feature/415
108.1129,17.3068,Turma,Turma,1988/01/01 00:00:00,Town in Russia.,6.680360000000000,108.112900000000010,17.306799999999999,"Crater, craters",AA,Adopted by IAU,108.053500000000000,108.171500000000009,17.250700000000002,17.363400000000002,Russia,Europe,Amenthes,mc14,http://planetarynames.wr.usgs.gov/Feature/6143
301.6709,-35.4988,Tábor,Tabor,1979/01/01 00:00:00,Town in the Czech Republic.,19.114300000000000,301.670900000000017,-35.498800000000003,"Crater, craters",AA,Adopted by IAU,301.479100000000017,301.875200000000007,-35.660600000000002,-35.338200000000001,Czech Republic,Europe,Argyre,mc26,http://planetarynames.wr.usgs.gov/Feature/5811
85.6576,-35.2049,Taejin,Taejin,1991/01/01 00:00:00,Town in the Republic of Korea.,28.063300000000002,85.657600000000002,-35.204900000000002,"Crater, craters",AA,Adopted by IAU,85.369700000000009,85.949100000000001,-35.442200000000000,-34.968800000000002,Republic of Korea,Asia,Hellas,mc28,http://planetarynames.wr.usgs.gov/Feature/5819
331.3471,-26.0234,Tak,Tak,1976/01/01 00:00:00,Town in Thailand.,5.209570000000000,331.347100000000012,-26.023400000000002,"Crater, craters",AA,Adopted by IAU,331.298300000000040,331.396099999999990,-26.065400000000000,-25.977500000000003,Thailand,Asia,Margaritifer Sinus,mc19,http://planetarynames.wr.usgs.gov/Feature/5829
238.4972,2.963,Ulysses Tholus,Ulysses Tholus,2007/09/19 00:00:00,Classical albedo feature name.,102.465860000000006,238.497200000000021,2.963000000000000,"Tholus, tholi",TH,Adopted by IAU,237.648000000000025,239.325900000000019,2.119200000000000,3.834600000000000,Greek,Europe,Tharsis,mc09,http://planetarynames.wr.usgs.gov/Feature/14311
112.7907,-20.3376,Tala,Tala,1991/01/01 00:00:00,Town in Tunisia.,8.512409999999999,112.790700000000001,-20.337600000000002,"Crater, craters",AA,Adopted by IAU,112.716200000000001,112.869399999999999,-20.409700000000001,-20.266100000000002,Tunisia,Africa,Mare Tyrrhenum,mc22,http://planetarynames.wr.usgs.gov/Feature/5834
310.632,-41.5255,Talsi,Talsi,1976/01/01 00:00:00,Town in Latvia.,9.587070000000001,310.632000000000005,-41.525500000000001,"Crater, craters",AA,Adopted by IAU,310.526499999999999,310.742500000000007,-41.605600000000003,-41.443800000000003,Latvia,Europe,Argyre,mc26,http://planetarynames.wr.usgs.gov/Feature/5840
267.8497,26.8984,Uranius Mons,Uranius Mons,2007/09/19 00:00:00,Classical albedo feature name.,265.170380000000023,267.849700000000041,26.898400000000002,"Mons, montes",MO,Adopted by IAU,265.456999999999994,270.084299999999985,24.591699999999999,29.065000000000001,Greek,Europe,Tharsis,mc09,http://planetarynames.wr.usgs.gov/Feature/14312
252.0113,-22.725,Tame,Tame,1991/01/01 00:00:00,Town in Colombia.,13.803500000000000,252.011300000000006,-22.725000000000001,"Crater, craters",AA,Adopted by IAU,251.883900000000011,252.136400000000009,-22.840700000000002,-22.607800000000001,Colombia,South and Central America,Phoenicis Lacus,mc17,http://planetarynames.wr.usgs.gov/Feature/5843
28.7339,-0.0239,Tuscaloosa,Tuscaloosa,2000/01/01 00:00:00,"Town in Alabama, USA.",59.664800000000000,28.733900000000002,-0.023900000000000,"Crater, craters",AA,Adopted by IAU,28.231100000000001,29.237700000000000,-0.527200000000000,0.479400000000000,United States,North America,Sinus Sabaeus,mc20,http://planetarynames.wr.usgs.gov/Feature/6149
323.911,-2.8033,Tuskegee,Tuskegee,1976/01/01 00:00:00,"Town in Alabama, USA.",62.879600000000003,323.911000000000001,-2.803300000000000,"Crater, craters",AA,Adopted by IAU,323.385400000000004,324.447499999999991,-3.333800000000000,-2.273000000000000,United States,North America,Margaritifer Sinus,mc19,http://planetarynames.wr.usgs.gov/Feature/6152
147.2138,25.0232,Elysium Mons,Elysium Mons,1973/01/01 00:00:00,Classical albedo feature name.,401.000000000000000,147.213800000000020,25.023200000000003,"Mons, montes",MO,Adopted by IAU,143.587700000000012,150.821200000000005,21.777000000000001,28.264200000000002,Greek,Europe,Elysium,mc15,http://planetarynames.wr.usgs.gov/Feature/1783
169.9733,39.733,Tyndall,Tyndall,1973/01/01 00:00:00,"John; British physicist (1820-1893).",83.049400000000006,169.973299999999995,39.733000000000004,"Crater, craters",AA,Adopted by IAU,169.065899999999999,170.888000000000005,39.033100000000005,40.434200000000004,Great Britain,Europe,Cebrenia,mc07,http://planetarynames.wr.usgs.gov/Feature/6168
76.6395,-8.1425,Oenotria Plana,Oenotria Plana,2011/06/13 00:00:00,Classical albedo feature name.,61.253120000000003,76.639499999999998,-8.142500000000000,"Planum, plana",PM,Adopted by IAU,68.384799999999998,82.637200000000007,-11.453600000000000,-4.526200000000000,Latin,Europe,Iapygia,mc21,http://planetarynames.wr.usgs.gov/Feature/14858
153.1471,36.8177,Aesacus Dorsum,Aesacus Dorsum,1985/01/01 00:00:00,"From albedo feature at 45N, 205W.",276.689329999999984,153.147099999999995,36.817700000000002,"Dorsum, dorsa",DO,Adopted by IAU,152.281499999999994,154.719400000000007,34.701900000000002,38.694299999999998,Greek,Europe,Cebrenia,mc07,http://planetarynames.wr.usgs.gov/Feature/69
312.1149,-7.9552,Ganges Chasma,Ganges Chasma,1973/01/01 00:00:00,Classical albedo feature name.,574.075199999999995,312.114900000000034,-7.955200000000000,"Chasma, chasmata",CM,Adopted by IAU,307.234100000000012,317.001500000000021,-10.744800000000000,-5.824000000000000,Greek,Europe,Coprates,mc18,http://planetarynames.wr.usgs.gov/Feature/2096
102.2629,-43.3658,Teviot Vallis,Teviot Vallis,2003/01/01 00:00:00,River in Scotland.,143.888299999999987,102.262900000000002,-43.365800000000000,"Vallis, valles",VA,Adopted by IAU,100.939500000000010,102.349200000000010,-43.893300000000004,-42.104500000000002,Scotland,Europe,Hellas,mc28,http://planetarynames.wr.usgs.gov/Feature/5942
348.7334,-19.2721,Noord,Noord,2011/01/19 00:00:00,Town in Aruba.,7.800000000000000,348.733400000000017,-19.272100000000002,"Crater, craters",AA,Adopted by IAU,348.661800000000028,348.805000000000007,-19.339900000000000,-19.205100000000002,Aruba,North America,Margaritifer Sinus,mc19,http://planetarynames.wr.usgs.gov/Feature/14794
108.8679,-27.9371,Resen,Resen,2011/01/19 00:00:00,Town in Macedonia.,7.400000000000000,108.867900000000006,-27.937100000000001,"Crater, craters",AA,Adopted by IAU,108.795700000000011,108.940100000000001,-28.001100000000001,-27.873800000000003,Macedonian,Europe,Mare Tyrrhenum,mc22,http://planetarynames.wr.usgs.gov/Feature/14795
5.7185,21.249,Arabia Terra,Arabia Terra,1979/01/01 00:00:00,Classical albedo feature name.,4851.736299999999574,5.718500000000001,21.249000000000002,"Terra, terrae",TA,Adopted by IAU,-29.689600000000002,49.435600000000001,-18.071400000000001,45.364200000000004,Latin,Europe,Arabia,mc12,http://planetarynames.wr.usgs.gov/Feature/336
79.6694,-0.219,Lipany,Lipany,2011/06/13 00:00:00,Town in Slovakia.,50.100000000000001,79.669400000000010,-0.219000000000000,"Crater, craters",AA,Adopted by IAU,79.246900000000011,80.091800000000006,-0.641600000000000,0.203500000000000,Slovakia,Europe,Iapygia,mc21,http://planetarynames.wr.usgs.gov/Feature/14857
350.6255,2.7345,Firsoff,Firsoff,2010/11/15 00:00:00,"Valdemar Axel; English astronomer (1910-1981).",90.000000000000000,350.625500000000045,2.734500000000000,"Crater, craters",AA,Adopted by IAU,349.872500000000002,351.378300000000024,1.949700000000000,3.426700000000000,England,Europe,Oxia Palus,mc11,http://planetarynames.wr.usgs.gov/Feature/14782
279.9236,24.3542,Canala,Canala,2011/01/18 00:00:00,Town in New Caledonia.,12.000000000000000,279.923600000000022,24.354200000000002,"Crater, craters",AA,Adopted by IAU,279.824600000000032,280.022600000000011,24.255800000000001,24.452400000000001,New Caledonia,Oceania,Lunae Palus,mc10,http://planetarynames.wr.usgs.gov/Feature/14793
306.3342,-10.0105,Dogana,Dogana,2011/04/19 00:00:00,Town in the Republic of San Marino.,41.200000000000003,306.334200000000010,-10.010500000000000,"Crater, craters",AA,Adopted by IAU,305.988499999999988,306.679800000000000,-10.350600000000000,-9.670200000000001,San Marino,Europe,Coprates,mc18,http://planetarynames.wr.usgs.gov/Feature/14856
80.5901,0.3201,Zarqa Valles,Zarqa Valles,2011/06/13 00:00:00,River in Jordan.,21.366070000000001,80.590100000000007,0.320100000000000,"Vallis, valles",VA,Adopted by IAU,76.596299999999999,82.871099999999998,-3.450900000000000,3.926800000000000,Jordan,Asia,Syrtis Major,mc13,http://planetarynames.wr.usgs.gov/Feature/14859
242.4827,44.4075,Rubicon Valles,Rubicon Valles,1976/01/01 00:00:00,Ancient river in Italy.,308.208649999999977,242.482700000000023,44.407499999999999,"Vallis, valles",VA,Adopted by IAU,239.849299999999999,245.069700000000012,41.831900000000005,46.977700000000006,Italy,Europe,Arcadia,mc03,http://planetarynames.wr.usgs.gov/Feature/5212
287.4613,-10.5178,Melas Chasma,Melas Chasma,1973/01/01 00:00:00,Classical albedo feature name.,563.521899999999960,287.461299999999994,-10.517800000000001,"Chasma, chasmata",CM,Adopted by IAU,282.458900000000028,291.887600000000020,-13.959000000000001,-7.227300000000001,Greek,Europe,Coprates,mc18,http://planetarynames.wr.usgs.gov/Feature/3812
319.6927,28.4333,Chryse Planitia,Chryse Planitia,1973/01/01 00:00:00,Classical albedo feature name.,1542.437899999999900,319.692700000000002,28.433300000000003,"Planitia, planitiae",PL,Adopted by IAU,305.234399999999994,333.932800000000043,14.849500000000001,39.611400000000003,Greek,Europe,Oxia Palus,mc11,http://planetarynames.wr.usgs.gov/Feature/1203
272.5007,78.5167,Abalos Undae,Abalos Undae,1988/01/01 00:00:00,"Classical albedo feature at 72N, 70W.",442.743530000000021,272.500699999999995,78.516700000000000,"Unda, undae",UN,Adopted by IAU,261.400700000000029,283.031800000000032,74.935900000000004,82.198599999999999,Roman,Europe,Mare Boreum,mc01,http://planetarynames.wr.usgs.gov/Feature/5
312.3597,82.5412,Chasma Boreale,Chasma Boreale,1973/01/01 00:00:00,Classical albedo feature name.,459.882839999999987,312.359700000000032,82.541200000000003,"Chasma, chasmata",CM,Adopted by IAU,300.624400000000037,343.801300000000026,79.302100000000010,85.068700000000007,Latin,Europe,Mare Boreum,mc01,http://planetarynames.wr.usgs.gov/Feature/1161
284.3959,81.1699,Abalos Mensa,Abalos Mensa,2006/01/01 00:00:00,Classical albedo feature name.,129.182700000000011,284.395900000000040,81.169899999999998,"Mensa, mensae",MN,Adopted by IAU,279.343500000000006,290.516000000000020,80.206200000000010,82.404400000000010,Roman,Europe,Mare Boreum,mc01,http://planetarynames.wr.usgs.gov/Feature/14147
67.103,9.2007,Syrtis Major Planum,Syrtis Major Planum,1973/01/01 00:00:00,"Albedo feature name; changed from Planitia to Planum.",1214.864000000000033,67.103000000000009,9.200700000000001,"Planum, plana",PM,Adopted by IAU,58.882400000000004,76.644300000000001,-1.370700000000000,19.408700000000000,Greek,Europe,Syrtis Major,mc13,http://planetarynames.wr.usgs.gov/Feature/5796
275.6109,-7.2894,Ius Chasma,Ius Chasma,1973/01/01 00:00:00,Classical albedo feature name.,839.908570000000054,275.610900000000015,-7.289400000000001,"Chasma, chasmata",CM,Adopted by IAU,268.502600000000029,282.529600000000016,-9.965100000000000,-5.765900000000000,Latin,Europe,Coprates,mc18,http://planetarynames.wr.usgs.gov/Feature/2757
82.9305,24.6276,Arena Colles,Arena Colles,1985/01/01 00:00:00,"Classical albedo feature at 13N, 294W.",580.124940000000038,82.930500000000009,24.627600000000001,"Collis, colles",CO,Adopted by IAU,79.661600000000007,87.015200000000007,19.747100000000000,29.500800000000002,Latin,Europe,Syrtis Major,mc13,http://planetarynames.wr.usgs.gov/Feature/356
160.0181,-68.776,Ulyxis Rupes,Ulyxis Rupes,1976/01/01 00:00:00,Classical albedo feature name.,383.088000000000022,160.018100000000004,-68.775999999999996,"Rupes, rupēs",RU,Adopted by IAU,157.076500000000010,161.069900000000018,-71.933700000000002,-65.630300000000005,Greek,Europe,Mare Australe,mc30,http://planetarynames.wr.usgs.gov/Feature/6212
251.2462,12.0609,Ascraeus Sulci,Ascraeus Sulci,1991/01/01 00:00:00,Classical albedo name.,138.697049999999990,251.246200000000016,12.060900000000000,"Sulcus, sulci",SU,Adopted by IAU,250.864699999999999,252.286900000000003,11.023500000000000,13.150600000000001,Latin,Europe,Tharsis,mc09,http://planetarynames.wr.usgs.gov/Feature/418
0.5877,-84.3835,McMurdo,McMurdo,2000/01/01 00:00:00,American station in Antarctica.,26.897919999999999,0.587700000000000,-84.383499999999998,"Crater, craters",AA,Adopted by IAU,-1.744900000000000,2.918000000000000,-84.611699999999999,-84.155300000000011,Unknown,Antarctica,Mare Australe,mc30,http://planetarynames.wr.usgs.gov/Feature/3784
310.5145,79.965,Hyperboreae Undae,Hyperboreae Undae,1988/01/01 00:00:00,Classical albedo feature name.,463.646029999999996,310.514499999999998,79.965000000000003,"Unda, undae",UN,Adopted by IAU,302.915500000000009,316.016500000000008,77.124800000000008,82.799400000000006,Roman,Europe,Mare Boreum,mc01,http://planetarynames.wr.usgs.gov/Feature/2611
283.1517,-4.9174,Candor Sulci,Candor Sulci,2013/03/11 00:00:00,Classical albedo feature name.,73.364999999999995,283.151700000000005,-4.917400000000001,"Sulcus, sulci",SU,Adopted by IAU,282.641999999999996,283.891700000000014,-5.425900000000000,-4.601900000000001,Latin,Europe,Coprates,mc18,http://planetarynames.wr.usgs.gov/Feature/15093
105.8809,-21.6299,Tyrrhenus Mons,Tyrrhenus Mons,2007/09/19 00:00:00,Classical albedo feature name.,269.767670000000010,105.880900000000011,-21.629900000000003,"Mons, montes",MO,Adopted by IAU,103.461400000000012,108.288000000000011,-23.482000000000003,-19.522300000000001,Latin,Europe,Mare Tyrrhenum,mc22,http://planetarynames.wr.usgs.gov/Feature/14310
236.1823,2.3558,Biblis Patera,Biblis Patera,1973/01/01 00:00:00,Classical albedo feature name.,53.645080000000000,236.182299999999998,2.355800000000000,"Patera, paterae",PE,Adopted by IAU,235.729399999999998,236.635199999999998,1.903300000000000,2.808300000000000,Latin,Europe,Tharsis,mc09,http://planetarynames.wr.usgs.gov/Feature/737
278.2254,-8.41,Louros Valles,Louros Valles,1982/01/01 00:00:00,Modern river in Greece.,516.136200000000031,278.225400000000036,-8.410000000000000,"Vallis, valles",VA,Adopted by IAU,273.752100000000041,282.532900000000041,-9.944600000000001,-7.460400000000000,Greek,Europe,Coprates,mc18,http://planetarynames.wr.usgs.gov/Feature/3484
245.4226,35.0444,Alba Catena,Alba Catena,1985/01/01 00:00:00,Classical albedo name.,144.861359999999991,245.422600000000017,35.044400000000003,"Catena, catenae",CA,Adopted by IAU,245.348100000000017,245.442700000000002,33.830900000000000,36.264099999999999,Latin,Europe,Arcadia,mc03,http://planetarynames.wr.usgs.gov/Feature/157
149.7252,17.6861,Elysium Catena,Elysium Catena,1985/01/01 00:00:00,Albedo feature name.,48.500740000000000,149.725200000000001,17.686100000000000,"Catena, catenae",CA,Adopted by IAU,149.404700000000020,150.064800000000020,17.437200000000001,17.950200000000002,Greek,Europe,Elysium,mc15,http://planetarynames.wr.usgs.gov/Feature/1780
213.8289,-5.3681,Munda Vallis,Munda Vallis,1985/01/01 00:00:00,"Classical name for river in ancient Lusitania, (modern Mondega River in Portugal).",9.132239999999999,213.828900000000004,-5.368100000000000,"Vallis, valles",VA,Adopted by IAU,213.826000000000022,213.841800000000006,-5.441900000000000,-5.292200000000000,Portugal,Europe,Memnonia,mc16,http://planetarynames.wr.usgs.gov/Feature/4068
311.3837,5.0487,Nanedi Valles,Nanedi Valles,1976/01/01 00:00:00,"Word for ""planet"" in Sesotho, national language of Lesotho, Africa.",550.000000000000000,311.383700000000033,5.048700000000000,"Vallis, valles",VA,Adopted by IAU,309.219400000000007,312.475099999999998,0.429200000000000,8.588900000000001,Lesotho,Africa,Lunae Palus,mc10,http://planetarynames.wr.usgs.gov/Feature/4136
109.894,-21.4226,Hesperia Planum,Hesperia Planum,1973/01/01 00:00:00,Classical albedo feature name.,1601.728499999999940,109.894000000000005,-21.422600000000003,"Planum, plana",PM,Adopted by IAU,97.860100000000003,121.420300000000012,-33.915600000000005,-7.995000000000000,Latin,Europe,Mare Tyrrhenum,mc22,http://planetarynames.wr.usgs.gov/Feature/2488
306.8539,11.6337,Subur Vallis,Subur Vallis,1985/01/01 00:00:00,Classical river in Mauritania.,26.196890000000000,306.853900000000010,11.633700000000001,"Vallis, valles",VA,Adopted by IAU,306.742500000000007,307.044700000000034,11.496800000000000,11.724000000000000,Mauritania,Africa,Lunae Palus,mc10,http://planetarynames.wr.usgs.gov/Feature/5741
308.034,13.4055,Vistula Valles,Vistula Valles,1985/01/01 00:00:00,Classical name for modern Wistla River in Poland.,193.000000000000000,308.033999999999992,13.405500000000000,"Vallis, valles",VA,Adopted by IAU,306.499000000000024,309.460399999999993,12.304000000000000,14.656800000000000,Poland,Europe,Lunae Palus,mc10,http://planetarynames.wr.usgs.gov/Feature/6411
215.5299,28.1404,Lycus Sulci,Lycus Sulci,1976/01/01 00:00:00,Classical albedo feature name.,1350.614600000000110,215.529899999999998,28.140400000000000,"Sulcus, sulci",SU,Adopted by IAU,209.251700000000000,229.174700000000001,12.383900000000001,34.479100000000003,Greek,Europe,Amazonis,mc08,http://planetarynames.wr.usgs.gov/Feature/3529
248.7144,4.1486,Pavonis Fossae,Pavonis Fossae,1991/01/01 00:00:00,Albedo name.,156.080900000000014,248.714400000000012,4.148600000000000,"Fossa, fossae",FO,Adopted by IAU,247.394200000000012,249.926100000000019,3.409300000000000,4.655700000000000,Greek,Europe,Tharsis,mc09,http://planetarynames.wr.usgs.gov/Feature/4619
252.1084,11.7246,Ascraeus Mensa,Ascraeus Mensa,1991/01/01 00:00:00,Classical albedo name.,34.860210000000002,252.108400000000017,11.724600000000001,"Mensa, mensae",MN,Adopted by IAU,251.943300000000022,252.263400000000019,11.441500000000001,12.032400000000001,Latin,Europe,Tharsis,mc09,http://planetarynames.wr.usgs.gov/Feature/416
255.9192,11.9216,Ascraeus Mons,Ascraeus Mons,1973/01/01 00:00:00,Ascraeus Lacus-classical albedo feature name.,456.396450000000016,255.919200000000018,11.921600000000000,"Mons, montes",MO,Adopted by IAU,252.485500000000002,259.001700000000028,8.181700000000001,15.656600000000001,Latin,Europe,Tharsis,mc09,http://planetarynames.wr.usgs.gov/Feature/417
314.0128,-54.8625,Cleia Dorsum,Cleia Dorsum,1991/01/01 00:00:00,One of the Graces.,131.694050000000004,314.012800000000027,-54.862500000000004,"Dorsum, dorsa",DO,Adopted by IAU,313.104600000000005,314.460200000000043,-55.895900000000005,-53.903900000000000,Greek,Europe,Argyre,mc26,http://planetarynames.wr.usgs.gov/Feature/1237
249.8522,27.0037,Ceraunius Fossae,Ceraunius Fossae,1973/01/01 00:00:00,Classical albedo feature name,1166.634199999999964,249.852200000000011,27.003700000000002,"Fossa, fossae",FO,Adopted by IAU,246.952200000000005,255.738900000000001,18.523300000000003,38.124500000000005,Greek,Europe,Tharsis,mc09,http://planetarynames.wr.usgs.gov/Feature/1105
231.341,25.4033,Cyane Sulci,Cyane Sulci,1976/01/01 00:00:00,Classical albedo feature name.,335.936980000000005,231.341000000000008,25.403300000000002,"Sulcus, sulci",SU,Adopted by IAU,229.289100000000019,233.406500000000023,22.759500000000003,27.913000000000000,Latin,Europe,Tharsis,mc09,http://planetarynames.wr.usgs.gov/Feature/1359
238.5793,2.9462,Ulysses Patera,Ulysses Patera,1973/01/01 00:00:00,Classical albedo feature name.,57.862740000000002,238.579300000000018,2.946200000000000,"Patera, paterae",PE,Adopted by IAU,238.090600000000023,239.068000000000012,2.473400000000000,3.392000000000000,Greek,Europe,Tharsis,mc09,http://planetarynames.wr.usgs.gov/Feature/6211
76.6948,22.0182,Nili Fossae,Nili Fossae,1973/01/01 00:00:00,Classical albedo feature name.,727.906299999999987,76.694800000000001,22.018200000000000,"Fossa, fossae",FO,Adopted by IAU,72.139300000000006,81.325000000000003,16.968200000000000,27.109600000000000,Latin,Europe,Syrtis Major,mc13,http://planetarynames.wr.usgs.gov/Feature/4271
269.8705,25.2883,Uranius Fossae,Uranius Fossae,1985/01/01 00:00:00,Classical albedo feature name.,394.114840000000015,269.870499999999993,25.288300000000000,"Fossa, fossae",FO,Adopted by IAU,268.307799999999986,271.406800000000032,21.978300000000001,28.598000000000003,Greek,Europe,Tharsis,mc09,http://planetarynames.wr.usgs.gov/Feature/6236
267.196,26.3168,Uranius Patera,Uranius Patera,1973/01/01 00:00:00,Classical albedo feature name.,114.000000000000000,267.196000000000026,26.316800000000001,"Patera, paterae",PE,Adopted by IAU,266.202200000000005,268.164500000000032,25.489900000000002,27.109400000000001,Greek,Europe,Tharsis,mc09,http://planetarynames.wr.usgs.gov/Feature/6237
285.0524,-6.5866,Nia Tholus,Nia Tholus,2013/03/11 00:00:00,Classical albedo feature name.,34.006999999999998,285.052400000000034,-6.586600000000001,"Tholus, tholi",TH,Adopted by IAU,284.759700000000009,285.340599999999995,-6.816300000000000,-6.370000000000000,Latin,Europe,Coprates,mc18,http://planetarynames.wr.usgs.gov/Feature/15094
285.281,10.7879,Echus Chaos,Echus Chaos,1985/01/01 00:00:00,"From albedo feature Echus Lacus at 1N, 90W.",480.512400000000014,285.281000000000006,10.787900000000000,"Chaos, chaoses",CH,Adopted by IAU,283.054300000000012,286.144299999999987,6.824300000000000,14.747000000000000,Latin,Europe,Lunae Palus,mc10,http://planetarynames.wr.usgs.gov/Feature/1711
283.2535,2.6112,Echus Fossae,Echus Fossae,1988/01/01 00:00:00,Classical albedo feature name.,421.030550000000005,283.253500000000031,2.611200000000000,"Fossa, fossae",FO,Adopted by IAU,280.728499999999997,284.575899999999990,-0.297200000000000,6.547200000000000,Latin,Europe,Lunae Palus,mc10,http://planetarynames.wr.usgs.gov/Feature/1713
67.1673,8.9688,Nili Patera,Nili Patera,1982/01/01 00:00:00,Classical albedo feature name.,67.514470000000003,67.167299999999997,8.968800000000000,"Patera, paterae",PE,Adopted by IAU,66.643600000000006,67.725600000000000,8.458100000000000,9.588600000000001,Latin,Europe,Syrtis Major,mc13,http://planetarynames.wr.usgs.gov/Feature/4272
282.05,7.8145,Echus Montes,Echus Montes,1985/01/01 00:00:00,Albedo feature name.,397.060519999999997,282.050000000000011,7.814500000000001,"Mons, montes",MO,Adopted by IAU,280.910700000000020,283.669800000000009,4.556500000000001,11.092600000000001,Latin,Europe,Lunae Palus,mc10,http://planetarynames.wr.usgs.gov/Feature/1714
302.1715,24.5946,Nilokeras Fossa,Nilokeras Fossa,1988/01/01 00:00:00,Classical albedo feature name.,267.000000000000000,302.171500000000037,24.594600000000000,"Fossa, fossae",FO,Adopted by IAU,300.372299999999996,304.003199999999993,22.875600000000002,26.032800000000002,Greek,Europe,Lunae Palus,mc10,http://planetarynames.wr.usgs.gov/Feature/4275
303.4371,12.9536,Ister Chaos,Ister Chaos,1985/01/01 00:00:00,"From classical albedo feature at 10N, 56W.",109.102159999999998,303.437099999999987,12.953600000000000,"Chaos, chaoses",CH,Adopted by IAU,303.022199999999998,304.189300000000003,11.975800000000001,13.693700000000002,Latin,Europe,Lunae Palus,mc10,http://planetarynames.wr.usgs.gov/Feature/2748
240.5487,47.6924,Artynia Catena,Artynia Catena,1985/01/01 00:00:00,"Named for classical albedo feature at 54N, 137W.",279.278529999999989,240.548700000000025,47.692399999999999,"Catena, catenae",CA,Adopted by IAU,240.296800000000019,240.555700000000002,45.355600000000003,50.024400000000000,Latin,Europe,Arcadia,mc03,http://planetarynames.wr.usgs.gov/Feature/406
275.4719,24.5762,Labeatis Fossae,Labeatis Fossae,1985/01/01 00:00:00,"Previously named feature at 30N, 75W; expanded coordinates.",1496.355800000000045,275.471900000000005,24.576200000000000,"Fossa, fossae",FO,Adopted by IAU,263.648799999999994,288.814200000000028,15.014800000000001,32.601800000000004,Latin,Europe,Lunae Palus,mc10,http://planetarynames.wr.usgs.gov/Feature/3191
283.0453,25.3871,Nilus Chaos,Nilus Chaos,1985/01/01 00:00:00,"Named for albedo feature at 20N, 65W.",283.000000000000000,283.045299999999997,25.387100000000000,"Chaos, chaoses",CH,Adopted by IAU,280.475900000000024,285.274699999999996,24.003200000000000,26.987400000000001,Greek,Europe,Lunae Palus,mc10,http://planetarynames.wr.usgs.gov/Feature/4281
144.1887,23.9281,Zephyrus Fossae,Zephyrus Fossae,1985/01/01 00:00:00,Albedo feature name.,306.187529999999981,144.188700000000011,23.928100000000001,"Fossa, fossae",FO,Adopted by IAU,142.829700000000003,145.796800000000019,21.398400000000002,26.478400000000001,Latin,Europe,Elysium,mc15,http://planetarynames.wr.usgs.gov/Feature/6722
287.7729,22.2002,Nilus Mensae,Nilus Mensae,1985/01/01 00:00:00,"Named for albedo feature at 20N, 65W.",206.836240000000004,287.772899999999993,22.200200000000002,"Mensa, mensae",MN,Adopted by IAU,285.929399999999987,289.624900000000025,21.570800000000002,22.662900000000000,Greek,Europe,Lunae Palus,mc10,http://planetarynames.wr.usgs.gov/Feature/4283
305.0818,18.132,Xanthe Montes,Xanthe Montes,2006/01/01 00:00:00,Classical albedo feature name.,499.320499999999981,305.081799999999987,18.132000000000001,"Mons, montes",MO,Adopted by IAU,301.840599999999995,307.694900000000018,14.668800000000001,22.059500000000000,Greek,Europe,Lunae Palus,mc10,http://planetarynames.wr.usgs.gov/Feature/6598
318.1359,8.1507,Chryse Colles,Chryse Colles,2006/01/01 00:00:00,Classical albedo feature name.,48.658990000000003,318.135899999999992,8.150700000000001,"Collis, colles",CO,Adopted by IAU,317.726800000000026,318.550400000000025,7.566100000000000,8.284900000000000,Greek,Europe,Oxia Palus,mc11,http://planetarynames.wr.usgs.gov/Feature/14152
293.9143,11.2146,Sacra Dorsa,Sacra Dorsa,1985/01/01 00:00:00,"From albedo feature at 20N, 67W.",1416.000000000000000,293.914300000000026,11.214600000000001,"Dorsum, dorsa",DO,Adopted by IAU,284.155399999999986,301.655400000000043,-1.141400000000000,22.715700000000002,Latin,Europe,Lunae Palus,mc10,http://planetarynames.wr.usgs.gov/Feature/5266
154.7372,2.979,Elysium Planitia,Elysium Planitia,1973/01/01 00:00:00,Classical albedo feature name.,3000.789299999999912,154.737200000000001,2.979000000000000,"Planitia, planitiae",PL,Adopted by IAU,128.256000000000000,179.113100000000003,-7.770900000000000,11.403800000000000,Greek,Europe,Elysium,mc15,http://planetarynames.wr.usgs.gov/Feature/1784
173.5843,8.4648,Rahway Valles,Rahway Valles,2006/01/01 00:00:00,"River in New Jersey, USA.",346.194819999999993,173.584300000000013,8.464800000000000,"Vallis, valles",VA,Adopted by IAU,170.193700000000007,176.099700000000013,6.967400000000000,10.383200000000000,United States,North America,Elysium,mc15,http://planetarynames.wr.usgs.gov/Feature/4927
289.9991,20.3611,Sacra Fossae,Sacra Fossae,1976/01/01 00:00:00,Classical albedo feature name.,950.000000000000000,289.999099999999999,20.361100000000000,"Fossa, fossae",FO,Adopted by IAU,286.819200000000023,298.109399999999994,10.940400000000000,26.762800000000002,Latin,Europe,Lunae Palus,mc10,http://planetarynames.wr.usgs.gov/Feature/5267
285.3,22.1627,Sacra Sulci,Sacra Sulci,1985/01/01 00:00:00,"From albedo feature at 20N, 67W.",1009.053099999999972,285.300000000000011,22.162700000000001,"Sulcus, sulci",SU,Adopted by IAU,281.217100000000016,291.762499999999989,14.423900000000001,27.803300000000000,Latin,Europe,Lunae Palus,mc10,http://planetarynames.wr.usgs.gov/Feature/5269
288.4095,27.9357,Tempe Mensa,Tempe Mensa,1988/01/01 00:00:00,"From albedo feature at 40N, 70W.",55.392470000000003,288.409500000000037,27.935700000000001,"Mensa, mensae",MN,Adopted by IAU,287.956600000000037,288.789700000000039,27.478500000000000,28.392600000000002,Greek,Europe,Lunae Palus,mc10,http://planetarynames.wr.usgs.gov/Feature/5915
311.9466,1.5956,Xanthe Terra,Xanthe Terra,1979/01/01 00:00:00,Classical albedo feature name.,1867.653800000000047,311.946599999999989,1.595600000000000,"Terra, terrae",TA,Adopted by IAU,298.468000000000018,324.944200000000023,-14.110700000000001,17.270300000000002,Greek,Europe,Lunae Palus,mc10,http://planetarynames.wr.usgs.gov/Feature/6600
130.3232,13.1629,Hyblaeus Dorsa,Hyblaeus Dorsa,2003/01/01 00:00:00,Named for albedo feature.,887.532960000000003,130.323200000000014,13.162900000000000,"Dorsum, dorsa",DO,Adopted by IAU,124.580400000000012,134.598200000000020,6.642600000000001,20.196100000000001,Latin,Europe,Amenthes,mc14,http://planetarynames.wr.usgs.gov/Feature/2600
114.5201,16.231,Amenthes Cavi,Amenthes Cavi,2006/01/01 00:00:00,Classical albedo feature name.,1330.496799999999894,114.520099999999999,16.231000000000002,"Cavus, cavi",CB,Adopted by IAU,102.982500000000002,125.842400000000012,12.288500000000001,18.901100000000000,Egypt,Africa,Amenthes,mc14,http://planetarynames.wr.usgs.gov/Feature/6960
184.1731,-7.1612,Memnonia Sulci,Memnonia Sulci,1985/01/01 00:00:00,Albedo feature name.,452.661440000000027,184.173100000000005,-7.161200000000000,"Sulcus, sulci",SU,Adopted by IAU,180.049200000000013,187.665900000000022,-10.378000000000000,-3.810300000000000,Greek,Europe,Memnonia,mc16,http://planetarynames.wr.usgs.gov/Feature/3828
337.6084,2.5233,Aram Chaos,Aram Chaos,1976/01/01 00:00:00,Classical albedo feature name.,283.811370000000011,337.608400000000017,2.523300000000000,"Chaos, chaoses",CH,Adopted by IAU,336.452400000000011,340.720000000000027,0.336400000000000,5.173100000000000,Greek,Europe,Oxia Palus,mc11,http://planetarynames.wr.usgs.gov/Feature/339
129.9709,30.5765,Granicus Valles,Granicus Valles,1982/01/01 00:00:00,Ancient name for river in Turkey.,777.776200000000017,129.970900000000000,30.576500000000003,"Vallis, valles",VA,Adopted by IAU,122.983800000000002,136.272099999999995,25.800600000000003,34.860800000000005,Turkey,Asia,Cebrenia,mc07,http://planetarynames.wr.usgs.gov/Feature/2237
122.847,20.8358,Hephaestus Fossae,Hephaestus Fossae,1973/01/01 00:00:00,Classical albedo feature name.,633.318599999999947,122.847000000000008,20.835800000000003,"Fossa, fossae",FO,Adopted by IAU,118.294300000000007,127.098500000000001,17.282399999999999,24.258700000000001,Greek,Europe,Amenthes,mc14,http://planetarynames.wr.usgs.gov/Feature/2457
119.4206,9.1922,Nepenthes Mensae,Nepenthes Mensae,1976/01/01 00:00:00,Classical albedo feature name.,2176.233600000000024,119.420600000000007,9.192200000000000,"Mensa, mensae",MN,Adopted by IAU,99.520700000000005,134.734200000000016,-0.449100000000000,14.450700000000001,Greek,Europe,Amenthes,mc14,http://planetarynames.wr.usgs.gov/Feature/4207
287.415,-6.9367,Candor Chaos,Candor Chaos,1985/01/01 00:00:00,"From albedo feature at 5N, 75W.",0.000000000000000,287.415000000000020,-6.936700000000000,"Chaos, chaoses",CH,Adopted by IAU,286.711099999999988,288.298000000000002,-7.597600000000001,-6.353400000000001,Latin,Europe,Coprates,mc18,http://planetarynames.wr.usgs.gov/Feature/999
63.1805,-71.0471,Dorsa Brevia,Dorsa Brevia,1976/01/01 00:00:00,Classical albedo feature name.,650.994450000000029,63.180500000000002,-71.047100000000000,"Dorsum, dorsa",DO,Adopted by IAU,49.161300000000004,80.785800000000009,-73.254100000000008,-68.100900000000010,Latin,Europe,Mare Australe,mc30,http://planetarynames.wr.usgs.gov/Feature/1590
86.6525,-29.805,Anseris Mons,Anseris Mons,1991/01/01 00:00:00,From albedo feature Anseris Fons.,52.513820000000003,86.652500000000003,-29.805000000000000,"Mons, montes",MO,Adopted by IAU,86.142300000000006,87.180000000000007,-30.155100000000001,-29.486100000000000,Latin,Europe,Iapygia,mc21,http://planetarynames.wr.usgs.gov/Feature/288
171.3429,3.7909,Hibes Montes,Hibes Montes,1985/01/01 00:00:00,"From albedo feature at 17N, 186W.",140.000000000000000,171.342900000000014,3.790900000000000,"Mons, montes",MO,Adopted by IAU,170.539800000000014,172.350200000000001,2.806200000000000,4.722700000000001,Greek,Europe,Elysium,mc15,http://planetarynames.wr.usgs.gov/Feature/2496
213.0957,-1.9776,Amazonis Mensa,Amazonis Mensa,2003/01/01 00:00:00,Classical albedo feature name.,414.044129999999996,213.095700000000022,-1.977600000000000,"Mensa, mensae",MN,Adopted by IAU,210.262799999999999,216.330900000000014,-4.091200000000001,0.955400000000000,Greek,Europe,Memnonia,mc16,http://planetarynames.wr.usgs.gov/Feature/219
211.1156,-4.6121,Tinia Valles,Tinia Valles,1985/01/01 00:00:00,Classical river in Italy.,17.833819999999999,211.115600000000001,-4.612100000000000,"Vallis, valles",VA,Adopted by IAU,211.035899999999998,211.211399999999998,-4.769400000000000,-4.454300000000000,Italy,Europe,Memnonia,mc16,http://planetarynames.wr.usgs.gov/Feature/6017
141.2615,21.9755,Hyblaeus Chasma,Hyblaeus Chasma,1985/01/01 00:00:00,Albedo feature name.,56.610259999999997,141.261500000000012,21.975500000000000,"Chasma, chasmata",CM,Adopted by IAU,140.715000000000003,141.621000000000009,21.579200000000000,22.499000000000002,Latin,Europe,Elysium,mc15,http://planetarynames.wr.usgs.gov/Feature/2599
195.8044,-2.1663,Medusae Fossae,Medusae Fossae,1973/01/01 00:00:00,Classical albedo feature name.,278.520719999999983,195.804400000000015,-2.166300000000000,"Fossa, fossae",FO,Adopted by IAU,195.044399999999996,199.308400000000006,-6.036000000000000,-1.386400000000000,Latin,Europe,Memnonia,mc16,http://planetarynames.wr.usgs.gov/Feature/3795
210.3865,-4.2946,Asopus Vallis,Asopus Vallis,1985/01/01 00:00:00,"Classical name for modern Hagios River, Greece.",40.817770000000003,210.386500000000012,-4.294600000000000,"Vallis, valles",VA,Adopted by IAU,210.366900000000015,210.537100000000009,-4.615700000000000,-4.014700000000000,Greek,Europe,Memnonia,mc16,http://planetarynames.wr.usgs.gov/Feature/432
178.3538,14.1332,Orcus Patera,Orcus Patera,1973/01/01 00:00:00,Classical albedo feature name.,387.636019999999974,178.353800000000007,14.133200000000000,"Patera, paterae",PE,Adopted by IAU,177.122500000000002,179.976700000000022,10.977000000000000,17.288499999999999,Latin,Europe,Elysium,mc15,http://planetarynames.wr.usgs.gov/Feature/4484
167.5435,15.4593,Tartarus Montes,Tartarus Montes,1985/01/01 00:00:00,Classical albedo feature name.,1086.463700000000017,167.543499999999995,15.459300000000001,"Mons, montes",MO,Adopted by IAU,159.885900000000021,173.855999999999995,9.764500000000000,22.037200000000002,Greek,Europe,Elysium,mc15,http://planetarynames.wr.usgs.gov/Feature/5875
164.414,4.4815,Cerberus Tholi,Cerberus Tholi,2006/01/01 00:00:00,Classical albedo feature name.,698.000000000000000,164.414000000000016,4.481500000000000,"Tholus, tholi",TH,Adopted by IAU,158.460599999999999,169.631400000000014,-0.644100000000000,7.937700000000000,Greek,Europe,Elysium,mc15,http://planetarynames.wr.usgs.gov/Feature/14168
137.0557,21.4377,Hyblaeus Fossae,Hyblaeus Fossae,1985/01/01 00:00:00,Albedo feature name.,375.000000000000000,137.055700000000002,21.437700000000000,"Fossa, fossae",FO,Adopted by IAU,133.520100000000014,140.308999999999997,19.065300000000001,22.943500000000000,Latin,Europe,Elysium,mc15,http://planetarynames.wr.usgs.gov/Feature/2601
255.7285,-13.8804,Syria Mons,Syria Mons,2009/07/06 00:00:00,Classical albedo feature name.,73.469669999999994,255.728500000000025,-13.880400000000000,"Mons, montes",MO,Adopted by IAU,255.174200000000013,256.276200000000017,-14.491700000000002,-13.269100000000000,Greek,Europe,Phoenicis Lacus,mc17,http://planetarynames.wr.usgs.gov/Feature/14573
88.8357,-11.899,Tyrrhena Terra,Tyrrhena Terra,1979/01/01 00:00:00,Classical albedo feature name.,2470.137700000000223,88.835700000000003,-11.899000000000001,"Terra, terrae",TA,Adopted by IAU,71.997700000000009,108.696400000000011,-33.356500000000004,7.499000000000001,Latin,Europe,Iapygia,mc21,http://planetarynames.wr.usgs.gov/Feature/6175
200.2971,-5.0423,Medusae Sulci,Medusae Sulci,1985/01/01 00:00:00,Albedo feature name.,191.519759999999991,200.297100000000000,-5.042300000000000,"Sulcus, sulci",SU,Adopted by IAU,198.687000000000012,200.867400000000004,-6.570200000000001,-3.339100000000000,Latin,Europe,Memnonia,mc16,http://planetarynames.wr.usgs.gov/Feature/3796
299.4223,-29.1054,Protva Valles,Protva Valles,1979/01/01 00:00:00,River in Russia.,259.710629999999981,299.422300000000007,-29.105400000000003,"Vallis, valles",VA,Adopted by IAU,297.175400000000025,301.451300000000003,-30.896700000000003,-27.408600000000000,Russia,Europe,Coprates,mc18,http://planetarynames.wr.usgs.gov/Feature/4853
234.0505,-18.3477,Daedalia Planum,Daedalia Planum,1982/01/01 00:00:00,Classical albedo feature name.,1922.016699999999901,234.050500000000000,-18.347700000000000,"Planum, plana",PM,Adopted by IAU,217.088800000000020,250.640200000000021,-34.555800000000005,-2.132700000000000,Greek,Europe,Phoenicis Lacus,mc17,http://planetarynames.wr.usgs.gov/Feature/1380
291.2186,-2.7,Ganges Catena,Ganges Catena,1973/01/01 00:00:00,Classical albedo feature name.,81.267380000000003,291.218600000000038,-2.700000000000000,"Catena, catenae",CA,Adopted by IAU,289.114800000000002,293.117999999999995,-3.234200000000000,-2.277800000000000,Greek,Europe,Coprates,mc18,http://planetarynames.wr.usgs.gov/Feature/2094
261.1518,-2.6934,Noctis Fossae,Noctis Fossae,1985/01/01 00:00:00,"Classical albedo feature at 10S, 96W.",712.728299999999990,261.151800000000037,-2.693400000000000,"Fossa, fossae",FO,Adopted by IAU,255.041300000000007,267.200300000000027,-6.222800000000000,0.345000000000000,Latin,Europe,Phoenicis Lacus,mc17,http://planetarynames.wr.usgs.gov/Feature/4323
311.3783,-10.4129,Aurorae Planum,Aurorae Planum,1973/01/01 00:00:00,Classical albedo feature name.,564.485699999999952,311.378300000000024,-10.412900000000000,"Planum, plana",PM,Adopted by IAU,306.953700000000026,316.369300000000010,-14.175000000000001,-8.562100000000001,Latin,Europe,Coprates,mc18,http://planetarynames.wr.usgs.gov/Feature/476
292.2098,-11.8203,Coprates Labes,Coprates Labes,1985/01/01 00:00:00,"From albedo feature at 14S, 65W.",61.974049999999998,292.209800000000030,-11.820300000000001,"Labes, labēs",LA,Adopted by IAU,291.677900000000022,292.745499999999993,-12.340600000000000,-11.344700000000001,Greek,Europe,Coprates,mc18,http://planetarynames.wr.usgs.gov/Feature/1303
284.0051,-4.7907,Candor Labes,Candor Labes,1988/01/01 00:00:00,"From classical albedo feature at 5N, 75W.",134.937549999999987,284.005100000000027,-4.790700000000000,"Labes, labēs",LA,Adopted by IAU,282.845100000000002,285.088300000000004,-5.430600000000000,-4.439100000000000,Latin,Europe,Coprates,mc18,http://planetarynames.wr.usgs.gov/Feature/1001
258.8111,-6.3625,Noctis Labyrinthus,Noctis Labyrinthus,1973/01/01 00:00:00,Classical albedo feature name.,1190.305200000000013,258.811100000000010,-6.362500000000001,"Labyrinthus, labyrinthi",LB,Adopted by IAU,248.416400000000010,268.694000000000017,-13.624000000000001,-2.793300000000000,Latin,Europe,Phoenicis Lacus,mc17,http://planetarynames.wr.usgs.gov/Feature/4324
151.8573,30.8149,Styx Dorsum,Styx Dorsum,1985/01/01 00:00:00,Albedo feature name.,90.668949999999995,151.857300000000009,30.814900000000002,"Dorsum, dorsa",DO,Adopted by IAU,151.450100000000020,152.028700000000015,30.205000000000002,31.505400000000002,Greek,Europe,Cebrenia,mc07,http://planetarynames.wr.usgs.gov/Feature/5735
334.4097,-63.0244,Doanus Vallis,Doanus Vallis,1985/01/01 00:00:00,"Classical river shown in Ptolemy's map; may be modern Mekong River of Burma.",139.905489999999986,334.409700000000043,-63.024400000000000,"Vallis, valles",VA,Adopted by IAU,332.330300000000022,336.595200000000034,-63.200700000000005,-62.652100000000004,Burma,Asia,Argyre,mc26,http://planetarynames.wr.usgs.gov/Feature/1558
256.0998,-12.0883,Syria Planum,Syria Planum,1973/01/01 00:00:00,Classical albedo feature name.,735.743159999999989,256.099800000000016,-12.088300000000000,"Planum, plana",PM,Adopted by IAU,249.749300000000005,262.450700000000040,-16.836400000000001,-7.798800000000000,Latin,Europe,Phoenicis Lacus,mc17,http://planetarynames.wr.usgs.gov/Feature/5794
295.1296,-4.2851,Baetis Chasma,Baetis Chasma,1985/01/01 00:00:00,"From classical albedo feature at 5S, 60W; changed from Iamunae Chasma.",92.208110000000005,295.129600000000039,-4.285100000000000,"Chasma, chasmata",CM,Adopted by IAU,294.497099999999989,295.593600000000038,-4.967000000000001,-3.680100000000000,Latin,Europe,Coprates,mc18,http://planetarynames.wr.usgs.gov/Feature/551
324.8853,-28.8001,Surinda Valles,Surinda Valles,1979/01/01 00:00:00,"Name proposed by Soviets; found on Mars-5 Map.",80.066270000000003,324.885300000000029,-28.800100000000000,"Vallis, valles",VA,Adopted by IAU,324.123100000000022,325.647899999999993,-29.370800000000003,-28.223900000000000,Soviet,Europe,Margaritifer Sinus,mc19,http://planetarynames.wr.usgs.gov/Feature/5768
333.0366,-3.8947,Aureum Chaos,Aureum Chaos,1976/01/01 00:00:00,Classical albedo feature name.,351.026099999999985,333.036600000000021,-3.894700000000000,"Chaos, chaoses",CH,Adopted by IAU,329.920400000000029,335.725300000000004,-6.472900000000000,-1.267600000000000,Latin,Europe,Margaritifer Sinus,mc19,http://planetarynames.wr.usgs.gov/Feature/473
294.7764,-21.6566,Thaumasia Planum,Thaumasia Planum,1994/01/01 00:00:00,"Albedo feature at 30S, 75W.",799.600400000000036,294.776400000000024,-21.656600000000001,"Planum, plana",PM,Adopted by IAU,290.033999999999992,299.887900000000002,-28.468200000000003,-14.973400000000002,Greek,Europe,Coprates,mc18,http://planetarynames.wr.usgs.gov/Feature/5954
317.0303,-1.0302,Aromatum Chaos,Aromatum Chaos,1979/01/01 00:00:00,Classical albedo feature name.,72.797979999999995,317.030300000000011,-1.030200000000000,"Chaos, chaoses",CH,Adopted by IAU,316.423499999999990,317.637100000000032,-1.519500000000000,-0.709300000000000,Latin,Europe,Margaritifer Sinus,mc19,http://planetarynames.wr.usgs.gov/Feature/390
312.812,-13.7304,Capri Mensa,Capri Mensa,2003/01/01 00:00:00,Classical albedo feature name.,282.349820000000022,312.812000000000012,-13.730400000000001,"Mensa, mensae",MN,Adopted by IAU,310.227300000000014,315.208700000000022,-15.140300000000000,-12.155000000000001,Latin,Europe,Coprates,mc18,http://planetarynames.wr.usgs.gov/Feature/1013
291.6283,-5.0278,Ceti Chasma,Ceti Chasma,1985/01/01 00:00:00,"From albedo feature at 10S, 74W.",49.772979999999997,291.628300000000024,-5.027800000000000,"Chasma, chasmata",CM,Adopted by IAU,291.225400000000036,292.031700000000001,-5.219400000000000,-4.879400000000000,Greek,Europe,Coprates,mc18,http://planetarynames.wr.usgs.gov/Feature/1114
287.5479,-5.1663,Baetis Mensa,Baetis Mensa,1985/01/01 00:00:00,"From albedo feature at 7S, 63W.",181.101679999999988,287.547900000000027,-5.166300000000001,"Mensa, mensae",MN,Adopted by IAU,286.961200000000019,288.275399999999991,-6.717200000000000,-3.816500000000000,Greek,Europe,Coprates,mc18,http://planetarynames.wr.usgs.gov/Feature/552
286.4779,-6.2643,Candor Mensa,Candor Mensa,1982/01/01 00:00:00,Classical albedo feature.,116.563770000000005,286.477900000000034,-6.264300000000000,"Mensa, mensae",MN,Adopted by IAU,285.631599999999992,286.915900000000022,-7.274000000000000,-5.327300000000000,Latin,Europe,Coprates,mc18,http://planetarynames.wr.usgs.gov/Feature/1002
308.5537,-10.0917,Ganges Cavus,Ganges Cavus,2006/01/01 00:00:00,Classical albedo feature name.,43.106229999999996,308.553699999999992,-10.091700000000001,"Cavus, cavi",CB,Adopted by IAU,308.178100000000029,308.908900000000017,-10.393200000000000,-9.823900000000000,Greek,Europe,Coprates,mc18,http://planetarynames.wr.usgs.gov/Feature/2095
171.9819,-11.6239,Zephyria Mensae,Zephyria Mensae,1985/01/01 00:00:00,Albedo feature name.,333.605439999999987,171.981899999999996,-11.623900000000001,"Mensa, mensae",MN,Adopted by IAU,169.226699999999994,174.401499999999999,-14.378800000000000,-8.836400000000001,Latin,Europe,Aeolis,mc23,http://planetarynames.wr.usgs.gov/Feature/6720
142.5628,-76.3219,Ultima Lingula,Ultima Lingula,2006/01/01 00:00:00,Classical albedo feature name.,551.281500000000051,142.562800000000010,-76.321899999999999,"Lingula, lingulae",LN,Adopted by IAU,130.535799999999995,157.368300000000005,-80.909700000000001,-71.695099999999996,Greek,Europe,Mare Australe,mc30,http://planetarynames.wr.usgs.gov/Feature/6203
313.478,-16.8183,Eos Chaos,Eos Chaos,1982/01/01 00:00:00,"Greek name of Aurora; albedo feature.",497.849370000000022,313.478000000000009,-16.818300000000001,"Chaos, chaoses",CH,Adopted by IAU,309.032000000000039,317.644900000000007,-19.077700000000000,-15.144100000000000,Greek,Europe,Coprates,mc18,http://planetarynames.wr.usgs.gov/Feature/1809
294.1,-21.8652,Felis Dorsa,Felis Dorsa,1976/01/01 00:00:00,Classical albedo feature name.,244.000000000000000,294.100000000000023,-21.865200000000002,"Dorsum, dorsa",DO,Adopted by IAU,289.246199999999988,299.185600000000022,-28.162700000000001,-14.283800000000001,Latin,Europe,Coprates,mc18,http://planetarynames.wr.usgs.gov/Feature/1933
311.2469,-7.2252,Ganges Mensa,Ganges Mensa,2006/01/01 00:00:00,Classical albedo feature name.,135.901549999999986,311.246900000000039,-7.225200000000000,"Mensa, mensae",MN,Adopted by IAU,309.991300000000024,312.556800000000010,-7.824500000000000,-6.573300000000001,Greek,Europe,Coprates,mc18,http://planetarynames.wr.usgs.gov/Feature/2097
287.904,-18.9187,Melas Dorsa,Melas Dorsa,1976/01/01 00:00:00,Classical albedo feature name.,486.810270000000003,287.903999999999996,-18.918700000000001,"Dorsum, dorsa",DO,Adopted by IAU,285.519200000000012,290.141300000000001,-23.022900000000000,-14.812000000000001,Greek,Europe,Coprates,mc18,http://planetarynames.wr.usgs.gov/Feature/3813
281.0755,-12.7715,Sinai Dorsa,Sinai Dorsa,1988/01/01 00:00:00,Classical albedo feature name.,456.538799999999981,281.075500000000034,-12.771500000000001,"Dorsum, dorsa",DO,Adopted by IAU,277.109700000000032,285.026200000000017,-15.167700000000000,-10.206200000000001,Egypt,Africa,Coprates,mc18,http://planetarynames.wr.usgs.gov/Feature/5547
288.478,-26.283,Melas Fossae,Melas Fossae,1985/01/01 00:00:00,Classical albedo feature name.,568.180970000000002,288.478000000000009,-26.283000000000001,"Fossa, fossae",FO,Adopted by IAU,282.645700000000033,291.006900000000030,-30.559000000000001,-21.427500000000002,Greek,Europe,Coprates,mc18,http://planetarynames.wr.usgs.gov/Feature/3814
288.2964,-8.5318,Melas Labes,Melas Labes,1985/01/01 00:00:00,"From albedo feature at 10S, 74W.",107.239059999999995,288.296400000000006,-8.531800000000000,"Labes, labēs",LA,Adopted by IAU,287.667500000000018,288.962300000000027,-9.442800000000000,-7.628600000000000,Greek,Europe,Coprates,mc18,http://planetarynames.wr.usgs.gov/Feature/3815
283.941,-1.0745,Hebes Chasma,Hebes Chasma,1973/01/01 00:00:00,Classical albedo feature name.,316.739800000000002,283.941000000000031,-1.074500000000000,"Chasma, chasmata",CM,Adopted by IAU,281.388599999999997,286.698300000000017,-2.166200000000000,0.146600000000000,Greek,Europe,Coprates,mc18,http://planetarynames.wr.usgs.gov/Feature/2402
283.2238,-1.0154,Hebes Mensa,Hebes Mensa,1982/01/01 00:00:00,"Classical albedo feature; name of goddess of youth.",112.459320000000005,283.223800000000040,-1.015400000000000,"Mensa, mensae",MN,Adopted by IAU,282.241600000000005,284.269800000000032,-1.412000000000000,-0.649000000000000,Greek,Europe,Coprates,mc18,http://planetarynames.wr.usgs.gov/Feature/2403
302.8432,-23.085,Nectaris Fossae,Nectaris Fossae,1985/01/01 00:00:00,Classical albedo feature name.,623.072300000000041,302.843200000000024,-23.085000000000001,"Fossa, fossae",FO,Adopted by IAU,300.110400000000027,304.199800000000039,-28.803000000000001,-16.937500000000000,Latin,Europe,Coprates,mc18,http://planetarynames.wr.usgs.gov/Feature/4184
278.3837,-7.7235,Geryon Montes,Geryon Montes,1982/01/01 00:00:00,Classical albedo feature.,377.827639999999974,278.383700000000033,-7.723500000000000,"Mons, montes",MO,Adopted by IAU,275.186199999999985,281.497500000000002,-8.498700000000001,-7.172000000000001,Greek,Europe,Coprates,mc18,http://planetarynames.wr.usgs.gov/Feature/2151
230.4361,3.5508,Gigas Fossae,Gigas Fossae,1988/01/01 00:00:00,Albedo feature name.,190.000000000000000,230.436100000000010,3.550800000000000,"Fossa, fossae",FO,Adopted by IAU,229.571600000000018,231.537900000000008,2.328000000000000,4.863200000000000,Roman,Europe,Tharsis,mc09,http://planetarynames.wr.usgs.gov/Feature/2157
313.9599,-9.7611,Ganges Chaos,Ganges Chaos,2006/01/01 00:00:00,Classical albedo feature name.,113.733860000000007,313.959900000000005,-9.761100000000001,"Chaos, chaoses",CH,Adopted by IAU,313.183400000000006,314.566700000000026,-10.733500000000001,-8.802300000000001,Greek,Europe,Coprates,mc18,http://planetarynames.wr.usgs.gov/Feature/14169
297.993,-6.7507,Hydrae Chasma,Hydrae Chasma,1985/01/01 00:00:00,Classical albedo feature name.,55.175429999999999,297.992999999999995,-6.750700000000000,"Chasma, chasmata",CM,Adopted by IAU,297.535900000000026,298.466600000000028,-7.216300000000000,-6.310600000000000,Latin,Europe,Coprates,mc18,http://planetarynames.wr.usgs.gov/Feature/2604
281.5375,-7.4736,Ius Labes,Ius Labes,1988/01/01 00:00:00,Classical albedo feature name.,61.180639999999997,281.537500000000023,-7.473600000000000,"Labes, labēs",LA,Adopted by IAU,281.018300000000011,282.056700000000035,-7.792200000000000,-7.195900000000000,Latin,Europe,Coprates,mc18,http://planetarynames.wr.usgs.gov/Feature/2758
276.9611,-4.3198,Tithoniae Fossae,Tithoniae Fossae,1982/01/01 00:00:00,Classical albedo name.,838.000000000000000,276.961099999999988,-4.319800000000000,"Fossa, fossae",FO,Adopted by IAU,270.430100000000039,283.633500000000026,-7.525800000000000,-0.503400000000000,Latin,Europe,Coprates,mc18,http://planetarynames.wr.usgs.gov/Feature/6031
298.613,-3.3662,Juventae Chasma,Juventae Chasma,1973/01/01 00:00:00,Classical albedo feature name.,304.986659999999972,298.613000000000000,-3.366200000000000,"Chasma, chasmata",CM,Adopted by IAU,296.305900000000008,300.336400000000026,-5.614200000000000,-0.615500000000000,Greek,Europe,Coprates,mc18,http://planetarynames.wr.usgs.gov/Feature/2874
88.1348,-19.8709,Vichada Valles,Vichada Valles,2006/01/01 00:00:00,River in Colombia.,438.314540000000022,88.134799999999998,-19.870900000000002,"Vallis, valles",VA,Adopted by IAU,84.605100000000007,91.056500000000000,-23.603600000000000,-16.258600000000001,Colombia,South and Central America,Iapygia,mc21,http://planetarynames.wr.usgs.gov/Feature/6378
288.9817,0.3885,Juventae Dorsa,Juventae Dorsa,1985/01/01 00:00:00,"From albedo feature at 4S, 63W.",481.405899999999974,288.981699999999989,0.388500000000000,"Dorsum, dorsa",DO,Adopted by IAU,285.124000000000024,291.944500000000005,-4.317000000000000,3.706000000000000,Greek,Europe,Lunae Palus,mc10,http://planetarynames.wr.usgs.gov/Feature/2875
275.7106,-4.6046,Tithonium Chasma,Tithonium Chasma,1973/01/01 00:00:00,Classical albedo feature name.,802.776060000000030,275.710599999999999,-4.604600000000000,"Chasma, chasmata",CM,Adopted by IAU,269.073700000000031,282.652700000000038,-6.237000000000000,-3.678200000000000,Latin,Europe,Coprates,mc18,http://planetarynames.wr.usgs.gov/Feature/6032
317.9341,-8.2737,Capri Chasma,Capri Chasma,1973/01/01 00:00:00,Classical albedo feature name.,1471.556800000000067,317.934100000000001,-8.273700000000000,"Chasma, chasmata",CM,Adopted by IAU,307.311399999999992,325.503899999999987,-14.999600000000001,-1.866000000000000,Latin,Europe,Margaritifer Sinus,mc19,http://planetarynames.wr.usgs.gov/Feature/1012
301.4123,-14.0059,Valles Marineris,Valles Marineris,1973/01/01 00:00:00,General name of the system of canyons honoring the scientific team of the Mariner 9 program.,3761.277799999999843,301.412300000000016,-14.005900000000000,"Vallis, valles",VA,Adopted by IAU,267.595799999999997,331.154300000000035,-18.329300000000000,-2.776800000000000,Latin,Europe,Coprates,mc18,http://planetarynames.wr.usgs.gov/Feature/6288
115.7222,-24.1994,Tyrrhena Dorsa,Tyrrhena Dorsa,1991/01/01 00:00:00,Albedo feature name.,779.400700000000029,115.722200000000001,-24.199400000000001,"Dorsum, dorsa",DO,Adopted by IAU,109.888100000000009,120.128200000000007,-29.658800000000003,-19.399900000000002,Latin,Europe,Mare Tyrrhenum,mc22,http://planetarynames.wr.usgs.gov/Feature/6171
288.2255,-14.7331,Nia Fossae,Nia Fossae,1982/01/01 00:00:00,Classical albedo feature name.,379.556339999999977,288.225500000000011,-14.733100000000000,"Fossa, fossae",FO,Adopted by IAU,284.847399999999993,291.370100000000036,-16.394400000000001,-12.517100000000001,Latin,Europe,Coprates,mc18,http://planetarynames.wr.usgs.gov/Feature/4243
304.9599,-9.886,Ophir Cavus,Ophir Cavus,2006/01/01 00:00:00,Classical albedo feature name.,36.717010000000002,304.959900000000005,-9.886000000000001,"Cavus, cavi",CB,Adopted by IAU,304.644400000000019,305.272600000000011,-9.979500000000000,-9.776200000000001,Greek,Europe,Coprates,mc18,http://planetarynames.wr.usgs.gov/Feature/4475
299.6008,-0.1671,Baetis Chaos,Baetis Chaos,2006/01/01 00:00:00,Classical albedo feature name.,66.661540000000002,299.600799999999992,-0.167100000000000,"Chaos, chaoses",CH,Adopted by IAU,299.136000000000024,299.962100000000021,-0.731300000000000,0.382900000000000,Greek,Europe,Coprates,mc18,http://planetarynames.wr.usgs.gov/Feature/14149
175.7518,-17.6377,Apollinaris Tholus,Apollinaris Tholus,1997/01/01 00:00:00,Albedo feature name.,32.392310000000002,175.751800000000003,-17.637700000000002,"Tholus, tholi",TH,Adopted by IAU,175.467100000000016,176.036699999999996,-17.914400000000001,-17.379799999999999,Greek,Europe,Aeolis,mc23,http://planetarynames.wr.usgs.gov/Feature/325
319.8784,-48.307,Argyre Cavi,Argyre Cavi,1991/01/01 00:00:00,Albedo name.,72.327650000000006,319.878399999999999,-48.307000000000002,"Cavus, cavi",CB,Adopted by IAU,319.108200000000011,320.589600000000019,-48.938600000000001,-47.735199999999999,Greek,Europe,Argyre,mc26,http://planetarynames.wr.usgs.gov/Feature/370
287.6484,-4.0031,Ophir Chasma,Ophir Chasma,1973/01/01 00:00:00,Classical albedo feature name.,314.711000000000013,287.648400000000038,-4.003100000000000,"Chasma, chasmata",CM,Adopted by IAU,285.015300000000025,290.282300000000021,-5.280200000000001,-2.860900000000000,Greek,Europe,Coprates,mc18,http://planetarynames.wr.usgs.gov/Feature/4476
291.7211,-11.0105,Ophir Labes,Ophir Labes,1985/01/01 00:00:00,"From albedo feature at 10S, 65W.",92.525940000000006,291.721100000000035,-11.010500000000000,"Labes, labēs",LA,Adopted by IAU,290.815499999999986,292.364300000000014,-11.771400000000000,-10.475000000000000,Greek,Europe,Coprates,mc18,http://planetarynames.wr.usgs.gov/Feature/4477
302.1799,-8.4548,Ophir Planum,Ophir Planum,1973/01/01 00:00:00,Classical albedo feature name.,642.237700000000018,302.179900000000032,-8.454800000000001,"Planum, plana",PM,Adopted by IAU,297.034400000000005,306.988499999999988,-13.803700000000001,-3.081400000000000,Greek,Europe,Coprates,mc18,http://planetarynames.wr.usgs.gov/Feature/4478
114.5363,-6.6756,Tagus Valles,Tagus Valles,1976/01/01 00:00:00,"Ancient and modern river in Spain, Portugal.",144.584730000000008,114.536300000000011,-6.675600000000000,"Vallis, valles",VA,Adopted by IAU,114.056200000000004,115.200299999999999,-7.864000000000001,-5.457500000000000,Spain,Europe,Mare Tyrrhenum,mc22,http://planetarynames.wr.usgs.gov/Feature/5821
272.2383,-13.7205,Sinai Planum,Sinai Planum,1973/01/01 00:00:00,Classical albedo feature name.,901.443999999999960,272.238300000000038,-13.720500000000001,"Planum, plana",PM,Adopted by IAU,264.171199999999999,279.903999999999996,-19.763700000000000,-7.337900000000000,Egypt,Africa,Coprates,mc18,http://planetarynames.wr.usgs.gov/Feature/5548
280.2552,-22.8764,Solis Dorsa,Solis Dorsa,1976/01/01 00:00:00,Classical albedo feature name.,779.497100000000046,280.255200000000002,-22.876400000000000,"Dorsum, dorsa",DO,Adopted by IAU,273.009999999999991,286.788700000000006,-29.315200000000001,-16.388200000000001,Latin,Europe,Coprates,mc18,http://planetarynames.wr.usgs.gov/Feature/5623
270.3331,-26.3994,Solis Planum,Solis Planum,1973/01/01 00:00:00,Classical albedo feature name.,1811.227399999999989,270.333100000000002,-26.399400000000000,"Planum, plana",PM,Adopted by IAU,254.415100000000024,286.897600000000011,-34.973600000000005,-16.624200000000002,Latin,Europe,Coprates,mc18,http://planetarynames.wr.usgs.gov/Feature/5625
335.0777,-1.8497,Margaritifer Terra,Margaritifer Terra,1979/01/01 00:00:00,Classical albedo feature name.,2733.223899999999958,335.077699999999993,-1.849700000000000,"Terra, terrae",TA,Adopted by IAU,320.470700000000022,350.558100000000024,-23.602000000000000,19.708000000000002,Latin,Europe,Margaritifer Sinus,mc19,http://planetarynames.wr.usgs.gov/Feature/3701
332.084,-7.6574,Arsinoes Chaos,Arsinoes Chaos,1982/01/01 00:00:00,Daughter of Ptolomy Lagun and Bernice.,200.084049999999991,332.084000000000003,-7.657400000000000,"Chaos, chaoses",CH,Adopted by IAU,330.948399999999992,333.918000000000006,-9.288100000000000,-6.372400000000001,Greek,Europe,Margaritifer Sinus,mc19,http://planetarynames.wr.usgs.gov/Feature/396
319.3896,-0.2825,Iamuna Chaos,Iamuna Chaos,2006/01/01 00:00:00,Classical albedo feature name.,21.718509999999998,319.389600000000030,-0.282500000000000,"Chaos, chaoses",CH,Adopted by IAU,319.239599999999996,319.555499999999995,-0.465600000000000,-0.099300000000000,Latin,Europe,Margaritifer Sinus,mc19,http://planetarynames.wr.usgs.gov/Feature/2625
140.6307,-3.2532,Aeolis Mensae,Aeolis Mensae,1976/01/01 00:00:00,Classical albedo feature name.,785.089000000000055,140.630700000000019,-3.253200000000000,"Mensa, mensae",MN,Adopted by IAU,135.326899999999995,146.950000000000017,-6.558100000000000,2.073400000000000,Greek,Europe,Aeolis,mc23,http://planetarynames.wr.usgs.gov/Feature/66
105.2908,-13.7396,Cerberus Dorsa,Cerberus Dorsa,1982/01/01 00:00:00,Classical albedo feature name.,623.051399999999944,105.290800000000004,-13.739600000000001,"Dorsum, dorsa",DO,Adopted by IAU,101.510600000000011,108.782000000000011,-18.275600000000001,-9.181700000000001,Greek,Europe,Mare Tyrrhenum,mc22,http://planetarynames.wr.usgs.gov/Feature/1108
325.1851,-8.4693,Aurorae Chaos,Aurorae Chaos,1991/01/01 00:00:00,Classical albedo name.,713.915830000000028,325.185100000000034,-8.469300000000000,"Chaos, chaoses",CH,Adopted by IAU,319.128700000000038,331.111700000000042,-12.223700000000001,-4.669500000000000,Latin,Europe,Margaritifer Sinus,mc19,http://planetarynames.wr.usgs.gov/Feature/475
58.2466,-10.4952,Liris Valles,Liris Valles,1985/01/01 00:00:00,"Ancient name for modern Liri River, Italy.",596.238830000000007,58.246600000000001,-10.495200000000001,"Vallis, valles",VA,Adopted by IAU,52.683700000000002,61.379500000000000,-14.949400000000001,-8.296400000000000,Italy,Europe,Iapygia,mc21,http://planetarynames.wr.usgs.gov/Feature/3420
320.8263,-12.1472,Eos Chasma,Eos Chasma,1973/01/01 00:00:00,Classical albedo feature name.,1305.687400000000025,320.826300000000003,-12.147200000000000,"Chasma, chasmata",CM,Adopted by IAU,307.438899999999990,330.947600000000023,-15.908900000000001,-6.188600000000000,Greek,Europe,Margaritifer Sinus,mc19,http://planetarynames.wr.usgs.gov/Feature/1810
317.8391,-11.009,Eos Mensa,Eos Mensa,2003/01/01 00:00:00,Classical albedo feature name.,346.669530000000009,317.839100000000030,-11.009000000000000,"Mensa, mensae",MN,Adopted by IAU,315.636099999999999,320.540400000000034,-13.738500000000000,-8.266900000000000,Latin,Europe,Margaritifer Sinus,mc19,http://planetarynames.wr.usgs.gov/Feature/1811
177.4663,-11.0642,Apollinaris Sulci,Apollinaris Sulci,1985/01/01 00:00:00,"Albedo feature at 5S, 187W.",188.635930000000002,177.466300000000018,-11.064200000000001,"Sulcus, sulci",SU,Adopted by IAU,176.205300000000022,178.797200000000004,-12.654800000000000,-9.473300000000000,Greek,Europe,Aeolis,mc23,http://planetarynames.wr.usgs.gov/Feature/324
189.0977,-37.2621,Gorgonum Chaos,Gorgonum Chaos,1985/01/01 00:00:00,"From albedo feature at 24S, 154W.",150.708020000000005,189.097700000000003,-37.262100000000004,"Chaos, chaoses",CH,Adopted by IAU,187.844099999999997,190.454900000000009,-38.528900000000000,-35.993600000000001,Greek,Europe,Phaethontis,mc24,http://planetarynames.wr.usgs.gov/Feature/2224
253.9644,-43.2703,Icaria Planum,Icaria Planum,1979/01/01 00:00:00,Classical albedo feature name.,566.588129999999978,253.964400000000012,-43.270299999999999,"Planum, plana",PM,Adopted by IAU,248.389400000000023,260.163900000000012,-48.038100000000000,-37.457400000000000,Greek,Europe,Thaumasia,mc25,http://planetarynames.wr.usgs.gov/Feature/2641
46.7155,-10.7547,Tisia Valles,Tisia Valles,1985/01/01 00:00:00,"Ancient name for modern Tisza River, Ukraine.",384.049500000000023,46.715499999999999,-10.754700000000000,"Vallis, valles",VA,Adopted by IAU,43.648600000000002,50.150300000000001,-13.842700000000001,-9.568900000000001,Ukraine,Europe,Iapygia,mc21,http://planetarynames.wr.usgs.gov/Feature/6028
342.958,-2.1921,Iani Chaos,Iani Chaos,1976/01/01 00:00:00,Classical albedo feature name.,450.507970000000000,342.958000000000027,-2.192100000000000,"Chaos, chaoses",CH,Adopted by IAU,338.725099999999998,346.272100000000023,-5.276100000000000,0.319100000000000,Latin,Europe,Margaritifer Sinus,mc19,http://planetarynames.wr.usgs.gov/Feature/2629
338.2954,-9.3015,Margaritifer Chaos,Margaritifer Chaos,1976/01/01 00:00:00,Classical albedo feature name.,383.669800000000009,338.295400000000029,-9.301500000000001,"Chaos, chaoses",CH,Adopted by IAU,334.855400000000031,341.384200000000021,-10.506900000000000,-5.932600000000000,Latin,Europe,Margaritifer Sinus,mc19,http://planetarynames.wr.usgs.gov/Feature/3699
170.9004,-6.032,Avernus Dorsa,Avernus Dorsa,1985/01/01 00:00:00,"From albedo feature at 4S, 190W.",296.593439999999987,170.900400000000019,-6.032000000000000,"Dorsum, dorsa",DO,Adopted by IAU,169.902800000000013,171.964200000000005,-8.533600000000000,-3.530300000000000,Latin,Europe,Aeolis,mc23,http://planetarynames.wr.usgs.gov/Feature/505
136.796,-6.0301,Farah Vallis,Farah Vallis,2013/04/03 00:00:00,River in Afghanistan.,76.373000000000005,136.796000000000021,-6.030100000000000,"Vallis, valles",VA,Adopted by IAU,136.510300000000001,136.993700000000018,-6.494300000000000,-5.491800000000000,Afghanistan,Asia,Aeolis,mc23,http://planetarynames.wr.usgs.gov/Feature/15109
331.6006,-10.4609,Pyrrhae Chaos,Pyrrhae Chaos,1982/01/01 00:00:00,Albedo feature name.,162.353399999999993,331.600600000000043,-10.460900000000001,"Chaos, chaoses",CH,Adopted by IAU,330.204700000000003,332.994700000000023,-11.602600000000001,-9.411600000000000,Latin,Europe,Margaritifer Sinus,mc19,http://planetarynames.wr.usgs.gov/Feature/4884
317.0985,-9.4391,Columbia Valles,Columbia Valles,2006/01/01 00:00:00,"River in Washington, USA.",84.820300000000003,317.098500000000001,-9.439100000000000,"Vallis, valles",VA,Adopted by IAU,316.397300000000030,317.711999999999989,-9.977400000000001,-8.807200000000000,United States,North America,Margaritifer Sinus,mc19,http://planetarynames.wr.usgs.gov/Feature/14151
347.6224,-21.8447,Erythraeum Chaos,Erythraeum Chaos,2007/12/06 00:00:00,Classical albedo feature name.,147.625599999999991,347.622400000000027,-21.844700000000000,"Chaos, chaoses",CH,Adopted by IAU,346.298000000000002,348.963600000000042,-22.440300000000001,-20.995500000000000,Greek,Europe,Margaritifer Sinus,mc19,http://planetarynames.wr.usgs.gov/Feature/14325
18.7032,-6.0791,Brazos Valles,Brazos Valles,1982/01/01 00:00:00,"River in Texas, USA.",387.505740000000003,18.703200000000002,-6.079100000000000,"Vallis, valles",VA,Adopted by IAU,15.355700000000001,21.492800000000003,-7.399600000000000,-2.687900000000000,United States,North America,Sinus Sabaeus,mc20,http://planetarynames.wr.usgs.gov/Feature/867
14.0518,-80.1866,Australe Montes,Australe Montes,2003/01/01 00:00:00,Classical albedo feature name.,411.672399999999982,14.051800000000000,-80.186599999999999,"Mons, montes",MO,Adopted by IAU,7.544600000000000,30.495500000000000,-83.171700000000001,-76.386600000000001,Latin,Europe,Mare Australe,mc30,http://planetarynames.wr.usgs.gov/Feature/486
95.4277,-29.6067,Peraea Cavus,Peraea Cavus,1991/01/01 00:00:00,Albedo feature name.,56.236849999999997,95.427700000000002,-29.606700000000000,"Cavus, cavi",CB,Adopted by IAU,94.913499999999999,95.994200000000006,-29.988400000000002,-29.352100000000000,Greek,Europe,Mare Tyrrhenum,mc22,http://planetarynames.wr.usgs.gov/Feature/4650
28.3197,-63.9552,Pityusa Rupes,Pityusa Rupes,1985/01/01 00:00:00,"From albedo feature at 58S, 319W.",430.139650000000017,28.319700000000001,-63.955200000000005,"Rupes, rupēs",RU,Adopted by IAU,24.552400000000002,32.030500000000004,-67.771100000000004,-60.650000000000006,Greek,Europe,Noachis,mc27,http://planetarynames.wr.usgs.gov/Feature/4743
174.1825,-8.5743,Apollinaris Patera,Apollinaris Patera,1973/01/01 00:00:00,Classical albedo feature name.,89.601320000000001,174.182500000000005,-8.574300000000001,"Patera, paterae",PE,Adopted by IAU,173.428500000000014,174.907300000000021,-9.224300000000001,-7.923400000000000,Greek,Europe,Aeolis,mc23,http://planetarynames.wr.usgs.gov/Feature/323
234.8383,-48.0888,Icaria Fossae,Icaria Fossae,1985/01/01 00:00:00,"From albedo feature at 44S, 130W.",2115.449000000000069,234.838300000000004,-48.088799999999999,"Fossa, fossae",FO,Adopted by IAU,209.605000000000018,254.591500000000025,-62.851000000000006,-33.599600000000002,Greek,Europe,Phaethontis,mc24,http://planetarynames.wr.usgs.gov/Feature/2640
172.5191,-3.7173,Avernus Cavi,Avernus Cavi,1985/01/01 00:00:00,"Named for albedo feature at 10S, 195W.",115.000000000000000,172.519100000000009,-3.717300000000000,"Cavus, cavi",CB,Adopted by IAU,171.912499999999994,172.922200000000004,-4.748900000000000,-2.841900000000000,Latin,Europe,Aeolis,mc23,http://planetarynames.wr.usgs.gov/Feature/503
295.5063,-33.8722,Bosporos Planum,Bosporos Planum,1979/01/01 00:00:00,Classical albedo feature name.,729.581000000000017,295.506300000000010,-33.872199999999999,"Planum, plana",PM,Adopted by IAU,287.227399999999989,301.976800000000026,-38.140000000000001,-29.064900000000002,Greek,Europe,Thaumasia,mc25,http://planetarynames.wr.usgs.gov/Feature/834
172.922,-19.7458,Zephyria Tholus,Zephyria Tholus,1997/01/01 00:00:00,Albedo feature name.,35.948599999999999,172.921999999999997,-19.745800000000003,"Tholus, tholi",TH,Adopted by IAU,172.610399999999998,173.199500000000000,-20.047300000000000,-19.444300000000002,Latin,Europe,Aeolis,mc23,http://planetarynames.wr.usgs.gov/Feature/6721
144.7648,-1.1366,Aeolis Planum,Aeolis Planum,2006/01/01 00:00:00,Classical albedo feature name.,852.807400000000030,144.764800000000008,-1.136600000000000,"Planum, plana",PM,Adopted by IAU,139.081400000000002,149.979100000000017,-6.681000000000000,4.404600000000000,Greek,Europe,Aeolis,mc23,http://planetarynames.wr.usgs.gov/Feature/14165
318.7741,-54.926,Oceanidum Mons,Oceanidum Mons,1985/01/01 00:00:00,Name change from Charitum Tholus.,33.394990000000000,318.774100000000033,-54.926000000000002,"Mons, montes",MO,Adopted by IAU,318.350099999999998,319.222800000000007,-55.177500000000002,-54.673999999999999,Greek,Europe,Argyre,mc26,http://planetarynames.wr.usgs.gov/Feature/4394
174.793,-9.1712,Apollinaris Mons,Apollinaris Mons,2007/09/19 00:00:00,Classical albedo feature name.,275.395080000000007,174.793000000000006,-9.171200000000001,"Mons, montes",MO,Adopted by IAU,172.656700000000001,176.396299999999997,-11.465300000000001,-6.875800000000000,Greek,Europe,Aeolis,mc23,http://planetarynames.wr.usgs.gov/Feature/14307
182.691,-34.2757,Atlantis Chaos,Atlantis Chaos,1985/01/01 00:00:00,"From albedo feature at 30N, 173W.",181.367629999999991,182.691000000000003,-34.275700000000001,"Chaos, chaoses",CH,Adopted by IAU,180.936200000000014,184.122600000000006,-35.777900000000002,-32.755900000000004,Greek,Europe,Phaethontis,mc24,http://planetarynames.wr.usgs.gov/Feature/457
338.3529,-23.5017,Oltis Valles,Oltis Valles,1976/01/01 00:00:00,"Ancient name for modern Lot river, France.",169.297899999999998,338.352900000000034,-23.501700000000000,"Vallis, valles",VA,Adopted by IAU,337.547599999999989,339.005600000000015,-24.929200000000002,-22.074100000000001,France,Europe,Margaritifer Sinus,mc19,http://planetarynames.wr.usgs.gov/Feature/4446
322.3475,-53.7234,Chalce Montes,Chalce Montes,1991/01/01 00:00:00,Albedo name.,100.000000000000000,322.347500000000025,-53.723400000000005,"Mons, montes",MO,Adopted by IAU,321.415099999999995,323.508100000000013,-54.115300000000005,-52.999900000000004,Greek,Europe,Argyre,mc26,http://planetarynames.wr.usgs.gov/Feature/1124
281.3255,-57.8975,Aonia Planum,Aonia Planum,2003/01/01 00:00:00,Classical albedo feature name.,563.451699999999960,281.325500000000034,-57.897500000000001,"Planum, plana",PM,Adopted by IAU,271.761700000000019,288.893399999999986,-62.153900000000000,-53.109100000000005,Latin,Europe,Thaumasia,mc25,http://planetarynames.wr.usgs.gov/Feature/310
52.6453,-57.8166,Peneus Patera,Peneus Patera,1985/01/01 00:00:00,"From albedo feature at 48S, 290W.",128.503940000000000,52.645300000000006,-57.816600000000001,"Patera, paterae",PE,Adopted by IAU,50.406100000000002,54.533100000000005,-58.895900000000005,-56.736800000000002,Greek,Europe,Noachis,mc27,http://planetarynames.wr.usgs.gov/Feature/4646
255.7623,-27.8873,Claritas Fossae,Claritas Fossae,1973/01/01 00:00:00,Classical albedo feature name.,2030.637600000000020,255.762300000000010,-27.887300000000000,"Fossa, fossae",FO,Adopted by IAU,248.102800000000002,273.306900000000041,-43.478300000000004,-11.996100000000000,Latin,Europe,Phoenicis Lacus,mc17,http://planetarynames.wr.usgs.gov/Feature/1230
279.137,-35.8159,Coracis Fossae,Coracis Fossae,1985/01/01 00:00:00,"From albedo feature at 46S, 87W.",748.958099999999945,279.137000000000000,-35.815899999999999,"Fossa, fossae",FO,Adopted by IAU,272.817499999999995,285.343600000000038,-41.557400000000001,-30.008300000000002,Greek,Europe,Thaumasia,mc25,http://planetarynames.wr.usgs.gov/Feature/1305
268.951,-47.7503,Thaumasia Fossae,Thaumasia Fossae,1973/01/01 00:00:00,Classical albedo feature name.,996.182300000000055,268.951000000000022,-47.750300000000003,"Fossa, fossae",FO,Adopted by IAU,256.054399999999987,280.598200000000020,-56.436400000000006,-40.658700000000003,Greek,Europe,Thaumasia,mc25,http://planetarynames.wr.usgs.gov/Feature/5953
233.9973,-8.4885,Aganippe Fossa,Aganippe Fossa,1976/01/01 00:00:00,Classical albedo feature name.,537.162699999999973,233.997300000000024,-8.488500000000000,"Fossa, fossae",FO,Adopted by IAU,233.143700000000024,235.233100000000007,-12.846200000000001,-4.061500000000001,Greek,Europe,Phoenicis Lacus,mc17,http://planetarynames.wr.usgs.gov/Feature/79
316.6902,-49.8406,Argyre Planitia,Argyre Planitia,1973/01/01 00:00:00,Classical albedo feature name.,892.932860000000005,316.690200000000004,-49.840600000000002,"Planitia, planitiae",PL,Adopted by IAU,306.123199999999997,326.615900000000011,-57.291800000000002,-42.435900000000004,Greek,Europe,Argyre,mc26,http://planetarynames.wr.usgs.gov/Feature/371
51.5855,-63.5428,Malea Patera,Malea Patera,2003/01/01 00:00:00,Classical albedo feature name.,241.606099999999998,51.585500000000003,-63.542800000000000,"Patera, paterae",PE,Adopted by IAU,48.178600000000003,55.529700000000005,-65.052400000000006,-61.167800000000000,Greek,Europe,Noachis,mc27,http://planetarynames.wr.usgs.gov/Feature/3604
316.7887,-37.5732,Nereidum Montes,Nereidum Montes,1973/01/01 00:00:00,Classical albedo feature name.,1142.584599999999909,316.788700000000006,-37.573200000000000,"Mons, montes",MO,Adopted by IAU,303.089499999999987,330.140100000000018,-48.661799999999999,-36.430800000000005,Greek,Europe,Argyre,mc26,http://planetarynames.wr.usgs.gov/Feature/4214
86.1144,-31.0782,Peraea Mons,Peraea Mons,1991/01/01 00:00:00,Albedo feature name.,14.940370000000000,86.114400000000003,-31.078200000000002,"Mons, montes",MO,Adopted by IAU,85.998100000000008,86.396700000000010,-31.202400000000001,-30.970500000000001,Greek,Europe,Hellas,mc28,http://planetarynames.wr.usgs.gov/Feature/4651
314.0301,-52.5724,Octantis Cavi,Octantis Cavi,1991/01/01 00:00:00,Albedo name.,71.213980000000006,314.030100000000004,-52.572400000000002,"Cavus, cavi",CB,Adopted by IAU,313.584200000000010,314.624300000000005,-53.145900000000005,-51.964900000000000,Latin,Europe,Argyre,mc26,http://planetarynames.wr.usgs.gov/Feature/4398
317.1475,-55.2588,Octantis Mons,Octantis Mons,1991/01/01 00:00:00,Albedo name.,19.085899999999999,317.147500000000036,-55.258800000000001,"Mons, montes",MO,Adopted by IAU,316.885500000000036,317.446400000000040,-55.359100000000005,-55.196400000000004,Latin,Europe,Argyre,mc26,http://planetarynames.wr.usgs.gov/Feature/4399
96.5536,-31.9201,Ausonia Cavus,Ausonia Cavus,1991/01/01 00:00:00,Albedo feature Ausonia.,49.497450000000001,96.553600000000003,-31.920100000000001,"Cavus, cavi",CB,Adopted by IAU,96.136000000000010,96.916899999999998,-32.329700000000003,-31.505400000000002,Latin,Europe,Hellas,mc28,http://planetarynames.wr.usgs.gov/Feature/480
97.7203,-30.0156,Ausonia Mensa,Ausonia Mensa,1991/01/01 00:00:00,Albedo feature name.,102.514529999999993,97.720300000000009,-30.015600000000003,"Mensa, mensae",MN,Adopted by IAU,96.692700000000002,98.695100000000011,-30.550200000000000,-29.567800000000002,Latin,Europe,Hellas,mc28,http://planetarynames.wr.usgs.gov/Feature/481
70.7247,-54.5265,Axius Valles,Axius Valles,1979/01/01 00:00:00,Ancient European River (Vardar River of Greece).,435.945980000000020,70.724699999999999,-54.526500000000006,"Vallis, valles",VA,Adopted by IAU,65.399200000000008,74.769300000000001,-57.979300000000002,-51.031500000000001,Greek,Europe,Hellas,mc28,http://planetarynames.wr.usgs.gov/Feature/515
91.8567,-31.2938,Hadriacus Mons,Hadriacus Mons,2007/09/19 00:00:00,Classical albedo feature name.,450.000000000000000,91.856700000000004,-31.293800000000001,"Mons, montes",MO,Adopted by IAU,88.699800000000010,95.219600000000000,-35.091600000000000,-28.120800000000003,Latin,Europe,Hellas,mc28,http://planetarynames.wr.usgs.gov/Feature/14309
203.1338,-7.6743,Deva Vallis,Deva Vallis,1985/01/01 00:00:00,"Classical name for Dee River in Scotland; new position and coordinates.",53.651560000000003,203.133800000000008,-7.674300000000001,"Vallis, valles",VA,Adopted by IAU,202.681700000000006,203.585900000000009,-8.174200000000001,-7.304700000000000,Scotland,Europe,Memnonia,mc16,http://planetarynames.wr.usgs.gov/Feature/1511
165.9869,-48.8642,Drava Valles,Drava Valles,1982/01/01 00:00:00,Modern river in Yugoslavia.,159.029719999999998,165.986900000000020,-48.864200000000004,"Vallis, valles",VA,Adopted by IAU,164.418200000000013,168.151700000000005,-50.395099999999999,-47.533799999999999,Yugoslavia,Europe,Eridania,mc29,http://planetarynames.wr.usgs.gov/Feature/1636
320.6113,-21.6458,Roddy,Roddy,2013/05/31 00:00:00,"David John; astrogeologist (1932-2002).",85.820999999999998,320.611300000000028,-21.645800000000001,"Crater, craters",AA,Adopted by IAU,319.887200000000007,321.335399999999993,-22.373400000000000,-20.918200000000002,United States,North America,Margaritifer Sinus,mc19,http://planetarynames.wr.usgs.gov/Feature/15118
323.0035,-18.2558,Luba,Luba,2013/05/31 00:00:00,Town in the Republic of Equatorial Guinea.,38.326999999999998,323.003500000000031,-18.255800000000001,"Crater, craters",AA,Adopted by IAU,322.668499999999995,323.338600000000042,-18.580900000000000,-17.930800000000001,Republic of Equatorial Guinea,Africa,Margaritifer Sinus,mc19,http://planetarynames.wr.usgs.gov/Feature/15119
141.7941,-52.6127,Eridania Scopulus,Eridania Scopulus,1979/01/01 00:00:00,Classical albedo feature name.,1017.657100000000014,141.794100000000014,-52.612700000000004,"Scopulus, scopuli",SC,Adopted by IAU,130.858000000000004,150.699399999999997,-58.121100000000006,-46.321500000000000,Latin,Europe,Eridania,mc29,http://planetarynames.wr.usgs.gov/Feature/1827
139.4978,-59.1362,Planum Chronium,Planum Chronium,1985/01/01 00:00:00,"From albedo feature at 58S, 90W.",576.377799999999979,139.497800000000012,-59.136200000000002,"Planum, plana",PM,Adopted by IAU,130.123199999999997,147.885199999999998,-63.344800000000006,-55.707300000000004,Greek,Europe,Eridania,mc29,http://planetarynames.wr.usgs.gov/Feature/4755
95.5219,-38.6712,Centauri Montes,Centauri Montes,1991/01/01 00:00:00,Albedo feature Centauri Lacus.,271.000000000000000,95.521900000000002,-38.671199999999999,"Mons, montes",MO,Adopted by IAU,94.480400000000003,97.796199999999999,-40.491100000000003,-36.115099999999998,Latin,Europe,Hellas,mc28,http://planetarynames.wr.usgs.gov/Feature/1100
154.8325,-5.8852,Kalba,Kalba,2013/06/03 00:00:00,Town in the United Arab Emirates.,14.148000000000000,154.832500000000010,-5.885200000000000,"Crater, craters",AA,Adopted by IAU,154.713400000000007,154.951600000000013,-6.005300000000000,-5.765200000000000,United Arab Emirates,Asia,Aeolis,mc23,http://planetarynames.wr.usgs.gov/Feature/15121
97.6087,-37.6341,Hellas Montes,Hellas Montes,1991/01/01 00:00:00,Albedo feature Hellas.,159.648830000000004,97.608699999999999,-37.634100000000004,"Mons, montes",MO,Adopted by IAU,95.757100000000008,99.070500000000010,-38.813700000000004,-36.570200000000000,Greek,Europe,Hellas,mc28,http://planetarynames.wr.usgs.gov/Feature/2431
70.5025,-42.4301,Hellas Planitia,Hellas Planitia,1973/01/01 00:00:00,Classical albedo feature name.,2299.162400000000162,70.502499999999998,-42.430100000000003,"Planitia, planitiae",PL,Adopted by IAU,45.582200000000000,96.117100000000008,-55.416700000000006,-27.863000000000003,Greek,Europe,Hellas,mc28,http://planetarynames.wr.usgs.gov/Feature/2432
298.3345,-72.4944,Argentea Planum,Argentea Planum,2003/01/01 00:00:00,Classical albedo feature name.,1370.644700000000057,298.334499999999991,-72.494399999999999,"Planum, plana",PM,Adopted by IAU,273.928899999999999,337.889900000000011,-81.788100000000000,-63.860600000000005,Latin,Europe,Mare Australe,mc30,http://planetarynames.wr.usgs.gov/Feature/364
264.929,-73.6689,Parva Planum,Parva Planum,2003/01/01 00:00:00,Classical albedo feature name.,1027.324100000000044,264.929000000000030,-73.668900000000008,"Planum, plana",PM,Adopted by IAU,232.363200000000006,276.963300000000004,-80.093200000000010,-64.498400000000004,Latin,Europe,Mare Australe,mc30,http://planetarynames.wr.usgs.gov/Feature/4597
340.6862,24.3213,Muara,Muara,2013/05/06 00:00:00,Town in Brunei.,3.826000000000000,340.686200000000042,24.321300000000001,"Crater, craters",AA,Adopted by IAU,340.652199999999993,340.720200000000034,24.288900000000002,24.353800000000000,Brunei,Asia,Oxia Palus,mc11,http://planetarynames.wr.usgs.gov/Feature/15115
146.6631,-0.1689,Gunjur,Gunjur,2013/06/03 00:00:00,Town in the Republic of Gambia.,26.847999999999999,146.663100000000014,-0.168900000000000,"Crater, craters",AA,Adopted by IAU,146.437500000000000,146.888599999999997,-0.396700000000000,0.058900000000000,Gambia,Africa,Aeolis,mc23,http://planetarynames.wr.usgs.gov/Feature/15120
247.0623,-83.4768,Australe Scopuli,Australe Scopuli,2006/01/01 00:00:00,Classical albedo feature name.,504.577819999999974,247.062300000000022,-83.476799999999997,"Scopulus, scopuli",SC,Adopted by IAU,202.121200000000016,277.707500000000039,-86.226200000000006,-79.189100000000010,Latin,Europe,Mare Australe,mc30,http://planetarynames.wr.usgs.gov/Feature/487
151.3077,-3.3927,Neves,Neves,2013/06/03 00:00:00,Town in the Republic of Sao Tome and Principe.,22.134000000000000,151.307700000000011,-3.392700000000000,"Crater, craters",AA,Adopted by IAU,151.131500000000017,151.483900000000006,-3.580500000000000,-3.204900000000000,Republic of Sao Tome and Principe,Africa,Aeolis,mc23,http://planetarynames.wr.usgs.gov/Feature/15122
150.5275,-2.0074,Obock,Obock,2013/06/03 00:00:00,Town in the Republic of Djibouti.,14.451000000000001,150.527500000000003,-2.007400000000000,"Crater, craters",AA,Adopted by IAU,150.404799999999994,150.650200000000012,-2.126000000000000,-1.888800000000000,Republic of Djibouti,Africa,Aeolis,mc23,http://planetarynames.wr.usgs.gov/Feature/15123
149.2856,0.3989,Quthing,Quthing,2013/06/03 00:00:00,Town in Lesotho.,15.587000000000000,149.285600000000017,0.398900000000000,"Crater, craters",AA,Adopted by IAU,149.153300000000002,149.417900000000003,0.272000000000000,0.525900000000000,Lesotho,Africa,Elysium,mc15,http://planetarynames.wr.usgs.gov/Feature/15124
148.539,4.2469,Wafra,Wafra,2013/06/03 00:00:00,Town in Kuwait.,30.195000000000000,148.539000000000016,4.246900000000000,"Crater, craters",AA,Adopted by IAU,148.288600000000002,148.789400000000001,3.990700000000000,4.503100000000000,Kuwait,Asia,Elysium,mc15,http://planetarynames.wr.usgs.gov/Feature/15126
340.8172,24.2643,Tarrafal,Tarrafal,2013/05/06 00:00:00,Town in Cape Verde.,4.893000000000000,340.817200000000014,24.264300000000002,"Crater, craters",AA,Adopted by IAU,340.771700000000010,340.862700000000018,24.225100000000001,24.303500000000000,Cape Verde,Africa,Oxia Palus,mc11,http://planetarynames.wr.usgs.gov/Feature/15116
326.6128,-77.6285,Dorsa Argentea,Dorsa Argentea,1976/01/01 00:00:00,Classical albedo feature name.,339.263669999999991,326.612799999999993,-77.628500000000003,"Dorsum, dorsa",DO,Adopted by IAU,315.960200000000043,338.478000000000009,-79.183700000000002,-75.334900000000005,Latin,Europe,Mare Australe,mc30,http://planetarynames.wr.usgs.gov/Feature/1588
154.6805,-3.6303,Asau,Asau,2013/06/03 00:00:00,Village in Tuvalu.,25.050000000000001,154.680499999999995,-3.630300000000000,"Crater, craters",AA,Adopted by IAU,154.467500000000001,154.893500000000017,-3.830700000000000,-3.429900000000000,Tuvalu,Oceania,Aeolis,mc23,http://planetarynames.wr.usgs.gov/Feature/15125
172.7754,-34.4978,Ariadnes Colles,Ariadnes Colles,1982/01/01 00:00:00,Classical albedo feature name.,188.005750000000006,172.775400000000019,-34.497800000000005,"Collis, colles",CO,Adopted by IAU,170.974600000000009,174.806700000000006,-36.129200000000004,-33.200800000000001,Greek,Europe,Eridania,mc29,http://planetarynames.wr.usgs.gov/Feature/375
68.5593,-84.0527,Australe Lingula,Australe Lingula,2006/01/01 00:00:00,Classical albedo feature name.,436.331149999999980,68.559300000000007,-84.052700000000002,"Lingula, lingulae",LN,Adopted by IAU,28.396900000000002,95.499200000000002,-87.643500000000003,-80.186900000000009,Latin,Europe,Mare Australe,mc30,http://planetarynames.wr.usgs.gov/Feature/484
178.0124,-61.4935,Chronius Mons,Chronius Mons,2006/09/13 00:00:00,Classical albedo feature name.,56.143830000000001,178.012400000000014,-61.493500000000004,"Mons, montes",MO,Adopted by IAU,177.207700000000017,178.738400000000013,-61.962300000000006,-61.024300000000004,Greek,Europe,Eridania,mc29,http://planetarynames.wr.usgs.gov/Feature/14180
122.2145,-38.1485,Eridania Planitia,Eridania Planitia,2010/09/22 00:00:00,Classical albedo feature name.,1062.130100000000084,122.214500000000001,-38.148499999999999,"Planitia, planitiae",PL,Adopted by IAU,111.027100000000004,133.123199999999997,-43.969799999999999,-32.646200000000000,Latin,Europe,Eridania,mc29,http://planetarynames.wr.usgs.gov/Feature/14779
88.3602,-79.1841,Promethei Planum,Promethei Planum,2003/01/01 00:00:00,Classical albedo feature name.,831.284599999999955,88.360200000000006,-79.184100000000001,"Planum, plana",PM,Adopted by IAU,44.119800000000005,127.881300000000010,-85.403800000000004,-75.819100000000006,Greek,Europe,Mare Australe,mc30,http://planetarynames.wr.usgs.gov/Feature/4832
172.7957,-9.1954,Avernus Rupes,Avernus Rupes,1985/01/01 00:00:00,"From albedo feature Avernus at 10S, 195W.",223.320470000000000,172.795700000000011,-9.195400000000001,"Rupes, rupēs",RU,Adopted by IAU,172.647199999999998,173.676400000000001,-10.848300000000000,-7.470400000000001,Latin,Europe,Aeolis,mc23,http://planetarynames.wr.usgs.gov/Feature/506
119.892,-82.7969,Promethei Lingula,Promethei Lingula,2006/01/01 00:00:00,Classical albedo feature name.,571.626800000000003,119.892000000000010,-82.796900000000008,"Lingula, lingulae",LN,Adopted by IAU,92.861500000000007,164.607400000000013,-87.502499999999998,-78.205900000000000,Greek,Europe,Mare Australe,mc30,http://planetarynames.wr.usgs.gov/Feature/4831
133.062,-84.9859,Australe Sulci,Australe Sulci,2006/01/01 00:00:00,Classical albedo feature name.,357.907680000000028,133.062000000000012,-84.985900000000001,"Sulcus, sulci",SU,Adopted by IAU,118.461000000000013,168.193800000000010,-87.298000000000002,-82.418900000000008,Latin,Europe,Mare Australe,mc30,http://planetarynames.wr.usgs.gov/Feature/488
210.0236,-4.5227,Padus Vallis,Padus Vallis,1985/01/01 00:00:00,Classical name for modern Po River in Italy.,57.424360000000000,210.023600000000016,-4.522700000000000,"Vallis, valles",VA,Adopted by IAU,209.955000000000013,210.084200000000010,-4.988100000000000,-4.051000000000000,Italy,Europe,Memnonia,mc16,http://planetarynames.wr.usgs.gov/Feature/4547
126.5379,-69.8798,Thyles Montes,Thyles Montes,2006/09/13 00:00:00,Classical albedo feature name.,380.000000000000000,126.537900000000008,-69.879800000000003,"Mons, montes",MO,Adopted by IAU,119.166900000000012,136.054200000000009,-73.079700000000003,-67.493899999999996,Greek,Europe,Mare Australe,mc30,http://planetarynames.wr.usgs.gov/Feature/14179
254.7393,-25.037,Claritas Rupes,Claritas Rupes,1991/01/01 00:00:00,"From albedo feature at 25S, 110W.",952.874900000000025,254.739300000000014,-25.037000000000003,"Rupes, rupēs",RU,Adopted by IAU,252.699300000000022,256.196000000000026,-32.617000000000004,-17.501700000000000,Latin,Europe,Phoenicis Lacus,mc17,http://planetarynames.wr.usgs.gov/Feature/1231
285.2527,-78.1636,Cavi Angusti,Cavi Angusti,1976/01/01 00:00:00,Classical albedo feature name.,640.037230000000022,285.252700000000004,-78.163600000000002,"Cavus, cavi",CB,Adopted by IAU,251.874300000000005,309.962500000000034,-83.167400000000001,-72.591500000000011,Greek,Europe,Mare Australe,mc30,http://planetarynames.wr.usgs.gov/Feature/1088
95.0315,-82.3546,Chasma Australe,Chasma Australe,1973/01/01 00:00:00,Classical albedo feature name.,352.608299999999986,95.031500000000008,-82.354600000000005,"Chasma, chasmata",CM,Adopted by IAU,79.044400000000010,102.534700000000001,-85.863900000000001,-80.044499999999999,Latin,Europe,Mare Australe,mc30,http://planetarynames.wr.usgs.gov/Feature/1160
276.7975,-79.8007,Planum Angustum,Planum Angustum,1988/01/01 00:00:00,Classical albedo feature name.,206.409580000000005,276.797500000000014,-79.800700000000006,"Planum, plana",PM,Adopted by IAU,266.261200000000031,286.935300000000041,-80.980100000000007,-78.441699999999997,Roman,Europe,Mare Australe,mc30,http://planetarynames.wr.usgs.gov/Feature/4752
262.9547,-60.2034,Aonia Terra,Aonia Terra,1979/01/01 00:00:00,Classical albedo feature name.,3873.479499999999916,262.954700000000003,-60.203400000000002,"Terra, terrae",TA,Adopted by IAU,197.121000000000009,299.749099999999999,-80.543100000000010,-30.796400000000002,Latin,Europe,Thaumasia,mc25,http://planetarynames.wr.usgs.gov/Feature/311
141.3855,-82.664,Promethei Chasma,Promethei Chasma,2006/01/01 00:00:00,Classical albedo feature name.,295.279819999999972,141.385500000000008,-82.664000000000001,"Chasma, chasmata",CM,Adopted by IAU,131.237300000000005,157.207800000000020,-84.556899999999999,-80.662400000000005,Greek,Europe,Mare Australe,mc30,http://planetarynames.wr.usgs.gov/Feature/4830
197.2618,-35.5739,Sirenum Fossae,Sirenum Fossae,1973/01/01 00:00:00,Classical albedo feature name.,2731.210700000000088,197.261800000000022,-35.573900000000002,"Fossa, fossae",FO,Adopted by IAU,172.039000000000016,223.615200000000016,-39.671600000000005,-23.289899999999999,Greek,Europe,Phaethontis,mc24,http://planetarynames.wr.usgs.gov/Feature/5575
105.1835,-44.823,Euripus Mons,Euripus Mons,2003/01/01 00:00:00,Albedo feature name.,88.913520000000005,105.183500000000009,-44.823000000000000,"Mons, montes",MO,Adopted by IAU,104.112700000000004,106.207599999999999,-45.441200000000002,-44.218400000000003,Greek,Europe,Hellas,mc28,http://planetarynames.wr.usgs.gov/Feature/1873
151.3677,-81.0972,Ultimum Chasma,Ultimum Chasma,2006/01/01 00:00:00,Classical albedo feature name.,322.088169999999991,151.367700000000013,-81.097200000000001,"Chasma, chasmata",CM,Adopted by IAU,133.065699999999993,167.918800000000005,-82.924800000000005,-80.227400000000003,Greek,Europe,Mare Australe,mc30,http://planetarynames.wr.usgs.gov/Feature/6205
13.0797,-69.6535,Sisyphi Montes,Sisyphi Montes,1985/01/01 00:00:00,"From albedo feature at 67S, 348W.",200.000000000000000,13.079700000000001,-69.653500000000008,"Mons, montes",MO,Adopted by IAU,10.489300000000000,17.210900000000002,-71.249000000000009,-68.314400000000006,Greek,Europe,Mare Australe,mc30,http://planetarynames.wr.usgs.gov/Feature/5580
296.6099,-81.6218,Angustus Labyrinthus,Angustus Labyrinthus,2006/09/13 00:00:00,Classical albedo feature name.,67.523589999999999,296.609900000000039,-81.621800000000007,"Labyrinthus, labyrinthi",LB,Adopted by IAU,293.406100000000038,298.591000000000008,-82.179200000000009,-81.160700000000006,Greek,Europe,Mare Australe,mc30,http://planetarynames.wr.usgs.gov/Feature/14177
341.4672,-75.6849,Sisyphi Tholus,Sisyphi Tholus,2006/09/13 00:00:00,Classical albedo feature name.,27.523409999999998,341.467199999999991,-75.684899999999999,"Tholus, tholi",TH,Adopted by IAU,340.575400000000002,342.413800000000037,-75.891800000000003,-75.475499999999997,Greek,Europe,Mare Australe,mc30,http://planetarynames.wr.usgs.gov/Feature/14178
205.8479,-39.4946,Terra Sirenum,Terra Sirenum,1979/01/01 00:00:00,Classical albedo feature name.,3635.179200000000037,205.847900000000010,-39.494599999999998,"Terra, terrae",TA,Adopted by IAU,180.069000000000017,249.683300000000003,-67.566500000000005,-11.395700000000000,Greek,Europe,Phaethontis,mc24,http://planetarynames.wr.usgs.gov/Feature/5932
86.1094,-34.3094,Coronae Montes,Coronae Montes,1991/01/01 00:00:00,Albedo feature name.,247.396060000000006,86.109400000000008,-34.309400000000004,"Mons, montes",MO,Adopted by IAU,84.296800000000005,88.687100000000001,-36.634500000000003,-32.876899999999999,Greek,Europe,Hellas,mc28,http://planetarynames.wr.usgs.gov/Feature/1315
64.4081,-47.1212,Hellas Chaos,Hellas Chaos,1994/01/01 00:00:00,Named for albedo feature Hellas.,590.623050000000035,64.408100000000005,-47.121200000000002,"Chaos, chaoses",CH,Adopted by IAU,56.969900000000003,71.380400000000009,-50.177900000000001,-45.190200000000004,Greek,Europe,Hellas,mc28,http://planetarynames.wr.usgs.gov/Feature/2430
331.3916,-22.4322,Ladon Valles,Ladon Valles,1976/01/01 00:00:00,Ancient name for Greek river.,244.594600000000014,331.391600000000039,-22.432200000000002,"Vallis, valles",VA,Adopted by IAU,329.641400000000033,332.097700000000032,-24.294900000000002,-20.224500000000003,Greek,Europe,Margaritifer Sinus,mc19,http://planetarynames.wr.usgs.gov/Feature/3224
305.4739,-33.0279,Ogygis Rupes,Ogygis Rupes,1976/01/01 00:00:00,Named from the classical albedo feature name Ogygis Regio.,184.231060000000014,305.473900000000015,-33.027900000000002,"Rupes, rupēs",RU,Adopted by IAU,304.714300000000037,306.406200000000013,-34.667999999999999,-31.063900000000000,Greek,Europe,Argyre,mc26,http://planetarynames.wr.usgs.gov/Feature/4416
182.83,-4.99,Lucus Planum,Lucus Planum,1997/01/01 00:00:00,Albedo feature name.,899.868100000000027,182.830000000000013,-4.990000000000000,"Planum, plana",PM,Adopted by IAU,175.562000000000012,190.433600000000013,-11.882700000000000,2.252300000000000,Italy,Europe,Memnonia,mc16,http://planetarynames.wr.usgs.gov/Feature/3506
170.37,25.08,Phlegra Dorsa,Phlegra Dorsa,2003/01/01 00:00:00,"Named for classical albedo feature at 35N, 195W.",2818.614000000000033,170.370000000000005,25.080000000000002,"Dorsum, dorsa",DO,Adopted by IAU,157.173100000000005,197.824399999999997,8.044300000000000,54.186700000000002,Greek,Europe,Elysium,mc15,http://planetarynames.wr.usgs.gov/Feature/4700
175.189,21.245,Tartarus Colles,Tartarus Colles,1985/01/01 00:00:00,"From albedo feature at 2N, 183W.",1672.689200000000028,175.189000000000021,21.245000000000001,"Collis, colles",CO,Adopted by IAU,160.306399999999996,189.698700000000002,10.494000000000000,32.642900000000004,Greek,Europe,Elysium,mc15,http://planetarynames.wr.usgs.gov/Feature/5874
150.7761,18.0891,Albor Fossae,Albor Fossae,1985/01/01 00:00:00,"From albedo feature at 20N, 205W.",155.000000000000000,150.776100000000014,18.089100000000002,"Fossa, fossae",FO,Adopted by IAU,149.433099999999996,151.951500000000010,17.739599999999999,18.596500000000002,Latin,Europe,Elysium,mc15,http://planetarynames.wr.usgs.gov/Feature/165
280.9355,20.6827,Nilus Dorsa,Nilus Dorsa,1985/01/01 00:00:00,"Named for albedo feature at 20N, 65W.",292.900629999999978,280.935499999999990,20.682700000000001,"Dorsum, dorsa",DO,Adopted by IAU,280.288700000000006,281.455800000000011,18.380600000000001,22.993700000000000,Greek,Europe,Lunae Palus,mc10,http://planetarynames.wr.usgs.gov/Feature/4282
269.748,38.1261,Issedon Paterae,Issedon Paterae,1991/01/01 00:00:00,Classical albedo name.,5.310570000000000,269.747999999999990,38.126100000000001,"Patera, paterae",PE,Adopted by IAU,269.322100000000034,270.241399999999999,37.781199999999998,38.383700000000005,Greek,Europe,Arcadia,mc03,http://planetarynames.wr.usgs.gov/Feature/2745
284.1443,37.4824,Labeatis Mons,Labeatis Mons,1994/01/01 00:00:00,Named for albedo feature Labeatis Lacus.,42.780090000000001,284.144299999999987,37.482399999999998,"Mons, montes",MO,Adopted by IAU,283.666600000000017,284.543900000000008,37.121900000000004,37.842900000000000,Latin,Europe,Arcadia,mc03,http://planetarynames.wr.usgs.gov/Feature/3193
141.5142,22.3852,Elysium Chasma,Elysium Chasma,1985/01/01 00:00:00,Albedo feature name.,130.000000000000000,141.514200000000017,22.385200000000001,"Chasma, chasmata",CM,Adopted by IAU,141.002700000000004,142.414199999999994,21.461000000000002,23.278300000000002,Greek,Europe,Elysium,mc15,http://planetarynames.wr.usgs.gov/Feature/1781
322.909,-12.02,Tigre Valles,Tigre Valles,2011/01/11 00:00:00,River in Peru.,102.819019999999995,322.908999999999992,-12.020000000000001,"Vallis, valles",VA,Adopted by IAU,322.032500000000027,323.784600000000012,-12.713100000000001,-11.282400000000001,Peru,South and Central America,Margaritifer Sinus,mc19,http://planetarynames.wr.usgs.gov/Feature/14792
267.852,-41.8385,Warrego Valles,Warrego Valles,1979/01/01 00:00:00,Modern Australian River.,205.079620000000006,267.852000000000032,-41.838500000000003,"Vallis, valles",VA,Adopted by IAU,265.596600000000024,270.200700000000040,-43.063099999999999,-40.473300000000002,Australia,Oceania,Thaumasia,mc25,http://planetarynames.wr.usgs.gov/Feature/6491
113.7799,-33.3255,Waikato Vallis,Waikato Vallis,2010/06/21 00:00:00,River in New Zealand.,228.033199999999994,113.779900000000012,-33.325499999999998,"Vallis, valles",VA,Adopted by IAU,112.947700000000012,114.716400000000007,-35.234800000000000,-31.415700000000001,New Zealand,Oceania,Hellas,mc28,http://planetarynames.wr.usgs.gov/Feature/14745
20.5659,-55.6382,Chalcoporos Rupēs,Chalcoporos Rupes,1985/01/01 00:00:00,"From albedo feature at 50S, 6W.",404.984440000000006,20.565900000000003,-55.638200000000005,"Rupes, rupēs",RU,Adopted by IAU,16.558900000000001,24.512500000000003,-59.054000000000002,-52.209099999999999,Greek,Europe,Noachis,mc27,http://planetarynames.wr.usgs.gov/Feature/1125
356.7365,-25.6776,Bashkaus Valles,Bashkaus Valles,2013/06/25 00:00:00,"River in the Altai Republic, Russia.",246.925000000000011,356.736500000000035,-25.677600000000002,"Vallis, valles",VA,Adopted by IAU,355.003399999999999,358.167500000000018,-27.691000000000003,-23.505200000000002,Altai,Asia,Margaritifer Sinus,mc19,http://planetarynames.wr.usgs.gov/Feature/15147
350.2048,-23.189,Paraná Valles,Parana Valles,1979/01/01 00:00:00,"Ancient and modern name for South American river (Brazil, Argentina).",329.129880000000014,350.204800000000034,-23.189000000000000,"Vallis, valles",VA,Adopted by IAU,348.331900000000019,351.554900000000032,-25.882700000000000,-20.549099999999999,Brazil,South and Central America,Margaritifer Sinus,mc19,http://planetarynames.wr.usgs.gov/Feature/4585
327.6872,-20.403,Arda Valles,Arda Valles,1976/01/01 00:00:00,Ancient European river (Bulgaria).,173.674290000000013,327.687200000000018,-20.403000000000002,"Vallis, valles",VA,Adopted by IAU,326.083700000000022,329.143300000000011,-21.381399999999999,-19.474100000000000,Bulgaria,Europe,Margaritifer Sinus,mc19,http://planetarynames.wr.usgs.gov/Feature/352
284.9562,23.7933,Uranius Dorsum,Uranius Dorsum,1985/01/01 00:00:00,Named for albedo feature.,542.082949999999983,284.956200000000024,23.793300000000002,"Dorsum, dorsa",DO,Adopted by IAU,281.180800000000033,286.912300000000016,21.154100000000000,27.886800000000001,Greek,Europe,Lunae Palus,mc10,http://planetarynames.wr.usgs.gov/Feature/6235
335.7959,-13.5669,Morava Valles,Morava Valles,2008/07/17 00:00:00,River in the Czech Republic.,364.096900000000005,335.795900000000017,-13.566900000000000,"Vallis, valles",VA,Adopted by IAU,333.374500000000012,337.562299999999993,-15.906800000000000,-11.216700000000001,Czechoslovakia,Europe,Margaritifer Sinus,mc19,http://planetarynames.wr.usgs.gov/Feature/14449
207.7677,-66.7688,Chico Valles,Chico Valles,2003/01/01 00:00:00,River in Argentina.,446.353970000000004,207.767700000000019,-66.768799999999999,"Vallis, valles",VA,Adopted by IAU,201.308800000000019,218.011500000000012,-70.447200000000009,-65.021000000000001,Argentina,South and Central America,Mare Australe,mc30,http://planetarynames.wr.usgs.gov/Feature/1179
334.3917,10.2924,Ares Vallis,Ares Vallis,1973/01/01 00:00:00,Word for 'Mars' in Greek.,1757.665799999999990,334.391700000000014,10.292400000000001,"Vallis, valles",VA,Adopted by IAU,324.003600000000006,342.759400000000028,0.334800000000000,20.819600000000001,Greek,Europe,Oxia Palus,mc11,http://planetarynames.wr.usgs.gov/Feature/358
166.3738,11.2766,Cerberus Fossae,Cerberus Fossae,1997/01/01 00:00:00,"From albedo feature at 10n, 212W. Changed from Cerberus Rupes.",1235.000000000000000,166.373800000000017,11.276600000000000,"Fossa, fossae",FO,Adopted by IAU,154.425800000000010,174.722800000000007,6.231100000000001,16.157100000000000,Greek,Europe,Elysium,mc15,http://planetarynames.wr.usgs.gov/Feature/1109
302.8561,20.4215,Bahram Vallis,Bahram Vallis,1976/01/01 00:00:00,Word for 'Mars' in Persian.,269.680079999999975,302.856100000000026,20.421500000000002,"Vallis, valles",VA,Adopted by IAU,300.551100000000019,304.479800000000012,20.075500000000002,21.569200000000002,Persian,Asia,Lunae Palus,mc10,http://planetarynames.wr.usgs.gov/Feature/558
275.8417,38.8301,Baphyras Catena,Baphyras Catena,1991/01/01 00:00:00,Classical river.,95.524969999999996,275.841700000000003,38.830100000000002,"Catena, catenae",CA,Adopted by IAU,274.972399999999993,276.766300000000001,38.419600000000003,39.184100000000001,Greek,Europe,Arcadia,mc03,http://planetarynames.wr.usgs.gov/Feature/599
302.4464,-42.7447,Bosporos Rupes,Bosporos Rupes,1976/01/01 00:00:00,Classical albedo feature name.,531.421259999999961,302.446400000000040,-42.744700000000002,"Rupes, rupēs",RU,Adopted by IAU,299.174900000000036,305.683400000000006,-46.350500000000004,-39.297800000000002,Greek,Europe,Argyre,mc26,http://planetarynames.wr.usgs.gov/Feature/835
20.0762,-24.1412,Charybdis Scopulus,Charybdis Scopulus,1985/01/01 00:00:00,"From albedo feature at 19S, 320W.",551.259459999999990,20.076200000000000,-24.141200000000001,"Scopulus, scopuli",SC,Adopted by IAU,18.534400000000002,21.548999999999999,-28.326700000000002,-19.908600000000000,Greek,Europe,Sinus Sabaeus,mc20,http://planetarynames.wr.usgs.gov/Feature/1157
151.9641,33.1683,Buvinda Vallis,Buvinda Vallis,1985/01/01 00:00:00,"Classical river in Hibernia; present Boyne River, Ireland.",134.172290000000004,151.964100000000002,33.168300000000002,"Vallis, valles",VA,Adopted by IAU,151.072300000000013,152.228399999999993,32.191700000000004,33.840800000000002,Ireland,Europe,Cebrenia,mc07,http://planetarynames.wr.usgs.gov/Feature/938
272.0184,-7.4341,Calydon Fossa,Calydon Fossa,1982/01/01 00:00:00,The son of Ares and Astynome.,351.245970000000000,272.018399999999986,-7.434100000000000,"Fossa, fossae",FO,Adopted by IAU,269.051600000000008,274.966299999999990,-7.501900000000000,-7.385500000000000,Greek,Europe,Coprates,mc18,http://planetarynames.wr.usgs.gov/Feature/981
251.9053,37.1005,Ceraunius Catena,Ceraunius Catena,1985/01/01 00:00:00,Named for classical albedo feature at 35N 96W.,50.488959999999999,251.905300000000011,37.100500000000004,"Catena, catenae",CA,Adopted by IAU,251.728000000000009,252.093600000000009,36.699000000000005,37.498699999999999,Greek,Europe,Arcadia,mc03,http://planetarynames.wr.usgs.gov/Feature/1104
320.4128,-51.6654,Chalce Fossa,Chalce Fossa,1991/01/01 00:00:00,Albedo name.,33.972810000000003,320.412800000000004,-51.665400000000005,"Fossa, fossae",FO,Adopted by IAU,319.959600000000023,320.815600000000018,-51.684899999999999,-51.565700000000000,Greek,Europe,Argyre,mc26,http://planetarynames.wr.usgs.gov/Feature/1123
318.5337,-55.8627,Charis Dorsum,Charis Dorsum,1991/01/01 00:00:00,One of the Graces.,251.000000000000000,318.533700000000010,-55.862700000000004,"Dorsum, dorsa",DO,Adopted by IAU,315.026100000000042,321.249400000000037,-56.255800000000001,-54.495600000000003,Greek,Europe,Argyre,mc26,http://planetarynames.wr.usgs.gov/Feature/1148
162.4073,-18.2333,Al-Qahira Vallis,Al Qahira Vallis,1973/01/01 00:00:00,"Word for 'Mars' in Arabic, Indonesian, Malay.",600.000000000000000,162.407300000000021,-18.233300000000000,"Vallis, valles",VA,Adopted by IAU,159.610299999999995,165.361300000000000,-21.785600000000002,-14.413700000000000,Indonesia,Asia,Aeolis,mc23,http://planetarynames.wr.usgs.gov/Feature/151
135.9131,38.1681,Hrad Vallis,Hrad Vallis,1985/01/01 00:00:00,"Word for ""Mars"" in Armenian.",974.396899999999960,135.913100000000014,38.168100000000003,"Vallis, valles",VA,Adopted by IAU,128.847900000000010,141.961900000000014,33.869100000000003,42.304000000000002,Armenian,Asia,Cebrenia,mc07,http://planetarynames.wr.usgs.gov/Feature/2565
66.6052,30.1874,Huo Hsing Vallis,Huo Hsing Vallis,1973/01/01 00:00:00,"Word for ""Mars"" in Chinese.",332.304959999999994,66.605199999999996,30.187400000000000,"Vallis, valles",VA,Adopted by IAU,65.262900000000002,67.223100000000002,27.583100000000002,32.461500000000001,China,Asia,Casius,mc06,http://planetarynames.wr.usgs.gov/Feature/2585
315.0966,-54.7205,Hegemone Dorsum,Hegemone Dorsum,1991/01/01 00:00:00,One of the Graces.,143.632980000000003,315.096600000000024,-54.720500000000001,"Dorsum, dorsa",DO,Adopted by IAU,314.411499999999990,315.294900000000041,-55.847700000000003,-53.521000000000001,Greek,Europe,Argyre,mc26,http://planetarynames.wr.usgs.gov/Feature/2411
312.0663,-25.0751,Her Desher Vallis,Her Desher Vallis,1985/01/01 00:00:00,Egyptian name for Mars.,117.290340000000000,312.066300000000012,-25.075100000000003,"Vallis, valles",VA,Adopted by IAU,311.259600000000034,312.783800000000042,-25.721200000000000,-24.586100000000002,Egypt,Africa,Coprates,mc18,http://planetarynames.wr.usgs.gov/Feature/2463
212.1937,-5.3165,Hermus Vallis,Hermus Vallis,1985/01/01 00:00:00,Classical name for river in ancient Lydia (modern Turkey).,53.316839999999999,212.193700000000007,-5.316500000000000,"Vallis, valles",VA,Adopted by IAU,212.181399999999996,212.249600000000015,-5.733600000000000,-4.902800000000000,Turkey,Asia,Memnonia,mc16,http://planetarynames.wr.usgs.gov/Feature/2473
337.3433,-21.54,Himera Valles,Himera Valles,1979/01/01 00:00:00,Ancient name for Italian river.,175.000000000000000,337.343299999999999,-21.540000000000003,"Vallis, valles",VA,Adopted by IAU,336.448500000000024,338.001200000000040,-22.611400000000000,-20.267500000000002,Italy,Europe,Margaritifer Sinus,mc19,http://planetarynames.wr.usgs.gov/Feature/2507
324.2964,-20.6735,Gringauz,Gringauz,2013/07/01 00:00:00,"Konstantin Iosifovich; Russian cosmophysicist (1918–1993).",71.016000000000005,324.296400000000006,-20.673500000000001,"Crater, craters",AA,Adopted by IAU,323.686500000000024,324.906200000000013,-21.275700000000001,-20.071400000000001,Russia,Europe,Margaritifer Sinus,mc19,http://planetarynames.wr.usgs.gov/Feature/15150
77.2969,-27.2473,Hadriacus Palus,Hadriacus Palus,2013/07/09 00:00:00,Classical albedo feature name.,176.330000000000013,77.296900000000008,-27.247300000000003,"Palus, paludes",PA,Adopted by IAU,75.640900000000002,79.002700000000004,-28.125000000000000,-26.389200000000002,Latin,Europe,Iapygia,mc21,http://planetarynames.wr.usgs.gov/Feature/15151
313.5843,9.4627,Hypanis Valles,Hypanis Valles,1985/01/01 00:00:00,"Classical name for river in Scythia; present Kuban River in Russia.",220.000000000000000,313.584300000000042,9.462700000000000,"Vallis, valles",VA,Adopted by IAU,311.724100000000021,314.817299999999989,8.349500000000001,11.273500000000000,Scythia,Europe,Lunae Palus,mc10,http://planetarynames.wr.usgs.gov/Feature/2609
57.9866,33.6319,Hypsas Vallis,Hypsas Vallis,1988/01/01 00:00:00,Classical name for river in Sicily.,36.465589999999999,57.986600000000003,33.631900000000002,"Vallis, valles",VA,Adopted by IAU,57.786100000000005,58.286799999999999,33.609700000000004,33.794300000000000,Italy,Europe,Ismenius Lacus,mc05,http://planetarynames.wr.usgs.gov/Feature/2616
152.0721,21.2483,Iberus Vallis,Iberus Vallis,1985/01/01 00:00:00,Classical name for river present Ebro River in NE Spain.,87.257620000000003,152.072100000000006,21.248300000000000,"Vallis, valles",VA,Adopted by IAU,151.469999999999999,152.496200000000016,20.749700000000001,21.550900000000002,Spain,Europe,Elysium,mc15,http://planetarynames.wr.usgs.gov/Feature/2632
58.4662,33.2402,Clanis Valles,Clanis Valles,1988/01/01 00:00:00,"Classical river in Etruria; present Chiana River, Italy.",58.000000000000000,58.466200000000001,33.240200000000002,"Vallis, valles",VA,Adopted by IAU,57.777600000000000,58.928900000000006,33.029800000000002,33.442799999999998,Italy,Europe,Ismenius Lacus,mc05,http://planetarynames.wr.usgs.gov/Feature/1227
16.3383,50.5632,Micoud,Micoud,2011/11/02 00:00:00,Town in Saint Lucia.,51.845999999999997,16.338300000000000,50.563200000000002,"Crater, craters",AA,Adopted by IAU,15.654000000000000,17.022500000000001,50.124900000000004,51.001600000000003,Saint Lucia,North America,Ismenius Lacus,mc05,http://planetarynames.wr.usgs.gov/Feature/14890
38.8777,18.9491,Indus Vallis,Indus Vallis,1982/01/01 00:00:00,Ancient and modern name for river in Pakistan.,342.000000000000000,38.877700000000004,18.949100000000001,"Vallis, valles",VA,Adopted by IAU,36.580100000000002,41.770000000000003,18.591000000000001,20.412100000000002,Pakistan,Asia,Arabia,mc12,http://planetarynames.wr.usgs.gov/Feature/2688
213.584,-5.306,Isara Valles,Isara Valles,1985/01/01 00:00:00,Classical name for modern Oise River in France.,5.358930000000000,213.584000000000003,-5.306000000000000,"Vallis, valles",VA,Adopted by IAU,213.511000000000024,213.632400000000018,-5.380600000000000,-5.258400000000000,France,Europe,Memnonia,mc16,http://planetarynames.wr.usgs.gov/Feature/2726
202.9947,-11.1106,Termes Vallis,Termes Vallis,1988/01/01 00:00:00,"Classical river in ancient Lusitania, present Tormes River, Spain.",55.601270000000000,202.994700000000023,-11.110600000000000,"Vallis, valles",VA,Adopted by IAU,202.837299999999999,203.114599999999996,-11.468900000000001,-10.701700000000001,Spain,Europe,Memnonia,mc16,http://planetarynames.wr.usgs.gov/Feature/5928
153.3186,25.4484,Ituxi Vallis,Ituxi Vallis,1985/01/01 00:00:00,River in Brazil.,123.069410000000005,153.318600000000004,25.448399999999999,"Vallis, valles",VA,Adopted by IAU,152.548699999999997,154.311499999999995,24.920800000000000,25.947600000000001,Brazil,South and Central America,Elysium,mc15,http://planetarynames.wr.usgs.gov/Feature/2754
343.0274,22.4304,Mawrth Vallis,Mawrth Vallis,1979/01/01 00:00:00,"Welsh word for ""Mars"".",634.634400000000028,343.027400000000000,22.430400000000002,"Vallis, valles",VA,Adopted by IAU,340.208400000000040,346.630400000000009,18.778400000000001,26.124300000000002,Wales,Europe,Oxia Palus,mc11,http://planetarynames.wr.usgs.gov/Feature/3763
166.3798,15.3768,Grjótá Valles,Grjota Valles,2006/01/01 00:00:00,River in Iceland.,343.766720000000021,166.379800000000017,15.376800000000001,"Vallis, valles",VA,Adopted by IAU,163.547100000000000,168.544499999999999,12.862000000000000,16.168400000000002,Iceland,Europe,Elysium,mc15,http://planetarynames.wr.usgs.gov/Feature/2257
306.1028,-9.007,Allegheny Vallis,Allegheny Vallis,2003/01/01 00:00:00,"River in Pennsylvania, USA.",171.079569999999990,306.102800000000002,-9.007000000000000,"Vallis, valles",VA,Adopted by IAU,305.063300000000027,307.210800000000006,-9.731600000000000,-8.408800000000001,United States,North America,Coprates,mc18,http://planetarynames.wr.usgs.gov/Feature/193
110.6759,1.5093,Amenthes Rupes,Amenthes Rupes,1982/01/01 00:00:00,Classical albedo feature name.,335.247700000000009,110.675899999999999,1.509300000000000,"Rupes, rupēs",RU,Adopted by IAU,108.832000000000008,112.975800000000007,0.089700000000000,3.579600000000000,Egypt,Africa,Amenthes,mc14,http://planetarynames.wr.usgs.gov/Feature/229
68.937,12.706,Arena Dorsum,Arena Dorsum,1976/01/01 00:00:00,Classical albedo feature name.,372.026430000000005,68.936999999999998,12.706000000000001,"Dorsum, dorsa",DO,Adopted by IAU,68.056600000000003,69.029600000000002,9.680500000000000,15.649100000000001,Latin,Europe,Syrtis Major,mc13,http://planetarynames.wr.usgs.gov/Feature/357
297.1216,25.1357,Kasei Valles,Kasei Valles,1973/01/01 00:00:00,"Word for ""Mars"" in Japanese.",1580.000000000000000,297.121600000000001,25.135700000000000,"Vallis, valles",VA,Adopted by IAU,285.552600000000041,309.662900000000036,16.278800000000000,27.111700000000003,Japan,Asia,Lunae Palus,mc10,http://planetarynames.wr.usgs.gov/Feature/2942
266.8291,19.4879,Labeatis Catenae,Labeatis Catenae,1988/01/01 00:00:00,Classical albedo feature name.,220.599999999999994,266.829100000000039,19.487900000000000,"Catena, catenae",CA,Adopted by IAU,265.109800000000007,268.340500000000020,18.372900000000001,20.503600000000002,Roman,Europe,Tharsis,mc09,http://planetarynames.wr.usgs.gov/Feature/3190
55.8862,37.7508,Anio Valles,Anio Valles,1988/01/01 00:00:00,"Classical river in Italy; modern Aniene and Teverone rivers.",54.000000000000000,55.886200000000002,37.750800000000005,"Vallis, valles",VA,Adopted by IAU,55.631300000000003,56.219500000000004,37.464600000000004,38.010000000000005,Italy,Europe,Ismenius Lacus,mc05,http://planetarynames.wr.usgs.gov/Feature/279
134.9913,34.9112,Apsus Vallis,Apsus Vallis,1985/01/01 00:00:00,"Classical river in ancient Macedonia, present-day Greece.",121.556240000000003,134.991299999999995,34.911200000000001,"Vallis, valles",VA,Adopted by IAU,134.657600000000002,135.522099999999995,33.985900000000001,35.776900000000005,Greek,Europe,Cebrenia,mc07,http://planetarynames.wr.usgs.gov/Feature/332
70.6149,13.9672,Arnus Vallis,Arnus Vallis,1982/01/01 00:00:00,"Classical and present day Arno River in Tuscany, Italy (previously named Arena Rupes).",311.605900000000020,70.614900000000006,13.967200000000000,"Vallis, valles",VA,Adopted by IAU,69.497000000000000,71.242500000000007,11.948300000000000,16.378700000000002,Italy,Europe,Syrtis Major,mc13,http://planetarynames.wr.usgs.gov/Feature/389
155.0129,8.5358,Athabasca Valles,Athabasca Valles,1997/01/01 00:00:00,River in Canada. (Changed from Athabasca Vallis.),270.000000000000000,155.012900000000002,8.535800000000000,"Vallis, valles",VA,Adopted by IAU,153.169600000000003,156.784600000000012,7.215300000000000,10.036900000000001,Canada,North America,Elysium,mc15,http://planetarynames.wr.usgs.gov/Feature/453
60.4078,30.2461,Auqakuh Vallis,Auqakuh Vallis,1973/01/01 00:00:00,Word for 'Mars' in Quechua (Inca).,347.000000000000000,60.407800000000002,30.246100000000002,"Vallis, valles",VA,Adopted by IAU,59.858300000000000,61.898300000000006,27.362800000000000,32.501000000000005,Inca,South and Central America,Casius,mc06,http://planetarynames.wr.usgs.gov/Feature/471
318.2434,-55.7177,Auxo Dorsum,Auxo Dorsum,1991/01/01 00:00:00,One of the Graces.,82.049679999999995,318.243400000000008,-55.717700000000001,"Dorsum, dorsa",DO,Adopted by IAU,317.114500000000021,318.921800000000019,-55.869100000000003,-55.213799999999999,Greek,Europe,Argyre,mc26,http://planetarynames.wr.usgs.gov/Feature/496
57.0355,33.7733,Clasia Vallis,Clasia Vallis,1988/01/01 00:00:00,"Classical river in Umbria, Italy.",147.000000000000000,57.035500000000006,33.773299999999999,"Vallis, valles",VA,Adopted by IAU,56.574000000000005,58.089500000000001,32.748300000000000,34.143700000000003,Italy,Europe,Ismenius Lacus,mc05,http://planetarynames.wr.usgs.gov/Feature/1234
309.6003,20.9709,Iamuna Dorsa,Iamuna Dorsa,1988/01/01 00:00:00,From classical albedo feature Iamunae Sinus.,38.182240000000000,309.600300000000004,20.970900000000000,"Dorsum, dorsa",DO,Adopted by IAU,309.561700000000030,309.706500000000005,20.666800000000002,21.282400000000003,Latin,Europe,Lunae Palus,mc10,http://planetarynames.wr.usgs.gov/Feature/2626
339.4977,-25.5913,Clota Vallis,Clota Vallis,1976/01/01 00:00:00,"Ancient name for present River Clyde, Scotland.",114.363829999999993,339.497700000000009,-25.591300000000000,"Vallis, valles",VA,Adopted by IAU,338.922500000000014,339.498700000000042,-26.295400000000001,-24.723600000000001,Great Britain,Europe,Margaritifer Sinus,mc19,http://planetarynames.wr.usgs.gov/Feature/1249
201.5239,-7.0283,Nestus Valles,Nestus Valles,1985/01/01 00:00:00,Classical name for river in Macedonia (Greece).,38.254880000000000,201.523899999999998,-7.028300000000001,"Vallis, valles",VA,Adopted by IAU,201.461800000000011,201.664299999999997,-7.333300000000000,-6.801400000000000,Greek,Europe,Memnonia,mc16,http://planetarynames.wr.usgs.gov/Feature/4222
338.2609,17.1888,Coogoon Valles,Coogoon Valles,2006/01/01 00:00:00,River in Australia.,300.000000000000000,338.260899999999992,17.188800000000001,"Vallis, valles",VA,Adopted by IAU,336.066000000000031,340.751200000000040,15.962000000000002,19.074200000000001,Australia,Oceania,Oxia Palus,mc11,http://planetarynames.wr.usgs.gov/Feature/1291
64.9436,-33.2559,Coronae Scopulus,Coronae Scopulus,1985/01/01 00:00:00,"From albedo feature at 26S, 276W.",245.236480000000000,64.943600000000004,-33.255900000000004,"Scopulus, scopuli",SC,Adopted by IAU,63.608200000000004,67.155000000000001,-34.679800000000000,-30.877500000000001,Greek,Europe,Hellas,mc28,http://planetarynames.wr.usgs.gov/Feature/1316
241.6967,36.2544,Cyane Catena,Cyane Catena,1985/01/01 00:00:00,Classical albedo feature Cyane Fons.,204.063929999999999,241.696700000000021,36.254400000000004,"Catena, catenae",CA,Adopted by IAU,241.133700000000005,242.272700000000015,34.612500000000004,37.914900000000003,Greek,Europe,Arcadia,mc03,http://planetarynames.wr.usgs.gov/Feature/1357
88.8868,-37.6126,Dao Vallis,Dao Vallis,1979/01/01 00:00:00,"Word for ""star"" in Thai.",794.002560000000017,88.886800000000008,-37.612600000000000,"Vallis, valles",VA,Adopted by IAU,82.039600000000007,93.881600000000006,-39.764200000000002,-32.673999999999999,Thailand,Asia,Hellas,mc28,http://planetarynames.wr.usgs.gov/Feature/1409
267.2021,36.7964,Enipeus Vallis,Enipeus Vallis,1991/01/01 00:00:00,Classical river.,527.068539999999985,267.202100000000030,36.796399999999998,"Vallis, valles",VA,Adopted by IAU,266.488100000000031,267.430299999999988,33.584499999999998,39.674800000000005,Greek,Europe,Arcadia,mc03,http://planetarynames.wr.usgs.gov/Feature/1803
293.1368,-1.428,Dittaino Valles,Dittaino Valles,1985/01/01 00:00:00,Modern river in Italy.,157.417110000000008,293.136799999999994,-1.428000000000000,"Vallis, valles",VA,Adopted by IAU,292.653600000000040,293.838300000000004,-2.478100000000000,-0.397400000000000,Italy,Europe,Coprates,mc18,http://planetarynames.wr.usgs.gov/Feature/1550
307.664,7.1717,Drilon Vallis,Drilon Vallis,1985/01/01 00:00:00,"Classical name for present Drin River, Albania.",118.528059999999996,307.663999999999987,7.171700000000000,"Vallis, valles",VA,Adopted by IAU,307.211299999999994,308.100000000000023,6.470600000000000,7.813600000000000,Albania,Europe,Lunae Palus,mc10,http://planetarynames.wr.usgs.gov/Feature/1639
171.9763,-17.3008,Durius Valles,Durius Valles,1997/01/01 00:00:00,"Classical name for modern Douro River, Portugal.",240.000000000000000,171.976300000000009,-17.300800000000002,"Vallis, valles",VA,Adopted by IAU,171.106600000000014,173.229299999999995,-19.155100000000001,-15.619700000000000,Spain,Europe,Aeolis,mc23,http://planetarynames.wr.usgs.gov/Feature/1673
323.4072,-58.1017,Dzígai Vallis,Dzigai Vallis,1991/01/01 00:00:00,"Word for ""valley"" in Navajo.",327.308100000000024,323.407199999999989,-58.101700000000001,"Vallis, valles",VA,Adopted by IAU,321.862700000000018,326.444700000000012,-59.905400000000000,-55.706099999999999,Navajo,North America,Argyre,mc26,http://planetarynames.wr.usgs.gov/Feature/1690
146.1428,24.076,Elysium Fossae,Elysium Fossae,1973/01/01 00:00:00,Classical albedo feature name.,1044.000000000000000,146.142799999999994,24.076000000000001,"Fossa, fossae",FO,Adopted by IAU,135.510000000000019,151.576899999999995,16.209900000000001,28.776200000000003,Greek,Europe,Elysium,mc15,http://planetarynames.wr.usgs.gov/Feature/1782
329.0573,-27.2704,Erythraea Fossa,Erythraea Fossa,1976/01/01 00:00:00,Classical albedo feature name.,155.189699999999988,329.057299999999998,-27.270400000000002,"Fossa, fossae",FO,Adopted by IAU,327.647600000000011,330.489200000000039,-27.580000000000002,-26.901700000000002,Greek,Europe,Margaritifer Sinus,mc19,http://planetarynames.wr.usgs.gov/Feature/1839
13.8265,-12.6545,Evros Vallis,Evros Vallis,1982/01/01 00:00:00,River in Greece.,358.007349999999974,13.826500000000001,-12.654500000000001,"Vallis, valles",VA,Adopted by IAU,11.497400000000001,16.359100000000002,-13.006600000000001,-12.237200000000001,Greek,Europe,Sinus Sabaeus,mc20,http://planetarynames.wr.usgs.gov/Feature/1890
345.1617,-50.0285,Frento Vallis,Frento Vallis,1985/01/01 00:00:00,Classical name for river in Italy.,251.086980000000011,345.161699999999996,-50.028500000000001,"Vallis, valles",VA,Adopted by IAU,342.461999999999989,347.992099999999994,-50.321200000000005,-49.693300000000001,Italy,Europe,Argyre,mc26,http://planetarynames.wr.usgs.gov/Feature/2021
142.0008,36.6336,Galaxias Fossae,Galaxias Fossae,1985/01/01 00:00:00,Albedo feature name.,552.000000000000000,142.000799999999998,36.633600000000001,"Fossa, fossae",FO,Adopted by IAU,137.830900000000014,145.412400000000019,32.572000000000003,39.592100000000002,Latin,Europe,Cebrenia,mc07,http://planetarynames.wr.usgs.gov/Feature/2068
323.0194,-29.4643,Uzboi Vallis,Uzboi Vallis,1976/01/01 00:00:00,Dry riverbed in Russia.,353.525480000000016,323.019400000000019,-29.464300000000001,"Vallis, valles",VA,Adopted by IAU,322.577900000000000,324.920400000000029,-31.746400000000001,-27.045200000000001,Russia,Europe,Margaritifer Sinus,mc19,http://planetarynames.wr.usgs.gov/Feature/6266
90.0638,-40.9776,Harmakhis Vallis,Harmakhis Vallis,1979/01/01 00:00:00,"Ancient Egyptian word for ""Mars.""",526.657699999999977,90.063800000000001,-40.977600000000002,"Vallis, valles",VA,Adopted by IAU,85.487900000000010,94.338000000000008,-43.050600000000003,-38.658700000000003,Egypt,Africa,Hellas,mc28,http://planetarynames.wr.usgs.gov/Feature/2367
126.7387,19.8793,Hebrus Valles,Hebrus Valles,1982/01/01 00:00:00,Ancient river in Greece.,325.000000000000000,126.738700000000009,19.879300000000001,"Vallis, valles",VA,Adopted by IAU,125.175100000000000,128.209200000000010,17.413200000000000,22.339500000000001,Greek,Europe,Amenthes,mc14,http://planetarynames.wr.usgs.gov/Feature/2404
126.3519,-3.0499,Licus Vallis,Licus Vallis,1982/01/01 00:00:00,"Ancient name for modern Lech River, France.",240.000000000000000,126.351900000000001,-3.049900000000000,"Vallis, valles",VA,Adopted by IAU,125.325800000000001,127.342400000000012,-4.349700000000000,-1.454500000000000,France,Europe,Mare Tyrrhenum,mc22,http://planetarynames.wr.usgs.gov/Feature/3395
50.3472,26.7032,Phison Rupes,Phison Rupes,1976/01/01 00:00:00,Classical albedo feature name.,203.072200000000009,50.347200000000001,26.703200000000002,"Rupes, rupēs",RU,Adopted by IAU,49.540200000000006,51.371300000000005,25.302400000000002,28.227900000000002,Greek,Europe,Syrtis Major,mc13,http://planetarynames.wr.usgs.gov/Feature/4697
298.8343,26.8202,Lobo Vallis,Lobo Vallis,1988/01/01 00:00:00,Modern river in Ivory Coast.,80.000000000000000,298.834300000000042,26.820200000000000,"Vallis, valles",VA,Adopted by IAU,298.347600000000000,299.231899999999996,26.332900000000002,27.367000000000001,Ivory Coast,Africa,Lunae Palus,mc10,http://planetarynames.wr.usgs.gov/Feature/3440
149.8336,26.9153,Stygis Fossae,Stygis Fossae,1985/01/01 00:00:00,Albedo feature name.,385.000000000000000,149.833600000000018,26.915300000000002,"Fossa, fossae",FO,Adopted by IAU,146.283900000000017,151.291300000000007,24.103300000000001,28.688000000000002,Greek,Europe,Elysium,mc15,http://planetarynames.wr.usgs.gov/Feature/5733
342.9701,-17.6927,Loire Valles,Loire Valles,1982/01/01 00:00:00,Modern river in France.,790.000000000000000,342.970100000000002,-17.692700000000002,"Vallis, valles",VA,Adopted by IAU,338.793200000000013,346.335000000000036,-22.266700000000000,-14.089200000000000,France,Europe,Margaritifer Sinus,mc19,http://planetarynames.wr.usgs.gov/Feature/3455
76.4676,-56.2729,Mad Vallis,Mad Vallis,1994/01/01 00:00:00,"Modern river, Vermont, USA.",537.368839999999977,76.467600000000004,-56.272900000000000,"Vallis, valles",VA,Adopted by IAU,74.374000000000009,78.089300000000009,-60.208900000000000,-52.331099999999999,American,North America,Hellas,mc28,http://planetarynames.wr.usgs.gov/Feature/3561
22.2044,-15.0915,Mosa Vallis,Mosa Vallis,1985/01/01 00:00:00,Modern river in Western Europe.,191.600400000000008,22.204400000000000,-15.091500000000000,"Vallis, valles",VA,Adopted by IAU,21.173200000000001,22.689800000000002,-16.366600000000002,-13.982900000000001,France,Europe,Sinus Sabaeus,mc20,http://planetarynames.wr.usgs.gov/Feature/4046
33.3932,4.8874,Naktong Vallis,Naktong Vallis,1982/01/01 00:00:00,Modern name for river in the Republic of Korea.,669.629599999999982,33.393200000000000,4.887400000000000,"Vallis, valles",VA,Adopted by IAU,30.350200000000001,35.482700000000001,1.880000000000000,8.449100000000000,Republic of Korea,Asia,Arabia,mc12,http://planetarynames.wr.usgs.gov/Feature/4119
125.5765,-35.9997,Morpheos Rupes,Morpheos Rupes,1982/01/01 00:00:00,Classical albedo feature name.,404.148300000000006,125.576500000000010,-35.999700000000004,"Rupes, rupēs",RU,Adopted by IAU,121.854500000000002,129.055499999999995,-36.415600000000005,-35.537800000000004,Greek,Europe,Eridania,mc29,http://planetarynames.wr.usgs.gov/Feature/4041
301.6201,10.227,Maja Valles,Maja Valles,1979/01/01 00:00:00,"Nepali word for ""Mars"".",1515.000000000000000,301.620100000000036,10.227000000000000,"Vallis, valles",VA,Adopted by IAU,298.384099999999989,310.255500000000040,0.331400000000000,20.543100000000003,Nepal,Asia,Lunae Palus,mc10,http://planetarynames.wr.usgs.gov/Feature/3598
319.518,-0.4188,Ravi Vallis,Ravi Vallis,1979/01/01 00:00:00,Ancient Pakistani River.,148.783780000000007,319.518000000000029,-0.418800000000000,"Vallis, valles",VA,Adopted by IAU,317.598400000000026,321.036100000000033,-0.881600000000000,0.162800000000000,Pakistan,Asia,Margaritifer Sinus,mc19,http://planetarynames.wr.usgs.gov/Feature/4961
17.9437,40.6537,Mamers Valles,Mamers Valles,1976/01/01 00:00:00,"Word for ""Mars"" in Oscan.",1020.000000000000000,17.943700000000000,40.653700000000001,"Vallis, valles",VA,Adopted by IAU,9.311700000000000,25.129799999999999,30.891800000000000,47.457900000000002,Oscan,Europe,Ismenius Lacus,mc05,http://planetarynames.wr.usgs.gov/Feature/3618
177.2527,-4.2305,Tartarus Scopulus,Tartarus Scopulus,1985/01/01 00:00:00,"Named for albedo feature at 12S, 182W.",251.308799999999991,177.252700000000004,-4.230500000000000,"Scopulus, scopuli",SC,Adopted by IAU,176.162200000000013,178.496200000000016,-5.492800000000000,-2.859400000000000,Greek,Europe,Aeolis,mc23,http://planetarynames.wr.usgs.gov/Feature/5877
325.1926,-53.5278,Nia Vallis,Nia Vallis,1991/01/01 00:00:00,"Lowell canal name; also classical river name.",140.000000000000000,325.192600000000027,-53.527799999999999,"Vallis, valles",VA,Adopted by IAU,323.637900000000002,326.896200000000022,-54.573600000000006,-52.916000000000004,Gambia,Africa,Argyre,mc26,http://planetarynames.wr.usgs.gov/Feature/4244
208.6079,-11.3247,Mangala Valles,Mangala Valles,1973/01/01 00:00:00,"Word for ""Mars"" in Sanskrit.",900.000000000000000,208.607900000000001,-11.324700000000000,"Vallis, valles",VA,Adopted by IAU,208.151100000000014,210.795800000000014,-18.198900000000002,-4.305000000000001,Sanskrit,Asia,Memnonia,mc16,http://planetarynames.wr.usgs.gov/Feature/3628
182.9042,14.0769,Marte Vallis,Marte Vallis,1994/01/01 00:00:00,"Spanish word for ""Mars"".",231.426420000000007,182.904200000000003,14.076900000000000,"Vallis, valles",VA,Adopted by IAU,177.288399999999996,189.447900000000004,6.444900000000001,22.124500000000001,Spain,Europe,Amazonis,mc08,http://planetarynames.wr.usgs.gov/Feature/3723
176.1901,-7.6596,Matrona Vallis,Matrona Vallis,1985/01/01 00:00:00,"Classical name for present Marne River, France.",61.281520000000000,176.190100000000001,-7.659600000000000,"Vallis, valles",VA,Adopted by IAU,176.171500000000009,176.401000000000010,-8.072600000000000,-7.203400000000000,France,Europe,Aeolis,mc23,http://planetarynames.wr.usgs.gov/Feature/3752
84.3328,-33.2583,Majuro,Majuro,2011/11/28 00:00:00,Capital of the Republic of the Marshall Islands.,43.430999999999997,84.332800000000006,-33.258299999999998,"Crater, craters",AA,Adopted by IAU,83.906800000000004,84.758700000000005,-33.626200000000004,-32.890500000000003,Marshall Is.,Oceania,Hellas,mc28,http://planetarynames.wr.usgs.gov/Feature/14891
307.1469,19.507,Maumee Valles,Maumee Valles,1976/01/01 00:00:00,"North American river (Indiana, Ohio).",390.000000000000000,307.146900000000016,19.507000000000001,"Vallis, valles",VA,Adopted by IAU,303.781800000000032,310.149100000000033,18.212900000000001,20.652200000000001,United States,North America,Lunae Palus,mc10,http://planetarynames.wr.usgs.gov/Feature/3755
177.5021,-21.9808,Ma'adim Vallis,Ma adim Vallis,1973/01/01 00:00:00,"Word for ""Mars"" in Hebrew.",913.113299999999981,177.502100000000013,-21.980800000000002,"Vallis, valles",VA,Adopted by IAU,175.652500000000003,178.381100000000004,-28.154100000000000,-15.611200000000000,Hebrew,Asia,Aeolis,mc23,http://planetarynames.wr.usgs.gov/Feature/3772
208.3284,-4.3797,Minio Vallis,Minio Vallis,1985/01/01 00:00:00,Classical name for river in Italy.,90.000000000000000,208.328400000000016,-4.379700000000001,"Vallis, valles",VA,Adopted by IAU,207.983300000000014,208.802199999999999,-4.966800000000000,-3.760900000000000,Italy,Europe,Memnonia,mc16,http://planetarynames.wr.usgs.gov/Feature/3912
60.7115,-3.997,Naro Vallis,Naro Vallis,1985/01/01 00:00:00,"Ancient name for modern Neretva River, Yugoslavia.",442.718380000000025,60.711500000000001,-3.997000000000000,"Vallis, valles",VA,Adopted by IAU,60.132400000000004,61.287300000000002,-7.141600000000000,-0.619600000000000,Yugoslavia,Europe,Iapygia,mc21,http://planetarynames.wr.usgs.gov/Feature/4155
92.5682,-34.9595,Niger Vallis,Niger Vallis,1991/01/01 00:00:00,River in Africa.,360.000000000000000,92.568200000000004,-34.959499999999998,"Vallis, valles",VA,Adopted by IAU,90.063500000000005,95.316100000000006,-36.813500000000005,-31.863000000000003,Nigeria,Africa,Hellas,mc28,http://planetarynames.wr.usgs.gov/Feature/4261
142.4657,22.7092,Stura Vallis,Stura Vallis,1985/01/01 00:00:00,"Classical river east of Rome, Italy.",75.000000000000000,142.465699999999998,22.709200000000003,"Vallis, valles",VA,Adopted by IAU,141.846100000000007,143.058600000000013,22.339500000000001,23.020400000000002,Roman,Europe,Elysium,mc15,http://planetarynames.wr.usgs.gov/Feature/5731
304.1481,31.7153,Nilokeras Scopulus,Nilokeras Scopulus,1976/01/01 00:00:00,"From albedo feature at 30N, 55W.",901.476900000000001,304.148099999999999,31.715300000000003,"Scopulus, scopuli",SC,Adopted by IAU,296.706999999999994,308.798900000000003,30.710100000000001,36.057500000000005,Greek,Europe,Mare Acidalium,mc04,http://planetarynames.wr.usgs.gov/Feature/4277
318.3152,-28.1596,Nirgal Vallis,Nirgal Vallis,1973/01/01 00:00:00,"Word for ""Mars"" in Babylonian.",610.000000000000000,318.315200000000004,-28.159600000000001,"Vallis, valles",VA,Adopted by IAU,313.539700000000039,322.429200000000037,-29.961800000000000,-26.863800000000001,Babylon,Asia,Margaritifer Sinus,mc19,http://planetarynames.wr.usgs.gov/Feature/4307
330.4886,-61.5797,Oceanidum Fossa,Oceanidum Fossa,1976/01/01 00:00:00,Classical albedo feature name.,167.158700000000010,330.488600000000019,-61.579700000000003,"Fossa, fossae",FO,Adopted by IAU,329.231699999999989,332.351600000000019,-62.645500000000006,-60.413200000000003,Greek,Europe,Argyre,mc26,http://planetarynames.wr.usgs.gov/Feature/4393
204.0058,-8.5735,Varus Valles,Varus Valles,1988/01/01 00:00:00,"Classical name for present Var River, France.",90.121350000000007,204.005800000000022,-8.573500000000001,"Vallis, valles",VA,Adopted by IAU,203.484600000000000,204.433500000000009,-9.324000000000000,-7.888500000000001,France,Europe,Memnonia,mc16,http://planetarynames.wr.usgs.gov/Feature/6324
207.4925,-5.013,Sabis Vallis,Sabis Vallis,1985/01/01 00:00:00,Classical name for present Sambre River in France and Belgium.,212.905529999999999,207.492500000000007,-5.013000000000000,"Vallis, valles",VA,Adopted by IAU,207.458500000000015,207.870699999999999,-6.672900000000000,-3.539600000000000,France,Europe,Memnonia,mc16,http://planetarynames.wr.usgs.gov/Feature/5261
314.9568,7.0674,Ochus Valles,Ochus Valles,1985/01/01 00:00:00,Classical name for present Hari-Rud River in Turkmenistan.,127.000000000000000,314.956799999999987,7.067400000000000,"Vallis, valles",VA,Adopted by IAU,314.544000000000040,315.118100000000027,6.165100000000001,7.863500000000000,Turkmenistan,Asia,Lunae Palus,mc10,http://planetarynames.wr.usgs.gov/Feature/4397
246.0781,24.8531,Olympica Fossae,Olympica Fossae,1985/01/01 00:00:00,"From albedo feature at 17N, 134W.",420.000000000000000,246.078100000000006,24.853100000000001,"Fossa, fossae",FO,Adopted by IAU,242.856600000000014,249.255099999999999,22.942000000000000,26.937900000000003,Latin,Europe,Tharsis,mc09,http://planetarynames.wr.usgs.gov/Feature/4452
256.7238,38.8251,Phlegethon Catena,Phlegethon Catena,1979/01/01 00:00:00,"From albedo feature at 38N, 125W.",399.685459999999978,256.723800000000040,38.825099999999999,"Catena, catenae",CA,Adopted by IAU,254.866600000000005,258.907300000000021,35.795500000000004,41.752300000000005,Greek,Europe,Arcadia,mc03,http://planetarynames.wr.usgs.gov/Feature/4698
321.4091,-15.3075,Osuga Valles,Osuga Valles,1979/01/01 00:00:00,River in Russia.,164.000000000000000,321.409100000000024,-15.307500000000001,"Vallis, valles",VA,Adopted by IAU,320.373199999999997,322.235299999999995,-16.363199999999999,-14.750500000000001,Russia,Europe,Margaritifer Sinus,mc19,http://planetarynames.wr.usgs.gov/Feature/4515
339.5235,-54.7337,Pallacopas Vallis,Pallacopas Vallis,1991/01/01 00:00:00,"Lowell canal name; also classical river name.",134.774319999999989,339.523500000000013,-54.733700000000006,"Vallis, valles",VA,Adopted by IAU,329.891200000000026,349.006700000000023,-55.856800000000000,-53.056000000000004,Babylon,Asia,Argyre,mc26,http://planetarynames.wr.usgs.gov/Feature/4559
318.4231,-55.1381,Pasithea Dorsum,Pasithea Dorsum,1991/01/01 00:00:00,One of the Graces.,282.199369999999988,318.423100000000034,-55.138100000000001,"Dorsum, dorsa",DO,Adopted by IAU,314.988900000000001,321.810200000000009,-56.195100000000004,-54.250600000000006,Greek,Europe,Argyre,mc26,http://planetarynames.wr.usgs.gov/Feature/4602
152.5068,23.7044,Patapsco Vallis,Patapsco Vallis,1985/01/01 00:00:00,"Modern river in Maryland, USA.",172.874069999999989,152.506799999999998,23.704400000000000,"Vallis, valles",VA,Adopted by IAU,151.169300000000021,154.006900000000002,23.409800000000001,23.873900000000003,United States,North America,Elysium,mc15,http://planetarynames.wr.usgs.gov/Feature/4608
316.708,-53.7869,Phaenna Dorsum,Phaenna Dorsum,1991/01/01 00:00:00,One of the Graces.,164.164780000000007,316.708000000000027,-53.786900000000003,"Dorsum, dorsa",DO,Adopted by IAU,315.215200000000038,318.256500000000017,-54.583400000000005,-52.888300000000001,Greek,Europe,Argyre,mc26,http://planetarynames.wr.usgs.gov/Feature/4681
90.2434,-75.5416,Promethei Rupes,Promethei Rupes,1976/01/01 00:00:00,Classical albedo feature name.,1379.209599999999909,90.243400000000008,-75.541600000000003,"Rupes, rupēs",RU,Adopted by IAU,45.359900000000003,133.666899999999998,-79.990000000000009,-75.225400000000008,Greek,Europe,Mare Australe,mc30,http://planetarynames.wr.usgs.gov/Feature/4833
104.9524,-42.1449,Reull Vallis,Reull Vallis,1979/01/01 00:00:00,"Word for ""planet"" in Gaelic.",1051.944199999999910,104.952400000000011,-42.144900000000000,"Vallis, valles",VA,Adopted by IAU,95.417700000000011,112.829200000000000,-42.398900000000005,-36.824000000000005,Ireland,Europe,Hellas,mc28,http://planetarynames.wr.usgs.gov/Feature/5006
268.7283,21.211,Rhabon Valles,Rhabon Valles,1988/01/01 00:00:00,Classical river in Dacia (Romania).,245.000000000000000,268.728299999999990,21.211000000000002,"Vallis, valles",VA,Adopted by IAU,266.441399999999987,270.790099999999995,20.606800000000000,22.068600000000000,Romania (Rumania),Europe,Tharsis,mc09,http://planetarynames.wr.usgs.gov/Feature/5011
211.6819,-4.8486,Taus Vallis,Taus Vallis,1985/01/01 00:00:00,Classical river in Caledonia (Scotland).,10.398540000000001,211.681900000000013,-4.848600000000000,"Vallis, valles",VA,Adopted by IAU,211.640700000000010,211.682400000000001,-4.934700000000000,-4.776600000000000,Scotland,Europe,Memnonia,mc16,http://planetarynames.wr.usgs.gov/Feature/5882
310.958,10.9922,Sabrina Vallis,Sabrina Vallis,1985/01/01 00:00:00,"Classical name for present Severn River, England.",280.000000000000000,310.958000000000027,10.992200000000000,"Vallis, valles",VA,Adopted by IAU,308.940100000000029,312.992400000000032,10.704500000000001,11.657400000000001,Great Britain,Europe,Lunae Palus,mc10,http://planetarynames.wr.usgs.gov/Feature/5263
305.5387,-9.8812,Walla Walla Vallis,Walla Walla Vallis,2006/01/01 00:00:00,"River in Washington, USA.",22.986049999999999,305.538700000000006,-9.881200000000000,"Vallis, valles",VA,Adopted by IAU,305.521400000000028,305.595100000000002,-10.044200000000000,-9.712500000000000,United States,North America,Coprates,mc18,http://planetarynames.wr.usgs.gov/Feature/6476
331.9465,9.1306,Silinka Vallis,Silinka Vallis,2006/01/01 00:00:00,River in Russia.,150.933150000000012,331.946500000000015,9.130600000000001,"Vallis, valles",VA,Adopted by IAU,331.085300000000018,332.427500000000009,8.493700000000000,9.912400000000000,Russia,Europe,Oxia Palus,mc11,http://planetarynames.wr.usgs.gov/Feature/5534
300.6,-9.46,Ophir Catenae,Ophir Catenae,2006/01/01 00:00:00,Classical albedo feature name.,509.000000000000000,300.600000000000023,-9.460000000000001,"Catena, catenae",CA,Adopted by IAU,295.980300000000000,304.573700000000031,-9.903500000000001,-8.046300000000000,Greek,Europe,Coprates,mc18,http://planetarynames.wr.usgs.gov/Feature/4474
341.2709,-24.1682,Samara Valles,Samara Valles,1976/01/01 00:00:00,"Ancient name for modern Somme River, France.",661.839600000000019,341.270900000000040,-24.168200000000002,"Vallis, valles",VA,Adopted by IAU,338.596200000000010,344.649200000000008,-27.220000000000002,-20.296700000000001,France,Europe,Margaritifer Sinus,mc19,http://planetarynames.wr.usgs.gov/Feature/5290
154.9678,3.1572,Lethe Vallis,Lethe Vallis,2006/01/01 00:00:00,"River in Katmai National Monument, Alaska, USA.",236.652449999999988,154.967800000000011,3.157200000000000,"Vallis, valles",VA,Adopted by IAU,153.616100000000017,156.077700000000021,2.962300000000000,4.546100000000000,United States,North America,Elysium,mc15,http://planetarynames.wr.usgs.gov/Feature/14163
28.5328,15.8912,Scamander Vallis,Scamander Vallis,1982/01/01 00:00:00,Ancient name of river at Troy (modern Turkey).,269.000000000000000,28.532800000000002,15.891200000000001,"Vallis, valles",VA,Adopted by IAU,28.420800000000000,29.291000000000000,13.976700000000001,17.669000000000000,Turkey,Asia,Arabia,mc12,http://planetarynames.wr.usgs.gov/Feature/5353
18.3372,-25.2199,Scylla Scopulus,Scylla Scopulus,1985/01/01 00:00:00,"From albedo feature at 19S, 320W.",476.906920000000014,18.337199999999999,-25.219900000000003,"Scopulus, scopuli",SC,Adopted by IAU,16.793400000000002,19.522800000000000,-28.356700000000000,-21.607100000000003,Greek,Europe,Sinus Sabaeus,mc20,http://planetarynames.wr.usgs.gov/Feature/5397
213.0399,-5.2345,Senus Vallis,Senus Vallis,1985/01/01 00:00:00,Classical river in Ireland.,22.181789999999999,213.039900000000017,-5.234500000000001,"Vallis, valles",VA,Adopted by IAU,212.929400000000015,213.233600000000024,-5.398200000000000,-5.070400000000000,Ireland,Europe,Memnonia,mc16,http://planetarynames.wr.usgs.gov/Feature/5430
294.2675,-1.0053,Sepik Vallis,Sepik Vallis,1985/01/01 00:00:00,River in New Guinea.,58.999620000000000,294.267500000000041,-1.005300000000000,"Vallis, valles",VA,Adopted by IAU,293.845200000000034,294.593999999999994,-1.211900000000000,-0.695000000000000,New Guinea,Oceania,Coprates,mc18,http://planetarynames.wr.usgs.gov/Feature/5434
317.9101,7.327,Shalbatana Vallis,Shalbatana Vallis,1973/01/01 00:00:00,"Word for ""Mars"" in Akkadian.",1029.000000000000000,317.910100000000000,7.327000000000000,"Vallis, valles",VA,Adopted by IAU,314.866500000000030,320.220400000000041,0.233000000000000,15.715100000000001,Akkadian (Accadian),Asia,Oxia Palus,mc11,http://planetarynames.wr.usgs.gov/Feature/5460
311.2757,-61.2042,Surius Vallis,Surius Vallis,1991/01/01 00:00:00,Lowell canal name.,30.761299999999999,311.275700000000029,-61.204200000000000,"Vallis, valles",VA,Adopted by IAU,305.217399999999998,313.781600000000026,-64.523200000000003,-56.232300000000002,,,Argyre,mc26,http://planetarynames.wr.usgs.gov/Feature/5769
207.7008,-48.7843,Tader Valles,Tader Valles,1985/01/01 00:00:00,"Ancient name for present Segura River, Spain.",200.000000000000000,207.700800000000015,-48.784300000000002,"Vallis, valles",VA,Adopted by IAU,205.896100000000018,208.800600000000003,-50.212000000000003,-47.982400000000005,Spain,Europe,Phaethontis,mc24,http://planetarynames.wr.usgs.gov/Feature/5818
175.7144,-6.5018,Tartarus Rupes,Tartarus Rupes,1985/01/01 00:00:00,"Named for albedo feature at 2N, 183W.",97.455520000000007,175.714400000000012,-6.501800000000000,"Rupes, rupēs",RU,Adopted by IAU,175.346599999999995,176.089300000000009,-7.186200000000000,-5.790300000000000,Greek,Europe,Aeolis,mc23,http://planetarynames.wr.usgs.gov/Feature/5876
111.4952,-3.9689,Tinto Vallis,Tinto Vallis,2000/01/01 00:00:00,River in Spain.,191.971789999999999,111.495200000000011,-3.968900000000000,"Vallis, valles",VA,Adopted by IAU,110.614800000000002,111.531500000000008,-5.384900000000000,-3.168200000000000,Spain,Europe,Mare Tyrrhenum,mc22,http://planetarynames.wr.usgs.gov/Feature/6021
278.1756,-5.4957,Tithoniae Catenae,Tithoniae Catenae,1987/01/01 00:00:00,Classical albedo feature name.,562.000000000000000,278.175600000000031,-5.495700000000000,"Catena, catenae",CA,Adopted by IAU,273.208000000000027,282.527199999999993,-5.807700000000001,-4.944200000000000,Latin,Europe,Coprates,mc18,http://planetarynames.wr.usgs.gov/Feature/6030
304.5165,19.1192,Vedra Valles,Vedra Valles,1976/01/01 00:00:00,Ancient European river (Great Britain).,118.000000000000000,304.516500000000008,19.119199999999999,"Vallis, valles",VA,Adopted by IAU,303.528500000000008,305.181000000000040,19.059100000000001,19.590500000000002,Great Britain,Europe,Lunae Palus,mc10,http://planetarynames.wr.usgs.gov/Feature/6340
29.8797,-0.5013,Verde Vallis,Verde Vallis,2000/01/01 00:00:00,"River in Arizona, USA.",133.000000000000000,29.879700000000000,-0.501300000000000,"Vallis, valles",VA,Adopted by IAU,29.223200000000002,30.325500000000002,-1.389200000000000,0.247200000000000,United States,North America,Sinus Sabaeus,mc20,http://planetarynames.wr.usgs.gov/Feature/6353
307.4927,19.3755,Xanthe Scopulus,Xanthe Scopulus,1988/01/01 00:00:00,Classical albedo feature name.,59.477519999999998,307.492700000000013,19.375500000000002,"Scopulus, scopuli",SC,Adopted by IAU,307.480200000000025,307.776299999999992,18.991199999999999,19.770099999999999,Latin,Europe,Lunae Palus,mc10,http://planetarynames.wr.usgs.gov/Feature/6599
214.1163,-17.274,Mangala Fossa,Mangala Fossa,1991/01/01 00:00:00,Named for nearby valles.,695.000000000000000,214.116300000000024,-17.274000000000001,"Fossa, fossae",FO,Adopted by IAU,208.152500000000003,219.611600000000010,-19.132500000000000,-15.188600000000001,Sanskrit,Asia,Memnonia,mc16,http://planetarynames.wr.usgs.gov/Feature/3627
325.1382,16.2262,Tiu Valles,Tiu Valles,1973/01/01 00:00:00,"Word for ""Mars"" in old English (West Germanic).",1720.000000000000000,325.138200000000040,16.226200000000002,"Vallis, valles",VA,Adopted by IAU,324.744700000000023,331.333599999999990,2.655800000000000,28.669600000000003,Great Britain,Europe,Oxia Palus,mc11,http://planetarynames.wr.usgs.gov/Feature/6038
274.5306,81.5952,Rupes Tenuis,Rupes Tenuis,1988/01/01 00:00:00,Classical albedo feature name.,669.025999999999954,274.530599999999993,81.595200000000006,"Rupes, rupēs",RU,Adopted by IAU,242.125000000000000,300.769600000000025,80.637100000000004,82.615200000000002,Roman,Europe,Mare Boreum,mc01,http://planetarynames.wr.usgs.gov/Feature/5231
309.8454,8.3298,Tyras Vallis,Tyras Vallis,1985/01/01 00:00:00,"Classical name for present Dniester River, Ukraine.",99.128960000000006,309.845400000000041,8.329800000000001,"Vallis, valles",VA,Adopted by IAU,309.603100000000040,310.283200000000022,7.814000000000000,8.672700000000001,Scythia,Europe,Lunae Palus,mc10,http://planetarynames.wr.usgs.gov/Feature/6169
105.7981,-22.2305,Tyrrhena Fossae,Tyrrhena Fossae,1991/01/01 00:00:00,Classical albedo name.,305.547360000000026,105.798100000000005,-22.230500000000003,"Fossa, fossae",FO,Adopted by IAU,103.676500000000004,107.387200000000007,-23.829499999999999,-20.041300000000000,Latin,Europe,Mare Tyrrhenum,mc22,http://planetarynames.wr.usgs.gov/Feature/6172
310.4764,-9.3846,Elaver Vallis,Elaver Vallis,1997/01/01 00:00:00,"Classical name for modern Allier River, France.",178.919189999999986,310.476400000000012,-9.384600000000001,"Vallis, valles",VA,Adopted by IAU,309.289300000000026,311.742900000000020,-10.189600000000000,-8.842600000000001,France,Europe,Coprates,mc18,http://planetarynames.wr.usgs.gov/Feature/1758
226.4355,18.402,Olympus Rupes,Olympus Rupes,1976/01/01 00:00:00,Classical albedo feature name.,1914.771400000000085,226.435500000000019,18.402000000000001,"Rupes, rupēs",RU,Adopted by IAU,220.890100000000018,230.914400000000001,13.755500000000001,23.277699999999999,Greek,Europe,Tharsis,mc09,http://planetarynames.wr.usgs.gov/Feature/4454
174.1646,86.0386,Olympia Rupēs,Olympia Rupes,2007/07/25 00:00:00,Classical albedo feature name.,1197.038800000000037,174.164600000000007,86.038600000000002,"Rupes, rupēs",RU,Adopted by IAU,115.574700000000007,244.414400000000001,82.000300000000010,86.199800000000010,Greek,Europe,Mare Boreum,mc01,http://planetarynames.wr.usgs.gov/Feature/14299
4.3191,-19.1583,Marikh Vallis,Marikh Vallis,2007/08/20 00:00:00,Malaysian word for Mars.,1147.224600000000009,4.319100000000001,-19.158300000000001,"Vallis, valles",VA,Adopted by IAU,2.329400000000000,5.510800000000001,-27.249600000000001,-11.644400000000001,Malaysia,Asia,Sinus Sabaeus,mc20,http://planetarynames.wr.usgs.gov/Feature/14301
88.5013,-40.3284,Sungari Vallis,Sungari Vallis,2009/02/11 00:00:00,"River in China, also known as Songhua Jiang.",344.819299999999998,88.501300000000001,-40.328400000000002,"Vallis, valles",VA,Adopted by IAU,85.452600000000004,91.362000000000009,-41.182900000000004,-39.100100000000005,China,Asia,Hellas,mc28,http://planetarynames.wr.usgs.gov/Feature/14543
179.0448,-77.8791,Ultimi Scopuli,Ultimi Scopuli,2006/01/01 00:00:00,Classical albedo feature name.,560.466099999999983,179.044800000000009,-77.879100000000008,"Scopulus, scopuli",SC,Adopted by IAU,147.310100000000006,220.911799999999999,-81.542200000000008,-71.118300000000005,Greek,Europe,Mare Australe,mc30,http://planetarynames.wr.usgs.gov/Feature/6204
159.4226,-38.7886,Corozal,Corozal,2011/09/29 00:00:00,Town in Belize.,8.334000000000000,159.422600000000017,-38.788600000000002,"Crater, craters",AA,Adopted by IAU,159.332099999999997,159.513200000000012,-38.856300000000005,-38.720800000000004,Belize,South and Central America,Eridania,mc29,http://planetarynames.wr.usgs.gov/Feature/14871
77.11,-6.62,Oenotria Scopuli,Oenotria Scopuli,1982/01/01 00:00:00,Classical albedo feature name.,1425.000000000000000,77.109999999999999,-6.620000000000000,"Scopulus, scopuli",SC,Adopted by IAU,65.698099999999997,88.747000000000000,-11.415800000000001,-1.792200000000000,Latin,Europe,Iapygia,mc21,http://planetarynames.wr.usgs.gov/Feature/14860
353.7,-72.2,Sisyphi Cavi,Sisyphi Cavi,1976/01/01 00:00:00,Classical albedo feature name.,423.629999999999995,353.699999999999989,-72.200000000000003,"Cavus, cavi",CB,Adopted by IAU,-16.981600000000000,4.703700000000000,-76.174000000000007,-69.796599999999998,Greek,Europe,Mare Australe,mc30,http://planetarynames.wr.usgs.gov/Feature/5579
0.0907,45.9607,Davies,Davies,2006/01/01 00:00:00,"Merton Edward; American engineer, planetary geodesist (1917-2001).",48.063549999999999,0.090700000000000,45.960700000000003,"Crater, craters",AA,Adopted by IAU,-0.490300000000000,0.676000000000000,45.556300000000000,46.366700000000002,United States,North America,Ismenius Lacus,mc05,http://planetarynames.wr.usgs.gov/Feature/1426
1.0438,-24.2738,Newcomb,Newcomb,1973/01/01 00:00:00,"Simon; American astronomer (1835-1909).",254.132479999999987,1.043800000000000,-24.273800000000001,"Crater, craters",AA,Adopted by IAU,-1.327200000000000,3.375200000000000,-26.424600000000002,-22.141600000000000,American,North America,Sinus Sabaeus,mc20,http://planetarynames.wr.usgs.gov/Feature/4233
0.0014,-5.0743,Airy-0,Airy 0,2003/01/01 00:00:00,Small crater within crater Airy that defines zero degrees longitude on Mars.,0.785730000000000,0.001400000000000,-5.074300000000000,"Crater, craters",AA,Adopted by IAU,-0.005300000000000,0.008100000000000,-5.080900000000001,-5.067700000000000,Great Britain,Europe,Sinus Sabaeus,mc20,http://planetarynames.wr.usgs.gov/Feature/115
281.3316,-14.0816,Sinai Fossae,Sinai Fossae,2012/01/23 00:00:00,Classical albedo feature name.,589.153999999999996,281.331600000000037,-14.081600000000000,"Fossa, fossae",FO,Adopted by IAU,275.441300000000012,285.746500000000026,-17.946300000000001,-10.585500000000000,Egypt,Africa,Coprates,mc18,http://planetarynames.wr.usgs.gov/Feature/14924
304.896,-28.3694,Baucau,Baucau,2012/02/22 00:00:00,Town in Timor-Leste.,17.936000000000000,304.896000000000015,-28.369400000000002,"Crater, craters",AA,Adopted by IAU,304.723700000000008,305.068300000000022,-28.521400000000000,-28.217500000000001,Timor-Leste,Asia,Coprates,mc18,http://planetarynames.wr.usgs.gov/Feature/14926
296.3227,-15.8423,Arima,Arima,2012/02/22 00:00:00,Town in Trinidad and Tobago.,53.587000000000003,296.322699999999998,-15.842300000000002,"Crater, craters",AA,Adopted by IAU,295.858000000000004,296.787399999999991,-16.296800000000001,-15.387800000000000,Trinidad and Tobago,South and Central America,Coprates,mc18,http://planetarynames.wr.usgs.gov/Feature/14927
234.3903,51.3844,Domoni,Domoni,2012/03/07 00:00:00,Town in the Union of the Comoros.,13.824999999999999,234.390300000000025,51.384399999999999,"Crater, craters",AA,Adopted by IAU,234.210400000000021,234.570200000000000,51.267500000000005,51.501300000000001,Union of the Comoros,Africa,Diacria,mc02,http://planetarynames.wr.usgs.gov/Feature/14950
337.5029,20.9846,Keren,Keren,2012/03/27 00:00:00,Town in Eritrea.,28.631000000000000,337.502900000000011,20.984600000000000,"Crater, craters",AA,Adopted by IAU,337.257900000000006,337.747900000000016,20.741800000000001,21.227300000000000,Eritrea,Africa,Oxia Palus,mc11,http://planetarynames.wr.usgs.gov/Feature/14951
336.39,18.11,Oxia Dorsum,Oxia Dorsum,2022/12/30 00:00:00,"Named for classical albedo feature name at 25N, 24W.",161.000000000000000,336.390000000000043,18.109999999999999,"Dorsum, dorsa",DO,Adopted by IAU,336.210599999999999,336.537599999999998,16.751400000000000,19.460300000000000,Latin,Europe,Oxia Palus,mc11,http://planetarynames.wr.usgs.gov/Feature/16119
200.5,-8.06,Picardi,Picardi,2023/08/02 00:00:00,"Giovanni; Italian radar scientist who developed the MARSIS radar instrument onboard the Mars Express orbiter (1936-2015).",79.000000000000000,200.500000000000000,-8.060000000000000,"Crater, craters",AA,Adopted by IAU,199.869000000000000,201.153999999999996,-8.767000000000001,-7.553000000000000,Italy,Europe,Memnonia,mc16,http://planetarynames.wr.usgs.gov/Feature/16253
338.97,12.03,Marsabit,Marsabit,2023/01/06 00:00:00,Town in Kenya.,40.000000000000000,338.970000000000027,12.030000000000001,"Crater, craters",AA,Adopted by IAU,338.623400000000004,339.312000000000012,11.667000000000000,12.379400000000000,Kenya,Africa,Oxia Palus,mc11,http://planetarynames.wr.usgs.gov/Feature/16120
175.89,22.86,Ruwais,Ruwais,2023/08/10 00:00:00,Town in United Arab Emirates.,28.000000000000000,175.890000000000015,22.859999999999999,"Crater, craters",AA,Adopted by IAU,175.638000000000005,176.133000000000010,22.618000000000002,23.096000000000000,United Arab Emirates,Asia,Elysium,mc15,http://planetarynames.wr.usgs.gov/Feature/16255
210,60,Scandia,Scandia,1958/01/01 00:00:00,Southern Scandinavia.,0.000000000000000,210.000000000000000,60.000000000000000,Albedo Feature,AL,Adopted by IAU,210.000000000000000,210.000000000000000,60.000000000000000,60.000000000000000,Latin,Europe,Diacria,mc02,http://planetarynames.wr.usgs.gov/Feature/5354
170,30,Phlegra,Phlegra,1958/01/01 00:00:00,"""Burning plain;"" in Chalcidian Peninsula of Greece where Zeus hurled thunderbolts at Titans to support Hercules.",134.000000000000000,170.000000000000000,30.000000000000000,Albedo Feature,AL,Adopted by IAU,170.000000000000000,170.000000000000000,30.000000000000000,30.000000000000000,Greek,Europe,Elysium,mc15,http://planetarynames.wr.usgs.gov/Feature/4699
123.08,0.64,Nen Valles,Nen Valles,2023/01/11 00:00:00,"Modern river in Heilongjiang Province, China.",203.000000000000000,123.080000000000013,0.640000000000000,"Vallis, valles",VA,Adopted by IAU,121.644800000000004,124.380500000000012,-2.263000000000000,0.427400000000000,China,Asia,Amenthes,mc14,http://planetarynames.wr.usgs.gov/Feature/16151
14.01,36.15,Deuteronilus Cavus,Deuteronilus Cavus,2023/11/21 00:00:00,"Named from albedo feature at 35N, 355W.",123.000000000000000,14.010000000000000,36.149999999999999,"Cavus, cavi",CB,Adopted by IAU,12.502000000000001,15.046000000000001,35.041000000000004,37.200000000000003,Latin,Europe,Ismenius Lacus,mc05,http://planetarynames.wr.usgs.gov/Feature/16267
292.55,-11.44,Satun,Satun,2026/08/21 00:00:00,Town in Thailand.,3.700000000000000,292.550000000000011,-11.440000000000001,"Crater, craters",AA,Adopted by IAU,292.520000000000039,292.586000000000013,-11.461000000000000,-11.396000000000001,Thailand,Asia,Coprates,mc18,http://planetarynames.wr.usgs.gov/Feature/16498
292.57,-11.5,Kangar,Kangar,2026/08/21 00:00:00,Town in Malaysia.,3.500000000000000,292.569999999999993,-11.500000000000000,"Crater, craters",AA,Adopted by IAU,292.537000000000035,292.600000000000023,-11.526000000000000,-11.464000000000000,Malaysia,Asia,Coprates,mc18,http://planetarynames.wr.usgs.gov/Feature/16499
301.53,43.81,Pals,Pals,2026/08/24 00:00:00,Town in Spain.,1.500000000000000,301.530000000000030,43.810000000000002,"Crater, craters",AA,Adopted by IAU,301.511000000000024,301.554000000000030,43.800000000000004,43.832000000000001,Spain,Europe,Mare Acidalium,mc04,http://planetarynames.wr.usgs.gov/Feature/16502
137.93,-3.16,Babati,Babati,2025/09/26 00:00:00,Town in Tanzania.,22.000000000000000,137.930000000000007,-3.160000000000000,"Crater, craters",AA,Adopted by IAU,137.722000000000008,138.099999999999994,-3.340000000000000,-2.957000000000000,Tanzania,Africa,Aeolis,mc23,http://planetarynames.wr.usgs.gov/Feature/16432
136.73,-3.26,Babati Mons,Babati Mons,2025/09/26 00:00:00,"Named for nearby crater, Babati.",44.000000000000000,136.730000000000018,-3.260000000000000,"Mons, montes",MO,Adopted by IAU,136.560000000000002,137.174000000000007,-3.609000000000000,-3.031000000000000,Tanzania,Africa,Aeolis,mc23,http://planetarynames.wr.usgs.gov/Feature/16433
307.91,-3.43,Periyar Vallis,Periyar Vallis,2025/11/24 00:00:00,"River in Kerala, India.",11.000000000000000,307.910000000000025,-3.430000000000000,"Vallis, valles",VA,Adopted by IAU,307.836000000000013,307.971000000000004,-3.482000000000000,-3.370000000000000,India,Asia,Coprates,mc18,http://planetarynames.wr.usgs.gov/Feature/16440
307.82,-2.93,Krishnan,Krishnan,2025/11/24 00:00:00,"Maharajapuram Sitaram; Indian geologist (1898-1970).",77.000000000000000,307.819999999999993,-2.930000000000000,"Crater, craters",AA,Adopted by IAU,307.007000000000005,308.554000000000030,-3.677000000000000,-2.247000000000000,India,Asia,Coprates,mc18,http://planetarynames.wr.usgs.gov/Feature/16434
308.36,-2.79,Varkala,Varkala,2025/11/24 00:00:00,"Village in Kerala, India.",9.000000000000000,308.360000000000014,-2.790000000000000,"Crater, craters",AA,Adopted by IAU,308.283000000000015,308.429000000000030,-2.857000000000000,-2.734000000000000,India,Asia,Coprates,mc18,http://planetarynames.wr.usgs.gov/Feature/16436
307.12,-2.89,Valiamala,Valiamala,2025/11/24 00:00:00,"Town in Kerala, India.",13.500000000000000,307.120000000000005,-2.890000000000000,"Crater, craters",AA,Adopted by IAU,307.016999999999996,307.230000000000018,-3.004000000000000,-2.770000000000000,India,Asia,Coprates,mc18,http://planetarynames.wr.usgs.gov/Feature/16435
308.6,-3.53,Thumba,Thumba,2025/11/24 00:00:00,"Village in Kerala, India.",19.000000000000000,308.600000000000023,-3.530000000000000,"Crater, craters",AA,Adopted by IAU,308.439999999999998,308.756000000000029,-3.672000000000000,-3.382000000000000,India,Asia,Coprates,mc18,http://planetarynames.wr.usgs.gov/Feature/16437
308.73,-2.79,Bekal,Bekal,2025/11/24 00:00:00,"Town in Kerala, India.",4.900000000000000,308.730000000000018,-2.790000000000000,"Crater, craters",AA,Adopted by IAU,308.677000000000021,308.756000000000029,-2.826000000000000,-2.746000000000000,India,Asia,Coprates,mc18,http://planetarynames.wr.usgs.gov/Feature/16438
203.1,-27.6,Kahnawake,Kahnawake,2024/03/25 00:00:00,Town in Canada.,30.000000000000000,203.100000000000023,-27.600000000000001,"Crater, craters",AA,Adopted by IAU,202.796999999999997,203.403999999999996,-27.874000000000002,-27.361000000000001,Canada,North America,Memnonia,mc16,http://planetarynames.wr.usgs.gov/Feature/16276
199.46,-25.88,Longwood,Longwood,2024/03/25 00:00:00,Village in Saint Helena Island.,43.000000000000000,199.460000000000008,-25.880000000000003,"Crater, craters",AA,Adopted by IAU,199.056000000000012,199.855000000000018,-26.237000000000002,-25.548000000000002,Saint Helena Island,Africa,Memnonia,mc16,http://planetarynames.wr.usgs.gov/Feature/16277
198.57,-26.32,Otepa,Otepa,2024/03/25 00:00:00,"Village in Hao atoll, Tuamotu Archipelago, French Polynesia.",42.000000000000000,198.570000000000022,-26.320000000000000,"Crater, craters",AA,Adopted by IAU,198.248000000000019,198.808999999999997,-26.542000000000002,-26.023000000000000,Tuamotu,Oceania,Memnonia,mc16,http://planetarynames.wr.usgs.gov/Feature/16278
316.08,11.08,Taung,Taung,2024/05/06 00:00:00,Town in South Africa.,40.000000000000000,316.080000000000041,11.080000000000000,"Crater, craters",AA,Adopted by IAU,315.735000000000014,316.423000000000002,10.742000000000001,11.409000000000001,South Africa,Africa,Oxia Palus,mc11,http://planetarynames.wr.usgs.gov/Feature/16279
307.82,-3.38,Krishnan Palus,Krishnan Palus,2025/11/24 00:00:00,"Named from nearby crater, Krishnan.",50.000000000000000,307.819999999999993,-3.380000000000000,"Palus, paludes",PA,Adopted by IAU,307.461000000000013,308.221499999999992,-3.524500000000000,-3.091500000000000,India,Asia,Coprates,mc18,http://planetarynames.wr.usgs.gov/Feature/16439
209.34,-20.98,Lal,Lal,2024/06/05 00:00:00,"Devendra; Indian geophysicist (1929-2012).",69.000000000000000,209.340000000000003,-20.980000000000000,"Crater, craters",AA,Adopted by IAU,208.765000000000015,209.954000000000008,-21.563000000000002,-20.404000000000000,India,Asia,Memnonia,mc16,http://planetarynames.wr.usgs.gov/Feature/16288
209.94,-21,Mursan,Mursan,2024/06/05 00:00:00,"Town in Uttar Pradesh, India.",11.000000000000000,209.939999999999998,-21.000000000000000,"Crater, craters",AA,Adopted by IAU,209.843000000000018,210.044000000000011,-21.079000000000001,-20.904000000000000,India,Asia,Memnonia,mc16,http://planetarynames.wr.usgs.gov/Feature/16289
208.67,-21.03,Hilsa,Hilsa,2024/06/05 00:00:00,"Town in Bihar, India.",14.000000000000000,208.670000000000016,-21.030000000000001,"Crater, craters",AA,Adopted by IAU,208.557000000000016,208.799000000000007,-21.135000000000002,-20.915000000000003,India,Asia,Memnonia,mc16,http://planetarynames.wr.usgs.gov/Feature/16290
300.83,-1.92,Juventae Mons,Juventae Mons,2024/06/10 00:00:00,"Named for classical albedo feature name, Juventae Fons.",147.000000000000000,300.830000000000041,-1.920000000000000,"Mons, montes",MO,Adopted by IAU,299.875200000000007,301.926400000000001,-2.991700000000000,-0.965100000000000,Greek,Europe,Coprates,mc18,http://planetarynames.wr.usgs.gov/Feature/16292
303.05,-17.33,Nectaris Patera,Nectaris Patera,2024/06/10 00:00:00,"Named for classical albedo feature name, Nectaris.",22.000000000000000,303.050000000000011,-17.330000000000002,"Patera, paterae",PE,Adopted by IAU,302.858800000000031,303.236100000000022,-17.515000000000001,-17.142700000000001,Greek,Europe,Coprates,mc18,http://planetarynames.wr.usgs.gov/Feature/16293
313.12,-3.02,Xanthe Patera,Xanthe Patera,2024/06/10 00:00:00,"Named for classical albedo feature name, Xanthe.",55.000000000000000,313.120000000000005,-3.020000000000000,"Patera, paterae",PE,Adopted by IAU,312.738100000000031,313.589600000000019,-3.480200000000000,-2.607300000000000,Greek,Europe,Coprates,mc18,http://planetarynames.wr.usgs.gov/Feature/16291
83.82,-27.77,Blenheim,Blenheim,2025/12/01 00:00:00,Town in New Zealand.,32.000000000000000,83.820000000000007,-27.770000000000000,"Crater, craters",AA,Adopted by IAU,83.508000000000010,84.137000000000000,-28.030000000000001,-27.490000000000002,New Zealand,Oceania,Iapygia,mc21,http://planetarynames.wr.usgs.gov/Feature/16441
270.09,-11.65,Barlow,Barlow,2024/09/27 00:00:00,"Nadine Gail; American planetary scientist who specialized in the impact cratering process, especially on Mars (1958-2020).",87.000000000000000,270.090000000000032,-11.650000000000000,"Crater, craters",AA,Adopted by IAU,269.288999999999987,270.804000000000030,-12.407000000000000,-10.849000000000000,United States,North America,Coprates,mc18,http://planetarynames.wr.usgs.gov/Feature/16344
344.03,2.44,Melosh,Melosh,2024/10/23 00:00:00,"H. Jay; American geophysicist specializing in impact cratering (1947-2020).",98.000000000000000,344.030000000000030,2.440000000000000,"Crater, craters",AA,Adopted by IAU,343.240000000000009,344.838999999999999,1.686000000000000,3.329000000000000,United States,North America,Oxia Palus,mc11,http://planetarynames.wr.usgs.gov/Feature/16345
336.31,6.19,Jhelum Vallis,Jhelum Vallis,2024/10/23 00:00:00,River in Pakistan.,351.000000000000000,336.310000000000002,6.190000000000000,"Vallis, valles",VA,Adopted by IAU,334.918000000000006,337.280000000000030,3.582000000000000,8.844000000000001,Pakistan,Asia,Oxia Palus,mc11,http://planetarynames.wr.usgs.gov/Feature/16346
80.42,-4.38,Roman,Roman,2023/02/13 00:00:00,"Nancy Grace; American astronomer (1925-2018).",60.000000000000000,80.420000000000002,-4.380000000000000,"Crater, craters",AA,Adopted by IAU,79.920000000000002,80.956000000000003,-4.834000000000001,-3.908000000000000,United States,North America,Iapygia,mc21,http://planetarynames.wr.usgs.gov/Feature/16165
86.64,-8.58,Cuparaque,Cuparaque,2023/04/07 00:00:00,Town in Brazil.,14.000000000000000,86.640000000000001,-8.580000000000000,"Crater, craters",AA,Adopted by IAU,86.520000000000010,86.765000000000001,-8.696000000000000,-8.451000000000001,Brazil,South and Central America,Iapygia,mc21,http://planetarynames.wr.usgs.gov/Feature/16177
89.44,-14.37,Sasakan,Sasakan,2023/04/07 00:00:00,Village in Indonesia.,28.000000000000000,89.439999999999998,-14.370000000000001,"Crater, craters",AA,Adopted by IAU,89.200699999999998,89.699800000000010,-14.613700000000001,-14.134000000000000,Indonesia,Asia,Iapygia,mc21,http://planetarynames.wr.usgs.gov/Feature/16181
87.44,-10.38,Leoben,Leoben,2023/04/07 00:00:00,Town in Austria.,15.000000000000000,87.439999999999998,-10.380000000000001,"Crater, craters",AA,Adopted by IAU,87.311599999999999,87.578900000000004,-10.497900000000001,-10.245400000000000,Austria,Europe,Iapygia,mc21,http://planetarynames.wr.usgs.gov/Feature/16179
86.45,-8.8,Druzhba,Druzhba,2023/04/07 00:00:00,Village in Ukraine.,1.900000000000000,86.450000000000003,-8.800000000000001,"Crater, craters",AA,Adopted by IAU,86.428800000000010,86.463600000000000,-8.809000000000001,-8.775500000000001,Ukraine,Europe,Iapygia,mc21,http://planetarynames.wr.usgs.gov/Feature/16178
89.03,-13.32,Nunu,Nunu,2023/04/07 00:00:00,Village in Indonesia.,10.000000000000000,89.030000000000001,-13.320000000000000,"Crater, craters",AA,Adopted by IAU,88.946800000000010,89.124000000000009,-13.411400000000000,-13.230700000000001,Indonesia,Asia,Iapygia,mc21,http://planetarynames.wr.usgs.gov/Feature/16180
359.98,9.84,Alofi,Alofi,2018/08/31 00:00:00,Town in Niue.,43.000000000000000,359.980000000000018,9.840000000000000,"Crater, craters",AA,Adopted by IAU,359.627200000000016,360.336600000000033,9.482800000000001,10.166300000000000,Niue,Oceania,Oxia Palus,mc11,http://planetarynames.wr.usgs.gov/Feature/15771
260.07,19.29,Chakpar,Chakpar,2023/04/12 00:00:00,"Village in Bihar, India.",19.000000000000000,260.069999999999993,19.290000000000003,"Crater, craters",AA,Adopted by IAU,-100.102000000000004,-99.761000000000010,19.111000000000001,19.454000000000001,India,Asia,Tharsis,mc09,http://planetarynames.wr.usgs.gov/Feature/16194
356.86,-0.04,Meridiani Planum,Meridiani Planum,2003/01/01 00:00:00,Classical albedo feature name.,1058.529999999999973,356.860000000000014,-0.040000000000000,"Planum, plana",PM,Adopted by IAU,-10.817800000000000,7.038000000000000,-3.999800000000000,8.780800000000001,Latin,Europe,Margaritifer Sinus,mc19,http://planetarynames.wr.usgs.gov/Feature/3854
232.74,85.99,Nord Rupes,Nord Rupes,2023/05/26 00:00:00,Word for 'north' in Italian.,140.000000000000000,232.740000000000009,85.990000000000009,"Rupes, rupēs",RU,Adopted by IAU,-138.222000000000008,-117.344000000000008,85.198000000000008,87.030000000000001,Italy,Europe,Mare Boreum,mc01,http://planetarynames.wr.usgs.gov/Feature/16217
84.49,-7.76,Berrocal,Berrocal,2023/04/07 00:00:00,Village in Spain.,11.000000000000000,84.490000000000009,-7.760000000000001,"Crater, craters",AA,Adopted by IAU,84.372000000000000,84.588999999999999,-7.859000000000000,-7.671000000000000,Spain,Europe,Iapygia,mc21,http://planetarynames.wr.usgs.gov/Feature/16176
33.82,-48.89,Forro,Forro,2025/02/03 00:00:00,"Madeleine Barbothy; Hungarian-American specialist on cosmic rays (1904-1995).",54.000000000000000,33.820000000000000,-48.890000000000001,"Crater, craters",AA,Adopted by IAU,33.157000000000004,34.453000000000003,-49.338000000000001,-48.426000000000002,United States,North America,Noachis,mc27,http://planetarynames.wr.usgs.gov/Feature/16373
20.83,-51.02,Moyo,Moyo,2025/02/03 00:00:00,Town in Uganda.,48.000000000000000,20.830000000000002,-51.020000000000003,"Crater, craters",AA,Adopted by IAU,20.193000000000001,21.467000000000002,-51.396000000000001,-50.655000000000001,Uganda,Africa,Noachis,mc27,http://planetarynames.wr.usgs.gov/Feature/16381
24.21,-42.42,Lendringsen,Lendringsen,2025/02/03 00:00:00,Town in Germany.,21.000000000000000,24.210000000000001,-42.420000000000002,"Crater, craters",AA,Adopted by IAU,23.967000000000002,24.451000000000001,-42.576000000000001,-42.253000000000000,Germany,Europe,Noachis,mc27,http://planetarynames.wr.usgs.gov/Feature/16375
24.41,-49.69,Sidhi,Sidhi,2025/02/03 00:00:00,"Town in Madhya Pradesh, India.",48.000000000000000,24.410000000000000,-49.690000000000005,"Crater, craters",AA,Adopted by IAU,23.832000000000001,25.019000000000002,-50.097000000000001,-49.303000000000004,India,Asia,Noachis,mc27,http://planetarynames.wr.usgs.gov/Feature/16374
28.89,-40.95,Pizzarello,Pizzarello,2025/02/03 00:00:00,"Sandra; Italian astrobiologist (1933-2021).",97.000000000000000,28.890000000000001,-40.950000000000003,"Crater, craters",AA,Adopted by IAU,27.779000000000000,29.976000000000003,-41.730000000000004,-40.132000000000005,Italy,Europe,Noachis,mc27,http://planetarynames.wr.usgs.gov/Feature/16376
33.17,-37.49,Minami,Minami,2025/02/03 00:00:00,"Masatsugu; Japanese physicist and astronomer who observed Martian dust storms (1938-2019).",80.000000000000000,33.170000000000002,-37.490000000000002,"Crater, craters",AA,Adopted by IAU,32.377000000000002,33.986000000000004,-38.128000000000000,-36.904000000000003,Japan,Asia,Noachis,mc27,http://planetarynames.wr.usgs.gov/Feature/16377
32.0,-44.02,Idah,Idah,2025/02/03 00:00:00,Town in Nigeria.,28.000000000000000,32.000000000000000,-44.020000000000003,"Crater, craters",AA,Adopted by IAU,31.674000000000003,32.264000000000003,-44.261000000000003,-43.774999999999999,Nigeria,Africa,Noachis,mc27,http://planetarynames.wr.usgs.gov/Feature/16378
34.5,-40.67,Knudsen,Knudsen,2025/02/03 00:00:00,"Jens Martin; Danish astrophysicist known as the ""founder of Danish Mars research"" (1930-2005).",80.000000000000000,34.500000000000000,-40.670000000000002,"Crater, craters",AA,Adopted by IAU,33.596000000000004,35.370000000000005,-41.312000000000005,-40.033000000000001,Denmark,Europe,Noachis,mc27,http://planetarynames.wr.usgs.gov/Feature/16379
39.78,-39.87,Drake,Drake,2025/02/03 00:00:00,"Michael J.; British-American planetary scientist (1946-2011).",59.000000000000000,39.780000000000001,-39.870000000000005,"Crater, craters",AA,Adopted by IAU,39.161000000000001,40.441000000000003,-40.346000000000004,-39.368000000000002,United States,North America,Noachis,mc27,http://planetarynames.wr.usgs.gov/Feature/16380
328.81,42.66,Ouarzazate,Ouarzazate,2026/03/09 00:00:00,Town in Morocco.,22.000000000000000,328.810000000000002,42.660000000000004,"Crater, craters",AA,Adopted by IAU,328.550000000000011,329.069999999999993,42.465000000000003,42.849000000000004,Morocco,Africa,Mare Acidalium,mc04,http://planetarynames.wr.usgs.gov/Feature/16444
31.06,-43.77,Papike,Papike,2025/02/03 00:00:00,"James J.; American planetary geologist and expert on Martian meteorites (1937-2020).",67.000000000000000,31.060000000000002,-43.770000000000003,"Crater, craters",AA,Adopted by IAU,30.256000000000000,31.863000000000003,-44.333000000000006,-43.183000000000000,United States,North America,Noachis,mc27,http://planetarynames.wr.usgs.gov/Feature/16382
308.86,42.55,Secunda,Secunda,2026/03/09 00:00:00,Town in South Africa.,11.000000000000000,308.860000000000014,42.550000000000004,"Crater, craters",AA,Adopted by IAU,308.738000000000000,308.991000000000042,42.448000000000000,42.635000000000005,South Africa,Africa,Mare Acidalium,mc04,http://planetarynames.wr.usgs.gov/Feature/16445
21.03,-51.88,Townsend,Townsend,2025/02/03 00:00:00,"Marjorie; American electrical engineer and the first woman to manage a spacecraft launch for NASA (1930-2015).",92.000000000000000,21.030000000000001,-51.880000000000003,"Crater, craters",AA,Adopted by IAU,20.006000000000000,22.500000000000000,-52.446000000000005,-51.178000000000004,United States,North America,Noachis,mc27,http://planetarynames.wr.usgs.gov/Feature/16383
17.69,-43.16,Blount,Blount,2025/02/03 00:00:00,"Katherine “Kit” Hoyt Price; American planetary geologist (1951-2020).",77.000000000000000,17.690000000000001,-43.160000000000004,"Crater, craters",AA,Adopted by IAU,16.716000000000001,18.567000000000000,-43.794000000000004,-42.515000000000001,United States,North America,Noachis,mc27,http://planetarynames.wr.usgs.gov/Feature/16384
38.09,-42.68,Tupã,Tupa,2025/02/03 00:00:00,"Town in São Paulo state, Brazil.",45.000000000000000,38.090000000000003,-42.680000000000000,"Crater, craters",AA,Adopted by IAU,37.600999999999999,38.617000000000004,-43.057000000000002,-42.283000000000001,Brazil,South and Central America,Noachis,mc27,http://planetarynames.wr.usgs.gov/Feature/16385
341.93,-0.63,Belén,Belen,2026/05/18 00:00:00,Town in Argentina.,11.000000000000000,341.930000000000007,-0.630000000000000,"Crater, craters",AA,Adopted by IAU,341.824999999999989,342.024000000000001,-0.733000000000000,-0.533000000000000,Argentina,South and Central America,Margaritifer Sinus,mc19,http://planetarynames.wr.usgs.gov/Feature/16448
11.48,27.86,Hack,Hack,2025/05/06 00:00:00,"Margherita; Italian astrophysicist (1922-2013).",69.000000000000000,11.480000000000000,27.860000000000003,"Crater, craters",AA,Adopted by IAU,10.808000000000000,12.126000000000001,27.283000000000001,28.438000000000002,Italy,Europe,Arabia,mc12,http://planetarynames.wr.usgs.gov/Feature/16398
190.82,-37.17,Hala,Hala,2025/05/16 00:00:00,Town in Pakistan.,21.000000000000000,190.820000000000022,-37.170000000000002,"Crater, craters",AA,Adopted by IAU,190.627000000000010,191.026000000000010,-37.320000000000000,-37.023000000000003,Pakistan,Asia,Phaethontis,mc24,http://planetarynames.wr.usgs.gov/Feature/16399
299.23,-40.96,Ogygis Planum,Ogygis Planum,2025/06/02 00:00:00,From the nearby classical albedo feature Ogygis Regio.,711.000000000000000,299.230000000000018,-40.960000000000001,"Planum, plana",PM,Adopted by IAU,295.360900000000015,305.957800000000020,-46.611600000000003,-36.594000000000001,Greek,Europe,Thaumasia,mc25,http://planetarynames.wr.usgs.gov/Feature/16400
351.34,-29.38,Tokmok,Tokmok,2025/08/18 00:00:00,Town in Kyrgyzstan.,9.500000000000000,351.340000000000032,-29.380000000000003,"Crater, craters",AA,Adopted by IAU,351.240000000000009,351.439000000000021,-29.461000000000002,-29.304000000000002,Kyrgyzstan,Asia,Margaritifer Sinus,mc19,http://planetarynames.wr.usgs.gov/Feature/16402
113.6162,-35.926,Cayon,Cayon,2012/08/27 00:00:00,Town in Saint Kitts and Nevis.,27.309999999999999,113.616200000000006,-35.926000000000002,"Crater, craters",AA,Adopted by IAU,113.330600000000004,113.901800000000009,-36.127299999999998,-35.724600000000002,Saint Kitts and Nevis,North America,Hellas,mc28,http://planetarynames.wr.usgs.gov/Feature/15029
197.0872,25.7461,Amazonis Planitia,Amazonis Planitia,1973/01/01 00:00:00,"Classical albedo feature name; home of the Amazons.",2809.043000000000120,197.087199999999996,25.746100000000002,"Planitia, planitiae",PL,Adopted by IAU,180.343299999999999,219.424400000000020,2.139300000000000,49.746400000000001,Greek,Europe,Amazonis,mc08,http://planetarynames.wr.usgs.gov/Feature/220
320.0522,-35.9267,Moanda,Moanda,2012/07/05 00:00:00,Town in Gabon.,38.881000000000000,320.052200000000028,-35.926700000000004,"Crater, craters",AA,Adopted by IAU,319.645600000000002,320.458799999999997,-36.250000000000000,-35.603300000000004,Gabon,Africa,Argyre,mc26,http://planetarynames.wr.usgs.gov/Feature/15015
314.0826,13.0078,Lederberg,Lederberg,2012/07/20 00:00:00,"Joshua; American molecular biologist (1925-2008).",87.248999999999995,314.082600000000014,13.007800000000001,"Crater, craters",AA,Adopted by IAU,313.323000000000036,314.842199999999991,12.306900000000001,13.708700000000000,American,North America,Lunae Palus,mc10,http://planetarynames.wr.usgs.gov/Feature/15016
359.4827,37.4091,Oxus Cavus,Oxus Cavus,2012/10/29 00:00:00,Classical albedo feature name.,37.874000000000002,359.482700000000023,37.409100000000002,"Cavus, cavi",CB,Adopted by IAU,359.362900000000025,359.571700000000021,37.113900000000001,37.756599999999999,Latin,Europe,Mare Acidalium,mc04,http://planetarynames.wr.usgs.gov/Feature/15040
137.2273,-4.2057,Peace Vallis,Peace Vallis,2012/09/26 00:00:00,"River in British Columbia and Alberta, Canada.",35.235999999999997,137.227300000000014,-4.205700000000000,"Vallis, valles",VA,Adopted by IAU,137.154600000000016,137.309700000000021,-4.421300000000000,-3.955800000000000,Canada,North America,Aeolis,mc23,http://planetarynames.wr.usgs.gov/Feature/15036
113.6019,-35.4501,Fancy,Fancy,2012/08/27 00:00:00,Town in Saint Vincent and the Grenadines.,49.438000000000002,113.601900000000001,-35.450099999999999,"Crater, craters",AA,Adopted by IAU,113.113000000000000,114.090800000000002,-35.868800000000000,-35.031500000000001,Saint Vincent and the Grenadines,North America,Hellas,mc28,http://planetarynames.wr.usgs.gov/Feature/15030
149.5679,-1.3843,Aeolis Serpens,Aeolis Serpens,2012/08/27 00:00:00,Classical albedo feature name.,538.552999999999997,149.567900000000009,-1.384300000000000,"Serpens, serpentes",SE,Adopted by IAU,147.678200000000004,151.995800000000003,-4.899900000000001,2.482900000000000,Greek,Europe,Aeolis,mc23,http://planetarynames.wr.usgs.gov/Feature/15031
137.44,-4.58,Yellowknife,Yellowknife,2012/09/10 00:00:00,"Town in the Northwest Territories, Canada.",0.120000000000000,137.439999999999998,-4.580000000000000,"Crater, craters",AA,Adopted by IAU,137.439999999999998,137.439999999999998,-4.580000000000000,-4.580000000000000,Canada,North America,Aeolis,mc23,http://planetarynames.wr.usgs.gov/Feature/15032
284.4337,-6.6331,Candor Colles,Candor Colles,2012/09/18 00:00:00,Classical albedo feature name.,37.380000000000003,284.433699999999988,-6.633100000000001,"Collis, colles",CO,Adopted by IAU,284.058800000000019,284.697400000000016,-6.668000000000000,-6.573300000000001,Latin,Europe,Coprates,mc18,http://planetarynames.wr.usgs.gov/Feature/15034
284.2669,-6.7776,Ceti Labes,Ceti Labes,2012/09/18 00:00:00,Classical albedo feature name.,11.050000000000001,284.266900000000021,-6.777600000000001,"Labes, labēs",LA,Adopted by IAU,284.150800000000004,284.339600000000019,-6.856500000000000,-6.697200000000000,Latin,Europe,Coprates,mc18,http://planetarynames.wr.usgs.gov/Feature/15035
10.2602,38.4297,Euphrates Patera,Euphrates Patera,2012/10/29 00:00:00,Classical albedo feature name.,20.268000000000001,10.260200000000001,38.429700000000004,"Patera, paterae",PE,Adopted by IAU,10.061400000000001,10.499500000000001,38.271599999999999,38.588799999999999,Hebrew,Asia,Ismenius Lacus,mc05,http://planetarynames.wr.usgs.gov/Feature/15038
359.6576,38.9739,Oxus Patera,Oxus Patera,2012/10/29 00:00:00,Classical albedo feature name.,33.417999999999999,359.657600000000002,38.973900000000000,"Patera, paterae",PE,Adopted by IAU,359.333700000000022,359.992900000000020,38.685600000000001,39.251400000000004,Latin,Europe,Mare Acidalium,mc04,http://planetarynames.wr.usgs.gov/Feature/15041
6.5494,35.304,Siloe Patera,Siloe Patera,2012/10/29 00:00:00,Classical albedo feature name.,39.082000000000001,6.549400000000000,35.304000000000002,"Patera, paterae",PE,Adopted by IAU,6.204000000000001,6.887900000000000,34.976300000000002,35.638300000000001,Latin,Europe,Ismenius Lacus,mc05,http://planetarynames.wr.usgs.gov/Feature/15042
348.9426,33.7692,Eden Patera,Eden Patera,2012/10/29 00:00:00,Classical albedo feature name.,80.000000000000000,348.942600000000027,33.769200000000005,"Patera, paterae",PE,Adopted by IAU,348.275500000000022,349.624099999999999,33.203299999999999,34.384300000000003,Hebrew,Asia,Mare Acidalium,mc04,http://planetarynames.wr.usgs.gov/Feature/15037
1.7994,38.551,Ismenia Patera,Ismenia Patera,2012/10/29 00:00:00,Classical albedo feature name.,82.000000000000000,1.799400000000000,38.551000000000002,"Patera, paterae",PE,Adopted by IAU,0.924500000000000,2.654800000000000,37.949500000000000,39.234900000000003,Greek,Europe,Ismenius Lacus,mc05,http://planetarynames.wr.usgs.gov/Feature/15039
117.5168,46.7363,Utopia Planitia,Utopia Planitia,1973/01/01 00:00:00,Classical albedo feature name.,3560.447999999999865,117.516800000000003,46.736300000000000,"Planitia, planitiae",PL,Adopted by IAU,71.856200000000001,164.886899999999997,12.915900000000001,73.169899999999998,Latin,Europe,Casius,mc06,http://planetarynames.wr.usgs.gov/Feature/6260
236.9133,6.1415,Ulysses Colles,Ulysses Colles,2012/07/20 00:00:00,Classical albedo feature name.,84.811999999999998,236.913300000000021,6.141500000000001,"Collis, colles",CO,Adopted by IAU,236.534000000000020,237.528300000000002,5.495900000000001,6.935100000000000,Greek,Europe,Tharsis,mc09,http://planetarynames.wr.usgs.gov/Feature/15017
152.6345,-5.0465,Aeolis Dorsa,Aeolis Dorsa,2012/07/27 00:00:00,Classical albedo feature name.,459.165000000000020,152.634500000000003,-5.046500000000000,"Dorsum, dorsa",DO,Adopted by IAU,148.598900000000015,156.421099999999996,-8.129900000000001,-1.032700000000000,Greek,Europe,Aeolis,mc23,http://planetarynames.wr.usgs.gov/Feature/15019
288.5428,-3.6721,Baetis Labēs,Baetis Labes,2017/02/02 00:00:00,"Classical albedo feature, Baetis.",88.000000000000000,288.542800000000000,-3.672100000000000,"Labes, labēs",LA,Adopted by IAU,287.729199999999992,289.226100000000031,-4.357500000000000,-3.008900000000000,Greek,Europe,Coprates,mc18,http://planetarynames.wr.usgs.gov/Feature/15537
289.9024,-6.7662,Chrysas Mensa,Chrysas Mensa,2017/02/02 00:00:00,"Classical albedo feature name, Chrysas.",167.000000000000000,289.902400000000000,-6.766200000000000,"Mensa, mensae",MN,Adopted by IAU,288.327300000000037,291.123300000000029,-7.268100000000000,-6.319200000000000,Greek,Europe,Coprates,mc18,http://planetarynames.wr.usgs.gov/Feature/15538
311.9061,-50.369,Argyre Mons,Argyre Mons,2014/02/18 00:00:00,Classical albedo feature name.,60.579999999999998,311.906100000000038,-50.369000000000000,"Mons, montes",MO,Adopted by IAU,311.272899999999993,312.577500000000043,-50.890000000000001,-49.865600000000001,Greek,Europe,Argyre,mc26,http://planetarynames.wr.usgs.gov/Feature/15236
67.3496,9.1483,Nili Tholus,Nili Tholus,2014/05/09 00:00:00,Classical albedo feature name.,7.001000000000000,67.349600000000009,9.148300000000001,"Tholus, tholi",TH,Adopted by IAU,67.304000000000002,67.397400000000005,9.085400000000000,9.204100000000000,Latin,Europe,Syrtis Major,mc13,http://planetarynames.wr.usgs.gov/Feature/15241
313.3136,11.8886,Magong,Magong,2014/04/09 00:00:00,Town in Taiwan (also spelled Makung).,46.560000000000002,313.313600000000008,11.888600000000000,"Crater, craters",AA,Adopted by IAU,312.937999999999988,313.689200000000028,11.493600000000001,12.283600000000000,Taiwan,Asia,Lunae Palus,mc10,http://planetarynames.wr.usgs.gov/Feature/15238
283.978,-5.8939,Ceti Mensa,Ceti Mensa,1994/01/01 00:00:00,Albedo feature Ceti Lacus.,133.950999999999993,283.978000000000009,-5.893900000000000,"Mensa, mensae",MN,Adopted by IAU,282.807900000000018,285.093099999999993,-6.717900000000000,-4.960100000000001,Latin,Europe,Coprates,mc18,http://planetarynames.wr.usgs.gov/Feature/1115
271.0227,38.1892,Atrax Fossa,Atrax Fossa,2014/05/30 00:00:00,Classical town.,34.423000000000002,271.022699999999986,38.189200000000000,"Fossa, fossae",FO,Adopted by IAU,270.701300000000003,271.308300000000031,38.049100000000003,38.371800000000000,Greek,Europe,Arcadia,mc03,http://planetarynames.wr.usgs.gov/Feature/15243
348.7628,7.7986,Aram Dorsum,Aram Dorsum,2014/04/29 00:00:00,Classical albedo feature name.,83.311999999999998,348.762800000000027,7.798600000000000,"Dorsum, dorsa",DO,Adopted by IAU,348.186000000000035,349.237900000000025,7.757400000000001,8.298500000000001,Syria,Asia,Oxia Palus,mc11,http://planetarynames.wr.usgs.gov/Feature/15239
6.4135,-69.6417,Sisyphi Planum,Sisyphi Planum,2003/01/01 00:00:00,Classical albedo feature name.,1032.874399999999923,6.413500000000000,-69.641700000000000,"Planum, plana",PM,Adopted by IAU,-15.948000000000000,34.881200000000000,-77.321500000000000,-60.195500000000003,Greek,Europe,Mare Australe,mc30,http://planetarynames.wr.usgs.gov/Feature/5581
274.184,-45.1003,Istok,Istok,2014/04/30 00:00:00,Town in Kosovo.,4.815000000000000,274.184000000000026,-45.100300000000004,"Crater, craters",AA,Adopted by IAU,274.132100000000037,274.235900000000015,-45.141000000000005,-45.059500000000000,Kosovo,Europe,Thaumasia,mc25,http://planetarynames.wr.usgs.gov/Feature/15240
149.628,37.6364,Bree,Bree,2014/09/15 00:00:00,Town in Belgium.,28.794000000000000,149.628000000000014,37.636400000000002,"Crater, craters",AA,Adopted by IAU,149.320200000000000,149.935900000000004,37.405999999999999,37.866800000000005,Belgium,Europe,Cebrenia,mc07,http://planetarynames.wr.usgs.gov/Feature/15251
169.8764,19.2522,Kotka,Kotka,2014/09/15 00:00:00,Town in Finland.,39.447000000000003,169.876400000000018,19.252200000000002,"Crater, craters",AA,Adopted by IAU,169.522099999999995,170.230700000000013,18.919200000000000,19.585200000000000,Finland,Europe,Elysium,mc15,http://planetarynames.wr.usgs.gov/Feature/15252
267.79,15.83,Topola,Topola,2018/02/16 00:00:00,Town in Serbia.,8.000000000000000,267.790000000000020,15.830000000000000,"Crater, craters",AA,Adopted by IAU,267.722300000000018,267.865600000000029,15.761000000000001,15.892700000000001,Serbia,Europe,Tharsis,mc09,http://planetarynames.wr.usgs.gov/Feature/15717
84.14,33.49,Jaisalmer,Jaisalmer,2018/02/16 00:00:00,Town in India.,15.000000000000000,84.140000000000001,33.490000000000002,"Crater, craters",AA,Adopted by IAU,83.988300000000010,84.280600000000007,33.372300000000003,33.625100000000003,India,Asia,Casius,mc06,http://planetarynames.wr.usgs.gov/Feature/15716
178.6048,-37.2004,Caralis Chaos,Caralis Chaos,2014/09/22 00:00:00,"After Caralis Fons, classical albedo feature named after Caralis Lacus, now Beysehir Gölü, in Isauria (Asia Minor).",103.352000000000004,178.604800000000012,-37.200400000000002,"Chaos, chaoses",CH,Adopted by IAU,177.635700000000014,179.832999999999998,-38.117100000000001,-36.540500000000002,Turkey,Asia,Eridania,mc29,http://planetarynames.wr.usgs.gov/Feature/15253
98.0442,-14.5679,López,Lopez,2014/10/07 00:00:00,"Epidio López; Mexican astronomer and author (1879-1965).",85.000000000000000,98.044200000000004,-14.567900000000000,"Crater, craters",AA,Adopted by IAU,97.300100000000000,98.788300000000007,-15.245500000000002,-13.890200000000000,Mexico,North America,Mare Tyrrhenum,mc22,http://planetarynames.wr.usgs.gov/Feature/15254
78.9,-3.86,Oenotria Cavi,Oenotria Cavi,2018/01/30 00:00:00,"Classical albedo feature name, Oenotria.",247.000000000000000,78.900000000000006,-3.860000000000000,"Cavus, cavi",CB,Adopted by IAU,77.449100000000001,80.344700000000003,-5.832800000000001,-1.889500000000000,Latin,Europe,Iapygia,mc21,http://planetarynames.wr.usgs.gov/Feature/15712
102.95,-16.36,Kenge,Kenge,2018/02/16 00:00:00,Town in Democratic Republic of the Congo.,6.000000000000000,102.950000000000003,-16.359999999999999,"Crater, craters",AA,Adopted by IAU,102.898700000000005,103.003200000000007,-16.416200000000000,-16.310700000000001,Democratic Republic of the Congo,Africa,Mare Tyrrhenum,mc22,http://planetarynames.wr.usgs.gov/Feature/15718
212.37,31.12,Yelwa,Yelwa,2018/02/16 00:00:00,Town in Nigeria,8.199999999999999,212.370000000000005,31.120000000000001,"Crater, craters",AA,Adopted by IAU,212.297300000000007,212.457999999999998,31.039200000000001,31.190100000000001,Nigeria,Africa,Diacria,mc02,http://planetarynames.wr.usgs.gov/Feature/15719
59.48,-24.04,Kilmia,Kilmia,2018/02/16 00:00:00,Village in Yemen.,7.000000000000000,59.480000000000004,-24.040000000000003,"Crater, craters",AA,Adopted by IAU,59.414700000000003,59.539600000000000,-24.098200000000002,-23.980100000000000,Yemen,Asia,Iapygia,mc21,http://planetarynames.wr.usgs.gov/Feature/15720
57.54,-36,Kufstein,Kufstein,2018/02/20 00:00:00,Town in Austria.,18.800000000000001,57.540000000000006,-36.000000000000000,"Crater, craters",AA,Adopted by IAU,57.357400000000005,57.743800000000000,-36.157400000000003,-35.847600000000000,Austria,Europe,Noachis,mc27,http://planetarynames.wr.usgs.gov/Feature/15721
78.0257,-25.9689,Napo Vallis,Napo Vallis,2014/10/12 00:00:00,River in Ecuador.,87.500000000000000,78.025700000000001,-25.968900000000001,"Vallis, valles",VA,Adopted by IAU,77.760100000000008,78.131700000000009,-26.705700000000000,-25.317299999999999,Ecuador,South and Central America,Iapygia,mc21,http://planetarynames.wr.usgs.gov/Feature/15266
78.0477,-27.2454,Hadriacus Cavi,Hadriacus Cavi,2014/10/12 00:00:00,Classical albedo feature name.,59.085999999999999,78.047700000000006,-27.245400000000000,"Cavus, cavi",CB,Adopted by IAU,77.472800000000007,78.599299999999999,-27.500200000000003,-27.019500000000001,Latin,Europe,Iapygia,mc21,http://planetarynames.wr.usgs.gov/Feature/15264
79.0746,-26.6666,Huallaga Vallis,Huallaga Vallis,2014/10/12 00:00:00,River in Peru.,92.500000000000000,79.074600000000004,-26.666600000000003,"Vallis, valles",VA,Adopted by IAU,78.414900000000003,79.837600000000009,-26.898700000000002,-26.240800000000000,Peru,South and Central America,Iapygia,mc21,http://planetarynames.wr.usgs.gov/Feature/15267
80.1439,-27.1651,Auce,Auce,2014/10/12 00:00:00,Town in Latvia.,37.009999999999998,80.143900000000002,-27.165100000000002,"Crater, craters",AA,Adopted by IAU,79.805100000000010,80.482700000000008,-27.478700000000000,-26.851400000000002,Latvia,Europe,Iapygia,mc21,http://planetarynames.wr.usgs.gov/Feature/15265
300.0262,-5.9023,Hydrae Chaos,Hydrae Chaos,2014/11/01 00:00:00,Classical albedo feature name.,66.000000000000000,300.026200000000017,-5.902300000000000,"Chaos, chaoses",CH,Adopted by IAU,299.437200000000018,300.486400000000003,-6.122800000000001,-5.602300000000001,Latin,Europe,Coprates,mc18,http://planetarynames.wr.usgs.gov/Feature/15271
297.7152,-9.2697,Pital,Pital,2014/11/01 00:00:00,Town in Costa Rica.,41.700000000000003,297.715200000000038,-9.269700000000000,"Crater, craters",AA,Adopted by IAU,297.366700000000037,298.063700000000040,-9.579500000000001,-8.959900000000001,Costa Rica,South and Central America,Coprates,mc18,http://planetarynames.wr.usgs.gov/Feature/15272
313.3922,8.9566,Esira,Esira,2014/12/08 00:00:00,Town in Madagascar.,16.256000000000000,313.392200000000003,8.956600000000000,"Crater, craters",AA,Adopted by IAU,313.252900000000011,313.531499999999994,8.818700000000000,9.094500000000000,Madagascar,Africa,Lunae Palus,mc10,http://planetarynames.wr.usgs.gov/Feature/15273
171.2213,-38.0973,Tarq,Tarq,2017/03/16 00:00:00,Town in Iran.,35.362000000000002,171.221300000000014,-38.097300000000004,"Crater, craters",AA,Adopted by IAU,170.856099999999998,171.597700000000003,-38.392099999999999,-37.793300000000002,Iran,Asia,Eridania,mc29,http://planetarynames.wr.usgs.gov/Feature/15564
290.3108,-11.5157,Garni,Garni,2015/04/24 00:00:00,Village in Armenia.,2.572000000000000,290.310800000000029,-11.515700000000001,"Crater, craters",AA,Adopted by IAU,290.288600000000031,290.333100000000002,-11.536400000000000,-11.495000000000001,Armenian,Asia,Coprates,mc18,http://planetarynames.wr.usgs.gov/Feature/15318
136.5395,-4.8185,Dulce Vallis,Dulce Vallis,2015/06/19 00:00:00,River in Argentina.,32.463999999999999,136.539500000000004,-4.818500000000000,"Vallis, valles",VA,Adopted by IAU,136.466700000000003,136.738600000000019,-4.955900000000001,-4.590600000000000,Argentina,South and Central America,Aeolis,mc23,http://planetarynames.wr.usgs.gov/Feature/15330
141.28,-6.39,Garu,Garu,2018/04/06 00:00:00,Town in Ghana.,32.000000000000000,141.280000000000001,-6.390000000000001,"Crater, craters",AA,Adopted by IAU,140.989900000000006,141.563600000000008,-6.654400000000001,-6.120000000000000,Ghana,Africa,Aeolis,mc23,http://planetarynames.wr.usgs.gov/Feature/15731
327.9158,35.2589,Rauna,Rauna,2015/04/24 00:00:00,Village in Latvia.,2.534000000000000,327.915799999999990,35.258900000000004,"Crater, craters",AA,Adopted by IAU,327.891300000000001,327.940300000000036,35.237400000000001,35.280400000000000,Latvia,Europe,Mare Acidalium,mc04,http://planetarynames.wr.usgs.gov/Feature/15319
294.6092,-13.0007,Coprates Montes,Coprates Montes,2015/05/26 00:00:00,"Classical martian albedo feature, Coprates",350.000000000000000,294.609199999999987,-13.000700000000000,"Mons, montes",MO,Adopted by IAU,291.125100000000032,297.085100000000011,-13.941700000000001,-11.936600000000000,Greek,Europe,Coprates,mc18,http://planetarynames.wr.usgs.gov/Feature/15326
305.3524,-14.6385,Nectaris Montes,Nectaris Montes,2015/05/26 00:00:00,"Classical martian albedo feature, Nectaris",220.000000000000000,305.352399999999989,-14.638500000000001,"Mons, montes",MO,Adopted by IAU,303.689000000000021,307.374900000000025,-15.076000000000001,-14.098200000000000,Greek,Europe,Coprates,mc18,http://planetarynames.wr.usgs.gov/Feature/15327
18.7662,-47.0098,Moni,Moni,2015/06/29 00:00:00,Village in Cyprus.,5.436000000000000,18.766200000000001,-47.009800000000006,"Crater, craters",AA,Adopted by IAU,18.707100000000001,18.825200000000002,-47.055800000000005,-46.963799999999999,Cyprus,Europe,Noachis,mc27,http://planetarynames.wr.usgs.gov/Feature/15331
23.6915,-39.1772,Hunten,Hunten,2015/03/21 00:00:00,"Donald M.; American atmospheric physicist (1925-2010).",82.438999999999993,23.691500000000001,-39.177199999999999,"Crater, craters",AA,Adopted by IAU,22.791200000000000,24.591699999999999,-39.864300000000000,-38.490100000000005,United States,North America,Noachis,mc27,http://planetarynames.wr.usgs.gov/Feature/15308
18.7215,-32.4289,Choyr,Choyr,2015/03/21 00:00:00,Town in Mongolia.,36.417000000000002,18.721500000000002,-32.428899999999999,"Crater, craters",AA,Adopted by IAU,18.383100000000002,19.060000000000002,-32.737400000000001,-32.120400000000004,Mongolia,Asia,Noachis,mc27,http://planetarynames.wr.usgs.gov/Feature/15309
305.3004,35.6204,Moa Valles,Moa Valles,2015/07/10 00:00:00,River in Sierra Leone.,265.000000000000000,305.300400000000025,35.620400000000004,"Vallis, valles",VA,Adopted by IAU,302.899900000000002,306.986800000000017,35.024400000000000,36.752000000000002,Sierra Leone,Africa,Mare Acidalium,mc04,http://planetarynames.wr.usgs.gov/Feature/15349
3.9177,-36.7932,Greeley,Greeley,2015/04/11 00:00:00,"Ronald; American geologist (1939-2011).",457.454999999999984,3.917700000000000,-36.793199999999999,"Crater, craters",AA,Adopted by IAU,-0.202400000000000,8.037800000000001,-40.666600000000003,-32.919899999999998,United States,North America,Noachis,mc27,http://planetarynames.wr.usgs.gov/Feature/15313
62.1439,-32.7942,Badwater,Badwater,2015/04/11 00:00:00,"Town in California, USA.",33.143000000000001,62.143900000000002,-32.794200000000004,"Crater, craters",AA,Adopted by IAU,61.832200000000000,62.455600000000004,-33.074900000000000,-32.513400000000004,United States,North America,Hellas,mc28,http://planetarynames.wr.usgs.gov/Feature/15314
293.7889,-49.6616,Ogygis Undae,Ogygis Undae,2015/09/17 00:00:00,Named from the classical albedo feature name Ogygis Regio.,87.700000000000003,293.788900000000012,-49.661600000000000,"Unda, undae",UN,Adopted by IAU,292.643400000000042,294.925800000000038,-49.937000000000005,-49.368400000000001,Greek,Europe,Thaumasia,mc25,http://planetarynames.wr.usgs.gov/Feature/15370
259.2686,-13.4615,Syria Colles,Syria Colles,2015/04/11 00:00:00,"Classical albedo feature name, Syria.",630.000000000000000,259.268599999999992,-13.461500000000001,"Collis, colles",CO,Adopted by IAU,254.781700000000001,263.922400000000039,-18.061500000000002,-8.547400000000000,Greek,Europe,Phoenicis Lacus,mc17,http://planetarynames.wr.usgs.gov/Feature/15315
304.46,-11.83,Kankossa,Kankossa,2017/04/03 00:00:00,Town in Mauritania.,16.500000000000000,304.460000000000036,-11.830000000000000,"Crater, craters",AA,Adopted by IAU,304.315500000000043,304.603400000000022,-11.980000000000000,-11.695500000000001,Mauritania,Africa,Coprates,mc18,http://planetarynames.wr.usgs.gov/Feature/15568
294.3745,-7.93,Juventae Mensa,Juventae Mensa,2015/04/17 00:00:00,"Classical albedo feature name, Juventae Fons",116.000000000000000,294.374500000000012,-7.930000000000001,"Mensa, mensae",MN,Adopted by IAU,293.530000000000030,295.326200000000028,-8.732800000000001,-7.304500000000000,Greek,Europe,Coprates,mc18,http://planetarynames.wr.usgs.gov/Feature/15316
75.3731,-35.6657,Talas,Talas,2015/07/27 00:00:00,Town in Kyrgyzstan.,30.000000000000000,75.373100000000008,-35.665700000000001,"Crater, craters",AA,Adopted by IAU,75.061400000000006,75.684800000000010,-35.925200000000004,-35.406300000000002,Kyrgyzstan,Asia,Hellas,mc28,http://planetarynames.wr.usgs.gov/Feature/15362
115.67,-25.79,Bam,Bam,2017/04/03 00:00:00,Town in Kermān province in Iran.,6.800000000000000,115.670000000000002,-25.790000000000003,"Crater, craters",AA,Adopted by IAU,115.611300000000000,115.737900000000010,-25.853400000000001,-25.736300000000000,Iran,Asia,Mare Tyrrhenum,mc22,http://planetarynames.wr.usgs.gov/Feature/15569
341.24,23.46,Oituz,Oituz,2018/04/23 00:00:00,Town in (Bacău) Romania.,15.300000000000001,341.240000000000009,23.460000000000001,"Crater, craters",AA,Adopted by IAU,341.097800000000007,341.353400000000022,23.327100000000002,23.584600000000002,Romania (Rumania),Europe,Oxia Palus,mc11,http://planetarynames.wr.usgs.gov/Feature/15750
292.6848,-7.7219,Nia Mensa,Nia Mensa,2015/04/17 00:00:00,"Classical albedo feature name, Nia",95.000000000000000,292.684799999999996,-7.721900000000001,"Mensa, mensae",MN,Adopted by IAU,291.974300000000028,293.383300000000020,-8.282300000000001,-7.205700000000000,Greek,Europe,Coprates,mc18,http://planetarynames.wr.usgs.gov/Feature/15317
82.6838,-33.9351,Navua Valles,Navua Valles,2015/07/27 00:00:00,River in Fiji.,500.000000000000000,82.683800000000005,-33.935099999999998,"Vallis, valles",VA,Adopted by IAU,79.306500000000000,85.788400000000010,-37.183199999999999,-29.503800000000002,Fiji,Oceania,Hellas,mc28,http://planetarynames.wr.usgs.gov/Feature/15363
65.466,-34.6372,Hellas Chasma,Hellas Chasma,2015/08/07 00:00:00,Classical albedo feature name.,148.000000000000000,65.466000000000008,-34.637200000000000,"Chasma, chasmata",CM,Adopted by IAU,63.950900000000004,66.911699999999996,-35.010700000000000,-34.093299999999999,Greek,Europe,Hellas,mc28,http://planetarynames.wr.usgs.gov/Feature/15364
137.4362,-4.8537,Gediz Vallis,Gediz Vallis,2017/05/01 00:00:00,River in Turkey.,8.295000000000000,137.436200000000014,-4.853700000000000,"Vallis, valles",VA,Adopted by IAU,137.384399999999999,137.480600000000010,-4.906400000000001,-4.765700000000000,Turkey,Asia,Aeolis,mc23,http://planetarynames.wr.usgs.gov/Feature/15571
56.7106,-35.0558,Peneus Palus,Peneus Palus,2015/08/07 00:00:00,"From classical albedo feature at 48S, 290W.",870.000000000000000,56.710599999999999,-35.055800000000005,"Palus, paludes",PA,Adopted by IAU,49.792200000000001,65.041300000000007,-40.583500000000001,-30.564000000000000,Greek,Europe,Noachis,mc27,http://planetarynames.wr.usgs.gov/Feature/15365
202.72,-39.34,Arvi,Arvi,2022/03/23 00:00:00,Town in India.,7.000000000000000,202.719999999999999,-39.340000000000003,"Crater, craters",AA,Adopted by IAU,202.646500000000003,202.794100000000014,-39.400900000000000,-39.283500000000004,India,Asia,Phaethontis,mc24,http://planetarynames.wr.usgs.gov/Feature/16042
174.0992,-35.94,Kārūn Valles,Karun Valles,2015/10/02 00:00:00,River in Iran.,64.000000000000000,174.099199999999996,-35.940000000000005,"Vallis, valles",VA,Adopted by IAU,173.707600000000014,174.515100000000018,-36.478700000000003,-35.553100000000001,Iran,Asia,Eridania,mc29,http://planetarynames.wr.usgs.gov/Feature/15411
65.4092,-32.6822,Coronae Planum,Coronae Planum,2015/08/07 00:00:00,Albedo feature name.,265.000000000000000,65.409199999999998,-32.682200000000002,"Planum, plana",PM,Adopted by IAU,63.659200000000006,66.850700000000003,-34.616500000000002,-30.743900000000000,Greek,Europe,Hellas,mc28,http://planetarynames.wr.usgs.gov/Feature/15366
220.32,-35.79,Icaria Rupes,Icaria Rupes,2017/06/05 00:00:00,"Classical albedo feature name, Icaria.",159.812999999999988,220.320000000000022,-35.789999999999999,"Rupes, rupēs",RU,Adopted by IAU,219.531400000000019,221.151900000000012,-36.886900000000004,-34.684200000000004,Greek,Europe,Phaethontis,mc24,http://planetarynames.wr.usgs.gov/Feature/15575
16.47,16.77,Hiddekel Rupes,Hiddekel Rupes,2017/06/05 00:00:00,"Classical albedo feature name, Hiddekel.",313.000000000000000,16.470000000000002,16.770000000000000,"Rupes, rupēs",RU,Adopted by IAU,16.361400000000000,17.847300000000001,14.499500000000001,19.034200000000002,Babylon,Asia,Arabia,mc12,http://planetarynames.wr.usgs.gov/Feature/15573
165.06,-23.94,Draconis Mons,Draconis Mons,2020/10/27 00:00:00,"From albedo feature at 25S, 205W.",39.683999999999997,165.060000000000002,-23.940000000000001,"Mons, montes",MO,Adopted by IAU,164.722400000000022,165.458500000000015,-24.184000000000001,-23.634700000000002,Greek,Europe,Aeolis,mc23,http://planetarynames.wr.usgs.gov/Feature/15939
96.875,-15.7626,Auki,Auki,2015/08/14 00:00:00,Town in the Solomon Islands.,40.000000000000000,96.875000000000000,-15.762600000000001,"Crater, craters",AA,Adopted by IAU,96.537900000000008,97.212000000000003,-16.084700000000002,-15.440600000000000,Solomon Islands,Oceania,Mare Tyrrhenum,mc22,http://planetarynames.wr.usgs.gov/Feature/15367
69.433,20.1929,Negril,Negril,2015/08/20 00:00:00,Town in Jamaica.,52.000000000000000,69.433000000000007,20.192900000000002,"Crater, craters",AA,Adopted by IAU,69.007100000000008,69.859000000000009,19.754300000000001,20.631399999999999,Jamaica,North America,Syrtis Major,mc13,http://planetarynames.wr.usgs.gov/Feature/15368
292.9675,-44.6725,Phrixi Rupes,Phrixi Rupes,2017/06/05 00:00:00,"Classical albedo feature name, Phrixi.",413.088000000000022,292.967500000000030,-44.672499999999999,"Rupes, rupēs",RU,Adopted by IAU,290.820699999999988,294.791200000000003,-45.677399999999999,-43.859500000000004,Latin,Europe,Thaumasia,mc25,http://planetarynames.wr.usgs.gov/Feature/15589
328.0155,-19.647,Cardona,Cardona,2015/08/21 00:00:00,Town in Uruguay.,13.699999999999999,328.015500000000031,-19.647000000000002,"Crater, craters",AA,Adopted by IAU,327.894499999999994,328.136500000000012,-19.763200000000001,-19.530799999999999,Uruguay,South and Central America,Margaritifer Sinus,mc19,http://planetarynames.wr.usgs.gov/Feature/15369
328.91,-15.1354,Alnif,Alnif,2017/07/05 00:00:00,Town in Morocco.,23.991000000000000,328.910000000000025,-15.135400000000001,"Crater, craters",AA,Adopted by IAU,328.685000000000002,329.106600000000014,-15.333000000000000,-14.933300000000001,Morocco,Africa,Margaritifer Sinus,mc19,http://planetarynames.wr.usgs.gov/Feature/15605
85.7955,2.5818,Bradbury,Bradbury,2015/10/15 00:00:00,"Raymond Douglas “Ray”; American author (1920-2012).",63.200000000000003,85.795500000000004,2.581800000000000,"Crater, craters",AA,Adopted by IAU,85.255000000000010,86.335999999999999,2.062300000000000,3.101300000000000,United States,North America,Syrtis Major,mc13,http://planetarynames.wr.usgs.gov/Feature/15432
78.12,-27.14,Gokwe,Gokwe,2017/07/05 00:00:00,Town in Zimbabwe.,2.163000000000000,78.120000000000005,-27.140000000000001,"Crater, craters",AA,Adopted by IAU,78.092300000000009,78.133499999999998,-27.148700000000002,-27.114300000000000,Zimbabwe,Africa,Iapygia,mc21,http://planetarynames.wr.usgs.gov/Feature/15606
339.26,49.76,Acidalia Planitia,Acidalia Planitia,1973/01/01 00:00:00,"From classical albedo feature at 44N, 21W.",3505.000000000000000,339.259999999999991,49.760000000000005,"Planitia, planitiae",PL,Adopted by IAU,-55.553200000000004,16.145000000000000,14.760900000000001,68.672400000000010,Greek,Europe,Mare Acidalium,mc04,http://planetarynames.wr.usgs.gov/Feature/38
188.15,49.02,Arcadia Planitia,Arcadia Planitia,1973/01/01 00:00:00,"From classical albedo feature at 45N, 120W.",2245.000000000000000,188.150000000000006,49.020000000000003,"Planitia, planitiae",PL,Adopted by IAU,165.782000000000011,210.391999999999996,33.879000000000005,64.196100000000001,Greek,Europe,Diacria,mc02,http://planetarynames.wr.usgs.gov/Feature/348
16.24,29.43,Hiddekel Cavus,Hiddekel Cavus,2016/05/17 00:00:00,"Classical albedo feature name, Hiddekel.",23.300000000000001,16.240000000000002,29.430000000000000,"Cavus, cavi",CB,Adopted by IAU,16.014800000000001,16.476200000000002,29.225000000000001,29.628800000000002,Babylon,Asia,Arabia,mc12,http://planetarynames.wr.usgs.gov/Feature/15482
2.59,81.87,Gemina Lingula,Gemina Lingula,2007/04/30 00:00:00,Classical albedo feature name.,772.889999999999986,2.590000000000000,81.870000000000005,"Lingula, lingulae",LN,Adopted by IAU,-45.204500000000003,50.131300000000003,78.538499999999999,85.025599999999997,Latin,Europe,Mare Boreum,mc01,http://planetarynames.wr.usgs.gov/Feature/14287
339.85,84.64,Boreum Cavus,Boreum Cavus,2006/01/01 00:00:00,Classical albedo feature name.,62.130000000000003,339.850000000000023,84.640000000000001,"Cavus, cavi",CB,Adopted by IAU,-27.324500000000000,-16.128500000000003,84.087400000000002,85.086600000000004,Latin,Europe,Mare Boreum,mc01,http://planetarynames.wr.usgs.gov/Feature/6962
188.81,82.18,Olympia Planum,Olympia Planum,2007/03/20 00:00:00,Classical albedo feature name.,804.389999999999986,188.810000000000002,82.180000000000007,"Planum, plana",PM,Adopted by IAU,136.719400000000007,240.614800000000002,79.076400000000007,84.844999999999999,Greek,Europe,Mare Boreum,mc01,http://planetarynames.wr.usgs.gov/Feature/14281
83.23,-27.35,McCauley,McCauley,2018/06/01 00:00:00,"John “Jack”; American geologist (1932-2012).",90.000000000000000,83.230000000000004,-27.350000000000001,"Crater, craters",AA,Adopted by IAU,82.351600000000005,84.048400000000001,-28.103900000000003,-26.583300000000001,United States,North America,Iapygia,mc21,http://planetarynames.wr.usgs.gov/Feature/15756
83.4,-28.38,Jori,Jori,2018/06/01 00:00:00,Town in Republic of Korea.,31.000000000000000,83.400000000000006,-28.380000000000003,"Crater, craters",AA,Adopted by IAU,83.129400000000004,83.690300000000008,-28.647900000000000,-28.110300000000002,Republic of Korea,Asia,Iapygia,mc21,http://planetarynames.wr.usgs.gov/Feature/15757
84.15,-28.91,Batson,Batson,2018/06/01 00:00:00,"Raymond Milner; American geologist and photogrammetrist (1931-2013).",75.000000000000000,84.150000000000006,-28.910000000000000,"Crater, craters",AA,Adopted by IAU,83.398200000000003,84.838700000000003,-29.530700000000003,-28.257400000000001,United States,North America,Iapygia,mc21,http://planetarynames.wr.usgs.gov/Feature/15758
82.93,-29.67,Nako,Nako,2018/06/01 00:00:00,Town in Burkina Faso.,43.000000000000000,82.930000000000007,-29.670000000000002,"Crater, craters",AA,Adopted by IAU,82.541800000000009,83.351200000000006,-30.020800000000001,-29.291600000000003,Burkina Faso (Upper Volta),Africa,Iapygia,mc21,http://planetarynames.wr.usgs.gov/Feature/15759
83.69,-29.85,Salkhad,Salkhad,2018/06/01 00:00:00,Town in Syria.,42.000000000000000,83.689999999999998,-29.850000000000001,"Crater, craters",AA,Adopted by IAU,83.283900000000003,84.077700000000007,-30.185200000000002,-29.484300000000001,Syria,Asia,Iapygia,mc21,http://planetarynames.wr.usgs.gov/Feature/15760
105.92,3.4,Amenthes Planum,Amenthes Planum,2006/01/01 00:00:00,Classical albedo feature name.,953.000000000000000,105.920000000000002,3.400000000000000,"Planum, plana",PM,Adopted by IAU,99.090600000000009,111.927700000000002,-2.165500000000000,9.203600000000000,Egypt,Africa,Amenthes,mc14,http://planetarynames.wr.usgs.gov/Feature/228
182.23,85.06,Olympia Cavi,Olympia Cavi,2006/01/01 00:00:00,Classical albedo feature name.,342.782870000000003,182.230000000000018,85.060000000000002,"Cavus, cavi",CB,Adopted by IAU,118.412600000000012,247.562700000000007,80.851700000000008,85.875700000000009,Greek,Europe,Mare Boreum,mc01,http://planetarynames.wr.usgs.gov/Feature/14157
150.6,-7.13,Aeolis Chaos,Aeolis Chaos,2018/06/13 00:00:00,Classical albedo feature name.,201.000000000000000,150.599999999999994,-7.130000000000001,"Chaos, chaoses",CH,Adopted by IAU,148.950299999999999,152.242300000000000,-7.824800000000001,-6.418000000000000,Greek,Europe,Aeolis,mc23,http://planetarynames.wr.usgs.gov/Feature/15761
0.99,10.24,Wulai,Wulai,2018/08/31 00:00:00,Town in Taiwan.,50.500000000000000,0.990000000000000,10.240000000000000,"Crater, craters",AA,Adopted by IAU,0.541600000000000,1.411700000000000,9.815000000000001,10.655300000000000,Taiwan,Asia,Arabia,mc12,http://planetarynames.wr.usgs.gov/Feature/15764
1.62,3.78,Izamal,Izamal,2018/08/31 00:00:00,Town in Mexico.,57.500000000000000,1.620000000000000,3.780000000000000,"Crater, craters",AA,Adopted by IAU,1.157400000000000,2.094500000000000,3.301000000000000,4.276800000000001,Mexico,North America,Arabia,mc12,http://planetarynames.wr.usgs.gov/Feature/15769
141.27,8.93,Kalpin,Kalpin,2018/11/14 00:00:00,Town in China.,52.000000000000000,141.270000000000010,8.930000000000000,"Crater, craters",AA,Adopted by IAU,140.818100000000015,141.717100000000016,8.496100000000000,9.373200000000001,China,Asia,Elysium,mc15,http://planetarynames.wr.usgs.gov/Feature/15777
355.68,10.76,Banes,Banes,2018/08/31 00:00:00,Town in Cuba.,41.000000000000000,355.680000000000007,10.760000000000000,"Crater, craters",AA,Adopted by IAU,355.334200000000010,356.008000000000038,10.416200000000000,11.111500000000001,Cuba,North America,Oxia Palus,mc11,http://planetarynames.wr.usgs.gov/Feature/15765
358.95,8.84,Sera,Sera,2018/08/31 00:00:00,Town in Japan.,28.000000000000000,358.950000000000045,8.840000000000000,"Crater, craters",AA,Adopted by IAU,358.699299999999994,359.181500000000028,8.599700000000000,9.065000000000001,Japan,Asia,Oxia Palus,mc11,http://planetarynames.wr.usgs.gov/Feature/15766
358.26,8.77,Jiji,Jiji,2018/08/31 00:00:00,Town in Taiwan.,21.000000000000000,358.259999999999991,8.770000000000000,"Crater, craters",AA,Adopted by IAU,358.070400000000006,358.440600000000018,8.590700000000000,8.943500000000000,Taiwan,Asia,Oxia Palus,mc11,http://planetarynames.wr.usgs.gov/Feature/15767
14.35,-0.12,Kaporo,Kaporo,2018/08/31 00:00:00,Town in Malawi.,42.700000000000003,14.350000000000001,-0.120000000000000,"Crater, craters",AA,Adopted by IAU,13.985800000000001,14.708300000000001,-0.489900000000000,0.237200000000000,Malawi,Africa,Sinus Sabaeus,mc20,http://planetarynames.wr.usgs.gov/Feature/15768
1.13,3.83,Yelapa,Yelapa,2018/08/31 00:00:00,Town in Mexico.,29.000000000000000,1.130000000000000,3.830000000000000,"Crater, craters",AA,Adopted by IAU,0.883800000000000,1.390400000000000,3.569400000000000,4.075700000000000,Mexico,North America,Arabia,mc12,http://planetarynames.wr.usgs.gov/Feature/15770
109.939,24.812,Zhengji,Zhengji,2022/01/04 00:00:00,Town in China.,0.480000000000000,109.939000000000007,24.812000000000001,"Crater, craters",AA,Adopted by IAU,109.935100000000006,109.943500000000000,24.808500000000002,24.816300000000002,China,Asia,Amenthes,mc14,http://planetarynames.wr.usgs.gov/Feature/16038
356.45,4.73,Cagli,Cagli,2018/11/16 00:00:00,Town in Italy.,28.161999999999999,356.450000000000045,4.730000000000000,"Crater, craters",AA,Adopted by IAU,356.218700000000013,356.682900000000018,4.498700000000000,4.976600000000000,Italy,Europe,Oxia Palus,mc11,http://planetarynames.wr.usgs.gov/Feature/15778
288.8365,-12.2004,Coprates Mensa,Coprates Mensa,2015/11/23 00:00:00,"Classical martian albedo feature, Coprates.",240.000000000000000,288.836500000000001,-12.200400000000000,"Mensa, mensae",MN,Adopted by IAU,287.197400000000016,291.328300000000013,-13.246800000000000,-10.895700000000000,Greek,Europe,Coprates,mc18,http://planetarynames.wr.usgs.gov/Feature/15438
56.6051,-11.1642,Prao,Prao,2016/02/18 00:00:00,Town in Vietnam.,20.000000000000000,56.605100000000000,-11.164200000000001,"Crater, craters",AA,Adopted by IAU,56.431000000000004,56.779299999999999,-11.338700000000001,-10.989600000000001,Vietnam,Asia,Iapygia,mc21,http://planetarynames.wr.usgs.gov/Feature/15473
109.825,24.887,Huxiang,Huxiang,2022/01/04 00:00:00,Town in China.,0.460000000000000,109.825000000000003,24.887000000000000,"Crater, craters",AA,Adopted by IAU,109.821300000000008,109.828500000000005,24.883300000000002,24.890700000000002,China,Asia,Amenthes,mc14,http://planetarynames.wr.usgs.gov/Feature/16037
284.6821,-8.6026,Ius Mensa,Ius Mensa,2015/11/23 00:00:00,"Classical martian albedo feature, Ius.",160.000000000000000,284.682099999999991,-8.602600000000001,"Mensa, mensae",MN,Adopted by IAU,283.325899999999990,286.020300000000020,-9.158500000000000,-8.004900000000001,Latin,Europe,Coprates,mc18,http://planetarynames.wr.usgs.gov/Feature/15439
334.29,17.28,Oxia Planum,Oxia Planum,2019/05/17 00:00:00,Classical albedo feature name.,231.028999999999996,334.290000000000020,17.280000000000001,"Planum, plana",PM,Adopted by IAU,332.292500000000018,336.396900000000016,15.946300000000001,18.691500000000001,Latin,Europe,Oxia Palus,mc11,http://planetarynames.wr.usgs.gov/Feature/15821
285.8478,-10.7232,Melas Mensa,Melas Mensa,2015/11/23 00:00:00,"Classical martian albedo feature, Melas.",245.000000000000000,285.847800000000007,-10.723200000000000,"Mensa, mensae",MN,Adopted by IAU,283.733499999999992,287.375400000000013,-12.285500000000001,-9.154400000000001,Greek,Europe,Coprates,mc18,http://planetarynames.wr.usgs.gov/Feature/15437
333.0249,51.668,Catota,Catota,2015/11/27 00:00:00,Village in Angola.,1.300000000000000,333.024900000000002,51.667999999999999,"Crater, craters",AA,Adopted by IAU,333.014100000000042,333.035799999999995,51.657400000000003,51.678600000000003,Angola,Africa,Mare Acidalium,mc04,http://planetarynames.wr.usgs.gov/Feature/15440
222.9381,-37.4936,Dunkassa,Dunkassa,2015/11/27 00:00:00,Town in Benin.,8.000000000000000,222.938100000000020,-37.493600000000001,"Crater, craters",AA,Adopted by IAU,222.852800000000002,223.023500000000013,-37.562300000000000,-37.424900000000001,Benin,Africa,Phaethontis,mc24,http://planetarynames.wr.usgs.gov/Feature/15441
228.933,-37.3906,Selevac,Selevac,2016/04/18 00:00:00,Village in Serbia.,7.303000000000000,228.933000000000021,-37.390599999999999,"Crater, craters",AA,Adopted by IAU,228.855100000000022,229.010800000000017,-37.447700000000005,-37.333500000000001,Serbia,Europe,Phaethontis,mc24,http://planetarynames.wr.usgs.gov/Feature/15481
224.04,-38.12,Langtang,Langtang,2016/06/14 00:00:00,Village in Nepal.,9.800000000000001,224.040000000000020,-38.120000000000005,"Crater, craters",AA,Adopted by IAU,223.932500000000005,224.143799999999999,-38.195300000000003,-38.044300000000000,Nepal,Asia,Phaethontis,mc24,http://planetarynames.wr.usgs.gov/Feature/15484
282.73,12.29,Echus Palus,Echus Palus,2016/05/20 00:00:00,"Classical albedo feature name, Echus Lacus.",715.000000000000000,282.730000000000018,12.290000000000001,"Palus, paludes",PA,Adopted by IAU,279.015400000000000,285.695100000000025,5.438200000000000,17.413300000000000,Latin,Europe,Lunae Palus,mc10,http://planetarynames.wr.usgs.gov/Feature/15483
20.0873,-40.3548,Talu,Talu,2016/06/14 00:00:00,Town in Indonesia.,10.000000000000000,20.087300000000003,-40.354800000000004,"Crater, craters",AA,Adopted by IAU,19.978000000000002,20.196600000000000,-40.430399999999999,-40.279299999999999,Indonesia,Asia,Noachis,mc27,http://planetarynames.wr.usgs.gov/Feature/15485
217.9,-38.07,Bunnik,Bunnik,2016/06/14 00:00:00,Village in the Netherlands.,29.000000000000000,217.900000000000006,-38.070000000000000,"Crater, craters",AA,Adopted by IAU,217.637000000000000,218.225800000000021,-38.325600000000001,-37.831600000000002,The Netherlands (Dutch),Europe,Phaethontis,mc24,http://planetarynames.wr.usgs.gov/Feature/15486
169.55,-38.04,Nqutu,Nqutu,2016/06/14 00:00:00,"Nquthu, town in South Africa.",21.000000000000000,169.550000000000011,-38.039999999999999,"Crater, craters",AA,Adopted by IAU,169.333500000000015,169.782000000000011,-38.213500000000003,-37.875000000000000,South Africa,Africa,Eridania,mc29,http://planetarynames.wr.usgs.gov/Feature/15487
336.7,17.52,Kilkhampton,Kilkhampton,2019/06/10 00:00:00,Town in England.,16.000000000000000,336.699999999999989,17.520000000000000,"Crater, craters",AA,Adopted by IAU,336.557700000000011,336.839699999999993,17.379500000000000,17.656500000000001,England,Europe,Oxia Palus,mc11,http://planetarynames.wr.usgs.gov/Feature/15849
27.9,28.09,Ramanathan,Ramanathan,2022/03/08 00:00:00,"Kalpathy Ramakrishna; Indian physicist and meteorologist (1893-1984).",89.000000000000000,27.900000000000002,28.090000000000000,"Crater, craters",AA,Adopted by IAU,27.074700000000000,28.775900000000000,27.399500000000000,28.776500000000002,India,Asia,Arabia,mc12,http://planetarynames.wr.usgs.gov/Feature/16039
329.58,36.57,Tehachapi,Tehachapi,2019/07/08 00:00:00,"Town in California, USA.",26.000000000000000,329.580000000000041,36.570000000000000,"Crater, craters",AA,Adopted by IAU,329.296100000000024,329.855000000000018,36.344700000000003,36.792400000000001,United States,North America,Mare Acidalium,mc04,http://planetarynames.wr.usgs.gov/Feature/15850
129.4827,-35.7137,Cilaos,Cilaos,2016/08/15 00:00:00,Town on Réunion Island.,21.399999999999999,129.482699999999994,-35.713700000000003,"Crater, craters",AA,Adopted by IAU,129.226900000000001,129.664500000000004,-35.888800000000003,-35.527799999999999,Reunion Island,Africa,Eridania,mc29,http://planetarynames.wr.usgs.gov/Feature/15498
335.62,14.29,Chamba,Chamba,2019/08/26 00:00:00,Town in India.,37.000000000000000,335.620000000000005,14.290000000000001,"Crater, craters",AA,Adopted by IAU,335.314300000000003,335.937700000000007,13.983600000000001,14.582400000000002,India,Asia,Oxia Palus,mc11,http://planetarynames.wr.usgs.gov/Feature/15853
28.0629,-23.2938,Murray,Murray,2016/09/06 00:00:00,"Bruce Churchill; American planetary scientist (1931-2013).",92.000000000000000,28.062900000000003,-23.293800000000001,"Crater, craters",AA,Adopted by IAU,27.222000000000001,28.903800000000000,-24.084000000000000,-22.503500000000003,United States,North America,Sinus Sabaeus,mc20,http://planetarynames.wr.usgs.gov/Feature/15504
201.46,-42.15,Poso,Poso,2022/03/23 00:00:00,Town in Indonesia.,10.000000000000000,201.460000000000008,-42.149999999999999,"Crater, craters",AA,Adopted by IAU,201.344300000000004,201.553700000000021,-41.230000000000004,-41.070599999999999,Indonesia,Asia,Phaethontis,mc24,http://planetarynames.wr.usgs.gov/Feature/16043
314.5042,-23.725,Degana,Degana,2016/09/06 00:00:00,Town in India.,57.000000000000000,314.504200000000026,-23.725000000000001,"Crater, craters",AA,Adopted by IAU,314.002299999999991,315.006200000000035,-24.201400000000000,-23.248500000000000,India,Asia,Coprates,mc18,http://planetarynames.wr.usgs.gov/Feature/15507
336.2,-29.2,Pyrrhae Fossae,Pyrrhae Fossae,2016/02/09 00:00:00,"Classical martian albedo feature, Pyrrhae.",430.000000000000000,336.199999999999989,-29.200000000000003,"Fossa, fossae",FO,Adopted by IAU,332.163400000000024,340.364700000000028,-30.599700000000002,-27.715800000000002,Latin,Europe,Margaritifer Sinus,mc19,http://planetarynames.wr.usgs.gov/Feature/15472
27.0258,-23.5121,Mambali,Mambali,2016/09/06 00:00:00,Town in Tanzania.,31.000000000000000,27.025800000000000,-23.512100000000000,"Crater, craters",AA,Adopted by IAU,26.765700000000002,27.285900000000002,-23.775400000000001,-23.248800000000003,Tanzania,Africa,Sinus Sabaeus,mc20,http://planetarynames.wr.usgs.gov/Feature/15505
28.3008,-24.7192,Baum,Baum,2016/09/06 00:00:00,"William Alvin; American astronomer (1924-2012).",62.000000000000000,28.300800000000002,-24.719200000000001,"Crater, craters",AA,Adopted by IAU,27.723100000000002,28.878500000000003,-25.219800000000003,-24.218700000000002,United States,North America,Sinus Sabaeus,mc20,http://planetarynames.wr.usgs.gov/Feature/15506
343.3438,-37.0246,Nybyen,Nybyen,2016/09/12 00:00:00,Town in Norway.,6.200000000000000,343.343800000000044,-37.024600000000000,"Crater, craters",AA,Adopted by IAU,343.277800000000013,343.409899999999993,-37.075400000000002,-36.973800000000004,Norway,Europe,Argyre,mc26,http://planetarynames.wr.usgs.gov/Feature/15508
223.63,-38.95,Daiyang,Daiyang,2022/03/23 00:00:00,"Village in Shouning County, Ningde City, Fujian Province, China.",10.000000000000000,223.630000000000024,-38.950000000000003,"Crater, craters",AA,Adopted by IAU,223.522100000000023,223.736900000000020,-39.036500000000004,-38.863399999999999,China,Asia,Phaethontis,mc24,http://planetarynames.wr.usgs.gov/Feature/16046
330.9229,-35.8649,Flateyri,Flateyri,2016/09/12 00:00:00,Village in Iceland.,9.500000000000000,330.922900000000027,-35.864899999999999,"Crater, craters",AA,Adopted by IAU,330.826000000000022,331.019800000000032,-35.945799999999998,-35.783999999999999,Iceland,Europe,Argyre,mc26,http://planetarynames.wr.usgs.gov/Feature/15509
305.88,54.56,Maur,Maur,2022/03/23 00:00:00,Town in India.,3.000000000000000,305.879999999999995,54.560000000000002,"Crater, craters",AA,Adopted by IAU,305.839699999999993,305.918900000000008,54.531700000000001,54.583900000000000,India,Asia,Mare Acidalium,mc04,http://planetarynames.wr.usgs.gov/Feature/16040
77.72,18.53,Hartwell,Hartwell,2020/01/17 00:00:00,"Town in Georgia, USA.",1.700000000000000,77.719999999999999,18.530000000000001,"Crater, craters",AA,Adopted by IAU,77.704700000000003,77.735500000000002,18.510100000000001,18.544400000000000,United States,North America,Syrtis Major,mc13,http://planetarynames.wr.usgs.gov/Feature/15871
77.38,18.48,Belva,Belva,2020/01/17 00:00:00,"Town in West Virginia, USA.",0.900000000000000,77.380000000000010,18.480000000000000,"Crater, craters",AA,Adopted by IAU,77.373500000000007,77.389899999999997,18.466500000000000,18.481500000000000,United States,North America,Syrtis Major,mc13,http://planetarynames.wr.usgs.gov/Feature/15872
76.95,18.65,Angelica,Angelica,2020/01/17 00:00:00,"Town in New York, USA.",3.500000000000000,76.950000000000003,18.650000000000002,"Crater, craters",AA,Adopted by IAU,76.913899999999998,76.980500000000006,18.630300000000002,18.695600000000002,United States,North America,Syrtis Major,mc13,http://planetarynames.wr.usgs.gov/Feature/15873
76.91,17.95,Ulricehamn,Ulricehamn,2020/01/17 00:00:00,Town in Sweden.,2.340000000000000,76.909999999999997,17.949999999999999,"Crater, craters",AA,Adopted by IAU,76.885800000000003,76.926400000000001,17.935600000000001,17.975300000000001,Sweden,Europe,Syrtis Major,mc13,http://planetarynames.wr.usgs.gov/Feature/15875
77.18,18.13,Marysville,Marysville,2020/01/17 00:00:00,"Town in California, USA.",1.850000000000000,77.180000000000007,18.130000000000003,"Crater, craters",AA,Adopted by IAU,77.153400000000005,77.189800000000005,18.122900000000001,18.155200000000001,United States,North America,Syrtis Major,mc13,http://planetarynames.wr.usgs.gov/Feature/15874
77.54,17.84,Sedona,Sedona,2020/01/17 00:00:00,"Town in Arizona, USA.",7.400000000000000,77.540000000000006,17.840000000000000,"Crater, craters",AA,Adopted by IAU,77.468200000000010,77.600700000000003,17.777900000000002,17.902799999999999,United States,North America,Syrtis Major,mc13,http://planetarynames.wr.usgs.gov/Feature/15876
77.07,18.29,Una Vallis,Una Vallis,2020/01/17 00:00:00,River in Bosnia and Herzegovina and Croatia.,5.000000000000000,77.070000000000007,18.289999999999999,"Vallis, valles",VA,Adopted by IAU,77.036799999999999,77.112200000000001,18.260999999999999,18.303300000000000,Bosnia and Herzegovina,Europe,Syrtis Major,mc13,http://planetarynames.wr.usgs.gov/Feature/15878
77.2,18.55,Neretva Vallis,Neretva Vallis,2020/01/17 00:00:00,River in Bosnia and Herzegovina and Croatia.,17.000000000000000,77.200000000000003,18.550000000000001,"Vallis, valles",VA,Adopted by IAU,77.005300000000005,77.299199999999999,18.489599999999999,18.617900000000002,Bosnia and Herzegovina,Europe,Syrtis Major,mc13,http://planetarynames.wr.usgs.gov/Feature/15879
158.55,-34.59,Cimmeria Tholi,Cimmeria Tholi,2020/10/27 00:00:00,Classical albedo feature name.,222.427999999999997,158.550000000000011,-34.590000000000003,"Tholus, tholi",TH,Adopted by IAU,156.232200000000006,160.813500000000005,-35.745400000000004,-33.592100000000002,Greek,Europe,Eridania,mc29,http://planetarynames.wr.usgs.gov/Feature/15940
77.95,18.34,Dacono,Dacono,2020/01/17 00:00:00,"Town in Colorado, USA.",2.200000000000000,77.950000000000003,18.340000000000000,"Crater, craters",AA,Adopted by IAU,77.924199999999999,77.965900000000005,18.321700000000000,18.359400000000001,United States,North America,Syrtis Major,mc13,http://planetarynames.wr.usgs.gov/Feature/15877
338.2,-32.35,Satkania,Satkania,2022/03/23 00:00:00,Town in Bangladesh.,6.000000000000000,338.199999999999989,-32.350000000000001,"Crater, craters",AA,Adopted by IAU,338.111899999999991,338.230700000000013,-32.398099999999999,-32.289500000000004,Bangladesh,Asia,Argyre,mc26,http://planetarynames.wr.usgs.gov/Feature/16048
202.64,-39.43,Bari,Bari,2022/03/23 00:00:00,Town in India.,8.000000000000000,202.640000000000015,-39.430000000000000,"Crater, craters",AA,Adopted by IAU,202.549700000000001,202.717900000000014,-39.488000000000000,-39.352499999999999,India,Asia,Phaethontis,mc24,http://planetarynames.wr.usgs.gov/Feature/16041
183.92,-38.02,Luwuk,Luwuk,2022/03/23 00:00:00,Town in Indonesia.,6.000000000000000,183.920000000000016,-38.020000000000003,"Crater, craters",AA,Adopted by IAU,183.855900000000020,183.979500000000002,-38.250599999999999,-38.158300000000004,Indonesia,Asia,Phaethontis,mc24,http://planetarynames.wr.usgs.gov/Feature/16044
214.3,-36.11,Teknaf,Teknaf,2022/03/23 00:00:00,Town in Bangladesh.,12.000000000000000,214.300000000000011,-36.109999999999999,"Crater, craters",AA,Adopted by IAU,214.174500000000023,214.427900000000022,-36.208300000000001,-36.000300000000003,Bangladesh,Asia,Phaethontis,mc24,http://planetarynames.wr.usgs.gov/Feature/16045
234.2101,-39.5082,Taltal,Taltal,2016/09/20 00:00:00,Town in Chile.,10.000000000000000,234.210100000000011,-39.508200000000002,"Crater, craters",AA,Adopted by IAU,234.100000000000023,234.320200000000000,-39.590499999999999,-39.425899999999999,Chile,South and Central America,Phaethontis,mc24,http://planetarynames.wr.usgs.gov/Feature/15526
294.5,-50.07,Jintur,Jintur,2022/03/23 00:00:00,Town in India.,11.000000000000000,294.500000000000000,-50.070000000000000,"Crater, craters",AA,Adopted by IAU,294.373100000000022,294.652899999999988,-50.156600000000005,-49.983900000000006,India,Asia,Thaumasia,mc25,http://planetarynames.wr.usgs.gov/Feature/16047
77.1,18.6,Nili Planum,Nili Planum,2020/01/17 00:00:00,Classical albedo feature name.,128.546999999999997,77.100000000000009,18.600000000000001,"Planum, plana",PM,Adopted by IAU,76.285300000000007,77.876900000000006,17.558900000000001,19.739100000000001,Latin,Europe,Syrtis Major,mc13,http://planetarynames.wr.usgs.gov/Feature/15880
351.64,-37.77,Zhufan,Zhufan,2022/03/23 00:00:00,"Village in Donghai County, Lianyungang City, Jiangsu Province, China.",25.000000000000000,351.640000000000043,-37.770000000000003,"Crater, craters",AA,Adopted by IAU,351.375100000000032,351.905700000000024,-37.980899999999998,-37.539300000000004,China,Asia,Argyre,mc26,http://planetarynames.wr.usgs.gov/Feature/16049
18.83,-46.18,Wukan,Wukan,2022/03/23 00:00:00,"Village in Lufeng City, Guangdong Province, China.",13.000000000000000,18.830000000000002,-46.180000000000000,"Crater, craters",AA,Adopted by IAU,18.657500000000002,18.982100000000003,-46.283700000000003,-46.060500000000005,China,Asia,Noachis,mc27,http://planetarynames.wr.usgs.gov/Feature/16050
124.11,-37.25,Gebog,Gebog,2022/03/23 00:00:00,Town in Indonesia.,9.000000000000000,124.109999999999999,-37.250000000000000,"Crater, craters",AA,Adopted by IAU,124.021300000000011,124.213100000000011,-37.326799999999999,-37.171600000000005,Indonesia,Asia,Eridania,mc29,http://planetarynames.wr.usgs.gov/Feature/16051
253.55,55.35,Bohar,Bohar,2022/04/13 00:00:00,Village in India.,11.000000000000000,253.550000000000011,55.350000000000001,"Crater, craters",AA,Adopted by IAU,253.384100000000018,253.725700000000018,55.250100000000003,55.448100000000004,India,Asia,Arcadia,mc03,http://planetarynames.wr.usgs.gov/Feature/16054
253.55,55.35,Bohar,Bohar,2022/04/13 00:00:00,Village in India.,11.000000000000000,253.550000000000011,55.350000000000001,"Crater, craters",AA,Adopted by IAU,253.384100000000018,253.725700000000018,55.250100000000003,55.448100000000004,India,Asia,Arcadia,mc03,http://planetarynames.wr.usgs.gov/Feature/16054
54.1,-26.11,Izola,Izola,2020/03/06 00:00:00,Town in Slovenia.,2.700000000000000,54.100000000000001,-26.110000000000003,"Crater, craters",AA,Adopted by IAU,54.062500000000000,54.114000000000004,-26.124200000000002,-26.077500000000001,Slovenia,Europe,Iapygia,mc21,http://planetarynames.wr.usgs.gov/Feature/15896
335.28,18.0,Malino,Malino,2020/02/10 00:00:00,Town in Indonesia.,16.000000000000000,335.280000000000030,18.000000000000000,"Crater, craters",AA,Adopted by IAU,335.138100000000009,335.425100000000043,17.865000000000002,18.132800000000000,Indonesia,Asia,Oxia Palus,mc11,http://planetarynames.wr.usgs.gov/Feature/15892
336.97,18.08,Zaim,Zaim,2020/02/10 00:00:00,Town in Moldova.,24.000000000000000,336.970000000000027,18.080000000000002,"Crater, craters",AA,Adopted by IAU,336.755100000000027,337.156100000000038,17.882800000000000,18.282500000000002,Moldova,Europe,Oxia Palus,mc11,http://planetarynames.wr.usgs.gov/Feature/15893
54.29,-25.89,Izola Mensa,Izola Mensa,2020/03/06 00:00:00,Named for nearby crater Izola.,10.800000000000001,54.289999999999999,-25.890000000000001,"Mensa, mensae",MN,Adopted by IAU,54.219900000000003,54.332500000000003,-25.977300000000000,-25.796000000000003,Slovenia,Europe,Iapygia,mc21,http://planetarynames.wr.usgs.gov/Feature/15897
78.35,18.67,Pliva Vallis,Pliva Vallis,2020/03/26 00:00:00,River in Bosnia and Herzegovina.,30.000000000000000,78.350000000000009,18.670000000000002,"Vallis, valles",VA,Adopted by IAU,78.081600000000009,78.630899999999997,18.531000000000002,18.809799999999999,Bosnia and Herzegovina,Europe,Syrtis Major,mc13,http://planetarynames.wr.usgs.gov/Feature/15903
77.13,19.09,Sava Vallis,Sava Vallis,2020/03/26 00:00:00,River in Slovenia.,62.000000000000000,77.130000000000010,19.090000000000000,"Vallis, valles",VA,Adopted by IAU,76.692000000000007,77.564800000000005,18.735700000000001,19.428300000000000,Slovenia,Europe,Syrtis Major,mc13,http://planetarynames.wr.usgs.gov/Feature/15904
286.5092,-3.9945,Ophir Mensa,Ophir Mensa,2013/11/20 00:00:00,Classical albedo feature name.,103.331000000000003,286.509200000000021,-3.994500000000000,"Mensa, mensae",MN,Adopted by IAU,285.611600000000010,287.369400000000041,-4.581300000000001,-3.493700000000000,Greek,Europe,Coprates,mc18,http://planetarynames.wr.usgs.gov/Feature/15173
229.003,61.7178,Gan,Gan,2013/11/22 00:00:00,Town in the Republic of the Maldives.,20.629999999999999,229.003000000000014,61.717800000000004,"Crater, craters",AA,Adopted by IAU,228.660899999999998,229.345100000000002,61.543500000000002,61.892000000000003,Republic of the Maldives,Asia,Diacria,mc02,http://planetarynames.wr.usgs.gov/Feature/15174
293.5319,-25.7341,Byala,Byala,2013/11/12 00:00:00,Town in Bulgaria.,26.230000000000000,293.531900000000007,-25.734100000000002,"Crater, craters",AA,Adopted by IAU,293.290799999999990,293.772899999999993,-25.956400000000002,-25.511800000000001,Bulgaria,Europe,Coprates,mc18,http://planetarynames.wr.usgs.gov/Feature/15171
137.33,-5.1,Sakarya Vallis,Sakarya Vallis,2020/12/14 00:00:00,River in Turkey.,26.000000000000000,137.330000000000013,-5.100000000000001,"Vallis, valles",VA,Adopted by IAU,137.164199999999994,137.473800000000011,-5.198800000000000,-4.994200000000000,Turkey,Asia,Aeolis,mc23,http://planetarynames.wr.usgs.gov/Feature/15941
183.4083,-37.7189,Simois Colles,Simois Colles,2013/12/03 00:00:00,Classical albedo feature name of Greek origin.,86.941000000000003,183.408299999999997,-37.718900000000005,"Collis, colles",CO,Adopted by IAU,182.551600000000008,184.391800000000018,-38.405500000000004,-36.933300000000003,Turkey,Asia,Phaethontis,mc24,http://planetarynames.wr.usgs.gov/Feature/15184
37.6,-41.1,Pai,Pai,2017/09/29 00:00:00,Town in Thailand.,42.000000000000000,37.600000000000001,-41.100000000000001,"Crater, craters",AA,Adopted by IAU,37.083600000000004,38.028900000000000,-41.463500000000003,-40.766500000000001,Thailand,Asia,Noachis,mc27,http://planetarynames.wr.usgs.gov/Feature/15688
28.4,-44.9,Neukum,Neukum,2017/09/29 00:00:00,"Gerhard; German planetary scientist (1944-2014).",102.000000000000000,28.400000000000002,-44.900000000000006,"Crater, craters",AA,Adopted by IAU,27.253300000000003,29.584400000000002,-45.745100000000001,-44.018700000000003,Germany,Europe,Noachis,mc27,http://planetarynames.wr.usgs.gov/Feature/15687
226.77,17.96,Dionysus Patera,Dionysus Patera,2017/10/16 00:00:00,"Greek god of wine, celebration and ecstasy, patron god of the art and theatre, one of the Olympian gods, son of Zeus.",23.000000000000000,226.770000000000010,17.960000000000001,"Patera, paterae",PE,Adopted by IAU,226.539700000000011,226.891300000000001,17.782700000000002,18.134300000000000,Greek,Europe,Tharsis,mc09,http://planetarynames.wr.usgs.gov/Feature/15692
226.23,18.45,Hera Patera,Hera Patera,2017/10/16 00:00:00,"Greek goddess of women and marriage, one of the Olympians, wife of Zeus.",32.000000000000000,226.230000000000018,18.449999999999999,"Patera, paterae",PE,Adopted by IAU,226.171600000000012,226.442100000000011,18.215299999999999,18.616300000000003,Greek,Europe,Tharsis,mc09,http://planetarynames.wr.usgs.gov/Feature/15691
190.31,-35.34,Gorgonum Mons,Gorgonum Mons,2020/08/18 00:00:00,"Classical albedo feature name of Greek origin, Gorgonum Sinus.",70.000000000000000,190.310000000000002,-35.340000000000003,"Mons, montes",MO,Adopted by IAU,189.470799999999997,190.926500000000004,-35.880900000000004,-34.919600000000003,Greek,Europe,Phaethontis,mc24,http://planetarynames.wr.usgs.gov/Feature/15930
186.06,-43.43,Qaqortoq,Qaqortoq,2020/09/15 00:00:00,Town in Greenland.,20.000000000000000,186.060000000000002,-43.430000000000000,"Crater, craters",AA,Adopted by IAU,185.817900000000009,186.298600000000022,-43.598900000000000,-43.262400000000000,Greenland,North America,Phaethontis,mc24,http://planetarynames.wr.usgs.gov/Feature/15958
26.1,80.39,Gemini Scopuli,Gemini Scopuli,2006/01/01 00:00:00,Classical albedo feature name.,1000.360000000000014,26.100000000000001,80.390000000000001,"Scopulus, scopuli",SC,Adopted by IAU,-44.670900000000003,112.017499999999998,78.478700000000003,84.358100000000007,Latin,Europe,Mare Boreum,mc01,http://planetarynames.wr.usgs.gov/Feature/6965
48.7,30.27,Phison Patera,Phison Patera,2019/03/20 00:00:00,Classical albedo feature name.,506.000000000000000,48.700000000000003,30.270000000000003,"Patera, paterae",PE,Adopted by IAU,44.765700000000002,53.346600000000002,26.980500000000003,33.021300000000004,Greek,Europe,Ismenius Lacus,mc05,http://planetarynames.wr.usgs.gov/Feature/15801
352.17,10.47,Thymiamata Serpens,Thymiamata Serpens,2019/03/07 00:00:00,Classical albedo feature name.,158.000000000000000,352.170000000000016,10.470000000000001,"Serpens, serpentes",SE,Adopted by IAU,351.215100000000007,352.931700000000035,9.965100000000000,11.006000000000000,Latin,Europe,Oxia Palus,mc11,http://planetarynames.wr.usgs.gov/Feature/15793
8.1,1.3,Meridiani Serpentes,Meridiani Serpentes,2019/03/07 00:00:00,Classical albedo feature name.,95.000000000000000,8.100000000000000,1.300000000000000,"Serpens, serpentes",SE,Adopted by IAU,7.275100000000000,8.434200000000001,0.592900000000000,1.930500000000000,Latin,Europe,Arabia,mc12,http://planetarynames.wr.usgs.gov/Feature/15794
25.67,7.44,Barth,Barth,2019/03/07 00:00:00,"Charles A.; American atmospheric physicist (1930-2014).",111.000000000000000,25.670000000000002,7.440000000000000,"Crater, craters",AA,Adopted by IAU,24.615300000000001,26.706300000000002,6.427600000000000,8.379200000000001,United States,North America,Arabia,mc12,http://planetarynames.wr.usgs.gov/Feature/15795
355.7373,-21.5881,Dollfus,Dollfus,2013/10/22 00:00:00,"Audouin Charles; French astronomer (1924-2010).",363.084000000000003,355.737300000000005,-21.588100000000001,"Crater, craters",AA,Adopted by IAU,352.435600000000022,359.039000000000044,-24.666500000000003,-18.509800000000002,France,Europe,Margaritifer Sinus,mc19,http://planetarynames.wr.usgs.gov/Feature/15168
217.7152,-59.0913,Sitrah,Sitrah,2013/10/25 00:00:00,Village in Bahrain.,33.091000000000001,217.715200000000010,-59.091300000000004,"Crater, craters",AA,Adopted by IAU,217.190200000000004,218.240300000000019,-59.370900000000006,-58.811800000000005,Bahrain,Asia,Phaethontis,mc24,http://planetarynames.wr.usgs.gov/Feature/15169
155.5254,0.7194,Zephyria Fluctus,Zephyria Fluctus,2014/01/17 00:00:00,Classical albedo feature name.,42.000000000000000,155.525400000000019,0.719400000000000,"Fluctus, fluctūs",FL,Adopted by IAU,155.293900000000008,155.707300000000004,0.509500000000000,0.955800000000000,Greek,Europe,Elysium,mc15,http://planetarynames.wr.usgs.gov/Feature/15195
281.3508,-23.1345,Betio,Betio,2013/11/12 00:00:00,Village in Kiribati.,32.441000000000003,281.350799999999992,-23.134500000000003,"Crater, craters",AA,Adopted by IAU,281.051700000000039,281.649900000000002,-23.396500000000000,-22.872400000000003,Kiribati,Oceania,Coprates,mc18,http://planetarynames.wr.usgs.gov/Feature/15170
303.8647,-26.0115,Halba,Halba,2013/11/12 00:00:00,Town in Lebanon.,31.411000000000001,303.864700000000028,-26.011500000000002,"Crater, craters",AA,Adopted by IAU,303.568399999999997,304.160900000000026,-26.273900000000001,-25.749200000000002,Lebanon,Asia,Coprates,mc18,http://planetarynames.wr.usgs.gov/Feature/15172
326.3213,-0.0204,Hydraotes Colles,Hydraotes Colles,2014/10/21 00:00:00,Classical albedo feature name.,47.500000000000000,326.321300000000008,-0.020400000000000,"Collis, colles",CO,Adopted by IAU,325.961700000000008,326.526499999999999,-0.360300000000000,0.289000000000000,Greek,Europe,Margaritifer Sinus,mc19,http://planetarynames.wr.usgs.gov/Feature/15268
301.8404,-3.9089,Juventae Cavi,Juventae Cavi,2014/11/01 00:00:00,Classical albedo feature name.,94.400000000000006,301.840399999999988,-3.908900000000000,"Cavus, cavi",CB,Adopted by IAU,301.384099999999989,302.279500000000041,-4.769400000000000,-3.256100000000000,Greek,Europe,Coprates,mc18,http://planetarynames.wr.usgs.gov/Feature/15269
298.6924,-7.9252,Hydrae Cavus,Hydrae Cavus,2014/11/01 00:00:00,Classical albedo feature name.,64.500000000000000,298.692400000000021,-7.925200000000000,"Cavus, cavi",CB,Adopted by IAU,298.187600000000032,299.272500000000036,-8.154600000000000,-7.680800000000001,Latin,Europe,Coprates,mc18,http://planetarynames.wr.usgs.gov/Feature/15270
194.89,-40.48,Newton Tholus,Newton Tholus,2020/08/18 00:00:00,"Named for nearby crater, Newton.",80.385999999999996,194.890000000000015,-40.480000000000004,"Tholus, tholi",TH,Adopted by IAU,193.898800000000023,195.689600000000013,-41.015900000000002,-40.043700000000001,Great Britain,Europe,Phaethontis,mc24,http://planetarynames.wr.usgs.gov/Feature/15931
196.76,-42.67,Simois Mons,Simois,2020/08/18 00:00:00,"Classical albedo feature name of Greek origin, Simois.",91.528999999999996,196.760000000000019,-42.670000000000002,"Mons, montes",MO,Adopted by IAU,195.986199999999997,197.562700000000007,-43.465900000000005,-41.916800000000002,Turkey,Asia,Phaethontis,mc24,http://planetarynames.wr.usgs.gov/Feature/15932
17.58,-63.56,Pityusa Mons,Pityusa Mons,2020/08/18 00:00:00,"Classical albedo feature, Pityusa Insula.",58.000000000000000,17.580000000000002,-63.560000000000002,"Mons, montes",MO,Adopted by IAU,16.368000000000002,18.724500000000003,-64.134500000000003,-63.030300000000004,Greek,Europe,Noachis,mc27,http://planetarynames.wr.usgs.gov/Feature/15933
188.61,-43.22,Kemurdzhian,Kemurdzhian,2020/09/15 00:00:00,"Alexander; Soviet engineer of Armenian descent, founder of the Soviet scientific school of space transport engineering, designer of the first planetary rovers, including lunar Lunokhod 1 and 2, and martian PrOP-M mini-rover onboard Mars 2 and 3 landers (",61.000000000000000,188.610000000000014,-43.219999999999999,"Crater, craters",AA,Adopted by IAU,188.081000000000017,189.295000000000016,-43.796600000000005,-42.719900000000003,Soviet,Europe,Phaethontis,mc24,http://planetarynames.wr.usgs.gov/Feature/15957
138.72,-37.56,Hesperus Tholus,Hesperus Tholus,2020/08/18 00:00:00,"Classical albedo feature, Hesperus.",135.000000000000000,138.719999999999999,-37.560000000000002,"Tholus, tholi",TH,Adopted by IAU,137.252700000000004,140.173500000000018,-38.597900000000003,-36.938900000000004,Greek,Europe,Eridania,mc29,http://planetarynames.wr.usgs.gov/Feature/15934
279.97,-15.54,Sinai Tholus,Sinai Tholus,2020/08/18 00:00:00,"Classical albedo feature, Sinai.",200.000000000000000,279.970000000000027,-15.540000000000001,"Tholus, tholi",TH,Adopted by IAU,278.312299999999993,281.608200000000011,-16.629200000000001,-14.519800000000000,Greek,Europe,Coprates,mc18,http://planetarynames.wr.usgs.gov/Feature/15935
300.28,-19.2,Capri Montes,Capri Montes,2020/08/18 00:00:00,"Classical albedo feature, Capri Cornu.",265.000000000000000,300.280000000000030,-19.199999999999999,"Mons, montes",MO,Adopted by IAU,298.942400000000021,301.864700000000028,-21.342300000000002,-17.189500000000002,Latin,Europe,Coprates,mc18,http://planetarynames.wr.usgs.gov/Feature/15936
184.77,-28.71,Atlantis Mons,Atlantis Mons,2020/08/18 00:00:00,"Classical albedo feature, Atlantis.",105.000000000000000,184.770000000000010,-28.710000000000001,"Mons, montes",MO,Adopted by IAU,183.987500000000011,185.717800000000011,-29.654200000000003,-27.846900000000002,Greek,Europe,Memnonia,mc16,http://planetarynames.wr.usgs.gov/Feature/15929
55.1,-45.46,Peneus Mensa,Peneus Mensa,2021/02/04 00:00:00,"From albedo feature at 48S, 290W.",30.000000000000000,55.100000000000001,-45.460000000000001,"Mensa, mensae",MN,Adopted by IAU,54.778900000000000,55.407900000000005,-45.701799999999999,-45.215600000000002,Greek,Europe,Noachis,mc27,http://planetarynames.wr.usgs.gov/Feature/15970
187.59,-44.39,Dryas Mons,Dryas Mons,2020/09/15 00:00:00,Classical albedo feature name.,267.492000000000019,187.590000000000003,-44.390000000000001,"Mons, montes",MO,Adopted by IAU,186.126000000000005,189.432900000000018,-46.602600000000002,-42.076300000000003,Greek,Europe,Phaethontis,mc24,http://planetarynames.wr.usgs.gov/Feature/15956
140,22,Eunostos,Eunostos,1958/01/01 00:00:00,"""Lucky journey or lucky return""; i.e., infernal regions beyond Elysium.",0.000000000000000,140.000000000000000,22.000000000000000,Albedo Feature,AL,Adopted by IAU,139.983200000000011,139.983200000000011,22.014600000000002,22.014600000000002,Greek,Europe,Elysium,mc15,http://planetarynames.wr.usgs.gov/Feature/1869
227.07,18.39,Zeus Patera,Zeus Patera,2017/10/16 00:00:00,"Greek sky, thunder and lightning god, who ruled as king of the gods of Mount Olympus.",65.000000000000000,227.070000000000022,18.390000000000001,"Patera, paterae",PE,Adopted by IAU,226.493600000000015,227.427400000000006,17.840400000000002,18.886900000000001,Greek,Europe,Tharsis,mc09,http://planetarynames.wr.usgs.gov/Feature/15689
227.18,18.74,Athena Patera,Athena Patera,2017/10/16 00:00:00,"Greek goddess of wisdom, one of the Olympians, daughter of Zeus.",19.000000000000000,227.180000000000007,18.740000000000002,"Patera, paterae",PE,Adopted by IAU,227.020800000000008,227.331200000000024,18.599900000000002,18.880000000000003,Greek,Europe,Tharsis,mc09,http://planetarynames.wr.usgs.gov/Feature/15693
226.57,18.33,Hermes Patera,Hermes Patera,2017/10/16 00:00:00,"Greek god of trade, travelers, sports, the messenger of the gods, one of the Olympian gods, son of Zeus.",37.000000000000000,226.570000000000022,18.330000000000002,"Patera, paterae",PE,Adopted by IAU,226.255500000000012,226.920100000000019,18.067000000000000,18.608100000000000,Greek,Europe,Tharsis,mc09,http://planetarynames.wr.usgs.gov/Feature/15690
226.45,17.94,Apollo Patera,Apollo Patera,2017/10/16 00:00:00,"Greek god of light, poetry, music and arts, one of the Olympian gods, son of Zeus.",24.000000000000000,226.450000000000017,17.940000000000001,"Patera, paterae",PE,Adopted by IAU,226.267500000000013,226.635600000000011,17.780700000000000,18.091000000000001,Greek,Europe,Tharsis,mc09,http://planetarynames.wr.usgs.gov/Feature/15694
83.8432,-13.4817,Owen,Owen,2020/06/03 00:00:00,"Tobias, American planetary scientist (1936-2017).",79.328999999999994,83.843200000000010,-13.481700000000000,"Crater, craters",AA,Adopted by IAU,83.189000000000007,84.507400000000004,-14.145600000000000,-12.799800000000001,United States,North America,Iapygia,mc21,http://planetarynames.wr.usgs.gov/Feature/15917
226.81,18.32,Olympus Paterae,Olympus Paterae,2017/10/16 00:00:00,Classical albedo feature name.,85.000000000000000,226.810000000000002,18.320000000000000,"Patera, paterae",PE,Adopted by IAU,226.130500000000012,227.457099999999997,17.722300000000001,18.917100000000001,Greek,Europe,Tharsis,mc09,http://planetarynames.wr.usgs.gov/Feature/15695
350.89,1.0,Kotido,Kotido,2017/10/24 00:00:00,Town in Uganda.,44.000000000000000,350.890000000000043,1.000000000000000,"Crater, craters",AA,Adopted by IAU,350.525200000000041,351.249000000000024,0.660900000000000,1.357900000000000,Uganda,Africa,Oxia Palus,mc11,http://planetarynames.wr.usgs.gov/Feature/15696
8.49,-23.16,Margulis,Margulis,2021/04/21 00:00:00,"Lynn; evolutionary biologist (1938-2011).",180.000000000000000,8.490000000000000,-23.160000000000000,"Crater, craters",AA,Adopted by IAU,6.829100000000000,10.059100000000001,-24.566800000000001,-21.710400000000000,United States,North America,Sinus Sabaeus,mc20,http://planetarynames.wr.usgs.gov/Feature/15983
8.09,-27.46,Roemer,Roemer,2021/04/21 00:00:00,"Elizabeth “Pat”; astronomer (1929-2016).",120.000000000000000,8.090000000000000,-27.460000000000001,"Crater, craters",AA,Adopted by IAU,7.050500000000000,9.110400000000000,-28.504700000000000,-26.499700000000001,United States,North America,Sinus Sabaeus,mc20,http://planetarynames.wr.usgs.gov/Feature/15984
261.0,-6.9,Dalu Cavus,Dalu Cavus,2017/11/06 00:00:00,Javanese word for night.,65.000000000000000,261.000000000000000,-6.900000000000000,"Cavus, cavi",CB,Adopted by IAU,260.468600000000038,261.515800000000013,-7.501900000000000,-6.406600000000000,Indonesia,Asia,Phoenicis Lacus,mc17,http://planetarynames.wr.usgs.gov/Feature/15697
359.04,3.9,Kozova,Kozova,2021/04/21 00:00:00,Town in Ukraine.,50.000000000000000,359.040000000000020,3.900000000000000,"Crater, craters",AA,Adopted by IAU,358.616800000000012,359.449000000000012,3.464700000000000,4.313400000000001,Ukraine,Europe,Oxia Palus,mc11,http://planetarynames.wr.usgs.gov/Feature/15985
261.8,-12.3,Noctis Tholus,Noctis Tholus,2017/11/06 00:00:00,"Classical albedo feature name, Noctis Lacus.",18.000000000000000,261.800000000000011,-12.300000000000001,"Tholus, tholi",TH,Adopted by IAU,261.640400000000000,261.927000000000021,-12.442900000000000,-12.201900000000000,Latin,Europe,Phoenicis Lacus,mc17,http://planetarynames.wr.usgs.gov/Feature/15704
119.18,-15.39,Elston,Elston,2021/05/01 00:00:00,"Wolfgang; American volcanologist and planetary geologist (1928-2016).",75.000000000000000,119.180000000000007,-15.390000000000001,"Crater, craters",AA,Adopted by IAU,118.677600000000012,119.710300000000004,-16.021200000000000,-14.760500000000000,United States,North America,Mare Tyrrhenum,mc22,http://planetarynames.wr.usgs.gov/Feature/15987
95.1,31.32,Longboh,Longboh,2021/10/20 00:00:00,Town in Indonesia.,2.000000000000000,95.100000000000009,31.320000000000000,"Crater, craters",AA,Adopted by IAU,95.081100000000006,95.121700000000004,31.298700000000000,31.337200000000003,Indonesia,Asia,Casius,mc06,http://planetarynames.wr.usgs.gov/Feature/16010
261.4,-10.4,Layl Cavus,Layl Cavus,2017/11/06 00:00:00,Arabic word for night.,48.399999999999999,261.400000000000034,-10.400000000000000,"Cavus, cavi",CB,Adopted by IAU,261.013399999999990,261.791200000000003,-10.715600000000000,-10.108500000000001,Arabian,Asia,Phoenicis Lacus,mc17,http://planetarynames.wr.usgs.gov/Feature/15698
93.81,-13.35,Steyr,Steyr,2022/05/18 00:00:00,Town in Austria.,20.000000000000000,93.810000000000002,-13.350000000000001,"Crater, craters",AA,Adopted by IAU,93.639700000000005,93.980500000000006,-13.522100000000000,-13.167100000000001,Austria,Europe,Mare Tyrrhenum,mc22,http://planetarynames.wr.usgs.gov/Feature/16073
261.9,-11.2,Malam Cavus,Malam Cavus,2017/11/06 00:00:00,Indonesian word for night.,48.000000000000000,261.900000000000034,-11.200000000000001,"Cavus, cavi",CB,Adopted by IAU,261.603800000000035,262.172400000000039,-11.731900000000001,-10.931400000000000,Indonesia,Asia,Phoenicis Lacus,mc17,http://planetarynames.wr.usgs.gov/Feature/15699
109.77,24.75,Wenjiashi Tholi,Wenjiashi Tholi,2021/12/03 00:00:00,"Named for nearby crater, Wenjiashi.",22.029000000000000,109.770000000000010,24.750000000000000,"Tholus, tholi",TH,Adopted by IAU,109.571300000000008,109.982500000000002,24.608900000000002,24.868900000000000,China,Asia,Amenthes,mc14,http://planetarynames.wr.usgs.gov/Feature/16032
263.1,-11.9,Nat Cavus,Nat Cavus,2017/11/06 00:00:00,Danish word for night.,40.399999999999999,263.100000000000023,-11.900000000000000,"Cavus, cavi",CB,Adopted by IAU,262.755600000000015,263.451900000000023,-12.189000000000000,-11.677400000000000,Denmark,Europe,Phoenicis Lacus,mc17,http://planetarynames.wr.usgs.gov/Feature/15700
263.3,-13.4,Noc Cavus,Noc Cavus,2017/11/06 00:00:00,Polish word for night.,29.699999999999999,263.300000000000011,-13.400000000000000,"Cavus, cavi",CB,Adopted by IAU,263.041200000000003,263.537100000000009,-13.597100000000001,-13.197800000000001,Poland,Europe,Phoenicis Lacus,mc17,http://planetarynames.wr.usgs.gov/Feature/15701
263.7,-11.2,Usiku Cavus,Usiku Cavus,2017/11/06 00:00:00,Swahili word for night.,42.000000000000000,263.699999999999989,-11.200000000000001,"Cavus, cavi",CB,Adopted by IAU,263.349199999999996,264.041100000000029,-11.482100000000001,-10.943100000000001,Swahili,Africa,Phoenicis Lacus,mc17,http://planetarynames.wr.usgs.gov/Feature/15703
79.79,-2.64,Yaiza,Yaiza,2022/05/18 00:00:00,Town in Canary Islands.,26.000000000000000,79.790000000000006,-2.640000000000000,"Crater, craters",AA,Adopted by IAU,79.575100000000006,80.008099999999999,-2.853900000000000,-2.432700000000000,Canary Is.,Africa,Iapygia,mc21,http://planetarynames.wr.usgs.gov/Feature/16077
77.83,-4.37,Amed,Amed,2022/05/18 00:00:00,Village in Indonesia.,30.000000000000000,77.829999999999998,-4.370000000000000,"Crater, craters",AA,Adopted by IAU,77.566299999999998,78.084699999999998,-4.580100000000000,-4.149900000000001,Indonesia,Asia,Iapygia,mc21,http://planetarynames.wr.usgs.gov/Feature/16078
217.16,17.36,Olympus Maculae,Olympus Maculae,2017/11/29 00:00:00,Classical albedo feature name.,124.000000000000000,217.159999999999997,17.359999999999999,"Macula, maculae",MA,Adopted by IAU,216.128700000000009,218.194100000000020,17.076200000000000,17.683199999999999,Greek,Europe,Amazonis,mc08,http://planetarynames.wr.usgs.gov/Feature/15705
95.95,31.4,Mastung,Mastung,2021/10/20 00:00:00,Town in Pakistan.,2.300000000000000,95.950000000000003,31.400000000000002,"Crater, craters",AA,Adopted by IAU,95.917500000000004,95.959400000000002,31.373800000000003,31.415700000000001,Pakistan,Asia,Casius,mc06,http://planetarynames.wr.usgs.gov/Feature/16009
29.39,9.74,Arago Dorsa,Arago Dorsa,2021/08/25 00:00:00,"Named for nearby Arago crater; Dominique F.; French astronomer (1786-1853).",27.000000000000000,29.390000000000001,9.740000000000000,"Dorsum, dorsa",DO,Adopted by IAU,29.216700000000003,29.575400000000002,9.529800000000000,9.923100000000000,France,Europe,Arabia,mc12,http://planetarynames.wr.usgs.gov/Feature/15999
355.25,9.94,Cantabras Serpens,Cantabras Serpens,2021/08/25 00:00:00,"From nearby albedo feature Cantabras, at 10N, 5W.",86.000000000000000,355.250000000000000,9.940000000000001,"Serpens, serpentes",SE,Adopted by IAU,354.989100000000008,355.882800000000032,9.744800000000000,10.537800000000001,Greek,Europe,Oxia Palus,mc11,http://planetarynames.wr.usgs.gov/Feature/16000
359.96,2.47,Mikumi,Mikumi,2021/08/13 00:00:00,Town in Tanzania.,16.123000000000001,359.960000000000036,2.470000000000000,"Crater, craters",AA,Adopted by IAU,-0.187000000000000,0.102000000000000,2.318000000000000,2.601000000000000,Tanzania,Africa,Oxia Palus,mc11,http://planetarynames.wr.usgs.gov/Feature/15998
354.72,9.5,Cantabras Dorsum,Cantabras Dorsum,2021/08/25 00:00:00,"From nearby albedo feature Cantabras, at 10N, 5W.",91.000000000000000,354.720000000000027,9.500000000000000,"Dorsum, dorsa",DO,Adopted by IAU,354.491300000000024,354.967600000000004,8.806600000000000,10.085200000000000,Greek,Europe,Oxia Palus,mc11,http://planetarynames.wr.usgs.gov/Feature/16001
358.55,4.48,Piscinas,Piscinas,2021/08/25 00:00:00,Town in Italy.,13.393000000000001,358.550000000000011,4.480000000000000,"Crater, craters",AA,Adopted by IAU,358.417700000000025,358.645700000000033,4.368900000000000,4.585800000000000,Italy,Europe,Oxia Palus,mc11,http://planetarynames.wr.usgs.gov/Feature/16002
358.84,4.55,Piscinas Serpentes,Piscinas Serpentes,2021/08/25 00:00:00,Named for nearby Piscinas crater.,16.000000000000000,358.840000000000032,4.550000000000000,"Serpens, serpentes",SE,Adopted by IAU,358.750400000000013,358.918700000000001,4.410800000000000,4.677000000000000,Italy,Europe,Oxia Palus,mc11,http://planetarynames.wr.usgs.gov/Feature/16003
78.23,18.16,Jezero Mons,Jezero Mons,2021/09/17 00:00:00,"Named for nearby crater, Jezero.",27.000000000000000,78.230000000000004,18.160000000000000,"Mons, montes",MO,Adopted by IAU,77.994600000000005,78.425800000000010,17.933199999999999,18.396000000000001,Bosnia and Herzegovina,Europe,Syrtis Major,mc13,http://planetarynames.wr.usgs.gov/Feature/16005
203.6,-15.69,Karratha,Karratha,2021/12/01 00:00:00,Town in Australia.,10.000000000000000,203.600000000000023,-15.690000000000001,"Crater, craters",AA,Adopted by IAU,203.502800000000008,203.664800000000014,-15.775100000000000,-15.606800000000002,Australia,Oceania,Memnonia,mc16,http://planetarynames.wr.usgs.gov/Feature/16012
203.63,-15.73,Dampier,Dampier,2021/12/01 00:00:00,Town in Australia.,27.000000000000000,203.630000000000024,-15.730000000000000,"Crater, craters",AA,Adopted by IAU,203.401600000000002,203.837000000000018,-15.952900000000001,-15.503800000000000,Australia,Oceania,Memnonia,mc16,http://planetarynames.wr.usgs.gov/Feature/16014
110.1292,24.6943,Mohe Tholi,Mohe Tholi,2021/12/03 00:00:00,"Named for nearby crater, Mohe.",5.970000000000000,110.129200000000012,24.694300000000002,"Tholus, tholi",TH,Adopted by IAU,110.073300000000003,110.184700000000007,24.654100000000000,24.747100000000000,China,Asia,Amenthes,mc14,http://planetarynames.wr.usgs.gov/Feature/16033
203.03,-16.29,Khujirt,Khujirt,2021/12/01 00:00:00,Town in Mongolia.,38.000000000000000,203.030000000000001,-16.289999999999999,"Crater, craters",AA,Adopted by IAU,202.672899999999998,203.348600000000005,-16.608599999999999,-15.974200000000002,Mongolia,Asia,Memnonia,mc16,http://planetarynames.wr.usgs.gov/Feature/16013
110.6968,25.9774,Pingle,Pingle,2021/12/03 00:00:00,Town in China.,8.199000000000000,110.696800000000010,25.977400000000003,"Crater, craters",AA,Adopted by IAU,110.619100000000003,110.773700000000005,25.906700000000001,26.044900000000002,China,Asia,Amenthes,mc14,http://planetarynames.wr.usgs.gov/Feature/16015
110.11,25.66,Xibaipo,Xibaipo,2021/12/03 00:00:00,Town in China.,2.000000000000000,110.109999999999999,25.660000000000000,"Crater, craters",AA,Adopted by IAU,110.091900000000010,110.129300000000001,25.646300000000000,25.678700000000003,China,Asia,Amenthes,mc14,http://planetarynames.wr.usgs.gov/Feature/16016
110.232,24.956,Gutian,Gutian,2021/12/03 00:00:00,Town in China.,0.710000000000000,110.231999999999999,24.956000000000000,"Crater, craters",AA,Adopted by IAU,110.225500000000011,110.238300000000010,24.950100000000003,24.962100000000000,China,Asia,Amenthes,mc14,http://planetarynames.wr.usgs.gov/Feature/16024
110.064,24.89,Yangliuqing,Yangliuqing,2021/12/03 00:00:00,Town in China.,0.500000000000000,110.064000000000007,24.890000000000001,"Crater, craters",AA,Adopted by IAU,110.060100000000006,110.068700000000007,24.885300000000001,24.893900000000002,China,Asia,Amenthes,mc14,http://planetarynames.wr.usgs.gov/Feature/16026
109.44,25.22,Wenjiashi,Wenjiashi,2021/12/03 00:00:00,Town in China.,18.000000000000000,109.440000000000012,25.220000000000002,"Crater, craters",AA,Adopted by IAU,109.275100000000009,109.610700000000008,25.068100000000001,25.366500000000002,China,Asia,Amenthes,mc14,http://planetarynames.wr.usgs.gov/Feature/16017
109.7,25.03,Yaodian,Yaodian,2021/12/03 00:00:00,Town in China.,2.000000000000000,109.700000000000003,25.030000000000001,"Crater, craters",AA,Adopted by IAU,109.682900000000004,109.717700000000008,25.016700000000000,25.047499999999999,China,Asia,Amenthes,mc14,http://planetarynames.wr.usgs.gov/Feature/16018
109.897,24.984,Gujiang,Gujiang,2021/12/03 00:00:00,Town in China.,0.500000000000000,109.897000000000006,24.984000000000002,"Crater, craters",AA,Adopted by IAU,109.891700000000000,109.901700000000005,24.978899999999999,24.988300000000002,China,Asia,Amenthes,mc14,http://planetarynames.wr.usgs.gov/Feature/16019
109.8,24.87,Zhouzhuang,Zhouzhuang,2021/12/03 00:00:00,Town in China.,0.460000000000000,109.800000000000011,24.870000000000001,"Crater, craters",AA,Adopted by IAU,109.796500000000009,109.804500000000004,24.866099999999999,24.873900000000003,China,Asia,Amenthes,mc14,http://planetarynames.wr.usgs.gov/Feature/16020
110.258,25.108,Qidu,Qidu,2021/12/03 00:00:00,Town in China (Jiangsu Province).,1.500000000000000,110.258000000000010,25.108000000000001,"Crater, craters",AA,Adopted by IAU,110.243900000000011,110.272700000000000,25.095900000000000,25.120700000000003,China,Asia,Amenthes,mc14,http://planetarynames.wr.usgs.gov/Feature/16021
109.927,25.074,Tianzhushan,Tianzhushan,2021/12/03 00:00:00,Town in China.,0.230000000000000,109.927000000000007,25.074000000000002,"Crater, craters",AA,Adopted by IAU,109.925300000000007,109.928899999999999,25.072500000000002,25.076300000000000,China,Asia,Amenthes,mc14,http://planetarynames.wr.usgs.gov/Feature/16022
109.905,25.039,Maji,Maji,2021/12/03 00:00:00,Town in China.,0.280000000000000,109.905000000000001,25.039000000000001,"Crater, craters",AA,Adopted by IAU,109.903100000000009,109.908100000000005,25.036300000000001,25.041100000000000,China,Asia,Amenthes,mc14,http://planetarynames.wr.usgs.gov/Feature/16023
110.103,24.914,Wuxing,Wuxing,2021/12/03 00:00:00,Town in China.,0.350000000000000,110.103000000000009,24.914000000000001,"Crater, craters",AA,Adopted by IAU,110.100100000000012,110.106100000000012,24.911700000000000,24.917300000000001,China,Asia,Amenthes,mc14,http://planetarynames.wr.usgs.gov/Feature/16025
110.133,24.826,Lukeqin,Lukeqin,2021/12/03 00:00:00,Town in China.,0.700000000000000,110.133000000000010,24.826000000000001,"Crater, craters",AA,Adopted by IAU,110.127300000000005,110.140100000000004,24.820300000000000,24.831900000000001,China,Asia,Amenthes,mc14,http://planetarynames.wr.usgs.gov/Feature/16027
109.57,24.81,Wenjiashi Mensa,Wenjiashi Mensa,2021/12/03 00:00:00,"Named for nearby crater, Wenjiashi.",4.000000000000000,109.570000000000007,24.810000000000002,"Mensa, mensae",MN,Adopted by IAU,109.544700000000006,109.581700000000012,24.770100000000003,24.837700000000002,China,Asia,Amenthes,mc14,http://planetarynames.wr.usgs.gov/Feature/16034
109.84,25.12,Yaodian Fossae,Yaodian Fossae,2021/12/03 00:00:00,"Named for nearby crater, Yaodian.",15.000000000000000,109.840000000000003,25.120000000000001,"Fossa, fossae",FO,Adopted by IAU,109.816900000000004,109.920200000000008,24.893500000000000,25.145300000000002,China,Asia,Amenthes,mc14,http://planetarynames.wr.usgs.gov/Feature/16029
110.136,24.767,Mohe,Mohe,2021/12/03 00:00:00,Town in China.,0.900000000000000,110.136000000000010,24.766999999999999,"Crater, craters",AA,Adopted by IAU,110.127500000000012,110.144100000000009,24.760300000000001,24.774900000000002,China,Asia,Amenthes,mc14,http://planetarynames.wr.usgs.gov/Feature/16028
202.01,-42.25,Dechu,Dechu,2018/02/16 00:00:00,Village in India.,22.000000000000000,202.010000000000019,-42.250000000000000,"Crater, craters",AA,Adopted by IAU,201.767899999999997,202.246100000000013,-42.437600000000003,-42.063800000000001,India,Asia,Phaethontis,mc24,http://planetarynames.wr.usgs.gov/Feature/15715
86.0072,-7.7917,Krupac,Krupac,2016/10/28 00:00:00,"Town in the municipality of Pirot, Serbia.",10.000000000000000,86.007199999999997,-7.791700000000001,"Crater, craters",AA,Adopted by IAU,85.925400000000010,86.088900000000010,-7.866700000000001,-7.716800000000000,Serbia,Europe,Iapygia,mc21,http://planetarynames.wr.usgs.gov/Feature/15528
290.2308,-10.9723,Avan,Avan,2016/11/15 00:00:00,Village in Armenia.,3.300000000000000,290.230799999999988,-10.972300000000001,"Crater, craters",AA,Adopted by IAU,290.203300000000013,290.258399999999995,-11.000300000000001,-10.944200000000000,Armenian,Asia,Coprates,mc18,http://planetarynames.wr.usgs.gov/Feature/15529
355.2717,-5.3318,Andapa,Andapa,2017/01/18 00:00:00,Town in Madagascar.,11.000000000000000,355.271700000000010,-5.331800000000000,"Crater, craters",AA,Adopted by IAU,355.178400000000011,355.365000000000009,-5.423300000000000,-5.240300000000000,Madagascar,Africa,Margaritifer Sinus,mc19,http://planetarynames.wr.usgs.gov/Feature/15534
83.52,-12.66,Tairua,Tairua,2022/05/18 00:00:00,Town in New Zealand.,26.000000000000000,83.520000000000010,-12.660000000000000,"Crater, craters",AA,Adopted by IAU,83.299700000000001,83.751700000000000,-12.869000000000000,-12.445400000000001,New Zealand,Oceania,Iapygia,mc21,http://planetarynames.wr.usgs.gov/Feature/16071
341.6784,-10.6304,Ubud,Ubud,2016/11/28 00:00:00,Town in Indonesia.,27.000000000000000,341.678400000000011,-10.630400000000000,"Crater, craters",AA,Adopted by IAU,341.446900000000028,341.909800000000018,-10.861700000000001,-10.399200000000000,Indonesia,Asia,Margaritifer Sinus,mc19,http://planetarynames.wr.usgs.gov/Feature/15532
79.65,-3.4,Güimar,Guimar,2022/05/18 00:00:00,Town in Canary Islands.,28.000000000000000,79.650000000000006,-3.400000000000000,"Crater, craters",AA,Adopted by IAU,79.437700000000007,79.860300000000009,-3.627800000000000,-3.163000000000000,Canary Is.,Africa,Iapygia,mc21,http://planetarynames.wr.usgs.gov/Feature/16076
294.7434,-12.3706,Sibiti,Sibiti,2017/02/02 00:00:00,Town in the Republic of Congo (Congo-Brazzaville).,33.000000000000000,294.743400000000008,-12.370600000000001,"Crater, craters",AA,Adopted by IAU,294.463099999999997,295.023700000000019,-12.636300000000000,-12.104900000000001,Republic of the Congo (Congo-Brazzaville),Africa,Coprates,mc18,http://planetarynames.wr.usgs.gov/Feature/15535
292.6237,-6.7415,Nia Chaos,Nia Chaos,2017/02/02 00:00:00,"Classical albedo feature name, Nia.",48.000000000000000,292.623700000000042,-6.741500000000000,"Chaos, chaoses",CH,Adopted by IAU,292.220799999999997,293.011799999999994,-6.928900000000001,-6.515600000000000,Greek,Europe,Coprates,mc18,http://planetarynames.wr.usgs.gov/Feature/15536
110.07,25.08,Qidu Fossae,Qidu Fossae,2021/12/03 00:00:00,"Named for nearby crater, Qidu.",12.000000000000000,110.070000000000007,25.080000000000002,"Fossa, fossae",FO,Adopted by IAU,109.960999999999999,110.237500000000011,24.955200000000001,25.157900000000001,China,Asia,Amenthes,mc14,http://planetarynames.wr.usgs.gov/Feature/16030
173.0783,-43.2607,Ruhea,Ruhea,2016/10/18 00:00:00,Town in Bangladesh.,9.500000000000000,173.078300000000013,-43.260700000000000,"Crater, craters",AA,Adopted by IAU,172.965100000000007,173.191600000000022,-43.343200000000003,-43.178300000000000,Bangladesh,Asia,Eridania,mc29,http://planetarynames.wr.usgs.gov/Feature/15527
109.856,25.158,Yaodian Tholus,Yaodian Tholus,2021/12/03 00:00:00,"Named for nearby crater, Yaodian.",0.800000000000000,109.856000000000009,25.158000000000001,"Tholus, tholi",TH,Adopted by IAU,109.848100000000002,109.864500000000007,25.151500000000002,25.165100000000002,China,Asia,Amenthes,mc14,http://planetarynames.wr.usgs.gov/Feature/16031
287.58,38.47,Chukhung,Chukhung,2018/02/09 00:00:00,Village in Nepal.,45.000000000000000,287.580000000000041,38.469999999999999,"Crater, craters",AA,Adopted by IAU,287.107200000000034,288.065499999999986,38.079000000000001,38.841799999999999,Nepal,Asia,Arcadia,mc03,http://planetarynames.wr.usgs.gov/Feature/15713
209.7,16.43,Qara,Qara,2018/02/16 00:00:00,Village in Egypt.,2.500000000000000,209.700000000000017,16.430000000000000,"Crater, craters",AA,Adopted by IAU,209.680500000000023,209.727000000000004,16.407900000000001,16.451599999999999,Egypt,Africa,Amazonis,mc08,http://planetarynames.wr.usgs.gov/Feature/15714
269.84,88.88,Boreales Scopuli,Boreales Scopuli,2006/01/01 00:00:00,Classical albedo feature name.,873.000000000000000,269.840000000000032,88.880000000000010,"Scopulus, scopuli",SC,Adopted by IAU,-180.000000000000000,180.000000000000000,81.747600000000006,90.000000000000000,Latin,Europe,Mare Boreum,mc01,http://planetarynames.wr.usgs.gov/Feature/6964
178.48,81.16,Olympia Undae,Olympia Undae,2003/01/01 00:00:00,Classical albedo feature name.,1507.960000000000036,178.480000000000018,81.160000000000011,"Unda, undae",UN,Adopted by IAU,113.546600000000012,246.801600000000008,77.204400000000007,83.212699999999998,Greek,Europe,Mare Boreum,mc01,http://planetarynames.wr.usgs.gov/Feature/4451
54.96,87.32,Planum Boreum,Planum Boreum,1976/01/01 00:00:00,Classical albedo feature name.,354.629999999999995,54.960000000000001,87.320000000000007,"Planum, plana",PM,Adopted by IAU,-180.000000000000000,180.000000000000000,80.587800000000001,90.000000000000000,Latin,Europe,Mare Boreum,mc01,http://planetarynames.wr.usgs.gov/Feature/4754
93.53,-13.34,Enns,Enns,2022/05/18 00:00:00,Town in Austria.,23.000000000000000,93.530000000000001,-13.340000000000000,"Crater, craters",AA,Adopted by IAU,93.336100000000002,93.731900000000010,-13.533500000000000,-13.137700000000001,Austria,Europe,Mare Tyrrhenum,mc22,http://planetarynames.wr.usgs.gov/Feature/16072
79.05,-4.15,Mirissa,Mirissa,2022/05/18 00:00:00,Town in Sri Lanka.,30.000000000000000,79.049999999999997,-4.150000000000000,"Crater, craters",AA,Adopted by IAU,78.796100000000010,79.309300000000007,-4.405100000000000,-3.891900000000000,Sri Lanka,Asia,Iapygia,mc21,http://planetarynames.wr.usgs.gov/Feature/16074
79.13,-4.78,Kirinda,Kirinda,2022/05/18 00:00:00,Village in Sri Lanka.,41.000000000000000,79.130000000000010,-4.780000000000000,"Crater, craters",AA,Adopted by IAU,78.791899999999998,79.478300000000004,-5.121300000000001,-4.434900000000000,Sri Lanka,Asia,Iapygia,mc21,http://planetarynames.wr.usgs.gov/Feature/16075
4.7,3.08,Kyela,Kyela,2022/08/22 00:00:00,Town in Tanzania.,30.000000000000000,4.700000000000000,3.080000000000000,"Crater, craters",AA,Adopted by IAU,4.441000000000000,4.958900000000000,2.823500000000000,3.343100000000000,Tanzania,Africa,Arabia,mc12,http://planetarynames.wr.usgs.gov/Feature/16092
323.01,34.04,Pohl,Pohl,2022/08/17 00:00:00,"Frederik George; American science fiction writer (1919-2013).",111.000000000000000,323.009999999999991,34.039999999999999,"Crater, craters",AA,Adopted by IAU,321.881900000000030,324.130500000000040,33.129200000000004,34.959000000000003,United States,North America,Mare Acidalium,mc04,http://planetarynames.wr.usgs.gov/Feature/16091
2.85,4.35,Kai,Kai,2022/08/22 00:00:00,Town in Japan.,20.000000000000000,2.850000000000000,4.350000000000001,"Crater, craters",AA,Adopted by IAU,2.670600000000000,3.024100000000000,4.168100000000000,4.517300000000001,Japan,Asia,Arabia,mc12,http://planetarynames.wr.usgs.gov/Feature/16093
1.11,5.08,Elva,Elva,2022/08/22 00:00:00,Town in Estonia.,21.000000000000000,1.110000000000000,5.080000000000000,"Crater, craters",AA,Adopted by IAU,0.933800000000000,1.287300000000000,4.899200000000000,5.265500000000000,Estonia,Europe,Arabia,mc12,http://planetarynames.wr.usgs.gov/Feature/16094
8.4,1.66,Tarime,Tarime,2022/08/22 00:00:00,Town in Tanzania.,18.000000000000000,8.400000000000000,1.660000000000000,"Crater, craters",AA,Adopted by IAU,8.241900000000001,8.561000000000000,1.513600000000000,1.815100000000000,Tanzania,Africa,Arabia,mc12,http://planetarynames.wr.usgs.gov/Feature/16095
3.08,4.69,Límni,Limni,2022/08/22 00:00:00,Town in Greece.,10.000000000000000,3.080000000000000,4.690000000000000,"Crater, craters",AA,Adopted by IAU,2.992400000000000,3.166700000000000,4.598800000000000,4.778500000000000,Greek,Europe,Arabia,mc12,http://planetarynames.wr.usgs.gov/Feature/16096
339.08,14.65,Kyara,Kyara,2022/12/16 00:00:00,"Village in Rajasthan, India.",30.000000000000000,339.080000000000041,14.650000000000000,"Crater, craters",AA,Adopted by IAU,338.820500000000038,339.346900000000005,14.381900000000000,14.893700000000001,India,Asia,Oxia Palus,mc11,http://planetarynames.wr.usgs.gov/Feature/16114
178.46,-26.85,Tangtse,Tangtse,2022/11/09 00:00:00,Village in India.,21.000000000000000,178.460000000000008,-26.850000000000001,"Crater, craters",AA,Adopted by IAU,178.258300000000020,178.656100000000009,-27.036700000000000,-26.660600000000002,India,Asia,Aeolis,mc23,http://planetarynames.wr.usgs.gov/Feature/16107
338.43,14.7,Aarna,Aarna,2022/12/16 00:00:00,"Village in Rajasthan, India.",43.000000000000000,338.430000000000007,14.700000000000001,"Crater, craters",AA,Adopted by IAU,338.072200000000009,338.807000000000016,14.326700000000001,15.068800000000001,India,Asia,Oxia Palus,mc11,http://planetarynames.wr.usgs.gov/Feature/16115
337.86,15.34,Varahamihira,Varahamihira,2022/12/16 00:00:00,Indian mathematician and astronomer (505-587).,61.000000000000000,337.860000000000014,15.340000000000000,"Crater, craters",AA,Adopted by IAU,337.372900000000016,338.382800000000032,14.776900000000001,15.775400000000001,India,Asia,Oxia Palus,mc11,http://planetarynames.wr.usgs.gov/Feature/16116
337.22,15.5,Abu,Abu,2022/12/16 00:00:00,"Village in Rajasthan, India.",17.000000000000000,337.220000000000027,15.500000000000000,"Crater, craters",AA,Adopted by IAU,337.080000000000041,337.396700000000010,15.334400000000000,15.614800000000001,India,Asia,Oxia Palus,mc11,http://planetarynames.wr.usgs.gov/Feature/16117
0.05,-5.14,Airy,Airy,1973/01/01 00:00:00,"George B.; British astronomer (1801-1892).",43.049599999999998,0.050000000000000,-5.140000000000001,"Crater, craters",AA,Adopted by IAU,-0.306600000000000,0.422600000000000,-5.500500000000001,-4.774300000000000,Great Britain,Europe,Sinus Sabaeus,mc20,http://planetarynames.wr.usgs.gov/Feature/114
